  0	0	56
  1	56	165
  2	221	108
  3	329	57
  4	386	25
  5	411	18
  6	429	19
  7	448	13
  8	461	6
  9	467	6
  a	473	18815
  b	19288	24430
  c	43718	25299
  d	69017	20380
  e	89397	9559
  f	98956	7379
  g	106335	13200
  h	119535	11978
  i	131513	5090
  j	136603	6210
  k	142813	14342
  l	157155	20269
  m	177424	23037
  n	200461	10938
  o	211399	6633
  p	218032	20307
  q	238339	1873
  r	240212	11034
  s	251246	35393
  t	286639	14958
  u	301597	2765
  v	304362	10401
  w	314763	6982
  x	321745	1847
  y	323592	3660
  z	327252	4028
 00	331280	29
 01	331309	3
 02	331312	3
 03	331315	3
 04	331318	3
 05	331321	3
 06	331324	3
 07	331327	3
 08	331330	3
 09	331333	3
 1 	331336	33
 10	331369	16
 11	331385	12
 12	331397	11
 13	331408	4
 14	331412	6
 15	331418	3
 16	331421	3
 17	331424	3
 18	331427	8
 19	331435	5
 1a	331440	1
 1r	331441	61
 2 	331502	30
 20	331532	9
 21	331541	1
 23	331542	3
 24	331545	3
 25	331548	5
 26	331553	2
 27	331555	1
 28	331556	4
 2d	331560	50
 3 	331610	33
 30	331643	2
 31	331645	1
 32	331646	1
 33	331647	1
 35	331648	1
 3r	331649	18
 4 	331667	15
 40	331682	1
 41	331683	1
 42	331684	1
 47	331685	2
 4t	331687	5
 5 	331692	11
 5t	331703	7
 6 	331710	15
 60	331725	1
 6t	331726	3
 7 	331729	11
 70	331740	1
 7l	331741	1
 8 	331742	5
 88	331747	1
 9 	331748	5
 91	331753	1
 a 	331754	202
 aa	331956	78
 ab	332034	793
 ac	332827	568
 ad	333395	558
 ae	333953	50
 af	334003	123
 ag	334126	958
 ah	335084	311
 ai	335395	470
 aj	335865	82
 ak	335947	455
 al	336402	4036
 am	340438	1198
 an	341636	2955
 ao	344591	117
 ap	344708	345
 aq	345053	112
 ar	345165	2369
 as	347534	967
 at	348501	696
 au	349197	733
 av	349930	393
 aw	350323	78
 ax	350401	40
 ay	350441	360
 az	350801	273
 b 	351074	41
 ba	351115	8030
 bd	359145	1
 be	359146	4539
 bg	363685	1
 bh	363686	201
 bi	363887	1645
 bj	365532	27
 bk	365559	1
 bl	365560	969
 bn	366529	11
 bo	366540	3803
 br	370343	2738
 bs	373081	3
 bu	373084	2582
 bw	375666	9
 by	375675	161
 bz	375836	7
 c 	375843	22
 ca	375865	7694
 cc	383559	9
 cd	383568	1
 ce	383569	1698
 cf	385267	3
 ch	385270	5484
 ci	390754	2180
 ck	392934	2
 cl	392936	814
 cm	393750	2
 cn	393752	1
 co	393753	4914
 cp	398667	1
 cr	398668	1717
 cs	400385	47
 ct	400432	31
 cu	400463	1194
 cv	401657	7
 cw	401664	7
 cy	401671	56
 cz	401727	68
 d 	401795	385
 da	402180	2805
 db	404985	1
 dc	404986	3
 dd	404989	1
 de	404990	9528
 dh	414518	133
 di	414651	1843
 dj	416494	94
 dl	416588	17
 dm	416605	31
 dn	416636	16
 do	416652	3651
 dp	420303	1
 dr	420304	552
 ds	420856	2
 du	420858	1524
 dv	422382	30
 dw	422412	16
 dy	422428	82
 dz	422510	105
 e 	422615	373
 ea	422988	633
 eb	423621	153
 ec	423774	186
 ed	423960	269
 ee	424229	24
 ef	424253	52
 eg	424305	153
 eh	424458	55
 ei	424513	192
 ej	424705	190
 ek	424895	77
 el	424972	3100
 em	428072	380
 en	428452	1043
 eo	429495	3
 ep	429498	145
 eq	429643	18
 er	429661	570
 es	430231	1299
 et	431530	312
 eu	431842	146
 ev	431988	163
 ew	432151	26
 ex	432177	86
 ey	432263	65
 ez	432328	44
 f 	432372	4
 fa	432376	1409
 fd	433785	1
 fe	433786	1109
 ff	434895	4
 fg	434899	1
 fh	434900	2
 fi	434902	608
 fj	435510	10
 fl	435520	566
 fn	436086	1
 fo	436087	1331
 fq	437418	1
 fr	437419	1675
 fs	439094	2
 ft	439096	2
 fu	439098	691
 fw	439789	1
 fy	439790	15
 g 	439805	14
 ga	439819	2553
 gb	442372	137
 gc	442509	1
 gd	442510	11
 ge	442521	1381
 gf	443902	3
 gh	443905	250
 gi	444155	838
 gj	444993	23
 gl	445016	593
 gm	445609	6
 gn	445615	73
 go	445688	2072
 gq	447760	1
 gr	447761	2833
 gs	450594	15
 gu	450609	2350
 gv	452959	5
 gw	452964	53
 gy	453017	94
 gz	453111	4
 h 	453115	6
 ha	453121	3455
 hb	456576	1
 he	456577	2264
 hi	458841	1725
 hj	460566	10
 hl	460576	75
 hm	460651	10
 hn	460661	26
 ho	460687	2355
 hp	463042	17
 hr	463059	157
 hs	463216	5
 ht	463221	20
 hu	463241	1874
 hv	465115	26
 hw	465141	12
 hy	465153	61
 i 	465214	220
 ia	465434	55
 ib	465489	155
 ic	465644	89
 id	465733	107
 ie	465840	28
 if	465868	28
 ig	465896	288
 ih	466184	33
 ii	466217	85
 ij	466302	31
 ik	466333	94
 il	466427	371
 im	466798	332
 in	467130	1044
 io	468174	64
 ip	468238	104
 iq	468342	8
 ir	468350	278
 is	468628	799
 it	469427	374
 iu	469801	7
 iv	469808	191
 iw	469999	34
 ix	470033	141
 iy	470174	20
 iz	470194	165
 j 	470359	16
 ja	470375	1676
 jb	472051	1
 jd	472052	3
 je	472055	692
 jg	472747	1
 jh	472748	39
 ji	472787	1053
 jl	473840	1
 jm	473841	1
 jo	473842	1490
 jr	475332	13
 ju	475345	1263
 jv	476608	2
 jw	476610	1
 jy	476611	5
 k 	476616	21
 ka	476637	4421
 kb	481058	2
 kc	481060	2
 kd	481062	2
 ke	481064	1319
 kf	482383	34
 kg	482417	6
 kh	482423	1018
 ki	483441	1495
 kj	484936	5
 kl	484941	460
 km	485401	4
 kn	485405	129
 ko	485534	2687
 kp	488221	57
 kr	488278	1269
 ks	489547	30
 kt	489577	2
 ku	489579	1307
 kv	490886	35
 kw	490921	60
 ky	490981	210
 l 	491191	155
 la	491346	8517
 lc	499863	3
 le	499866	3574
 lg	503440	3
 lh	503443	39
 li	503482	2590
 lj	506072	30
 ll	506102	346
 lm	506448	2
 ln	506450	2
 lo	506452	3401
 lq	509853	1
 lt	509854	1
 lu	509855	1879
 lv	511734	6
 lw	511740	7
 ly	511747	281
 m 	512028	30
 ma	512058	9983
 mb	522041	95
 mc	522136	143
 md	522279	3
 me	522282	2853
 mg	525135	8
 mh	525143	19
 mi	525162	3142
 mj	528304	6
 mk	528310	9
 ml	528319	58
 mm	528377	10
 mn	528387	20
 mo	528407	5034
 mp	533441	25
 mq	533466	2
 mr	533468	50
 ms	533518	18
 mt	533536	25
 mu	533561	1560
 mv	535121	8
 mw	535129	20
 my	535149	250
 mz	535399	3
 n 	535402	75
 na	535477	2742
 nb	538219	1
 nc	538220	9
 nd	538229	80
 ne	538309	2125
 ng	540434	359
 nh	540793	27
 ni	540820	1402
 nj	542222	13
 nk	542235	26
 nl	542261	1
 nm	542262	1
 nn	542263	2
 no	542265	2964
 np	545229	1
 nq	545230	1
 nr	545231	1
 ns	545232	14
 nt	545246	29
 nu	545275	943
 nw	546218	4
 ny	546222	200
 nz	546422	18
 o 	546440	50
 oa	546490	259
 ob	546749	647
 oc	547396	321
 od	547717	174
 oe	547891	210
 of	548101	142
 og	548243	124
 oh	548367	71
 oi	548438	85
 oj	548523	125
 ok	548648	177
 ol	548825	748
 om	549573	124
 on	549697	395
 oo	550092	82
 op	550174	167
 oq	550341	10
 or	550351	1000
 os	551351	558
 ot	551909	320
 ou	552229	431
 ov	552660	125
 ow	552785	49
 ox	552834	72
 oy	552906	79
 oz	552985	121
 p 	553106	11
 pa	553117	6114
 pc	559231	3
 pe	559234	2997
 pf	562231	67
 ph	562298	420
 pi	562718	2569
 pj	565287	2
 pk	565289	1
 pl	565290	1138
 pn	566428	9
 po	566437	3742
 pr	570179	1928
 ps	572107	36
 pt	572143	24
 pu	572167	1533
 pw	573700	2
 py	573702	113
 q 	573815	2
 qa	573817	240
 qb	574057	1
 qe	574058	29
 qi	574087	501
 qo	574588	48
 qq	574636	1
 qr	574637	2
 qu	574639	1052
 qv	575691	1
 r 	575692	13
 ra	575705	2472
 rc	578177	1
 re	578178	1894
 rf	580072	1
 rg	580073	5
 rh	580078	122
 ri	580200	2313
 rj	582513	2
 ro	582515	3159
 rq	585674	1
 rr	585675	6
 rs	585681	2
 rt	585683	5
 ru	585688	928
 rv	586616	1
 rw	586617	3
 ry	586620	142
 rz	586762	31
 s 	586793	123
 sa	586916	15817
 sb	602733	6
 sc	602739	1098
 sd	603837	19
 se	603856	3160
 sf	607016	17
 sg	607033	2
 sh	607035	2812
 si	609847	2356
 sj	612203	13
 sk	612216	379
 sl	612595	369
 sm	612964	188
 sn	613152	66
 so	613218	2742
 sp	615960	777
 sq	616737	39
 sr	616776	126
 ss	616902	3
 st	616905	2466
 su	619371	3551
 sv	622922	196
 sw	623118	156
 sy	623274	164
 sz	623438	131
 t 	623569	17
 ta	623586	3668
 tb	627254	7
 tc	627261	25
 te	627286	2436
 th	629722	1195
 ti	630917	1600
 tj	632517	10
 tk	632527	3
 tl	632530	323
 tm	632853	2
 tn	632855	6
 to	632861	2378
 tp	635239	1
 tq	635240	2
 tr	635242	1721
 ts	636963	263
 tt	637226	1
 tu	637227	1219
 tv	638446	16
 tw	638462	82
 ty	638544	147
 tz	638691	52
 u 	638743	64
 ua	638807	16
 ub	638823	75
 uc	638898	75
 ud	638973	90
 ue	639063	35
 uf	639098	17
 ug	639115	55
 uh	639170	40
 ui	639210	44
 uj	639254	62
 uk	639316	42
 ul	639358	259
 um	639617	173
 un	639790	625
 uo	640415	4
 up	640419	194
 uq	640613	3
 ur	640616	389
 us	641005	221
 ut	641226	157
 uu	641383	17
 uv	641400	25
 uw	641425	4
 ux	641429	11
 uy	641440	25
 uz	641465	56
 v 	641521	29
 va	641550	2844
 vc	644394	3
 vd	644397	1
 ve	644398	2083
 vi	646481	4250
 vk	650731	1
 vl	650732	132
 vm	650864	1
 vn	650865	4
 vo	650869	703
 vr	651572	182
 vs	651754	15
 vt	651769	9
 vu	651778	98
 vv	651876	4
 vw	651880	1
 vy	651881	172
 vz	652053	2
 wa	652055	2203
 wc	654258	1
 we	654259	1887
 wh	656146	267
 wi	656413	1327
 wl	657740	13
 wm	657753	1
 wo	657754	788
 wr	658542	67
 ws	658609	4
 wu	658613	368
 wy	658981	107
 wz	659088	1
 x 	659089	9
 xa	659098	122
 xb	659220	3
 xc	659223	6
 xe	659229	20
 xg	659249	1
 xh	659250	10
 xi	659260	1389
 xk	660649	1
 xm	660650	3
 xo	660653	126
 xp	660779	1
 xt	660780	1
 xu	660781	143
 xv	660924	4
 xx	660928	6
 xy	660934	4
 y 	660938	123
 ya	661061	1421
 yb	662482	16
 yc	662498	3
 yd	662501	4
 ye	662505	667
 yf	663172	1
 yg	663173	5
 yh	663178	1
 yi	663179	250
 yl	663429	13
 ym	663442	4
 yn	663446	4
 yo	663450	488
 yp	663938	7
 yq	663945	1
 yr	663946	11
 ys	663957	10
 yt	663967	9
 yu	663976	585
 yv	664561	31
 yw	664592	10
 yy	664602	1
 yz	664603	7
 za	664610	1367
 zb	665977	33
 zd	666010	60
 ze	666070	482
 zg	666552	28
 zh	666580	875
 zi	667455	343
 zl	667798	62
 zm	667860	16
 zn	667876	18
 zo	667894	325
 zr	668219	18
 zs	668237	14
 zu	668251	277
 zv	668528	35
 zw	668563	47
 zy	668610	31
00 	668641	3
000	668644	11
001	668655	11
002	668666	10
003	668676	2
004	668678	1
005	668679	1
006	668680	1
007	668681	1
008	668682	1
009	668683	1
01 	668684	4
010	668688	1
011	668689	1
012	668690	1
013	668691	1
014	668692	1
015	668693	1
016	668694	1
017	668695	1
018	668696	1
019	668697	1
02 	668698	4
021	668702	1
022	668703	1
023	668704	1
024	668705	1
025	668706	1
026	668707	1
027	668708	1
028	668709	1
029	668710	1
03 	668711	4
030	668715	1
04 	668716	4
05 	668720	4
06 	668724	4
07 	668728	4
08 	668732	5
09 	668737	4
0e 	668741	1
10 	668742	14
100	668756	1
108	668757	1
10e	668758	1
11 	668759	12
11e	668771	1
12 	668772	11
124	668783	1
12e	668784	1
13 	668785	4
13e	668789	1
14 	668790	5
14t	668795	2
15 	668797	4
16 	668801	4
17 	668805	3
179	668808	1
18 	668809	8
181	668817	1
19 	668818	4
197	668822	1
19a	668823	1
1a 	668824	1
1e 	668825	1
1ra	668826	61
20 	668887	7
200	668894	2
21 	668896	2
22 	668898	1
23 	668899	4
24 	668903	5
25 	668908	6
26 	668914	3
27 	668917	2
28 	668919	4
287	668923	1
29 	668924	1
2da	668925	50
2e 	668975	1
30 	668976	3
31 	668979	1
32 	668980	1
33 	668981	1
35 	668982	1
3e 	668983	1
3ra	668984	18
40 	669002	1
41 	669003	1
42 	669004	1
47 	669005	2
4ta	669007	4
4th	669011	2
4to	669013	1
5bh	669014	1
5ta	669015	7
60 	669022	1
6ta	669023	2
6th	669025	1
70 	669026	1
74 	669027	1
79 	669028	1
7lc	669029	1
812	669030	1
87 	669031	1
88 	669032	1
91 	669033	1
974	669034	1
9a 	669035	1
a1 	669036	1
aa 	669037	106
aaa	669143	1
aab	669144	48
aac	669192	21
aad	669213	22
aae	669235	1
aaf	669236	16
aag	669252	49
aah	669301	10
aai	669311	15
aaj	669326	6
aak	669332	33
aal	669365	126
aam	669491	25
aan	669516	169
aao	669685	4
aap	669689	12
aaq	669701	2
aar	669703	198
aas	669901	98
aat	669999	49
aau	670048	6
aav	670054	5
aaw	670059	5
aax	670064	2
aay	670066	9
aaz	670075	4
ab 	670079	229
aba	670308	2091
abb	672399	164
abc	672563	18
abd	672581	47
abe	672628	629
abf	673257	2
abg	673259	10
abh	673269	38
abi	673307	516
abj	673823	6
abk	673829	20
abl	673849	320
abm	674169	1
abn	674170	24
abo	674194	553
abp	674747	7
abq	674754	5
abr	674759	430
abs	675189	35
abt	675224	24
abu	675248	404
abw	675652	8
aby	675660	65
abz	675725	7
ac 	675732	1088
aca	676820	1378
acb	678198	2
acc	678200	299
acd	678499	6
ace	678505	433
acg	678938	3
ach	678941	3192
aci	682133	884
acj	683017	3
ack	683020	401
acl	683421	76
acm	683497	11
acn	683508	13
aco	683521	674
acp	684195	6
acq	684201	86
acr	684287	137
acs	684424	53
act	684477	65
acu	684542	427
acv	684969	2
acw	684971	2
acx	684973	4
acy	684977	30
acz	685007	38
ad 	685045	2016
ada	687061	1886
adb	688947	41
adc	688988	15
add	689003	172
ade	689175	1063
adf	690238	26
adg	690264	34
adh	690298	122
adi	690420	1086
adj	691506	73
adk	691579	43
adl	691622	112
adm	691734	30
adn	691764	66
ado	691830	1213
adp	693043	17
adq	693060	1
adr	693061	263
ads	693324	109
adt	693433	291
adu	693724	367
adv	694091	32
adw	694123	38
ady	694161	100
adz	694261	71
ae 	694332	177
aea	694509	9
aeb	694518	17
aec	694535	3
aed	694538	14
aee	694552	2
aef	694554	8
aeg	694562	17
aeh	694579	2
aei	694581	3
aej	694584	5
aek	694589	44
ael	694633	169
aem	694802	27
aen	694829	113
aeo	694942	15
aep	694957	5
aer	694962	84
aes	695046	98
aet	695144	49
aeu	695193	15
aev	695208	11
aew	695219	1
aey	695220	2
aez	695222	7
af 	695229	53
afa	695282	293
afb	695575	3
afc	695578	2
afe	695580	141
aff	695721	183
afg	695904	3
afh	695907	4
afi	695911	127
afj	696038	7
afk	696045	1
afl	696046	75
afn	696121	13
afo	696134	128
afp	696262	2
afq	696264	2
afr	696266	138
afs	696404	24
aft	696428	66
afu	696494	53
afw	696547	5
afy	696552	7
afz	696559	4
ag 	696563	270
aga	696833	1408
agb	698241	93
agc	698334	12
agd	698346	108
age	698454	919
agf	699373	4
agg	699377	142
agh	699519	264
agi	699783	386
agj	700169	6
agk	700175	15
agl	700190	253
agm	700443	12
agn	700455	583
ago	701038	1081
agp	702119	11
agq	702130	3
agr	702133	277
ags	702410	46
agt	702456	25
agu	702481	1369
agv	703850	5
agw	703855	15
agy	703870	65
agz	703935	8
ah 	703943	1347
aha	705290	973
ahb	706263	18
ahc	706281	25
ahd	706306	40
ahe	706346	215
ahf	706561	6
ahg	706567	10
ahh	706577	6
ahi	706583	333
ahj	706916	12
ahk	706928	9
ahl	706937	102
ahm	707039	101
ahn	707140	90
aho	707230	264
ahp	707494	26
ahr	707520	316
ahs	707836	29
aht	707865	55
ahu	707920	575
ahv	708495	3
ahw	708498	17
ahy	708515	20
ahz	708535	3
ai 	708538	1569
aia	710107	340
aib	710447	123
aic	710570	137
aid	710707	182
aie	710889	106
aif	710995	39
aig	711034	205
aih	711239	82
aii	711321	27
aij	711348	45
aik	711393	144
ail	711537	523
aim	712060	184
ain	712244	3905
aio	716149	103
aip	716252	140
aiq	716392	23
air	716415	802
ais	717217	630
ait	717847	254
aiu	718101	35
aiv	718136	57
aiw	718193	30
aix	718223	110
aiy	718333	167
aiz	718500	101
aj 	718601	134
aja	718735	933
ajb	719668	3
ajc	719671	17
ajd	719688	32
aje	719720	181
ajg	719901	18
ajh	719919	13
aji	719932	285
ajj	720217	28
ajk	720245	15
ajl	720260	8
ajm	720268	12
ajn	720280	26
ajo	720306	298
ajp	720604	19
ajq	720623	1
ajr	720624	15
ajs	720639	18
ajt	720657	2
aju	720659	174
ajv	720833	3
ajw	720836	3
ajy	720839	2
ajz	720841	3
ak 	720844	961
aka	721805	1023
akb	722828	39
akc	722867	49
akd	722916	38
ake	722954	1090
akf	724044	7
akg	724051	17
akh	724068	357
aki	724425	448
akj	724873	3
akk	724876	209
akl	725085	142
akm	725227	24
akn	725251	14
ako	725265	609
akp	725874	54
akr	725928	242
aks	726170	169
akt	726339	71
aku	726410	258
akv	726668	15
akw	726683	37
akx	726720	2
aky	726722	67
akz	726789	3
al 	726792	3698
ala	730490	3674
alb	734164	696
alc	734860	649
ald	735509	988
ale	736497	2887
alf	739384	201
alg	739585	384
alh	739969	156
ali	740125	2120
alj	742245	54
alk	742299	287
all	742586	2853
alm	745439	884
aln	746323	154
alo	746477	1081
alp	747558	403
alq	747961	34
alr	747995	32
als	748027	318
alt	748345	1314
alu	749659	839
alv	750498	495
alw	750993	58
alx	751051	1
aly	751052	199
alz	751251	138
am 	751389	2199
ama	753588	2497
amb	756085	1464
amc	757549	29
amd	757578	64
ame	757642	840
amf	758482	29
amg	758511	46
amh	758557	40
ami	758597	1005
amj	759602	17
amk	759619	46
aml	759665	109
amm	759774	322
amn	760096	94
amo	760190	751
amp	760941	1922
amq	762863	3
amr	762866	87
ams	762953	255
amt	763208	45
amu	763253	352
amv	763605	17
amw	763622	24
amx	763646	1
amy	763647	86
amz	763733	27
an 	763760	15645
an2	779405	1
ana	779406	3593
anb	782999	254
anc	783253	2501
and	785754	4933
ane	790687	1286
anf	791973	164
ang	792137	8931
anh	801068	469
ani	801537	2040
anj	803577	1080
ank	804657	1067
anl	805724	301
anm	806025	115
ann	806140	962
ano	807102	3095
anp	810197	207
anq	810404	179
anr	810583	84
ans	810667	1174
ant	811841	5223
anu	817064	542
anv	817606	129
anw	817735	105
anx	817840	135
any	817975	802
anz	818777	810
ao 	819587	2119
aoa	821706	26
aob	821732	59
aoc	821791	78
aod	821869	61
aoe	821930	3
aof	821933	20
aog	821953	81
aoh	822034	78
aoi	822112	9
aoj	822121	100
aok	822221	65
aol	822286	142
aom	822428	36
aon	822464	234
aoo	822698	1
aop	822699	52
aoq	822751	58
aor	822809	41
aos	822850	130
aot	822980	116
aou	823096	167
aov	823263	7
aow	823270	30
aox	823300	66
aoy	823366	105
aoz	823471	98
ap 	823569	190
apa	823759	1500
apb	825259	3
apc	825262	14
apd	825276	10
ape	825286	543
apf	825829	13
apg	825842	3
aph	825845	55
api	825900	537
apk	826437	5
apl	826442	153
apm	826595	9
apn	826604	7
apo	826611	536
app	827147	303
apr	827450	115
aps	827565	39
apt	827604	42
apu	827646	559
apv	828205	1
apw	828206	5
apy	828211	18
aq 	828229	96
aqa	828325	51
aqb	828376	3
aqc	828379	5
aqd	828384	7
aqe	828391	7
aqf	828398	2
aqh	828400	1
aqi	828401	110
aqk	828511	1
aql	828512	4
aqm	828516	2
aqn	828518	1
aqo	828519	12
aqq	828531	12
aqr	828543	7
aqs	828550	6
aqt	828556	4
aqu	828560	388
aqv	828948	1
ar 	828949	3460
ara	832409	5311
arb	837720	743
arc	838463	1117
ard	839580	1816
are	841396	1991
arf	843387	97
arg	843484	793
arh	844277	250
ari	844527	3761
arj	848288	172
ark	848460	1513
arl	849973	747
arm	850720	729
arn	851449	812
aro	852261	1347
arp	853608	295
arq	853903	140
arr	854043	1872
ars	855915	730
art	856645	1833
aru	858478	629
arv	859107	253
arw	859360	123
arx	859483	12
ary	859495	376
arz	859871	317
as 	860188	4332
asa	864520	1322
asb	865842	90
asc	865932	541
asd	866473	53
ase	866526	531
asf	867057	16
asg	867073	33
ash	867106	1093
asi	868199	879
asj	869078	24
ask	869102	241
asl	869343	148
asm	869491	62
asn	869553	296
aso	869849	398
asp	870247	175
asq	870422	38
asr	870460	64
ass	870524	1346
ast	871870	2323
asu	874193	248
asv	874441	26
asw	874467	20
asy	874487	88
asz	874575	101
at 	874676	1362
ata	876038	1990
atb	878028	21
atc	878049	87
atd	878136	4
ate	878140	1895
atf	880035	40
atg	880075	16
ath	880091	631
ati	880722	1187
atj	881909	8
atk	881917	84
atl	882001	418
atm	882419	28
atn	882447	110
ato	882557	1086
atp	883643	28
atq	883671	1
atr	883672	287
ats	883959	303
att	884262	893
atu	885155	684
atv	885839	11
atw	885850	25
atx	885875	5
aty	885880	128
atz	886008	179
au 	886187	1442
aua	887629	63
aub	887692	247
auc	887939	270
aud	888209	261
aue	888470	104
auf	888574	80
aug	888654	199
auh	888853	90
aui	888943	88
auj	889031	46
auk	889077	113
aul	889190	562
aum	889752	189
aun	889941	376
auo	890317	4
aup	890321	85
auq	890406	20
aur	890426	628
aus	891054	761
aut	891815	449
auu	892264	2
auv	892266	142
auw	892408	26
aux	892434	297
auy	892731	11
auz	892742	85
av 	892827	78
ava	892905	1130
avb	894035	1
avc	894036	27
avd	894063	32
ave	894095	1014
avg	895109	10
avh	895119	6
avi	895125	927
avj	896052	2
avk	896054	63
avl	896117	121
avm	896238	2
avn	896240	57
avo	896297	429
avp	896726	1
avr	896727	131
avs	896858	72
avt	896930	15
avu	896945	97
avv	897042	3
avy	897045	60
avz	897105	4
aw 	897109	187
awa	897296	981
awb	898277	19
awc	898296	6
awd	898302	13
awe	898315	78
awf	898393	13
awg	898406	3
awh	898409	17
awi	898426	170
awj	898596	4
awk	898600	46
awl	898646	58
awm	898704	10
awn	898714	85
awo	898799	82
awp	898881	2
awq	898883	6
awr	898889	52
aws	898941	59
awt	899000	35
awu	899035	59
awv	899094	2
aww	899096	7
awy	899103	14
awz	899117	2
ax 	899119	75
axa	899194	44
axb	899238	3
axc	899241	46
axd	899287	2
axe	899289	38
axf	899327	1
axh	899328	10
axi	899338	165
axj	899503	1
axk	899504	2
axl	899506	8
axm	899514	7
axn	899521	4
axo	899525	32
axp	899557	3
axr	899560	1
axs	899561	2
axt	899563	98
axu	899661	19
axv	899680	2
axw	899682	6
axx	899688	2
axy	899690	2
ay 	899692	1759
aya	901451	1737
ayb	903188	56
ayc	903244	30
ayd	903274	98
aye	903372	401
ayf	903773	43
ayg	903816	35
ayh	903851	30
ayi	903881	217
ayj	904098	11
ayk	904109	64
ayl	904173	206
aym	904379	68
ayn	904447	176
ayo	904623	427
ayp	905050	23
ayq	905073	7
ayr	905080	152
ays	905232	176
ayt	905408	181
ayu	905589	249
ayv	905838	38
ayw	905876	16
ayx	905892	3
ayy	905895	66
ayz	905961	13
az 	905974	377
aza	906351	708
azb	907059	6
azc	907065	14
azd	907079	28
aze	907107	215
azf	907322	1
azg	907323	18
azh	907341	197
azi	907538	305
azj	907843	1
azk	907844	17
azl	907861	41
azm	907902	24
azn	907926	61
azo	907987	227
azp	908214	7
azq	908221	20
azr	908241	27
azs	908268	6
azt	908274	21
azu	908295	187
azv	908482	5
azy	908487	41
azz	908528	224
ba 	908752	1501
baa	910253	61
bab	910314	301
bac	910615	1320
bad	911935	1042
bae	912977	51
baf	913028	31
bag	913059	441
bah	913500	296
bai	913796	672
baj	914468	244
bak	914712	379
bal	915091	1396
bam	916487	228
ban	916715	2449
bao	919164	246
bap	919410	30
baq	919440	35
bar	919475	2391
bas	921866	911
bat	922777	700
bau	923477	220
bav	923697	51
baw	923748	54
bax	923802	13
bay	923815	797
baz	924612	175
bb 	924787	15
bba	924802	91
bbe	924893	83
bbh	924976	1
bbi	924977	101
bbl	925078	8
bbo	925086	40
bbr	925126	11
bbs	925137	18
bbu	925155	11
bbv	925166	1
bbw	925167	1
bby	925168	4
bca	925172	8
bce	925180	6
bch	925186	16
bci	925202	6
bco	925208	5
bcr	925213	1
bcu	925214	1
bcz	925215	4
bd 	925219	4
bda	925223	25
bdc	925248	1
bde	925249	16
bdi	925265	15
bdo	925280	15
bdr	925295	1
bdu	925296	7
bdz	925303	1
be 	925304	375
bea	925679	640
beb	926319	46
bec	926365	227
bed	926592	167
bee	926759	177
bef	926936	5
beg	926941	88
beh	927029	54
bei	927083	543
bej	927626	48
bek	927674	173
bel	927847	1360
bem	929207	54
ben	929261	1156
beo	930417	26
bep	930443	9
beq	930452	3
ber	930455	3506
bes	933961	357
bet	934318	360
beu	934678	137
bev	934815	75
bew	934890	10
bex	934900	10
bey	934910	157
bez	935067	115
bfa	935182	2
bfe	935184	6
bfo	935190	1
bg 	935191	1
bga	935192	15
bge	935207	1
bgh	935208	1
bgo	935209	2
bgw	935211	1
bh 	935212	4
bha	935216	161
bhe	935377	11
bhi	935388	42
bhk	935430	1
bho	935431	33
bhr	935464	2
bht	935466	1
bhu	935467	25
bhv	935492	1
bi 	935493	267
bia	935760	436
bib	936196	67
bic	936263	185
bid	936448	95
bie	936543	322
bif	936865	5
big	936870	157
bih	937027	28
bii	937055	7
bij	937062	57
bik	937119	41
bil	937160	449
bim	937609	35
bin	937644	720
bio	938364	157
bip	938521	15
biq	938536	10
bir	938546	347
bis	938893	359
bit	939252	208
biu	939460	15
biv	939475	54
biw	939529	3
bix	939532	6
biy	939538	42
biz	939580	41
bja	939621	16
bje	939637	21
bji	939658	1
bjn	939659	1
bjo	939660	17
bju	939677	3
bjw	939680	1
bk 	939681	2
bka	939683	12
bke	939695	9
bkh	939704	4
bki	939708	11
bkn	939719	1
bko	939720	15
bky	939735	6
bl 	939741	8
bla	939749	838
bld	940587	1
ble	940588	354
blf	940942	1
bli	940943	260
blj	941203	6
blo	941209	426
bls	941635	1
blu	941636	135
bly	941771	58
bma	941829	6
bmi	941835	5
bmu	941840	1
bn 	941841	1
bna	941842	20
bne	941862	25
bni	941887	61
bnj	941948	2
bno	941950	30
bnu	941980	2
bny	941982	4
bo 	941986	643
boa	942629	127
bob	942756	116
boc	942872	204
bod	943076	224
boe	943300	65
bof	943365	17
bog	943382	229
boh	943611	130
boi	943741	237
boj	943978	76
bok	944054	165
bol	944219	549
bom	944768	145
bon	944913	880
boo	945793	92
bop	945885	17
boq	945902	34
bor	945936	1432
bos	947368	332
bot	947700	252
bou	947952	911
bov	948863	153
bow	949016	118
box	949134	31
boy	949165	127
boz	949292	127
bpe	949419	1
bpi	949420	2
bpu	949422	8
bq 	949430	1
bqa	949431	4
bqi	949435	1
bqu	949436	1
br 	949437	30
bra	949467	1205
brc	950672	3
brd	950675	14
bre	950689	1059
brg	951748	8
bri	951756	940
brj	952696	1
brk	952697	2
brl	952699	2
brn	952701	20
bro	952721	1058
brs	953779	5
brt	953784	2
bru	953786	509
brv	954295	1
brw	954296	1
bry	954297	75
brz	954372	70
bs 	954442	38
bsa	954480	10
bsb	954490	4
bsc	954494	11
bsd	954505	12
bse	954517	10
bsf	954527	3
bsh	954530	20
bsi	954550	4
bsk	954554	18
bsl	954572	4
bso	954576	20
bsq	954596	1
bsr	954597	1
bst	954598	51
bsu	954649	1
bsv	954650	2
bsw	954652	1
bsz	954653	6
bt 	954659	6
bta	954665	10
bte	954675	4
bth	954679	1
bti	954680	6
btl	954686	1
bto	954687	11
btr	954698	1
bts	954699	8
btu	954707	3
btw	954710	2
bu 	954712	310
bua	955022	96
bub	955118	46
buc	955164	316
bud	955480	224
bue	955704	334
buf	956038	34
bug	956072	144
buh	956216	86
bui	956302	62
buj	956364	38
buk	956402	211
bul	956613	415
bum	957028	32
bun	957060	349
buo	957409	24
bup	957433	8
buq	957441	13
bur	957454	1954
bus	959408	258
but	959666	224
buu	959890	38
buv	959928	1
buw	959929	7
bux	959936	17
buy	959953	87
buz	960040	85
bva	960125	2
bve	960127	1
bvi	960128	3
bvr	960131	1
bw 	960132	2
bwa	960134	16
bwe	960150	21
bwi	960171	8
bwl	960179	1
bwo	960180	5
bwr	960185	1
bxi	960186	1
by 	960187	458
bya	960645	32
byb	960677	7
byc	960684	17
byd	960701	3
bye	960704	23
byf	960727	4
byg	960731	12
byh	960743	7
byi	960750	2
byk	960752	13
byl	960765	28
bym	960793	6
byn	960799	41
byo	960840	7
byr	960847	23
bys	960870	70
byt	960940	18
byu	960958	22
byv	960980	10
byw	960990	2
byz	960992	1
bz 	960993	4
bza	960997	7
bze	961004	4
bzh	961008	2
bzi	961010	7
bzo	961017	3
bzy	961020	1
ca 	961021	2475
caa	963496	24
cab	963520	412
cac	963932	284
cad	964216	231
cae	964447	36
caf	964483	38
cag	964521	119
cah	964640	95
cai	964735	260
caj	964995	105
cak	965100	105
cal	965205	1420
cam	966625	1347
can	967972	1775
cao	969747	192
cap	969939	588
caq	970527	14
car	970541	1906
cas	972447	1696
cat	974143	707
cau	974850	175
cav	975025	188
caw	975213	19
cax	975232	46
cay	975278	235
caz	975513	85
cba	975598	6
cbe	975604	4
cbh	975608	1
cbo	975609	6
cbr	975615	1
cbu	975616	2
cc 	975618	3
cca	975621	172
cce	975793	26
cch	975819	158
cci	975977	428
ccl	976405	20
cco	976425	147
ccr	976572	6
ccu	976578	12
cda	976590	4
cde	976594	1
cdo	976595	11
cdp	976606	1
cdu	976607	1
ce 	976608	2546
cea	979154	183
ceb	979337	51
cec	979388	62
ced	979450	234
cee	979684	8
cef	979692	12
ceg	979704	26
ceh	979730	22
cei	979752	78
cej	979830	16
cek	979846	41
cel	979887	471
cem	980358	63
cen	980421	1006
ceo	981427	25
cep	981452	152
ceq	981604	5
cer	981609	812
ces	982421	364
cet	982785	118
ceu	982903	26
cev	982929	108
cew	983037	7
cey	983044	46
cez	983090	10
cfa	983100	4
cfb	983104	2
cfi	983106	1
cga	983107	2
cge	983109	1
cgi	983110	1
cgo	983111	3
cgr	983114	10
cgu	983124	1
ch 	983125	2651
cha	985776	3936
chb	989712	131
chc	989843	47
chd	989890	46
che	989936	3927
chf	993863	47
chg	993910	19
chh	993929	158
chi	994087	2946
chk	997033	114
chl	997147	258
chm	997405	136
chn	997541	212
cho	997753	1600
chp	999353	9
chq	999362	2
chr	999364	169
chs	999533	158
cht	999691	315
chu	1000006	788
chv	1000794	33
chw	1000827	357
chy	1001184	227
chz	1001411	6
ci 	1001417	517
cia	1001934	722
cib	1002656	132
cic	1002788	167
cid	1002955	90
cie	1003045	346
cif	1003391	44
cig	1003435	99
cih	1003534	51
cii	1003585	11
cij	1003596	26
cik	1003622	205
cil	1003827	323
cim	1004150	145
cin	1004295	621
cio	1004916	1066
cip	1005982	116
ciq	1006098	3
cir	1006101	147
cis	1006248	549
cit	1006797	808
ciu	1007605	245
civ	1007850	56
ciw	1007906	10
cix	1007916	1
ciy	1007917	5
ciz	1007922	18
cja	1007940	7
cje	1007947	1
cjo	1007948	1
ck 	1007949	745
cka	1008694	157
ckb	1008851	43
ckc	1008894	4
ckd	1008898	8
cke	1008906	400
ckf	1009306	29
ckg	1009335	1
ckh	1009336	69
cki	1009405	121
ckk	1009526	1
ckl	1009527	125
ckm	1009652	24
ckn	1009676	32
cko	1009708	76
ckp	1009784	15
ckr	1009799	10
cks	1009809	144
ckt	1009953	33
cku	1009986	8
ckv	1009994	22
ckw	1010016	47
cky	1010063	48
cla	1010111	475
cle	1010586	275
cli	1010861	197
cll	1011058	9
clo	1011067	120
clu	1011187	61
cly	1011248	23
cma	1011271	24
cme	1011295	9
cmi	1011304	9
cmo	1011313	6
cmu	1011319	2
cmy	1011321	1
cna	1011322	36
cne	1011358	7
cni	1011365	17
cnj	1011382	1
cno	1011383	17
cnr	1011400	1
cny	1011401	1
co 	1011402	2234
coa	1013636	257
cob	1013893	141
coc	1014034	238
cod	1014272	77
coe	1014349	68
cof	1014417	42
cog	1014459	65
coh	1014524	24
coi	1014548	71
coj	1014619	15
cok	1014634	23
col	1014657	1677
com	1016334	503
con	1016837	1343
coo	1018180	121
cop	1018301	176
coq	1018477	27
cor	1018504	1166
cos	1019670	464
cot	1020134	457
cou	1020591	632
cov	1021223	263
cow	1021486	59
cox	1021545	37
coy	1021582	137
coz	1021719	43
cp 	1021762	2
cpa	1021764	19
cpf	1021783	1
cph	1021784	4
cpi	1021788	4
cpo	1021792	3
cpu	1021795	1
cq 	1021796	66
cqu	1021862	126
cra	1021988	258
cre	1022246	632
cri	1022878	291
crk	1023169	4
crn	1023173	23
cro	1023196	370
cru	1023566	524
crv	1024090	1
cry	1024091	19
cs 	1024110	44
csa	1024154	59
csb	1024213	6
cse	1024219	57
csh	1024276	3
csi	1024279	15
csk	1024294	14
csl	1024308	1
cso	1024309	35
css	1024344	1
cst	1024345	2
csu	1024347	5
csv	1024352	6
csz	1024358	1
ct 	1024359	81
cta	1024440	21
cte	1024461	22
cth	1024483	3
cti	1024486	88
ctl	1024574	4
ctm	1024578	2
cto	1024580	298
ctr	1024878	4
ctu	1024882	28
ctz	1024910	4
cu 	1024914	233
cua	1025147	458
cub	1025605	97
cuc	1025702	97
cud	1025799	32
cue	1025831	171
cuf	1026002	5
cug	1026007	20
cuh	1026027	2
cui	1026029	200
cuj	1026229	8
cuk	1026237	44
cul	1026281	218
cum	1026499	161
cun	1026660	380
cuo	1027040	20
cup	1027060	46
cuq	1027106	6
cur	1027112	295
cus	1027407	113
cut	1027520	121
cuu	1027641	2
cuv	1027643	17
cux	1027660	10
cuy	1027670	57
cuz	1027727	23
cva	1027750	11
cve	1027761	3
cvi	1027764	5
cvo	1027769	5
cvr	1027774	2
cwi	1027776	1
cwm	1027777	8
cwo	1027785	2
cx 	1027787	1
cxa	1027788	2
cxo	1027790	3
cxu	1027793	2
cy 	1027795	167
cya	1027962	5
cyb	1027967	4
cyc	1027971	2
cyd	1027973	1
cyf	1027974	1
cyg	1027975	3
cyi	1027978	1
cyl	1027979	1
cym	1027980	1
cyn	1027981	10
cyo	1027991	2
cyp	1027993	12
cyr	1028005	26
cys	1028031	1
cyt	1028032	1
cyu	1028033	1
cyw	1028034	1
cz 	1028035	43
cza	1028078	71
czb	1028149	3
czc	1028152	1
cze	1028153	88
czf	1028241	1
czi	1028242	3
czk	1028245	32
czl	1028277	2
czm	1028279	2
czn	1028281	35
czo	1028316	42
czu	1028358	7
czy	1028365	108
da 	1028473	2830
daa	1031303	29
dab	1031332	219
dac	1031551	130
dad	1031681	462
dae	1032143	35
daf	1032178	24
dag	1032202	202
dah	1032404	218
dai	1032622	245
daj	1032867	77
dak	1032944	180
dal	1033124	1598
dam	1034722	531
dan	1035253	1203
dao	1036456	175
dap	1036631	130
daq	1036761	38
dar	1036799	902
das	1037701	475
dat	1038176	187
dau	1038363	139
dav	1038502	167
daw	1038669	105
dax	1038774	39
day	1038813	275
daz	1039088	51
db 	1039139	1
dba	1039140	47
dbe	1039187	31
dbh	1039218	1
dbi	1039219	12
dbj	1039231	1
dbl	1039232	1
dbo	1039233	25
dbr	1039258	47
dbu	1039305	52
dby	1039357	25
dc 	1039382	1
dca	1039383	6
dce	1039389	5
dch	1039394	17
dci	1039411	2
dcl	1039413	10
dco	1039423	11
dcr	1039434	9
dcu	1039443	2
dd 	1039445	18
dda	1039463	115
dde	1039578	137
ddh	1039715	7
ddi	1039722	118
ddl	1039840	103
ddm	1039943	1
ddn	1039944	1
ddo	1039945	50
ddr	1039995	5
ddt	1040000	1
ddu	1040001	18
ddv	1040019	2
ddy	1040021	13
de 	1040034	7994
dea	1048028	232
deb	1048260	137
dec	1048397	134
ded	1048531	55
dee	1048586	105
def	1048691	67
deg	1048758	163
deh	1048921	166
dei	1049087	159
dej	1049246	58
dek	1049304	91
del	1049395	2215
dem	1051610	232
den	1051842	2063
deo	1053905	87
dep	1053992	127
deq	1054119	7
der	1054126	1837
des	1055963	877
det	1056840	112
deu	1056952	93
dev	1057045	152
dew	1057197	42
dex	1057239	17
dey	1057256	42
dez	1057298	95
dfa	1057393	6
dfe	1057399	6
dfi	1057405	27
dfj	1057432	2
dfl	1057434	1
dfo	1057435	82
dfr	1057517	3
dfu	1057520	1
dga	1057521	41
dgc	1057562	1
dgd	1057563	1
dge	1057564	591
dgf	1058155	2
dgh	1058157	6
dgi	1058163	7
dgk	1058170	1
dgl	1058171	2
dgm	1058173	3
dgn	1058176	1
dgo	1058177	31
dgr	1058208	5
dgs	1058213	2
dgt	1058215	1
dgu	1058216	3
dgw	1058219	16
dgy	1058235	2
dh 	1058237	25
dha	1058262	251
dhd	1058513	1
dhe	1058514	59
dhg	1058573	1
dhi	1058574	70
dhj	1058644	2
dhk	1058646	1
dhl	1058647	2
dhn	1058649	5
dho	1058654	96
dhp	1058750	6
dhr	1058756	26
dhu	1058782	55
dhw	1058837	1
dhy	1058838	5
di 	1058843	1320
dia	1060163	1009
dib	1061172	74
dic	1061246	149
did	1061395	133
die	1061528	416
dif	1061944	20
dig	1061964	173
dih	1062137	43
dii	1062180	11
dij	1062191	62
dik	1062253	114
dil	1062367	280
dim	1062647	187
din	1062834	1034
dio	1063868	302
dip	1064170	73
diq	1064243	12
dir	1064255	147
dis	1064402	355
dit	1064757	112
diu	1064869	26
div	1064895	139
diw	1065034	14
dix	1065048	22
diy	1065070	102
diz	1065172	58
dj 	1065230	10
dja	1065240	63
dje	1065303	60
dji	1065363	62
djl	1065425	1
djm	1065426	1
djo	1065427	47
dju	1065474	21
djy	1065495	1
dk 	1065496	1
dka	1065497	47
dke	1065544	9
dkh	1065553	7
dki	1065560	40
dkl	1065600	2
dko	1065602	32
dkr	1065634	5
dku	1065639	2
dky	1065641	9
dl 	1065650	24
dla	1065674	139
dlb	1065813	2
dlc	1065815	5
dle	1065820	273
dlg	1066093	3
dlh	1066096	4
dli	1066100	107
dlj	1066207	3
dlk	1066210	1
dln	1066211	8
dlo	1066219	71
dls	1066290	1
dlu	1066291	22
dlw	1066313	1
dly	1066314	16
dma	1066330	48
dme	1066378	26
dmi	1066404	38
dmo	1066442	52
dmu	1066494	11
dmy	1066505	20
dna	1066525	49
dne	1066574	79
dng	1066653	1
dni	1066654	124
dnj	1066778	23
dno	1066801	48
dnu	1066849	1
dny	1066850	39
do 	1066889	2505
doa	1069394	41
dob	1069435	274
doc	1069709	111
dod	1069820	57
doe	1069877	32
dof	1069909	11
dog	1069920	128
doh	1070048	35
doi	1070083	68
doj	1070151	12
dok	1070163	118
dol	1070281	597
dom	1070878	439
don	1071317	1701
doo	1073018	60
dop	1073078	30
doq	1073108	4
dor	1073112	2147
dos	1075259	409
dot	1075668	44
dou	1075712	634
dov	1076346	283
dow	1076629	284
dox	1076913	7
doy	1076920	32
doz	1076952	28
dp 	1076980	1
dpa	1076981	10
dpe	1076991	5
dpi	1076996	2
dpl	1076998	3
dpo	1077001	10
dpr	1077011	3
dpu	1077014	43
dqa	1077057	1
dqu	1077058	2
dr 	1077060	12
dra	1077072	733
dre	1077805	641
drh	1078446	1
dri	1078447	525
drm	1078972	1
drn	1078973	5
dro	1078978	879
drs	1079857	2
dru	1079859	148
drv	1080007	1
drw	1080008	1
dry	1080009	48
drz	1080057	21
ds 	1080078	349
dsa	1080427	23
dsb	1080450	58
dsc	1080508	20
dsd	1080528	12
dse	1080540	27
dsf	1080567	3
dsg	1080570	5
dsh	1080575	38
dsi	1080613	14
dsj	1080627	2
dsk	1080629	67
dsl	1080696	11
dsm	1080707	5
dso	1080712	102
dsp	1080814	6
dsr	1080820	4
dss	1080824	1
dst	1080825	125
dsu	1080950	6
dsv	1080956	33
dsw	1080989	25
dsz	1081014	4
dt 	1081018	560
dta	1081578	6
dtb	1081584	3
dtc	1081587	1
dte	1081588	13
dtf	1081601	2
dth	1081603	7
dti	1081610	2
dtk	1081612	4
dtl	1081616	6
dtm	1081622	1
dtn	1081623	1
dto	1081624	21
dtp	1081645	1
dtr	1081646	2
dts	1081648	10
dtu	1081658	4
dtv	1081662	2
dtz	1081664	1
du 	1081665	573
dua	1082238	142
dub	1082380	204
duc	1082584	79
dud	1082663	56
due	1082719	80
duf	1082799	17
dug	1082816	53
duh	1082869	18
dui	1082887	50
duj	1082937	19
duk	1082956	100
dul	1083056	230
dum	1083286	165
dun	1083451	464
duo	1083915	58
dup	1083973	50
duq	1084023	19
dur	1084042	396
dus	1084438	118
dut	1084556	36
duu	1084592	3
duv	1084595	37
duw	1084632	17
dux	1084649	5
duy	1084654	14
duz	1084668	62
dva	1084730	33
dve	1084763	27
dvi	1084790	110
dvl	1084900	2
dvo	1084902	35
dvr	1084937	1
dvu	1084938	5
dvy	1084943	6
dwa	1084949	108
dwe	1085057	51
dwi	1085108	80
dwo	1085188	69
dwr	1085257	4
dwy	1085261	4
dy 	1085265	214
dya	1085479	54
dyb	1085533	6
dyc	1085539	14
dyd	1085553	2
dye	1085555	23
dyf	1085578	4
dyg	1085582	6
dyh	1085588	1
dyi	1085589	2
dyj	1085591	4
dyk	1085595	16
dyl	1085611	11
dym	1085622	29
dyn	1085651	33
dyo	1085684	12
dyp	1085696	1
dyr	1085697	8
dys	1085705	38
dyt	1085743	9
dyu	1085752	9
dyv	1085761	8
dyw	1085769	3
dyy	1085772	3
dyz	1085775	5
dz 	1085780	28
dza	1085808	47
dzb	1085855	2
dze	1085857	38
dzh	1085895	54
dzi	1085949	150
dzk	1086099	15
dzl	1086114	1
dzm	1086115	1
dzn	1086116	4
dzo	1086120	41
dzr	1086161	1
dzt	1086162	1
dzu	1086163	19
dzv	1086182	2
dzw	1086184	10
dzy	1086194	25
ea 	1086219	957
eab	1087176	33
eac	1087209	438
ead	1087647	363
eae	1088010	10
eaf	1088020	23
eag	1088043	120
eah	1088163	16
eai	1088179	9
eaj	1088188	6
eak	1088194	38
eal	1088232	288
eam	1088520	50
ean	1088570	420
eao	1088990	9
eap	1088999	38
eaq	1089037	2
ear	1089039	242
eas	1089281	744
eat	1090025	261
eau	1090286	632
eav	1090918	60
eaw	1090978	5
eay	1090983	13
eaz	1090996	22
eb 	1091018	34
eba	1091052	505
ebb	1091557	52
ebc	1091609	3
ebd	1091612	7
ebe	1091619	584
ebg	1092203	1
ebh	1092204	5
ebi	1092209	180
ebj	1092389	3
ebk	1092392	5
ebl	1092397	267
ebm	1092664	3
ebn	1092667	27
ebo	1092694	360
ebp	1093054	2
ebr	1093056	245
ebs	1093301	32
ebt	1093333	9
ebu	1093342	213
ebv	1093555	2
ebw	1093557	5
eby	1093562	78
ebz	1093640	2
ec 	1093642	988
eca	1094630	361
ecb	1094991	1
ecc	1094992	304
ecd	1095296	1
ece	1095297	146
ech	1095443	821
eci	1096264	307
ecj	1096571	1
eck	1096572	336
ecl	1096908	41
ecm	1096949	2
ecn	1096951	15
eco	1096966	353
ecp	1097319	12
ecq	1097331	40
ecr	1097371	52
ecs	1097423	32
ect	1097455	67
ecu	1097522	123
ecv	1097645	9
ecy	1097654	23
ecz	1097677	67
ed 	1097744	424
eda	1098168	685
edb	1098853	27
edc	1098880	10
edd	1098890	124
ede	1099014	948
edf	1099962	42
edg	1100004	95
edh	1100099	24
edi	1100123	476
edj	1100599	19
edk	1100618	9
edl	1100627	111
edm	1100738	51
edn	1100789	45
edo	1100834	590
edp	1101424	5
edr	1101429	760
eds	1102189	39
edt	1102228	246
edu	1102474	125
edv	1102599	26
edw	1102625	53
edy	1102678	39
edz	1102717	61
ee 	1102778	645
eeb	1103423	49
eec	1103472	37
eed	1103509	90
eef	1103599	18
eeg	1103617	18
eeh	1103635	14
eei	1103649	1
eej	1103650	1
eek	1103651	342
eel	1103993	119
eem	1104112	34
een	1104146	522
eeo	1104668	2
eep	1104670	42
eer	1104712	236
ees	1104948	141
eet	1105089	122
eeu	1105211	17
eev	1105228	11
eew	1105239	8
eex	1105247	2
eez	1105249	27
ef 	1105276	46
efa	1105322	123
efb	1105445	1
efc	1105446	1
efd	1105447	2
efe	1105449	123
eff	1105572	139
efg	1105711	1
efh	1105712	1
efi	1105713	102
efj	1105815	7
efk	1105822	21
efl	1105843	46
efn	1105889	3
efo	1105892	196
efp	1106088	1
efr	1106089	54
efs	1106143	9
eft	1106152	66
efu	1106218	71
efv	1106289	1
efw	1106290	2
efy	1106292	6
efz	1106298	1
eg 	1106299	109
ega	1106408	599
egb	1107007	44
egc	1107051	5
egd	1107056	8
ege	1107064	355
egf	1107419	1
egg	1107420	177
egh	1107597	85
egi	1107682	162
egj	1107844	1
egk	1107845	4
egl	1107849	162
egm	1108011	5
egn	1108016	110
ego	1108126	461
egp	1108587	1
egr	1108588	307
egs	1108895	22
egt	1108917	5
egu	1108922	336
egv	1109258	5
egw	1109263	5
egy	1109268	60
eh 	1109328	519
eha	1109847	189
ehb	1110036	10
ehc	1110046	3
ehd	1110049	19
ehe	1110068	144
ehf	1110212	1
ehg	1110213	4
ehh	1110217	3
ehi	1110220	87
ehj	1110307	2
ehk	1110309	5
ehl	1110314	59
ehm	1110373	25
ehn	1110398	31
eho	1110429	128
ehp	1110557	10
ehr	1110567	112
ehs	1110679	8
eht	1110687	8
ehu	1110695	160
ehv	1110855	1
ehw	1110856	6
ehy	1110862	9
ehz	1110871	5
ei 	1110876	653
eia	1111529	130
eib	1111659	73
eic	1111732	227
eid	1111959	346
eie	1112305	56
eif	1112361	56
eig	1112417	606
eih	1113023	33
eii	1113056	2
eij	1113058	43
eik	1113101	54
eil	1113155	596
eim	1113751	922
ein	1114673	971
eio	1115644	33
eip	1115677	25
eiq	1115702	10
eir	1115712	633
eis	1116345	491
eit	1116836	312
eiu	1117148	27
eiv	1117175	20
eiw	1117195	16
eix	1117211	106
eiy	1117317	23
eiz	1117340	63
ej 	1117403	34
eja	1117437	261
ejb	1117698	7
ejc	1117705	3
ejd	1117708	5
eje	1117713	96
ejg	1117809	1
ejh	1117810	3
eji	1117813	275
ejk	1118088	3
ejl	1118091	2
ejm	1118093	3
ejn	1118096	14
ejo	1118110	583
ejp	1118693	3
ejr	1118696	3
ejs	1118699	5
ejt	1118704	2
eju	1118706	54
ejv	1118760	1
ek 	1118761	846
eka	1119607	279
ekb	1119886	5
ekc	1119891	8
ekd	1119899	5
eke	1119904	243
ekg	1120147	1
ekh	1120148	84
eki	1120232	145
ekj	1120377	1
ekk	1120378	37
ekl	1120415	36
ekm	1120451	14
ekn	1120465	11
eko	1120476	226
ekp	1120702	11
ekr	1120713	136
eks	1120849	133
ekt	1120982	20
eku	1121002	42
ekv	1121044	5
ekw	1121049	3
eky	1121052	4
ekz	1121056	1
el 	1121057	5924
ela	1126981	1394
elb	1128375	325
elc	1128700	151
eld	1128851	1249
ele	1130100	1402
elf	1131502	135
elg	1131637	149
elh	1131786	144
eli	1131930	1247
elj	1133177	44
elk	1133221	261
ell	1133482	2986
elm	1136468	291
eln	1136759	197
elo	1136956	900
elp	1137856	69
elq	1137925	6
elr	1137931	51
els	1137982	544
elt	1138526	266
elu	1138792	207
elv	1138999	196
elw	1139195	51
elx	1139246	2
ely	1139248	230
elz	1139478	38
em 	1139516	659
ema	1140175	622
emb	1140797	463
emc	1141260	24
emd	1141284	12
eme	1141296	533
emf	1141829	6
emg	1141835	8
emh	1141843	6
emi	1141849	532
emj	1142381	1
emk	1142382	17
eml	1142399	40
emm	1142439	118
emn	1142557	37
emo	1142594	437
emp	1143031	327
emr	1143358	9
ems	1143367	110
emt	1143477	19
emu	1143496	115
emv	1143611	4
emw	1143615	2
emy	1143617	94
emz	1143711	4
en 	1143715	7403
ena	1151118	2000
enb	1153118	1000
enc	1154118	783
end	1154901	1703
ene	1156604	1163
enf	1157767	218
eng	1157985	2601
enh	1160586	672
eni	1161258	1945
enj	1163203	123
enk	1163326	355
enl	1163681	134
enm	1163815	99
enn	1163914	704
eno	1164618	762
enp	1165380	45
enq	1165425	63
enr	1165488	204
ens	1165692	1211
ent	1166903	2804
enu	1169707	116
env	1169823	134
enw	1169957	200
enx	1170157	27
eny	1170184	181
enz	1170365	465
eo 	1170830	313
eoa	1171143	9
eob	1171152	18
eoc	1171170	29
eod	1171199	26
eoe	1171225	3
eof	1171228	7
eog	1171235	17
eoh	1171252	6
eoi	1171258	10
eoj	1171268	6
eok	1171274	18
eol	1171292	61
eom	1171353	10
eon	1171363	364
eoo	1171727	1
eop	1171728	49
eoq	1171777	1
eor	1171778	223
eos	1172001	58
eot	1172059	31
eou	1172090	55
eov	1172145	8
eow	1172153	1
eoy	1172154	2
eoz	1172156	1
ep 	1172157	75
epa	1172232	308
epb	1172540	2
epc	1172542	114
epd	1172656	2
epe	1172658	941
epf	1173599	6
epg	1173605	1
eph	1173606	75
epi	1173681	177
epk	1173858	5
epl	1173863	74
epm	1173937	2
epn	1173939	21
epo	1173960	192
epp	1174152	127
epr	1174279	36
eps	1174315	25
ept	1174340	60
epu	1174400	97
epv	1174497	2
epw	1174499	4
epy	1174503	28
epz	1174531	2
eq 	1174533	11
eqa	1174544	10
eqb	1174554	4
eqe	1174558	6
eqi	1174564	25
eql	1174589	1
eqo	1174590	3
eqr	1174593	1
equ	1174594	207
er 	1174801	4152
era	1178953	2280
erb	1181233	631
erc	1181864	454
erd	1182318	784
ere	1183102	2168
erf	1185270	203
erg	1185473	1511
erh	1186984	287
eri	1187271	1609
erj	1188880	41
erk	1188921	469
erl	1189390	583
erm	1189973	818
ern	1190791	1512
ero	1192303	1663
erp	1193966	132
erq	1194098	48
err	1194146	1885
ers	1196031	2365
ert	1198396	1594
eru	1199990	338
erv	1200328	567
erw	1200895	269
erx	1201164	10
ery	1201174	198
erz	1201372	259
es 	1201631	6277
esa	1207908	584
esb	1208492	185
esc	1208677	532
esd	1209209	73
ese	1209282	655
esf	1209937	59
esg	1209996	35
esh	1210031	488
esi	1210519	568
esj	1211087	7
esk	1211094	137
esl	1211231	132
esm	1211363	93
esn	1211456	265
eso	1211721	282
esp	1212003	383
esq	1212386	77
esr	1212463	6
ess	1212469	826
est	1213295	3909
esu	1217204	193
esv	1217397	127
esw	1217524	61
esy	1217585	19
esz	1217604	103
et 	1217707	1307
eta	1219014	775
etb	1219789	11
etc	1219800	48
etd	1219848	1
ete	1219849	619
etf	1220468	11
etg	1220479	7
eth	1220486	300
eti	1220786	533
etj	1221319	1
etk	1221320	31
etl	1221351	171
etm	1221522	18
etn	1221540	60
eto	1221600	744
etp	1222344	8
etq	1222352	1
etr	1222353	491
ets	1222844	359
ett	1223203	1040
etu	1224243	130
etv	1224373	12
etw	1224385	26
etx	1224411	6
ety	1224417	45
etz	1224462	187
eu 	1224649	561
eua	1225210	12
eub	1225222	59
euc	1225281	56
eud	1225337	73
eue	1225410	81
euf	1225491	117
eug	1225608	51
euh	1225659	51
eui	1225710	172
euj	1225882	2
euk	1225884	65
eul	1225949	159
eum	1226108	75
eun	1226183	119
euo	1226302	1
eup	1226303	47
euq	1226350	4
eur	1226354	301
eus	1226655	231
eut	1226886	154
euv	1227040	156
euw	1227196	90
eux	1227286	263
euy	1227549	12
euz	1227561	51
ev 	1227612	80
eva	1227692	685
evb	1228377	2
evc	1228379	45
evd	1228424	4
eve	1228428	819
evf	1229247	1
evg	1229248	7
evh	1229255	3
evi	1229258	793
evj	1230051	3
evk	1230054	111
evl	1230165	18
evm	1230183	2
evn	1230185	22
evo	1230207	756
evp	1230963	1
evr	1230964	102
evs	1231066	120
evt	1231186	1
evu	1231187	30
evv	1231217	2
evx	1231219	1
evy	1231220	31
evz	1231251	2
ew 	1231253	679
ewa	1231932	217
ewb	1232149	33
ewc	1232182	24
ewd	1232206	6
ewe	1232212	108
ewf	1232320	6
ewh	1232326	3
ewi	1232329	136
ewk	1232465	10
ewl	1232475	7
ewm	1232482	15
ewn	1232497	7
ewo	1232504	235
ewp	1232739	35
ewq	1232774	1
ewr	1232775	4
ews	1232779	58
ewt	1232837	80
ewu	1232917	17
ewv	1232934	4
ewy	1232938	7
ex 	1232945	101
exa	1233046	86
exb	1233132	7
exc	1233139	79
exd	1233218	4
exe	1233222	34
exf	1233256	2
exg	1233258	1
exh	1233259	15
exi	1233274	150
exl	1233424	10
exm	1233434	14
exn	1233448	2
exo	1233450	23
exp	1233473	16
exq	1233489	7
exs	1233496	1
ext	1233497	53
exu	1233550	3
exv	1233553	1
exy	1233554	7
ey 	1233561	1649
eya	1235210	122
eyb	1235332	27
eyc	1235359	14
eyd	1235373	37
eye	1235410	202
eyf	1235612	8
eyg	1235620	13
eyh	1235633	21
eyi	1235654	35
eyj	1235689	2
eyk	1235691	27
eyl	1235718	70
eym	1235788	63
eyn	1235851	94
eyo	1235945	30
eyp	1235975	8
eyr	1235983	116
eys	1236099	137
eyt	1236236	60
eyu	1236296	25
eyv	1236321	55
eyw	1236376	6
eyy	1236382	15
eyz	1236397	14
ez 	1236411	865
eza	1237276	220
ezb	1237496	2
ezc	1237498	12
ezd	1237510	42
eze	1237552	195
ezf	1237747	1
ezg	1237748	4
ezh	1237752	128
ezi	1237880	207
ezj	1238087	6
ezk	1238093	8
ezl	1238101	9
ezm	1238110	12
ezn	1238122	92
ezo	1238214	147
ezp	1238361	5
ezq	1238366	32
ezr	1238398	15
ezs	1238413	6
ezt	1238419	1
ezu	1238420	65
ezv	1238485	10
ezw	1238495	1
ezy	1238496	16
ezz	1238512	161
fa 	1238673	147
faa	1238820	13
fab	1238833	58
fac	1238891	47
fad	1238938	24
fae	1238962	114
faf	1239076	33
fag	1239109	44
fah	1239153	51
fai	1239204	223
faj	1239427	17
fak	1239444	29
fal	1239473	420
fam	1239893	49
fan	1239942	427
fao	1240369	13
fap	1240382	3
faq	1240385	11
far	1240396	479
fas	1240875	66
fat	1240941	85
fau	1241026	67
fav	1241093	31
faw	1241124	12
fax	1241136	36
fay	1241172	70
faz	1241242	16
fb 	1241258	5
fba	1241263	5
fbe	1241268	3
fbi	1241271	2
fbo	1241273	2
fc 	1241275	2
fca	1241277	1
fcc	1241278	1
fch	1241279	14
fci	1241293	1
fcr	1241294	1
fcu	1241295	1
fd 	1241296	1
fda	1241297	3
fdd	1241300	1
fde	1241301	4
fdi	1241305	1
fdo	1241306	3
fdp	1241309	1
fe 	1241310	148
fea	1241458	16
feb	1241474	15
fec	1241489	13
fed	1241502	48
fee	1241550	8
fef	1241558	7
feg	1241565	8
feh	1241573	20
fei	1241593	59
fej	1241652	1
fek	1241653	7
fel	1241660	763
fem	1242423	15
fen	1242438	819
feo	1243257	7
feq	1243264	1
fer	1243265	636
fes	1243901	56
fet	1243957	43
feu	1244000	39
fev	1244039	4
fex	1244043	2
fey	1244045	20
fez	1244065	7
ff 	1244072	146
ffa	1244218	80
ffc	1244298	3
ffd	1244301	3
ffe	1244304	229
ffh	1244533	10
ffi	1244543	116
ffk	1244659	1
ffl	1244660	33
ffm	1244693	3
ffn	1244696	6
ffo	1244702	85
ffr	1244787	48
ffs	1244835	24
fft	1244859	7
ffu	1244866	11
ffv	1244877	4
ffw	1244881	3
ffy	1244884	4
ffz	1244888	1
fga	1244889	10
fge	1244899	4
fgo	1244903	1
fgr	1244904	2
fgu	1244906	1
fha	1244907	17
fhe	1244924	11
fhi	1244935	1
fho	1244936	6
fhu	1244942	3
fi 	1244945	68
fia	1245013	75
fib	1245088	5
fic	1245093	53
fid	1245146	36
fie	1245182	681
fif	1245863	12
fig	1245875	76
fih	1245951	2
fii	1245953	8
fij	1245961	5
fik	1245966	36
fil	1246002	172
fim	1246174	23
fin	1246197	266
fio	1246463	46
fip	1246509	5
fiq	1246514	5
fir	1246519	82
fis	1246601	88
fit	1246689	60
fiu	1246749	20
fiv	1246769	18
fix	1246787	1
fiy	1246788	18
fiz	1246806	13
fja	1246819	13
fje	1246832	7
fji	1246839	1
fjo	1246840	30
fju	1246870	1
fka	1246871	10
fke	1246881	25
fkh	1246906	1
fki	1246907	16
fko	1246923	7
fkr	1246930	1
fku	1246931	1
fl 	1246932	4
fla	1246936	311
fle	1247247	158
fli	1247405	93
flj	1247498	1
flo	1247499	364
flu	1247863	24
flw	1247887	1
fly	1247888	7
fma	1247895	7
fme	1247902	1
fmo	1247903	3
fn 	1247906	3
fna	1247909	10
fne	1247919	5
fni	1247924	17
fno	1247941	1
fo 	1247942	124
foa	1248066	5
fob	1248071	2
foc	1248073	18
fod	1248091	7
foe	1248098	6
fof	1248104	2
fog	1248106	25
foh	1248131	12
foi	1248143	16
foj	1248159	2
fok	1248161	12
fol	1248173	125
fom	1248298	8
fon	1248306	394
foo	1248700	25
fop	1248725	3
for	1248728	1580
fos	1250308	103
fot	1250411	16
fou	1250427	214
fov	1250641	13
fow	1250654	14
fox	1250668	25
foy	1250693	16
foz	1250709	12
fpa	1250721	5
fpl	1250726	1
fpo	1250727	3
fpr	1250730	1
fq 	1250731	1
fqa	1250732	1
fqi	1250733	1
fqu	1250734	2
fr 	1250736	45
fra	1250781	1090
fre	1251871	492
fri	1252363	241
fro	1252604	181
fru	1252785	60
fry	1252845	23
fs 	1252868	26
fsa	1252894	7
fsb	1252901	6
fsc	1252907	5
fse	1252912	8
fsf	1252920	1
fsg	1252921	2
fsh	1252923	20
fsi	1252943	9
fsk	1252952	1
fsm	1252953	2
fso	1252955	1
fst	1252956	40
fsv	1252996	1
fsw	1252997	3
ft 	1253000	127
fta	1253127	22
ftc	1253149	1
ftd	1253150	1
fte	1253151	50
ftg	1253201	1
fth	1253202	10
fti	1253212	14
ftk	1253226	2
ftl	1253228	16
fto	1253244	69
ftp	1253313	1
ftr	1253314	3
fts	1253317	8
ftu	1253325	4
ftv	1253329	1
ftw	1253330	1
fty	1253331	4
fu 	1253335	116
fua	1253451	4
fub	1253455	9
fuc	1253464	25
fud	1253489	13
fue	1253502	167
fuf	1253669	7
fug	1253676	58
fuh	1253734	16
fui	1253750	5
fuj	1253755	31
fuk	1253786	32
ful	1253818	100
fum	1253918	27
fun	1253945	105
fuo	1254050	4
fup	1254054	2
fuq	1254056	8
fur	1254064	152
fus	1254216	76
fut	1254292	36
fuv	1254328	4
fuw	1254332	4
fux	1254336	16
fuy	1254352	15
fuz	1254367	19
fva	1254386	1
fve	1254387	1
fvi	1254388	7
fwa	1254395	9
fwe	1254404	6
fwi	1254410	5
fwo	1254415	1
fy 	1254416	5
fya	1254421	4
fye	1254425	1
fyf	1254426	3
fyl	1254429	10
fyn	1254439	6
fyo	1254445	3
fyr	1254448	6
fyt	1254454	8
fyz	1254462	1
fz 	1254463	1
fza	1254464	3
fze	1254467	3
fzh	1254470	1
fzi	1254471	1
fzo	1254472	1
ga 	1254473	1409
gaa	1255882	45
gab	1255927	185
gac	1256112	117
gad	1256229	229
gae	1256458	14
gaf	1256472	17
gag	1256489	86
gah	1256575	213
gai	1256788	253
gaj	1257041	48
gak	1257089	36
gal	1257125	931
gam	1258056	338
gan	1258394	1870
gao	1260264	403
gap	1260667	105
gaq	1260772	5
gar	1260777	1730
gas	1262507	386
gat	1262893	422
gau	1263315	182
gav	1263497	103
gaw	1263600	104
gax	1263704	5
gay	1263709	136
gaz	1263845	122
gba	1263967	339
gbe	1264306	168
gbi	1264474	43
gbl	1264517	10
gbo	1264527	139
gbr	1264666	19
gbu	1264685	62
gbw	1264747	4
gby	1264751	21
gca	1264772	31
gce	1264803	6
gch	1264809	237
gci	1265046	12
gco	1265058	10
gcr	1265068	1
gcs	1265069	1
gcu	1265070	91
gd 	1265161	5
gda	1265166	212
gde	1265378	72
gdh	1265450	1
gdi	1265451	85
gdo	1265536	118
gdr	1265654	1
gdu	1265655	66
gdw	1265721	1
gdy	1265722	2
gdz	1265724	1
ge 	1265725	1630
gea	1267355	63
geb	1267418	69
gec	1267487	39
ged	1267526	116
gee	1267642	60
gef	1267702	25
geg	1267727	31
geh	1267758	33
gei	1267791	55
gej	1267846	6
gek	1267852	13
gel	1267865	530
gem	1268395	244
gen	1268639	2034
geo	1270673	216
gep	1270889	35
geq	1270924	1
ger	1270925	913
ges	1271838	376
get	1272214	179
geu	1272393	33
gev	1272426	88
gew	1272514	67
gex	1272581	6
gey	1272587	40
gez	1272627	35
gfa	1272662	53
gfe	1272715	81
gfi	1272796	42
gfo	1272838	34
gfr	1272872	6
gfu	1272878	32
gg 	1272910	92
gga	1273002	267
ggb	1273269	1
ggd	1273270	1
gge	1273271	191
ggi	1273462	308
ggl	1273770	13
ggn	1273783	2
ggo	1273785	105
ggr	1273890	14
ggs	1273904	18
ggt	1273922	1
ggu	1273923	277
ggw	1274200	6
ggy	1274206	5
gh 	1274211	392
gha	1274603	511
ghb	1275114	35
ghc	1275149	4
ghd	1275153	8
ghe	1275161	398
ghf	1275559	5
ghg	1275564	6
ghh	1275570	1
ghi	1275571	201
ghj	1275772	4
ghk	1275776	11
ghl	1275787	83
ghm	1275870	10
ghn	1275880	14
gho	1275894	110
ghp	1276004	7
ghr	1276011	22
ghs	1276033	11
ght	1276044	581
ghu	1276625	205
ghv	1276830	4
ghw	1276834	15
ghy	1276849	6
ghz	1276855	2
gi 	1276857	370
gia	1277227	305
gib	1277532	50
gic	1277582	23
gid	1277605	45
gie	1277650	116
gif	1277766	14
gig	1277780	39
gih	1277819	17
gii	1277836	4
gij	1277840	10
gik	1277850	13
gil	1277863	230
gim	1278093	46
gin	1278139	382
gio	1278521	440
gip	1278961	22
giq	1278983	3
gir	1278986	227
gis	1279213	121
git	1279334	50
giu	1279384	99
giv	1279483	41
giw	1279524	3
giy	1279527	27
giz	1279554	21
gj 	1279575	1
gja	1279576	36
gje	1279612	17
gji	1279629	383
gjo	1280012	10
gju	1280022	30
gk 	1280052	13
gka	1280065	172
gke	1280237	71
gkh	1280308	10
gki	1280318	38
gkl	1280356	10
gko	1280366	175
gkr	1280541	24
gku	1280565	50
gkv	1280615	1
gky	1280616	1
gl 	1280617	6
gla	1280623	375
glb	1280998	1
gld	1280999	1
gle	1281000	528
glf	1281528	2
glh	1281530	1
gli	1281531	827
glj	1282358	3
glk	1282361	1
gll	1282362	2
glm	1282364	1
glo	1282365	278
gls	1282643	2
glu	1282645	141
glw	1282786	2
gly	1282788	17
gma	1282805	86
gme	1282891	64
gmi	1282955	44
gmo	1282999	24
gmu	1283023	48
gmy	1283071	5
gn 	1283076	5
gna	1283081	880
gnd	1283961	3
gne	1283964	499
gng	1284463	2
gnh	1284465	1
gni	1284466	229
gnj	1284695	1
gnm	1284696	1
gno	1284697	320
gnt	1285017	3
gnu	1285020	8
gny	1285028	316
go 	1285344	1870
goa	1287214	89
gob	1287303	76
goc	1287379	32
god	1287411	168
goe	1287579	37
gof	1287616	17
gog	1287633	63
goh	1287696	51
goi	1287747	107
goj	1287854	22
gok	1287876	112
gol	1287988	519
gom	1288507	208
gon	1288715	777
goo	1289492	98
gop	1289590	36
goq	1289626	1
gor	1289627	1000
gos	1290627	389
got	1291016	164
gou	1291180	720
gov	1291900	117
gow	1292017	89
gox	1292106	2
goy	1292108	54
goz	1292162	142
gp 	1292304	1
gpa	1292305	48
gpe	1292353	20
gph	1292373	1
gpi	1292374	104
gpo	1292478	31
gpr	1292509	3
gpu	1292512	62
gpy	1292574	4
gqa	1292578	2
gqe	1292580	2
gqi	1292582	167
gqu	1292749	54
gr 	1292803	1
gra	1292804	1697
grb	1294501	2
grc	1294503	1
grd	1294504	1
gre	1294505	1105
grg	1295610	1
grh	1295611	1
gri	1295612	332
grl	1295944	1
grn	1295945	2
gro	1295947	847
grs	1296794	1
gru	1296795	180
gry	1296975	23
grz	1296998	12
gs 	1297010	312
gsa	1297322	156
gsb	1297478	42
gsc	1297520	24
gsd	1297544	24
gse	1297568	43
gsf	1297611	18
gsg	1297629	5
gsh	1297634	476
gsi	1298110	51
gsj	1298161	4
gsk	1298165	6
gsl	1298171	17
gsm	1298188	4
gso	1298192	31
gsp	1298223	3
gsr	1298226	4
gss	1298230	2
gst	1298232	190
gsu	1298422	31
gsv	1298453	23
gsw	1298476	18
gsz	1298494	2
gt 	1298496	16
gta	1298512	195
gtd	1298707	1
gte	1298708	37
gth	1298745	11
gti	1298756	69
gtl	1298825	5
gto	1298830	666
gtr	1299496	4
gts	1299500	7
gtu	1299507	46
gtv	1299553	1
gtw	1299554	3
gty	1299557	5
gu 	1299562	248
gua	1299810	1803
gub	1301613	46
guc	1301659	43
gud	1301702	119
gue	1301821	1345
guf	1303166	4
gug	1303170	40
guh	1303210	57
gui	1303267	761
guj	1304028	26
guk	1304054	10
gul	1304064	247
gum	1304311	106
gun	1304417	663
guo	1305080	85
gup	1305165	30
guq	1305195	4
gur	1305199	382
gus	1305581	272
gut	1305853	141
guu	1305994	2
guv	1305996	13
guw	1306009	13
gux	1306022	12
guy	1306034	54
guz	1306088	78
gv 	1306166	1
gva	1306167	25
gve	1306192	7
gvi	1306199	31
gvl	1306230	2
gvo	1306232	2
gwa	1306234	160
gwe	1306394	68
gwi	1306462	37
gwm	1306499	3
gwo	1306502	59
gwr	1306561	4
gwu	1306565	32
gwy	1306597	8
gxa	1306605	2
gxi	1306607	284
gxo	1306891	2
gxu	1306893	9
gy 	1306902	97
gya	1306999	161
gyb	1307160	6
gyc	1307166	2
gyd	1307168	4
gye	1307172	49
gyf	1307221	3
gyh	1307224	14
gyi	1307238	111
gyk	1307349	7
gyl	1307356	12
gym	1307368	7
gyn	1307375	9
gyo	1307384	50
gyp	1307434	5
gyr	1307439	13
gys	1307452	2
gyt	1307454	5
gyu	1307459	125
gyv	1307584	5
gyz	1307589	7
gza	1307596	8
gzd	1307604	1
gze	1307605	6
gzh	1307611	228
gzi	1307839	77
gzo	1307916	5
gzu	1307921	9
gzy	1307930	1
ha 	1307931	1390
haa	1309321	79
hab	1309400	297
hac	1309697	378
had	1310075	352
hae	1310427	92
haf	1310519	83
hag	1310602	331
hah	1310933	437
hai	1311370	714
haj	1312084	128
hak	1312212	283
hal	1312495	1288
ham	1313783	1650
han	1315433	3483
hao	1318916	288
hap	1319204	378
haq	1319582	43
har	1319625	2077
has	1321702	473
hat	1322175	729
hau	1322904	956
hav	1323860	318
haw	1324178	198
hax	1324376	21
hay	1324397	395
haz	1324792	147
hb 	1324939	1
hba	1324940	84
hbe	1325024	60
hbi	1325084	4
hbl	1325088	2
hbo	1325090	28
hbr	1325118	25
hbu	1325143	56
hby	1325199	26
hca	1325225	15
hce	1325240	22
hch	1325262	266
hci	1325528	2
hcl	1325530	4
hco	1325534	22
hcr	1325556	4
hcu	1325560	2
hd 	1325562	4
hda	1325566	70
hde	1325636	24
hdh	1325660	2
hdi	1325662	21
hdo	1325683	49
hdr	1325732	4
hdu	1325736	9
hdv	1325745	1
hdw	1325746	1
hdy	1325747	3
hdz	1325750	5
he 	1325755	1518
hea	1327273	286
heb	1327559	107
hec	1327666	101
hed	1327767	151
hee	1327918	126
hef	1328044	58
heg	1328102	97
heh	1328199	61
hei	1328260	1715
hej	1329975	28
hek	1330003	106
hel	1330109	769
hem	1330878	262
hen	1331140	2397
heo	1333537	73
hep	1333610	103
heq	1333713	17
her	1333730	1642
hes	1335372	520
het	1335892	266
heu	1336158	123
hev	1336281	260
hew	1336541	35
hex	1336576	30
hey	1336606	114
hez	1336720	96
hf 	1336816	3
hfa	1336819	3
hfe	1336822	24
hfi	1336846	74
hfl	1336920	2
hfo	1336922	21
hfr	1336943	2
hfu	1336945	2
hg 	1336947	1
hga	1336948	41
hge	1336989	8
hgh	1336997	1
hgi	1336998	5
hgl	1337003	3
hgo	1337006	7
hgr	1337013	6
hgu	1337019	4
hha	1337023	73
hhe	1337096	42
hhi	1337138	12
hhl	1337150	2
hhm	1337152	1
hhn	1337153	3
hho	1337156	42
hhr	1337198	4
hhu	1337202	8
hhw	1337210	1
hi 	1337211	1254
hia	1338465	372
hib	1338837	130
hic	1338967	359
hid	1339326	269
hie	1339595	311
hif	1339906	33
hig	1339939	357
hih	1340296	79
hii	1340375	26
hij	1340401	70
hik	1340471	178
hil	1340649	1451
him	1342100	364
hin	1342464	1002
hio	1343466	186
hip	1343652	186
hiq	1343838	94
hir	1343932	502
his	1344434	289
hit	1344723	539
hiu	1345262	52
hiv	1345314	212
hiw	1345526	32
hix	1345558	36
hiy	1345594	97
hiz	1345691	73
hja	1345764	27
hje	1345791	4
hji	1345795	2
hjo	1345797	13
hju	1345810	1
hk 	1345811	24
hka	1345835	99
hkd	1345934	1
hke	1345935	23
hkh	1345958	13
hki	1345971	92
hkl	1346063	3
hko	1346066	67
hkr	1346133	3
hks	1346136	1
hku	1346137	21
hkv	1346158	1
hkw	1346159	1
hky	1346160	36
hl 	1346196	91
hla	1346287	286
hlb	1346573	27
hld	1346600	16
hle	1346616	236
hlf	1346852	3
hlg	1346855	6
hlh	1346861	17
hli	1346878	153
hlj	1347031	1
hlk	1347032	18
hlm	1347050	4
hlo	1347054	88
hlp	1347142	1
hlr	1347143	1
hls	1347144	19
hlt	1347163	3
hlu	1347166	56
hlv	1347222	2
hlw	1347224	7
hly	1347231	33
hm 	1347264	12
hma	1347276	154
hmb	1347430	1
hmd	1347431	1
hme	1347432	82
hmf	1347514	1
hmi	1347515	55
hmk	1347570	2
hmo	1347572	105
hmr	1347677	1
hms	1347678	4
hmt	1347682	3
hmu	1347685	41
hmy	1347726	4
hn 	1347730	72
hna	1347802	129
hnb	1347931	5
hnd	1347936	15
hne	1347951	175
hng	1348126	4
hnh	1348130	13
hni	1348143	179
hnj	1348322	4
hnl	1348326	7
hno	1348333	96
hns	1348429	75
hnt	1348504	1
hnu	1348505	15
hnv	1348520	1
hnw	1348521	3
hny	1348524	117
ho 	1348641	687
hoa	1349328	99
hob	1349427	69
hoc	1349496	152
hod	1349648	136
hoe	1349784	141
hof	1349925	323
hog	1350248	73
hoh	1350321	140
hoi	1350461	63
hoj	1350524	39
hok	1350563	94
hol	1350657	730
hom	1351387	321
hon	1351708	1073
hoo	1352781	139
hop	1352920	208
hoq	1353128	6
hor	1353134	1363
hos	1354497	263
hot	1354760	208
hou	1354968	835
hov	1355803	354
how	1356157	181
hox	1356338	7
hoy	1356345	87
hoz	1356432	39
hpa	1356471	31
hpe	1356502	15
hpf	1356517	1
hpi	1356518	3
hpl	1356521	1
hpo	1356522	30
hpr	1356552	1
hpu	1356553	64
hpy	1356617	7
hqa	1356624	1
hqo	1356625	3
hqu	1356628	4
hr 	1356632	157
hra	1356789	349
hrb	1357138	28
hrd	1357166	23
hre	1357189	184
hrh	1357373	5
hri	1357378	234
hrk	1357612	1
hrl	1357613	2
hrm	1357615	2
hrn	1357617	13
hro	1357630	112
hrp	1357742	1
hrs	1357743	13
hrt	1357756	2
hru	1357758	67
hrv	1357825	5
hrw	1357830	7
hry	1357837	48
hrz	1357885	6
hs 	1357891	31
hsa	1357922	29
hsb	1357951	9
hsc	1357960	9
hsd	1357969	7
hse	1357976	45
hsf	1358021	1
hsg	1358022	2
hsh	1358024	26
hsi	1358050	29
hsk	1358079	33
hsl	1358112	4
hsm	1358116	2
hso	1358118	4
hsp	1358122	2
hsr	1358124	3
hss	1358127	2
hst	1358129	58
hsu	1358187	7
hsv	1358194	3
hsw	1358197	8
hsy	1358205	1
ht 	1358206	216
hta	1358422	136
htb	1358558	3
htc	1358561	2
htd	1358563	1
hte	1358564	206
htg	1358770	1
hth	1358771	10
hti	1358781	102
htk	1358883	1
htl	1358884	7
htm	1358891	7
htn	1358898	3
hto	1358901	170
htp	1359071	1
htq	1359072	1
htr	1359073	10
hts	1359083	417
htu	1359500	14
htv	1359514	1
htw	1359515	11
hty	1359526	26
htz	1359552	3
hu 	1359555	458
hua	1360013	1946
hub	1361959	85
huc	1362044	114
hud	1362158	106
hue	1362264	283
huf	1362547	22
hug	1362569	78
huh	1362647	30
hui	1362677	669
huj	1363346	49
huk	1363395	94
hul	1363489	253
hum	1363742	279
hun	1364021	461
huo	1364482	99
hup	1364581	70
huq	1364651	23
hur	1364674	533
hus	1365207	179
hut	1365386	184
huu	1365570	10
huv	1365580	29
huw	1365609	14
hux	1365623	19
huy	1365642	86
huz	1365728	39
hv 	1365767	1
hva	1365768	59
hve	1365827	7
hvi	1365834	68
hvo	1365902	18
hvu	1365920	2
hvy	1365922	2
hwa	1365924	241
hwe	1366165	158
hwi	1366323	88
hwo	1366411	67
hwu	1366478	4
hwy	1366482	2
hy 	1366484	157
hya	1366641	46
hyb	1366687	10
hyc	1366697	5
hyd	1366702	28
hye	1366730	13
hyg	1366743	1
hyh	1366744	3
hyi	1366747	9
hyk	1366756	24
hyl	1366780	24
hym	1366804	17
hyn	1366821	139
hyo	1366960	11
hyp	1366971	2
hyq	1366973	1
hyr	1366974	45
hys	1367019	33
hyt	1367052	28
hyu	1367080	4
hyv	1367084	3
hyy	1367087	4
hyz	1367091	8
hza	1367099	12
hze	1367111	5
hzh	1367116	12
hzi	1367128	1
ia 	1367129	5168
iaa	1372297	6
iab	1372303	125
iac	1372428	299
iad	1372727	141
iae	1372868	7
iaf	1372875	20
iag	1372895	418
iah	1373313	100
iai	1373413	60
iaj	1373473	35
iak	1373508	98
ial	1373606	326
iam	1373932	246
ian	1374178	3857
iao	1378035	943
iap	1378978	139
iaq	1379117	27
iar	1379144	293
ias	1379437	458
iat	1379895	248
iau	1380143	107
iav	1380250	67
iaw	1380317	69
iax	1380386	23
iay	1380409	66
iaz	1380475	170
ib 	1380645	57
iba	1380702	656
ibb	1381358	45
ibc	1381403	5
ibd	1381408	2
ibe	1381410	484
ibf	1381894	1
ibg	1381895	6
ibh	1381901	3
ibi	1381904	246
ibj	1382150	2
ibk	1382152	2
ibl	1382154	53
ibm	1382207	1
ibn	1382208	17
ibo	1382225	237
ibp	1382462	1
ibr	1382463	106
ibs	1382569	26
ibt	1382595	3
ibu	1382598	162
ibv	1382760	1
ibw	1382761	6
iby	1382767	21
ibz	1382788	1
ic 	1382789	368
ica	1383157	1365
icb	1384522	3
icc	1384525	81
icd	1384606	1
ice	1384607	2018
icf	1386625	1
icg	1386626	1
ich	1386627	1628
ici	1388255	345
icj	1388600	1
ick	1388601	495
icl	1389096	36
icm	1389132	9
icn	1389141	13
ico	1389154	831
icp	1389985	5
icq	1389990	17
icr	1390007	3
ics	1390010	15
ict	1390025	229
icu	1390254	208
icv	1390462	3
icx	1390465	3
icy	1390468	16
icz	1390484	36
id 	1390520	360
ida	1390880	847
idb	1391727	11
idc	1391738	6
idd	1391744	175
ide	1391919	714
idf	1392633	7
idg	1392640	485
idh	1393125	58
idi	1393183	356
idj	1393539	15
idk	1393554	22
idl	1393576	72
idm	1393648	14
idn	1393662	31
ido	1393693	556
idp	1394249	15
idq	1394264	1
idr	1394265	201
ids	1394466	70
idt	1394536	11
idu	1394547	135
idv	1394682	13
idw	1394695	42
idy	1394737	25
idz	1394762	34
ie 	1394796	1179
iea	1395975	5
ieb	1395980	148
iec	1396128	208
ied	1396336	640
iee	1396976	1
ief	1396977	63
ieg	1397040	207
ieh	1397247	40
iei	1397287	65
iej	1397352	173
iek	1397525	98
iel	1397623	1127
iem	1398750	192
ien	1398942	1128
ieo	1400070	9
iep	1400079	66
ieq	1400145	9
ier	1400154	1964
ies	1402118	738
iet	1402856	465
ieu	1403321	403
iev	1403724	138
iew	1403862	310
iex	1404172	9
iey	1404181	9
iez	1404190	86
if 	1404276	63
ifa	1404339	120
ifc	1404459	1
ifd	1404460	1
ife	1404461	93
iff	1404554	141
ifg	1404695	1
ifh	1404696	2
ifi	1404698	55
ifj	1404753	1
ifk	1404754	3
ifl	1404757	42
ifn	1404799	6
ifo	1404805	53
ifr	1404858	11
ifs	1404869	3
ift	1404872	82
ifu	1404954	36
ifv	1404990	1
ifw	1404991	1
ify	1404992	3
ig 	1404995	252
iga	1405247	539
igb	1405786	61
igc	1405847	5
igd	1405852	15
ige	1405867	257
igf	1406124	1
igg	1406125	70
igh	1406195	825
igi	1407020	161
igj	1407181	1
igk	1407182	9
igl	1407191	242
igm	1407433	18
ign	1407451	1014
igo	1408465	316
igp	1408781	5
igr	1408786	90
igs	1408876	73
igt	1408949	21
igu	1408970	849
igv	1409819	6
igw	1409825	8
igy	1409833	12
igz	1409845	1
ih 	1409846	106
iha	1409952	243
ihb	1410195	1
ihd	1410196	1
ihe	1410197	135
ihi	1410332	63
ihk	1410395	1
ihl	1410396	22
ihm	1410418	3
ihn	1410421	4
iho	1410425	67
ihp	1410492	2
ihr	1410494	20
ihs	1410514	9
iht	1410523	7
ihu	1410530	189
ihw	1410719	2
ihy	1410721	6
ii 	1410727	343
iia	1411070	25
iib	1411095	1
iic	1411096	2
iid	1411098	8
iie	1411106	8
iig	1411114	3
iih	1411117	5
iii	1411122	15
iij	1411137	2
iik	1411139	23
iil	1411162	16
iim	1411178	12
iin	1411190	18
iio	1411208	1
iip	1411209	4
iir	1411213	4
iis	1411217	43
iit	1411260	21
iiu	1411281	1
iiv	1411282	50
iiy	1411332	2
iiz	1411334	3
ij 	1411337	30
ija	1411367	213
ijb	1411580	3
ijc	1411583	6
ijd	1411589	14
ije	1411603	91
ijf	1411694	2
ijg	1411696	2
ijh	1411698	5
iji	1411703	236
ijj	1411939	1
ijk	1411940	114
ijl	1412054	17
ijm	1412071	4
ijn	1412075	36
ijo	1412111	75
ijp	1412186	9
ijr	1412195	3
ijs	1412198	27
ijt	1412225	8
iju	1412233	35
ijv	1412268	7
ijz	1412275	9
ik 	1412284	631
ika	1412915	425
ikb	1413340	8
ikc	1413348	11
ikd	1413359	8
ike	1413367	181
ikf	1413548	1
ikg	1413549	6
ikh	1413555	163
iki	1413718	274
ikj	1413992	2
ikk	1413994	79
ikl	1414073	69
ikm	1414142	10
ikn	1414152	5
iko	1414157	552
ikp	1414709	15
ikr	1414724	186
iks	1414910	40
ikt	1414950	19
iku	1414969	130
ikv	1415099	2
ikw	1415101	10
ikx	1415111	1
iky	1415112	28
ikz	1415140	2
il 	1415142	1064
ila	1416206	1305
ilb	1417511	119
ilc	1417630	201
ild	1417831	231
ile	1418062	806
ilf	1418868	70
ilg	1418938	41
ilh	1418979	136
ili	1419115	1064
ilj	1420179	36
ilk	1420215	96
ill	1420311	8095
ilm	1428406	84
iln	1428490	44
ilo	1428534	530
ilp	1429064	114
ilq	1429178	10
ilr	1429188	10
ils	1429198	205
ilt	1429403	227
ilu	1429630	118
ilv	1429748	144
ilw	1429892	39
ilx	1429931	1
ily	1429932	71
ilz	1430003	31
im 	1430034	1441
ima	1431475	937
imb	1432412	370
imc	1432782	11
imd	1432793	10
ime	1432803	437
imf	1433240	7
img	1433247	6
imh	1433253	9
imi	1433262	384
imj	1433646	4
imk	1433650	20
iml	1433670	35
imm	1433705	111
imn	1433816	32
imo	1433848	528
imp	1434376	188
imr	1434564	22
ims	1434586	72
imt	1434658	6
imu	1434664	176
imv	1434840	3
imw	1434843	3
imy	1434846	4
imz	1434850	3
in 	1434853	4308
ina	1439161	2647
inb	1441808	168
inc	1441976	851
ind	1442827	1141
ine	1443968	1832
inf	1445800	167
ing	1445967	6791
inh	1452758	554
ini	1453312	817
inj	1454129	213
ink	1454342	317
inl	1454659	125
inm	1454784	57
inn	1454841	387
ino	1455228	1821
inp	1457049	49
inq	1457098	65
inr	1457163	40
ins	1457203	1056
int	1458259	3870
inu	1462129	103
inv	1462232	151
inw	1462383	53
inx	1462436	66
iny	1462502	159
inz	1462661	210
io 	1462871	2778
ioa	1465649	63
iob	1465712	31
ioc	1465743	60
iod	1465803	15
ioe	1465818	4
iof	1465822	16
iog	1465838	46
ioh	1465884	8
ioi	1465892	34
ioj	1465926	22
iok	1465948	58
iol	1466006	174
iom	1466180	39
ion	1466219	1671
ioo	1467890	1
iop	1467891	24
ioq	1467915	3
ior	1467918	319
ios	1468237	228
iot	1468465	71
iou	1468536	113
iov	1468649	98
iow	1468747	36
iox	1468783	1
ioy	1468784	2
ioz	1468786	23
ip 	1468809	117
ipa	1468926	449
ipb	1469375	3
ipc	1469378	7
ipd	1469385	2
ipe	1469387	239
ipf	1469626	3
iph	1469629	17
ipi	1469646	261
ipk	1469907	14
ipl	1469921	51
ipm	1469972	3
ipn	1469975	24
ipo	1469999	191
ipp	1470190	173
ipr	1470363	52
ips	1470415	60
ipt	1470475	34
ipu	1470509	204
ipy	1470713	3
ipz	1470716	1
iq 	1470717	40
iqa	1470757	10
iqc	1470767	1
iqd	1470768	2
iqe	1470770	2
iqi	1470772	99
iql	1470871	3
iqm	1470874	1
iqo	1470875	1
iqq	1470876	2
iqr	1470878	1
iqs	1470879	2
iqu	1470881	288
iqv	1471169	1
iqy	1471170	1
ir 	1471171	750
ira	1471921	1600
irb	1473521	59
irc	1473580	419
ird	1473999	56
ire	1474055	673
irf	1474728	57
irg	1474785	118
irh	1474903	32
iri	1474935	740
irj	1475675	12
irk	1475687	217
irl	1475904	91
irm	1475995	111
irn	1476106	119
iro	1476225	675
irp	1476900	68
irq	1476968	6
irr	1476974	72
irs	1477046	145
irt	1477191	98
iru	1477289	190
irv	1477479	72
irw	1477551	29
irx	1477580	3
iry	1477583	76
irz	1477659	21
is 	1477680	2045
isa	1479725	613
isb	1480338	135
isc	1480473	763
isd	1481236	39
ise	1481275	536
isf	1481811	23
isg	1481834	15
ish	1481849	875
isi	1482724	524
isj	1483248	4
isk	1483252	230
isl	1483482	431
ism	1483913	81
isn	1483994	102
iso	1484096	503
isp	1484599	86
isq	1484685	19
isr	1484704	22
iss	1484726	670
ist	1485396	1396
isu	1486792	103
isv	1486895	53
isw	1486948	60
isy	1487008	52
isz	1487060	82
it 	1487142	548
ita	1487690	1689
itb	1489379	28
itc	1489407	73
itd	1489480	6
ite	1489486	648
itf	1490134	7
itg	1490141	9
ith	1490150	248
iti	1490398	443
itj	1490841	5
itk	1490846	29
itl	1490875	386
itm	1491261	19
itn	1491280	39
ito	1491319	984
itp	1492303	11
itq	1492314	1
itr	1492315	195
its	1492510	285
itt	1492795	575
itu	1493370	244
itv	1493614	14
itw	1493628	15
itx	1493643	3
ity	1493646	724
itz	1494370	568
iu 	1494938	348
iua	1495286	13
iub	1495299	42
iuc	1495341	41
iud	1495382	139
iue	1495521	1
iuf	1495522	13
iug	1495535	35
iuh	1495570	29
iui	1495599	5
iuj	1495604	43
iuk	1495647	25
iul	1495672	106
ium	1495778	61
iun	1495839	84
iuo	1495923	3
iup	1495926	26
iuq	1495952	8
iur	1495960	59
ius	1496019	131
iut	1496150	56
iuv	1496206	7
iuw	1496213	8
iux	1496221	19
iuy	1496240	9
iuz	1496249	26
iv 	1496275	265
iva	1496540	529
ivc	1497069	5
ivd	1497074	8
ive	1497082	635
ivg	1497717	1
ivh	1497718	1
ivi	1497719	378
ivj	1498097	1
ivk	1498098	1100
ivl	1499198	7
ivn	1499205	40
ivo	1499245	142
ivp	1499387	3
ivr	1499390	58
ivs	1499448	97
ivt	1499545	131
ivu	1499676	12
ivy	1499688	21
iw 	1499709	9
iwa	1499718	173
iwb	1499891	1
iwe	1499892	34
iwh	1499926	1
iwi	1499927	30
iwk	1499957	1
iwn	1499958	3
iwo	1499961	17
iwu	1499978	36
iwy	1500014	1
ix 	1500015	220
ixa	1500235	45
ixb	1500280	6
ixc	1500286	66
ixd	1500352	3
ixe	1500355	46
ixf	1500401	1
ixh	1500402	22
ixi	1500424	192
ixk	1500616	3
ixl	1500619	5
ixm	1500624	11
ixn	1500635	2
ixo	1500637	56
ixp	1500693	12
ixq	1500705	11
ixs	1500716	2
ixt	1500718	182
ixu	1500900	9
ixv	1500909	1
ixw	1500910	4
iy 	1500914	452
iya	1501366	658
iye	1502024	187
iyi	1502211	101
iyk	1502312	2
iyl	1502314	1
iyn	1502315	12
iyo	1502327	47
iys	1502374	18
iyt	1502392	6
iyu	1502398	131
iyv	1502529	1
iyw	1502530	1
iyy	1502531	26
iz 	1502557	176
iza	1502733	382
izb	1503115	19
izc	1503134	14
izd	1503148	17
ize	1503165	182
izg	1503347	6
izh	1503353	258
izi	1503611	200
izj	1503811	4
izk	1503815	19
izl	1503834	16
izm	1503850	13
izn	1503863	32
izo	1503895	119
izp	1504014	6
izq	1504020	3
izr	1504023	16
izs	1504039	7
izt	1504046	15
izu	1504061	71
izv	1504132	43
izw	1504175	1
izy	1504176	21
izz	1504197	104
ja 	1504301	662
jaa	1504963	15
jab	1504978	114
jac	1505092	226
jad	1505318	99
jae	1505417	22
jaf	1505439	18
jag	1505457	112
jah	1505569	90
jai	1505659	55
jaj	1505714	24
jak	1505738	99
jal	1505837	305
jam	1506142	268
jan	1506410	859
jao	1507269	15
jap	1507284	56
jaq	1507340	8
jar	1507348	812
jas	1508160	226
jat	1508386	121
jau	1508507	60
jav	1508567	79
jaw	1508646	63
jax	1508709	2
jay	1508711	126
jaz	1508837	23
jba	1508860	10
jbe	1508870	2
jbi	1508872	1
jbj	1508873	1
jbo	1508874	2
jby	1508876	6
jc 	1508882	6
jca	1508888	8
jce	1508896	8
jch	1508904	3
jci	1508907	15
jck	1508922	4
jco	1508926	2
jcs	1508928	1
jcz	1508929	3
jd 	1508932	6
jda	1508938	13
jde	1508951	17
jdi	1508968	11
jdo	1508979	4
jdr	1508983	1
jdu	1508984	14
je 	1508998	363
jea	1509361	116
jeb	1509477	31
jec	1509508	34
jed	1509542	55
jee	1509597	3
jef	1509600	38
jeg	1509638	16
jeh	1509654	21
jei	1509675	15
jej	1509690	8
jek	1509698	19
jel	1509717	93
jem	1509810	42
jen	1509852	154
jeo	1510006	16
jep	1510022	19
jeq	1510041	10
jer	1510051	275
jes	1510326	182
jet	1510508	49
jeu	1510557	17
jev	1510574	66
jew	1510640	20
jey	1510660	7
jez	1510667	47
jf 	1510714	1
jfa	1510715	7
jfe	1510722	1
jfh	1510723	1
jga	1510724	15
jge	1510739	1
jgh	1510740	2
jgi	1510742	3
jgr	1510745	1
jgu	1510746	3
jh 	1510749	1
jha	1510750	41
jhe	1510791	9
jhg	1510800	1
jhi	1510801	10
jho	1510811	6
jhr	1510817	2
jhu	1510819	8
ji 	1510827	420
jia	1511247	1188
jib	1512435	29
jic	1512464	78
jid	1512542	209
jie	1512751	197
jif	1512948	6
jig	1512954	26
jih	1512980	18
jii	1512998	2
jij	1513000	15
jik	1513015	21
jil	1513036	112
jim	1513148	100
jin	1513248	552
jio	1513800	17
jip	1513817	9
jiq	1513826	21
jir	1513847	65
jis	1513912	31
jit	1513943	56
jiu	1513999	111
jiv	1514110	7
jiw	1514117	14
jix	1514131	9
jiy	1514140	13
jiz	1514153	17
jj 	1514170	1
jja	1514171	14
jji	1514185	17
jju	1514202	4
jk 	1514206	96
jka	1514302	5
jkd	1514307	1
jke	1514308	16
jkh	1514324	2
jki	1514326	3
jkk	1514329	1
jko	1514330	22
jks	1514352	1
jl 	1514353	5
jla	1514358	6
jle	1514364	6
jli	1514370	2
jlo	1514372	9
jlp	1514381	1
jlr	1514382	1
jls	1514383	1
jlu	1514384	2
jm 	1514386	2
jma	1514388	10
jme	1514398	8
jmi	1514406	5
jmo	1514411	1
jmu	1514412	1
jmy	1514413	1
jn 	1514414	14
jna	1514428	22
jnc	1514450	1
jnd	1514451	5
jne	1514456	11
jng	1514467	1
jnh	1514468	1
jni	1514469	26
jnj	1514495	2
jno	1514497	16
jns	1514513	8
jnu	1514521	2
jny	1514523	2
jo 	1514525	826
joa	1515351	170
job	1515521	30
joc	1515551	51
jod	1515602	18
joe	1515620	16
jof	1515636	8
jog	1515644	19
joh	1515663	111
joi	1515774	27
joj	1515801	12
jok	1515813	60
jol	1515873	100
jom	1515973	37
jon	1516010	242
joo	1516252	7
jop	1516259	13
joq	1516272	3
jor	1516275	195
jos	1516470	875
jot	1517345	15
jou	1517360	84
jov	1517444	56
jow	1517500	28
joy	1517528	58
joz	1517586	12
jp 	1517598	2
jpa	1517600	2
jpe	1517602	8
jpi	1517610	1
jpl	1517611	1
jpo	1517612	2
jpr	1517614	2
jps	1517616	2
jpu	1517618	17
jpw	1517635	1
jqu	1517636	1
jra	1517637	30
jre	1517667	4
jri	1517671	4
jru	1517675	2
jrv	1517677	1
jrz	1517678	1
js 	1517679	6
jsa	1517685	2
jsb	1517687	1
jsc	1517688	5
jsd	1517693	1
jse	1517694	5
jsh	1517699	2
jsi	1517701	3
jsk	1517704	31
jsl	1517735	3
jso	1517738	3
jsp	1517741	1
jss	1517742	8
jst	1517750	5
jsw	1517755	3
jsz	1517758	11
jt 	1517769	4
jta	1517773	2
jte	1517775	5
jth	1517780	1
jti	1517781	4
jtm	1517785	1
jto	1517786	1
jts	1517787	2
jtu	1517789	1
ju 	1517790	131
jua	1517921	675
jub	1518596	52
juc	1518648	62
jud	1518710	37
jue	1518747	39
jug	1518786	31
juh	1518817	8
jui	1518825	28
juj	1518853	9
juk	1518862	15
jul	1518877	142
jum	1519019	37
jun	1519056	325
juo	1519381	2
jup	1519383	20
juq	1519403	7
jur	1519410	123
jus	1519533	76
jut	1519609	35
juu	1519644	5
juv	1519649	19
juw	1519668	8
jux	1519676	7
juy	1519683	8
juz	1519691	9
jva	1519700	8
jve	1519708	7
jvi	1519715	1
jvo	1519716	2
jwa	1519718	5
jwe	1519723	3
jy 	1519726	1
jya	1519727	2
jyd	1519729	2
jye	1519731	1
jyl	1519732	1
jys	1519733	1
jyv	1519734	1
jyy	1519735	1
jz 	1519736	1
jza	1519737	2
jze	1519739	9
ka 	1519748	3379
kaa	1523127	34
kab	1523161	173
kac	1523334	72
kad	1523406	266
kae	1523672	50
kaf	1523722	86
kag	1523808	58
kah	1523866	273
kai	1524139	207
kaj	1524346	86
kak	1524432	148
kal	1524580	972
kam	1525552	882
kan	1526434	1078
kao	1527512	35
kap	1527547	224
kaq	1527771	1
kar	1527772	1371
kas	1529143	434
kat	1529577	433
kau	1530010	144
kav	1530154	138
kaw	1530292	205
kax	1530497	5
kay	1530502	413
kaz	1530915	93
kba	1531008	40
kbe	1531048	18
kbi	1531066	3
kbo	1531069	15
kbr	1531084	11
kbu	1531095	36
kby	1531131	12
kc 	1531143	1
kca	1531144	40
kce	1531184	31
kch	1531215	21
kci	1531236	20
kcl	1531256	2
kco	1531258	2
kcr	1531260	1
kcs	1531261	3
kcu	1531264	7
kcy	1531271	2
kda	1531273	52
kde	1531325	24
kdi	1531349	7
kdo	1531356	10
kdr	1531366	1
kdu	1531367	9
kdw	1531376	1
kdy	1531377	1
kdz	1531378	1
ke 	1531379	1433
kea	1532812	44
keb	1532856	118
kec	1532974	20
ked	1532994	124
kee	1533118	66
kef	1533184	43
keg	1533227	25
keh	1533252	41
kei	1533293	49
kej	1533342	5
kek	1533347	43
kel	1533390	381
kem	1533771	220
ken	1533991	902
keo	1534893	15
kep	1534908	48
keq	1534956	3
ker	1534959	724
kes	1535683	312
ket	1535995	218
keu	1536213	23
kev	1536236	64
kew	1536300	40
kex	1536340	2
key	1536342	80
kez	1536422	15
kfa	1536437	39
kfe	1536476	8
kfi	1536484	30
kfj	1536514	1
kfl	1536515	1
kfo	1536516	36
kfu	1536552	3
kg 	1536555	1
kga	1536556	12
kge	1536568	9
kgh	1536577	1
kgl	1536578	1
kgo	1536579	12
kgr	1536591	3
kgu	1536594	3
kgw	1536597	2
kgy	1536599	3
kh 	1536602	126
kha	1536728	906
khb	1537634	2
khc	1537636	7
khd	1537643	4
khe	1537647	185
khf	1537832	1
khg	1537833	2
khi	1537835	182
khj	1538017	1
khk	1538018	5
khl	1538023	62
khm	1538085	25
khn	1538110	104
kho	1538214	442
khp	1538656	10
khr	1538666	54
khs	1538720	12
kht	1538732	71
khu	1538803	184
khv	1538987	26
khw	1539013	17
khy	1539030	23
ki 	1539053	953
kia	1540006	88
kib	1540094	41
kic	1540135	35
kid	1540170	93
kie	1540263	212
kif	1540475	12
kig	1540487	15
kih	1540502	24
kii	1540526	14
kij	1540540	22
kik	1540562	44
kil	1540606	312
kim	1540918	103
kin	1541021	743
kio	1541764	31
kip	1541795	52
kiq	1541847	1
kir	1541848	644
kis	1542492	195
kit	1542687	190
kiu	1542877	14
kiv	1542891	207
kiw	1543098	12
kix	1543110	1
kiy	1543111	427
kiz	1543538	83
kja	1543621	8
kje	1543629	12
kji	1543641	1
kjo	1543642	6
kju	1543648	2
kk 	1543650	2
kka	1543652	199
kke	1543851	50
kkh	1543901	4
kki	1543905	49
kkl	1543954	4
kkm	1543958	1
kko	1543959	70
kkr	1544029	5
kks	1544034	2
kku	1544036	74
kky	1544110	5
kl 	1544115	5
kla	1544120	260
klb	1544380	1
kle	1544381	320
kli	1544701	267
klj	1544968	5
klk	1544973	1
klm	1544974	1
klo	1544975	131
klu	1545106	57
klw	1545163	1
kly	1545164	52
km 	1545216	2
kma	1545218	55
kme	1545273	30
kmi	1545303	6
kmo	1545309	16
kmu	1545325	14
kn 	1545339	2
kna	1545341	38
kne	1545379	69
kng	1545448	1
kni	1545449	45
knj	1545494	1
kno	1545495	64
knu	1545559	7
kny	1545566	16
ko 	1545582	480
koa	1546062	36
kob	1546098	124
koc	1546222	101
kod	1546323	112
koe	1546435	25
kof	1546460	70
kog	1546530	64
koh	1546594	51
koi	1546645	48
koj	1546693	15
kok	1546708	175
kol	1546883	543
kom	1547426	242
kon	1547668	681
koo	1548349	58
kop	1548407	225
kor	1548632	524
kos	1549156	374
kot	1549530	357
kou	1549887	854
kov	1550741	736
kow	1551477	311
kox	1551788	1
koy	1551789	598
koz	1552387	126
kpa	1552513	71
kpd	1552584	1
kpe	1552585	25
kph	1552610	2
kpi	1552612	19
kpl	1552631	3
kpo	1552634	64
kpr	1552698	5
kpu	1552703	20
kpy	1552723	2
kr 	1552725	6
kra	1552731	800
krb	1553531	1
krc	1553532	5
krd	1553537	1
kre	1553538	293
krh	1553831	2
kri	1553833	167
krk	1554000	5
krl	1554005	1
krm	1554006	2
krn	1554008	3
kro	1554011	871
krr	1554882	1
krs	1554883	6
krt	1554889	3
kru	1554892	135
krw	1555027	1
kry	1555028	78
krz	1555106	55
ks 	1555161	140
ksa	1555301	161
ksb	1555462	32
ksc	1555494	5
ksd	1555499	11
kse	1555510	53
ksf	1555563	6
ksg	1555569	1
ksh	1555570	44
ksi	1555614	70
ksj	1555684	1
ksk	1555685	18
ksl	1555703	2
ksm	1555705	7
ksn	1555712	5
kso	1555717	76
ksp	1555793	9
ksr	1555802	2
kss	1555804	1
kst	1555805	71
ksu	1555876	36
ksv	1555912	37
ksw	1555949	5
ksy	1555954	9
ksz	1555963	9
kt 	1555972	258
kta	1556230	51
ktb	1556281	4
kte	1556285	28
ktg	1556313	2
kth	1556315	4
kti	1556319	50
ktj	1556369	1
ktl	1556370	4
kto	1556374	89
ktr	1556463	9
kts	1556472	5
ktu	1556477	9
ktv	1556486	1
kty	1556487	33
ktz	1556520	1
ku 	1556521	146
kua	1556667	103
kub	1556770	71
kuc	1556841	74
kud	1556915	87
kue	1557002	8
kuf	1557010	8
kug	1557018	11
kuh	1557029	76
kui	1557105	36
kuj	1557141	26
kuk	1557167	50
kul	1557217	324
kum	1557541	217
kun	1557758	304
kuo	1558062	12
kup	1558074	93
kuq	1558167	4
kur	1558171	374
kus	1558545	138
kut	1558683	152
kuu	1558835	12
kuv	1558847	14
kuw	1558861	12
kux	1558873	1
kuy	1558874	63
kuz	1558937	54
kva	1558991	44
kve	1559035	12
kvi	1559047	85
kvo	1559132	4
kvr	1559136	1
kvu	1559137	1
kvy	1559138	1
kwa	1559139	99
kwe	1559238	42
kwi	1559280	34
kwo	1559314	58
kwu	1559372	10
kxa	1559382	1
kxi	1559383	1
kxo	1559384	1
ky 	1559385	439
kya	1559824	69
kyb	1559893	5
kyc	1559898	6
kyd	1559904	1
kye	1559905	13
kyf	1559918	1
kyi	1559919	113
kyj	1560032	3
kyk	1560035	2
kyl	1560037	54
kym	1560091	4
kyn	1560095	21
kyo	1560116	25
kyp	1560141	6
kyr	1560147	35
kys	1560182	15
kyt	1560197	29
kyu	1560226	24
kyv	1560250	2
kyw	1560252	3
kyy	1560255	11
kyz	1560266	19
kz 	1560285	1
kza	1560286	3
kze	1560289	1
kzh	1560290	1
kzi	1560291	3
kzw	1560294	1
la 	1560295	8743
laa	1569038	117
lab	1569155	464
lac	1569619	924
lad	1570543	543
lae	1571086	74
laf	1571160	133
lag	1571293	1129
lah	1572422	415
lai	1572837	851
laj	1573688	156
lak	1573844	1137
lal	1574981	471
lam	1575452	1033
lan	1576485	4753
lao	1581238	180
lap	1581418	511
laq	1581929	56
lar	1581985	1372
las	1583357	1789
lat	1585146	874
lau	1586020	620
lav	1586640	540
law	1587180	295
lax	1587475	73
lay	1587548	540
laz	1588088	309
lb 	1588397	18
lba	1588415	460
lbb	1588875	1
lbe	1588876	384
lbi	1589260	123
lbj	1589383	1
lbl	1589384	8
lbm	1589392	1
lbo	1589393	169
lbr	1589562	95
lbs	1589657	7
lbt	1589664	1
lbu	1589665	130
lby	1589795	58
lc 	1589853	11
lca	1589864	285
lce	1590149	130
lch	1590279	213
lci	1590492	115
lcj	1590607	1
lck	1590608	2
lcl	1590610	2
lcn	1590612	3
lco	1590615	456
lcr	1591071	23
lcs	1591094	6
lct	1591100	1
lcu	1591101	57
lcy	1591158	2
lcz	1591160	25
ld 	1591185	1247
lda	1592432	284
ldb	1592716	37
ldc	1592753	2
ldd	1592755	2
lde	1592757	791
ldf	1593548	13
ldg	1593561	3
ldh	1593564	28
ldi	1593592	143
ldj	1593735	1
ldk	1593736	21
ldl	1593757	3
ldm	1593760	7
ldn	1593767	6
ldo	1593773	256
ldp	1594029	3
ldr	1594032	53
lds	1594085	105
ldt	1594190	19
ldu	1594209	35
ldv	1594244	5
ldw	1594249	54
ldy	1594303	6
ldz	1594309	11
le 	1594320	6674
lea	1600994	571
leb	1601565	415
lec	1601980	284
led	1602264	335
lee	1602599	203
lef	1602802	141
leg	1602943	393
leh	1603336	162
lei	1603498	537
lej	1604035	126
lek	1604161	301
lel	1604462	142
lem	1604604	524
len	1605128	1959
leo	1607087	268
lep	1607355	143
leq	1607498	18
ler	1607516	1313
les	1608829	2385
let	1611214	763
leu	1611977	436
lev	1612413	377
lew	1612790	180
lex	1612970	107
ley	1613077	1025
lez	1614102	190
lf 	1614292	35
lfa	1614327	86
lfb	1614413	1
lfd	1614414	2
lfe	1614416	105
lff	1614521	4
lfg	1614525	3
lfh	1614528	5
lfi	1614533	88
lfj	1614621	1
lfk	1614622	1
lfl	1614623	18
lfm	1614641	1
lfn	1614642	1
lfo	1614643	198
lfp	1614841	6
lfr	1614847	46
lfs	1614893	28
lft	1614921	8
lfu	1614929	4
lfv	1614933	2
lfw	1614935	6
lfz	1614941	2
lg 	1614943	9
lga	1614952	216
lge	1615168	87
lgg	1615255	3
lgh	1615258	15
lgi	1615273	56
lgl	1615329	3
lgn	1615332	3
lgo	1615335	239
lgr	1615574	54
lgs	1615628	1
lgt	1615629	1
lgu	1615630	45
lgv	1615675	1
lgw	1615676	3
lgy	1615679	4
lh 	1615683	6
lha	1615689	259
lhe	1615948	139
lhg	1616087	1
lhi	1616088	23
lho	1616111	170
lhr	1616281	2
lhu	1616283	42
lhy	1616325	3
li 	1616328	1962
lia	1618290	1373
lib	1619663	361
lic	1620024	634
lid	1620658	216
lie	1620874	697
lif	1621571	167
lig	1621738	339
lih	1622077	69
lii	1622146	25
lij	1622171	69
lik	1622240	331
lil	1622571	273
lim	1622844	550
lin	1623394	3203
lio	1626597	354
lip	1626951	412
liq	1627363	30
lir	1627393	86
lis	1627479	947
lit	1628426	576
liu	1629002	269
liv	1629271	526
liw	1629797	35
lix	1629832	104
liy	1629936	105
liz	1630041	158
lj 	1630199	20
lja	1630219	82
ljc	1630301	4
lje	1630305	107
ljh	1630412	1
lji	1630413	23
ljk	1630436	1
ljm	1630437	1
ljn	1630438	3
ljo	1630441	10
ljs	1630451	3
lju	1630454	52
lk 	1630506	71
lka	1630577	188
lkb	1630765	1
lkd	1630766	1
lke	1630767	147
lkf	1630914	3
lkh	1630917	64
lki	1630981	129
lkj	1631110	1
lkk	1631111	2
lkl	1631113	11
lkm	1631124	6
lkn	1631130	3
lko	1631133	117
lkp	1631250	1
lkr	1631251	27
lks	1631278	13
lkt	1631291	9
lku	1631300	12
lkv	1631312	6
lkw	1631318	6
lky	1631324	31
ll 	1631355	1498
lla	1632853	4053
llb	1636906	80
llc	1636986	26
lld	1637012	28
lle	1637040	5469
llf	1642509	19
llg	1642528	18
llh	1642546	44
lli	1642590	1290
llj	1643880	1
llk	1643881	7
llm	1643888	74
lln	1643962	41
llo	1644003	1638
llp	1645641	14
llr	1645655	17
lls	1645672	755
llt	1646427	39
llu	1646466	209
llv	1646675	40
llw	1646715	53
lly	1646768	378
llz	1647146	3
lm 	1647149	154
lma	1647303	517
lmb	1647820	10
lmc	1647830	2
lmd	1647832	6
lme	1647838	333
lmf	1648171	1
lmh	1648172	6
lmi	1648178	195
lmk	1648373	2
lml	1648375	2
lmm	1648377	1
lmn	1648378	2
lmo	1648380	264
lmp	1648644	3
lmr	1648647	1
lms	1648648	68
lmt	1648716	7
lmu	1648723	42
lmv	1648765	7
lmw	1648772	14
lmy	1648786	16
lmz	1648802	1
ln 	1648803	109
lna	1648912	136
lnb	1649048	6
lnc	1649054	1
lnd	1649055	4
lne	1649059	109
lng	1649168	4
lnh	1649172	3
lni	1649175	178
lnj	1649353	2
lnk	1649355	2
lnl	1649357	1
lnm	1649358	1
lno	1649359	65
lnr	1649424	2
lns	1649426	9
lnt	1649435	5
lnu	1649440	62
lnv	1649502	2
lnw	1649504	3
lny	1649507	52
lnz	1649559	1
lo 	1649560	2508
loa	1652068	116
lob	1652184	269
loc	1652453	357
lod	1652810	250
loe	1653060	57
lof	1653117	54
log	1653171	283
loh	1653454	125
loi	1653579	186
loj	1653765	15
lok	1653780	220
lol	1654000	131
lom	1654131	709
lon	1654840	2293
loo	1657133	188
lop	1657321	236
loq	1657557	12
lor	1657569	984
los	1658553	1458
lot	1660011	430
lou	1660441	625
lov	1661066	606
low	1661672	361
lox	1662033	39
loy	1662072	122
loz	1662194	83
lp 	1662277	16
lpa	1662293	324
lpb	1662617	2
lpe	1662619	76
lpf	1662695	2
lph	1662697	55
lpi	1662752	120
lpk	1662872	4
lpl	1662876	5
lpm	1662881	3
lpn	1662884	2
lpo	1662886	43
lpp	1662929	5
lpr	1662934	6
lps	1662940	10
lpt	1662950	1
lpu	1662951	81
lpy	1663032	2
lq 	1663034	1
lqa	1663035	13
lqi	1663048	7
lqo	1663055	1
lqu	1663056	47
lra	1663103	21
lre	1663124	30
lri	1663154	30
lrm	1663184	1
lro	1663185	52
lru	1663237	7
lry	1663244	4
ls 	1663248	804
lsa	1664052	119
lsb	1664171	144
lsc	1664315	45
lsd	1664360	88
lse	1664448	129
lsf	1664577	18
lsg	1664595	3
lsh	1664598	149
lsi	1664747	63
lsj	1664810	5
lsk	1664815	103
lsl	1664918	13
lsm	1664931	7
lsn	1664938	10
lso	1664948	132
lsp	1665080	8
lsr	1665088	8
lss	1665096	4
lst	1665100	269
lsu	1665369	25
lsv	1665394	22
lsw	1665416	23
lsy	1665439	3
lsz	1665442	20
lt 	1665462	256
lta	1665718	419
ltb	1666137	8
ltc	1666145	1
ltd	1666146	8
lte	1666154	512
ltf	1666666	6
ltg	1666672	2
lth	1666674	71
lti	1666745	232
ltj	1666977	1
ltk	1666978	3
ltl	1666981	11
ltm	1666992	7
ltn	1666999	6
lto	1667005	691
ltp	1667696	4
ltr	1667700	57
lts	1667757	45
ltu	1667802	68
ltv	1667870	8
ltw	1667878	9
lty	1667887	15
ltz	1667902	49
lu 	1667951	555
lua	1668506	103
lub	1668609	234
luc	1668843	482
lud	1669325	134
lue	1669459	110
luf	1669569	63
lug	1669632	138
luh	1669770	61
lui	1669831	334
luj	1670165	23
luk	1670188	247
lul	1670435	93
lum	1670528	341
lun	1670869	491
luo	1671360	178
lup	1671538	388
luq	1671926	19
lur	1671945	187
lus	1672132	240
lut	1672372	175
luu	1672547	11
luv	1672558	28
luw	1672586	27
lux	1672613	21
luy	1672634	39
luz	1672673	154
lv 	1672827	4
lva	1672831	391
lvd	1673222	2
lve	1673224	354
lvi	1673578	196
lvk	1673774	1
lvn	1673775	1
lvo	1673776	65
lvs	1673841	1
lvu	1673842	1
lvy	1673843	2
lw 	1673845	4
lwa	1673849	108
lwc	1673957	2
lwe	1673959	30
lwi	1673989	54
lwo	1674043	65
lwr	1674108	1
lwu	1674109	2
lwy	1674111	11
lx 	1674122	28
lxh	1674150	2
lxi	1674152	1
lxl	1674153	2
lxo	1674155	1
lxu	1674156	3
ly 	1674159	619
lya	1674778	266
lyb	1675044	17
lyc	1675061	29
lyd	1675090	41
lye	1675131	26
lyf	1675157	5
lyg	1675162	13
lyh	1675175	7
lyi	1675182	20
lyj	1675202	2
lyk	1675204	153
lyl	1675357	6
lym	1675363	106
lyn	1675469	239
lyo	1675708	96
lyp	1675804	26
lyq	1675830	1
lyr	1675831	10
lys	1675841	86
lyt	1675927	59
lyu	1675986	78
lyv	1676064	24
lyw	1676088	16
lyy	1676104	18
lyz	1676122	6
lz 	1676128	84
lza	1676212	87
lzb	1676299	26
lzd	1676325	5
lze	1676330	69
lzf	1676399	8
lzg	1676407	5
lzh	1676412	49
lzi	1676461	35
lzk	1676496	7
lzl	1676503	2
lzm	1676505	6
lzn	1676511	1
lzo	1676512	21
lzs	1676533	2
lzt	1676535	4
lzu	1676539	5
lzw	1676544	6
lzy	1676550	2
ma 	1676552	1838
maa	1678390	107
mab	1678497	167
mac	1678664	644
mad	1679308	663
mae	1679971	86
maf	1680057	40
mag	1680097	641
mah	1680738	369
mai	1681107	538
maj	1681645	197
mak	1681842	361
mal	1682203	1285
mam	1683488	262
man	1683750	3074
mao	1686824	118
map	1686942	155
maq	1687097	48
mar	1687145	4538
mas	1691683	1000
mat	1692683	1084
mau	1693767	315
mav	1694082	73
maw	1694155	58
max	1694213	73
may	1694286	484
maz	1694770	260
mb 	1695030	27
mba	1695057	1151
mbd	1696208	5
mbe	1696213	661
mbg	1696874	1
mbh	1696875	12
mbi	1696887	331
mbj	1697218	2
mbk	1697220	2
mbl	1697222	118
mbo	1697340	533
mbr	1697873	412
mbs	1698285	17
mbt	1698302	6
mbu	1698308	329
mbv	1698637	1
mbw	1698638	11
mby	1698649	24
mbz	1698673	1
mc 	1698674	1
mca	1698675	18
mcb	1698693	4
mcc	1698697	37
mcd	1698734	7
mce	1698741	11
mcf	1698752	2
mcg	1698754	11
mch	1698765	42
mci	1698807	19
mck	1698826	26
mcl	1698852	18
mcm	1698870	10
mcn	1698880	3
mco	1698883	10
mcp	1698893	2
mcq	1698895	2
mcr	1698897	3
mcs	1698900	2
mcu	1698902	8
mcz	1698910	1
md 	1698911	2
mda	1698913	35
mde	1698948	39
mdi	1698987	15
mdj	1699002	3
mdl	1699005	1
mdo	1699006	15
mdr	1699021	3
mdu	1699024	4
mdy	1699028	1
me 	1699029	591
mea	1699620	215
meb	1699835	12
mec	1699847	138
med	1699985	384
mee	1700369	90
mef	1700459	6
meg	1700465	97
meh	1700562	109
mei	1700671	250
mej	1700921	36
mek	1700957	71
mel	1701028	709
mem	1701737	48
men	1701785	1413
meo	1703198	51
mep	1703249	14
meq	1703263	19
mer	1703282	1608
mes	1704890	656
met	1705546	398
meu	1705944	88
mev	1706032	15
mew	1706047	9
mex	1706056	69
mey	1706125	91
mez	1706216	241
mfa	1706457	2
mfe	1706459	4
mfi	1706463	34
mfj	1706497	1
mfl	1706498	4
mfo	1706502	28
mfr	1706530	14
mfu	1706544	1
mfy	1706545	1
mga	1706546	59
mgb	1706605	2
mge	1706607	12
mgh	1706619	3
mgi	1706622	2
mgl	1706624	1
mgo	1706625	6
mgr	1706631	1
mgu	1706632	4
mgw	1706636	1
mgy	1706637	1
mh 	1706638	1
mha	1706639	41
mhe	1706680	23
mhi	1706703	5
mhk	1706708	1
mhl	1706709	7
mhn	1706716	1
mho	1706717	12
mhu	1706729	16
mi 	1706745	385
mia	1707130	383
mib	1707513	8
mic	1707521	310
mid	1707831	258
mie	1708089	445
mif	1708534	10
mig	1708544	494
mih	1709038	68
mii	1709106	10
mij	1709116	25
mik	1709141	124
mil	1709265	1043
mim	1710308	65
min	1710373	1397
mio	1711770	55
mip	1711825	7
miq	1711832	8
mir	1711840	652
mis	1712492	366
mit	1712858	489
miu	1713347	13
miv	1713360	31
mix	1713391	41
miy	1713432	79
miz	1713511	64
mja	1713575	13
mje	1713588	5
mji	1713593	4
mjo	1713597	7
mju	1713604	5
mka	1713609	38
mke	1713647	15
mkh	1713662	18
mki	1713680	12
mkl	1713692	1
mko	1713693	21
mkp	1713714	2
mkr	1713716	4
mku	1713720	16
mkw	1713736	1
mky	1713737	7
ml 	1713744	5
mla	1713749	90
mle	1713839	67
mli	1713906	92
mlj	1713998	2
mlo	1714000	39
mlu	1714039	16
mlw	1714055	1
mly	1714056	29
mm 	1714085	57
mma	1714142	221
mmb	1714363	6
mme	1714369	444
mmf	1714813	1
mmh	1714814	6
mmi	1714820	101
mml	1714921	3
mmn	1714924	2
mmo	1714926	73
mmr	1714999	1
mms	1715000	4
mmu	1715004	34
mmw	1715038	1
mmy	1715039	2
mn 	1715041	20
mna	1715061	76
mne	1715137	55
mng	1715192	1
mni	1715193	81
mno	1715274	24
mnu	1715298	8
mnv	1715306	1
mny	1715307	5
mo 	1715312	478
moa	1715790	63
mob	1715853	37
moc	1715890	166
mod	1716056	123
moe	1716179	66
mof	1716245	11
mog	1716256	133
moh	1716389	105
moi	1716494	121
moj	1716615	59
mok	1716674	103
mol	1716777	469
mom	1717246	56
mon	1717302	3102
moo	1720404	197
mop	1720601	28
moq	1720629	4
mor	1720633	1412
mos	1722045	525
mot	1722570	251
mou	1722821	836
mov	1723657	91
mow	1723748	27
mox	1723775	15
moy	1723790	87
moz	1723877	70
mp 	1723947	123
mpa	1724070	645
mpb	1724715	29
mpc	1724744	2
mpd	1724746	19
mpe	1724765	258
mpf	1725023	21
mpg	1725044	1
mph	1725045	60
mpi	1725105	272
mpk	1725377	7
mpl	1725384	150
mpm	1725534	3
mpn	1725537	11
mpo	1725548	595
mpp	1726143	3
mpr	1726146	42
mps	1726188	119
mpt	1726307	128
mpu	1726435	359
mpv	1726794	4
mpw	1726798	1
mpy	1726799	4
mpz	1726803	1
mqa	1726804	3
mqi	1726807	1
mqu	1726808	2
mr 	1726810	4
mra	1726814	90
mrc	1726904	1
mrd	1726905	1
mre	1726906	27
mrg	1726933	6
mri	1726939	29
mrj	1726968	1
mrk	1726969	4
mro	1726973	32
mrs	1727005	2
mrt	1727007	2
mru	1727009	20
mry	1727029	7
mrz	1727036	7
ms 	1727043	108
msa	1727151	69
msb	1727220	43
msc	1727263	13
msd	1727276	45
mse	1727321	46
msf	1727367	9
msg	1727376	4
msh	1727380	43
msi	1727423	28
msk	1727451	71
msl	1727522	13
msm	1727535	1
msn	1727536	3
mso	1727539	46
msp	1727585	7
msr	1727592	5
mss	1727597	1
mst	1727598	143
msu	1727741	16
msv	1727757	9
msw	1727766	8
msy	1727774	1
msz	1727775	5
mt 	1727780	18
mta	1727798	31
mte	1727829	37
mtf	1727866	1
mth	1727867	11
mti	1727878	15
mtm	1727893	1
mto	1727894	11
mtr	1727905	4
mts	1727909	15
mtu	1727924	10
mtw	1727934	3
mtz	1727937	1
mu 	1727938	117
mua	1728055	87
mub	1728142	13
muc	1728155	88
mud	1728243	102
mue	1728345	57
muf	1728402	7
mug	1728409	59
muh	1728468	133
mui	1728601	48
muj	1728649	20
muk	1728669	110
mul	1728779	347
mum	1729126	17
mun	1729143	494
muo	1729637	27
mup	1729664	8
muq	1729672	17
mur	1729689	563
mus	1730252	233
mut	1730485	163
muu	1730648	4
muv	1730652	5
muw	1730657	3
mux	1730660	16
muy	1730676	26
muz	1730702	37
mva	1730739	15
mve	1730754	2
mvi	1730756	22
mvo	1730778	5
mvr	1730783	7
mvu	1730790	5
mvy	1730795	1
mwa	1730796	27
mwe	1730823	16
mwi	1730839	6
mwo	1730845	26
mwy	1730871	1
mxu	1730872	3
my 	1730875	97
mya	1730972	88
myc	1731060	2
myd	1731062	3
mye	1731065	20
myg	1731085	5
myh	1731090	4
myi	1731094	7
myj	1731101	2
myk	1731103	87
myl	1731190	26
mym	1731216	1
myn	1731217	19
myo	1731236	12
myp	1731248	2
myr	1731250	101
mys	1731351	97
myt	1731448	39
myu	1731487	2
myv	1731489	1
myy	1731490	1
myz	1731491	2
mza	1731493	22
mze	1731515	9
mzh	1731524	2
mzi	1731526	5
mzo	1731531	5
mzu	1731536	2
mzy	1731538	1
n2 	1731539	1
na 	1731540	5473
naa	1737013	54
nab	1737067	227
nac	1737294	656
nad	1737950	679
nae	1738629	35
naf	1738664	58
nag	1738722	580
nah	1739302	281
nai	1739583	276
naj	1739859	107
nak	1739966	336
nal	1740302	670
nam	1740972	600
nan	1741572	1826
nao	1743398	79
nap	1743477	234
naq	1743711	34
nar	1743745	1171
nas	1744916	994
nat	1745910	524
nau	1746434	448
nav	1746882	499
naw	1747381	110
nax	1747491	13
nay	1747504	404
naz	1747908	144
nb 	1748052	1
nba	1748053	529
nbe	1748582	483
nbi	1749065	31
nbj	1749096	2
nbl	1749098	7
nbo	1749105	138
nbr	1749243	109
nbu	1749352	354
nby	1749706	37
nc 	1749743	59
nca	1749802	915
ncb	1750717	1
ncc	1750718	1
nce	1750719	741
nch	1751460	1184
nci	1752644	1051
nck	1753695	19
ncl	1753714	31
ncn	1753745	1
nco	1753746	814
ncp	1754560	1
ncq	1754561	3
ncr	1754564	52
ncs	1754616	17
nct	1754633	73
ncu	1754706	133
ncv	1754839	4
ncy	1754843	57
ncz	1754900	14
nd 	1754914	1677
nda	1756591	1861
ndb	1758452	37
ndc	1758489	5
ndd	1758494	10
nde	1758504	1847
ndf	1760351	17
ndg	1760368	19
ndh	1760387	102
ndi	1760489	1009
ndj	1761498	28
ndk	1761526	7
ndl	1761533	91
ndm	1761624	11
ndn	1761635	3
ndo	1761638	1592
ndp	1763230	22
ndq	1763252	1
ndr	1763253	834
nds	1764087	305
ndt	1764392	23
ndu	1764415	367
ndv	1764782	49
ndw	1764831	38
ndy	1764869	92
ndz	1764961	28
ne 	1764989	3683
nea	1768672	262
neb	1768934	136
nec	1769070	275
ned	1769345	199
nee	1769544	120
nef	1769664	61
neg	1769725	344
neh	1770069	111
nei	1770180	147
nej	1770327	65
nek	1770392	116
nel	1770508	469
nem	1770977	149
nen	1771126	385
neo	1771511	93
nep	1771604	74
neq	1771678	7
ner	1771685	799
nes	1772484	1589
net	1774073	527
neu	1774600	640
nev	1775240	284
new	1775524	628
nex	1776152	62
ney	1776214	253
nez	1776467	160
nfa	1776627	69
nfe	1776696	292
nff	1776988	3
nfh	1776991	1
nfi	1776992	139
nfj	1777131	2
nfl	1777133	40
nfo	1777173	141
nfr	1777314	24
nfs	1777338	3
nft	1777341	4
nfu	1777345	38
nfy	1777383	3
ng 	1777386	9678
nga	1787064	2208
ngb	1789272	400
ngc	1789672	357
ngd	1790029	339
nge	1790368	1929
ngf	1792297	229
ngg	1792526	738
ngh	1793264	663
ngi	1793927	403
ngj	1794330	441
ngk	1794771	515
ngl	1795286	639
ngm	1795925	212
ngn	1796137	148
ngo	1796285	1312
ngp	1797597	249
ngq	1797846	221
ngr	1798067	257
ngs	1798324	1233
ngt	1799557	986
ngu	1800543	725
ngv	1801268	33
ngw	1801301	234
ngx	1801535	297
ngy	1801832	374
ngz	1802206	317
nh 	1802523	171
nha	1802694	720
nhb	1803414	1
nhc	1803415	3
nhe	1803418	477
nhi	1803895	48
nhl	1803943	5
nho	1803948	395
nhp	1804343	1
nht	1804344	2
nhu	1804346	186
nhy	1804532	5
ni 	1804537	2400
nia	1806937	1180
nib	1808117	48
nic	1808165	1283
nid	1809448	147
nie	1809595	870
nif	1810465	51
nig	1810516	212
nih	1810728	37
nii	1810765	99
nij	1810864	30
nik	1810894	506
nil	1811400	376
nim	1811776	173
nin	1811949	833
nio	1812782	718
nip	1813500	88
niq	1813588	27
nir	1813615	113
nis	1813728	546
nit	1814274	672
niu	1814946	57
niv	1815003	406
niw	1815409	17
nix	1815426	25
niy	1815451	150
niz	1815601	154
nj 	1815755	154
nja	1815909	680
njc	1816589	2
nje	1816591	172
njg	1816763	3
njh	1816766	11
nji	1816777	485
njk	1817262	2
njo	1817264	100
njs	1817364	16
nju	1817380	145
njw	1817525	2
njy	1817527	1
nk 	1817528	154
nka	1817682	580
nkb	1818262	3
nke	1818265	219
nkf	1818484	19
nkg	1818503	1
nkh	1818504	37
nki	1818541	205
nkj	1818746	1
nkk	1818747	7
nkl	1818754	74
nkm	1818828	2
nkn	1818830	5
nko	1818835	317
nkp	1819152	7
nkr	1819159	105
nks	1819264	40
nkt	1819304	215
nku	1819519	69
nkv	1819588	2
nkw	1819590	20
nky	1819610	61
nkz	1819671	1
nla	1819672	116
nld	1819788	1
nle	1819789	148
nlh	1819937	1
nli	1819938	226
nlj	1820164	1
nll	1820165	10
nln	1820175	1
nlo	1820176	106
nlu	1820282	68
nly	1820350	15
nma	1820365	129
nme	1820494	66
nmi	1820560	44
nmo	1820604	82
nmp	1820686	1
nmu	1820687	31
nn 	1820718	260
nna	1820978	555
nnb	1821533	11
nnc	1821544	1
nnd	1821545	15
nne	1821560	1053
nnf	1822613	7
nng	1822620	7
nnh	1822627	16
nni	1822643	461
nnk	1823104	9
nnl	1823113	1
nnm	1823114	2
nno	1823116	199
nnp	1823315	2
nns	1823317	108
nnt	1823425	8
nnu	1823433	69
nnv	1823502	13
nnw	1823515	17
nny	1823532	87
nnz	1823619	1
no 	1823620	4135
noa	1827755	116
nob	1827871	90
noc	1827961	142
nod	1828103	60
noe	1828163	57
nof	1828220	16
nog	1828236	176
noh	1828412	89
noi	1828501	150
noj	1828651	36
nok	1828687	112
nol	1828799	268
nom	1829067	123
non	1829190	595
noo	1829785	83
nop	1829868	172
noq	1830040	8
nor	1830048	1345
nos	1831393	533
not	1831926	163
nou	1832089	425
nov	1832514	1706
now	1834220	317
nox	1834537	32
noy	1834569	295
noz	1834864	71
np 	1834935	2
npa	1834937	77
npe	1835014	25
npf	1835039	2
nph	1835041	3
npi	1835044	60
npl	1835104	7
npo	1835111	49
npr	1835160	5
npu	1835165	116
npy	1835281	2
nq 	1835283	4
nqa	1835287	9
nqi	1835296	125
nqo	1835421	2
nqu	1835423	226
nr 	1835649	6
nra	1835655	81
nre	1835736	71
nrh	1835807	8
nri	1835815	101
nro	1835916	132
nrr	1836048	1
nru	1836049	16
nrw	1836065	1
nry	1836066	22
ns 	1836088	1154
nsa	1837242	263
nsb	1837505	166
nsc	1837671	90
nsd	1837761	154
nse	1837915	299
nsf	1838214	66
nsg	1838280	10
nsh	1838290	437
nsi	1838727	205
nsj	1838932	10
nsk	1838942	674
nsl	1839616	47
nsm	1839663	10
nsn	1839673	4
nso	1839677	236
nsp	1839913	23
nsq	1839936	1
nsr	1839937	7
nss	1839944	16
nst	1839960	606
nsu	1840566	87
nsv	1840653	105
nsw	1840758	63
nsy	1840821	2
nsz	1840823	10
nt 	1840833	4386
nta	1845219	3374
ntb	1848593	35
ntc	1848628	45
ntd	1848673	3
nte	1848676	2917
ntf	1851593	41
ntg	1851634	49
nth	1851683	266
nti	1851949	1305
ntj	1853254	13
ntk	1853267	6
ntl	1853273	165
ntm	1853438	41
ntn	1853479	14
nto	1853493	1924
ntp	1855417	28
ntq	1855445	1
ntr	1855446	585
nts	1856031	250
ntt	1856281	10
ntu	1856291	248
ntv	1856539	41
ntw	1856580	50
ntx	1856630	1
nty	1856631	60
ntz	1856691	69
nu 	1856760	211
nua	1856971	58
nub	1857029	33
nuc	1857062	43
nud	1857105	19
nue	1857124	732
nuf	1857856	6
nug	1857862	24
nuh	1857886	8
nui	1857894	29
nuj	1857923	7
nuk	1857930	52
nul	1857982	41
num	1858023	129
nun	1858152	199
nuo	1858351	117
nup	1858468	29
nuq	1858497	3
nur	1858500	177
nus	1858677	129
nut	1858806	101
nuu	1858907	9
nuv	1858916	15
nuw	1858931	8
nux	1858939	4
nuy	1858943	12
nuz	1858955	11
nva	1858966	57
nve	1859023	102
nvi	1859125	462
nvo	1859587	27
nvr	1859614	3
nvy	1859617	1
nwa	1859618	144
nwe	1859762	105
nwi	1859867	58
nwn	1859925	1
nwo	1859926	140
nwr	1860066	3
nws	1860069	1
nwu	1860070	19
nwy	1860089	6
nx 	1860095	13
nxa	1860108	5
nxb	1860113	1
nxe	1860114	6
nxh	1860120	3
nxi	1860123	191
nxo	1860314	6
nxp	1860320	1
nxs	1860321	1
nxt	1860322	4
nxu	1860326	16
nxv	1860342	4
ny 	1860346	1031
nya	1861377	496
nyb	1861873	18
nyc	1861891	33
nyd	1861924	7
nye	1861931	77
nyf	1862008	3
nyg	1862011	1
nyh	1862012	6
nyi	1862018	175
nyk	1862193	65
nyl	1862258	18
nym	1862276	8
nyn	1862284	13
nyo	1862297	107
nyp	1862404	4
nyr	1862408	13
nys	1862421	58
nyt	1862479	74
nyu	1862553	121
nyv	1862674	8
nyw	1862682	2
nyy	1862684	193
nyz	1862877	33
nz 	1862910	87
nza	1862997	616
nzb	1863613	10
nzd	1863623	4
nze	1863627	187
nzg	1863814	4
nzh	1863818	338
nzi	1864156	165
nzk	1864321	5
nzl	1864326	13
nzm	1864339	1
nzn	1864340	4
nzo	1864344	241
nzr	1864585	8
nzs	1864593	1
nzt	1864594	1
nzu	1864595	62
nzv	1864657	1
nzw	1864658	7
nzy	1864665	7
o1 	1864672	1
oa 	1864673	437
oab	1865110	14
oac	1865124	79
oad	1865203	112
oae	1865315	3
oaf	1865318	4
oag	1865322	37
oah	1865359	29
oai	1865388	76
oaj	1865464	5
oak	1865469	235
oal	1865704	99
oam	1865803	35
oan	1865838	183
oao	1866021	85
oap	1866106	69
oaq	1866175	54
oar	1866229	190
oas	1866419	99
oat	1866518	111
oau	1866629	3
oav	1866632	17
oaw	1866649	2
oax	1866651	9
oay	1866660	14
oaz	1866674	15
ob 	1866689	91
oba	1866780	481
obb	1867261	60
obc	1867321	10
obd	1867331	12
obe	1867343	720
obf	1868063	5
obh	1868068	7
obi	1868075	244
obj	1868319	6
obk	1868325	5
obl	1868330	195
obm	1868525	3
obn	1868528	16
obo	1868544	438
obq	1868982	1
obr	1868983	354
obs	1869337	40
obt	1869377	3
obu	1869380	105
obv	1869485	1
obw	1869486	2
oby	1869488	44
obz	1869532	7
oc 	1869539	267
oca	1869806	489
ocb	1870295	6
occ	1870301	171
oce	1870472	174
och	1870646	1004
oci	1871650	144
ocj	1871794	3
ock	1871797	591
ocl	1872388	25
ocm	1872413	8
ocn	1872421	24
oco	1872445	419
ocp	1872864	4
ocq	1872868	20
ocr	1872888	26
ocs	1872914	24
oct	1872938	72
ocu	1873010	115
ocw	1873125	1
ocx	1873126	1
ocy	1873127	2
ocz	1873129	29
od 	1873158	1013
oda	1874171	397
odb	1874568	57
odc	1874625	15
odd	1874640	47
ode	1874687	528
odf	1875215	13
odg	1875228	55
odh	1875283	48
odi	1875331	345
odj	1875676	18
odk	1875694	27
odl	1875721	91
odm	1875812	25
odn	1875837	94
odo	1875931	423
odp	1876354	7
odr	1876361	147
ods	1876508	150
odt	1876658	18
odu	1876676	91
odv	1876767	34
odw	1876801	22
ody	1876823	80
odz	1876903	59
oe 	1876962	170
oea	1877132	1
oeb	1877133	22
oec	1877155	13
oed	1877168	36
oee	1877204	5
oef	1877209	10
oeg	1877219	9
oeh	1877228	9
oei	1877237	51
oek	1877288	91
oel	1877379	80
oem	1877459	33
oen	1877492	140
oeo	1877632	2
oep	1877634	11
oer	1877645	71
oes	1877716	204
oet	1877920	59
oeu	1877979	50
oev	1878029	21
oew	1878050	2
oex	1878052	4
oey	1878056	7
oez	1878063	8
of 	1878071	185
ofa	1878256	66
ofb	1878322	2
ofc	1878324	1
ofd	1878325	3
ofe	1878328	220
off	1878548	166
ofg	1878714	3
ofh	1878717	2
ofi	1878719	91
ofj	1878810	1
ofk	1878811	6
ofl	1878817	50
ofm	1878867	2
ofn	1878869	2
ofo	1878871	50
ofq	1878921	1
ofr	1878922	60
ofs	1878982	27
oft	1879009	83
ofu	1879092	23
ofw	1879115	1
ofy	1879116	4
ofz	1879120	1
og 	1879121	182
oga	1879303	397
ogb	1879700	31
ogc	1879731	1
ogd	1879732	52
oge	1879784	186
ogg	1879970	87
ogh	1880057	62
ogi	1880119	85
ogj	1880204	1
ogk	1880205	2
ogl	1880207	123
ogm	1880330	6
ogn	1880336	188
ogo	1880524	513
ogp	1881037	4
ogr	1881041	190
ogs	1881231	18
ogt	1881249	15
ogu	1881264	174
ogv	1881438	9
ogw	1881447	8
ogy	1881455	12
ogz	1881467	2
oh 	1881469	118
oha	1881587	247
ohb	1881834	9
ohc	1881843	3
ohd	1881846	17
ohe	1881863	209
ohf	1882072	6
ohg	1882078	5
ohh	1882083	1
ohi	1882084	87
ohj	1882171	11
ohk	1882182	5
ohl	1882187	75
ohm	1882262	21
ohn	1882283	131
oho	1882414	184
ohp	1882598	3
ohr	1882601	172
ohs	1882773	7
oht	1882780	9
ohu	1882789	90
ohv	1882879	1
ohw	1882880	1
ohy	1882881	15
oi 	1882896	264
oia	1883160	187
oib	1883347	10
oic	1883357	36
oid	1883393	23
oie	1883416	92
oif	1883508	4
oig	1883512	42
oih	1883554	4
oii	1883558	2
oij	1883560	11
oik	1883571	14
oil	1883585	55
oim	1883640	30
oin	1883670	450
oio	1884120	33
oip	1884153	13
oiq	1884166	1
oir	1884167	204
ois	1884371	507
oit	1884878	129
oiu	1885007	36
oiv	1885043	27
oiw	1885070	1
oix	1885071	66
oiy	1885137	2
oiz	1885139	15
oj 	1885154	39
oja	1885193	164
ojb	1885357	5
ojc	1885362	17
ojd	1885379	8
oje	1885387	75
ojh	1885462	1
oji	1885463	184
ojj	1885647	1
ojk	1885648	10
ojm	1885658	2
ojn	1885660	29
ojo	1885689	220
ojp	1885909	3
ojr	1885912	4
ojs	1885916	12
ojt	1885928	3
oju	1885931	29
ojv	1885960	2
ojw	1885962	1
ok 	1885963	594
oka	1886557	413
okb	1886970	8
okc	1886978	36
okd	1887014	15
oke	1887029	275
okf	1887304	16
okg	1887320	8
okh	1887328	114
oki	1887442	128
okj	1887570	1
okk	1887571	46
okl	1887617	66
okm	1887683	17
okn	1887700	16
oko	1887716	479
okp	1888195	33
okr	1888228	211
oks	1888439	88
okt	1888527	47
oku	1888574	105
okv	1888679	15
okw	1888694	15
oky	1888709	49
okz	1888758	2
ol 	1888760	707
ola	1889467	1476
olb	1890943	111
olc	1891054	138
old	1891192	523
ole	1891715	931
olf	1892646	171
olg	1892817	72
olh	1892889	46
oli	1892935	1361
olj	1894296	63
olk	1894359	120
oll	1894479	993
olm	1895472	232
oln	1895704	260
olo	1895964	2145
olp	1898109	76
olq	1898185	11
olr	1898196	12
ols	1898208	236
olt	1898444	315
olu	1898759	283
olv	1899042	77
olw	1899119	33
olx	1899152	4
oly	1899156	205
olz	1899361	150
om 	1899511	374
oma	1899885	1237
omb	1901122	559
omc	1901681	10
omd	1901691	10
ome	1901701	651
omf	1902352	32
omg	1902384	10
omh	1902394	4
omi	1902398	512
omj	1902910	4
omk	1902914	7
oml	1902921	41
omm	1902962	221
omn	1903183	46
omo	1903229	364
omp	1903593	219
omr	1903812	16
oms	1903828	73
omt	1903901	33
omu	1903934	122
omv	1904056	12
omw	1904068	6
omy	1904074	74
omz	1904148	5
on 	1904153	8530
ona	1912683	1392
onb	1914075	95
onc	1914170	632
ond	1914802	1108
one	1915910	1370
onf	1917280	127
ong	1917407	4082
onh	1921489	69
oni	1921558	1758
onj	1923316	132
onk	1923448	171
onl	1923619	41
onm	1923660	41
onn	1923701	577
ono	1924278	564
onp	1924842	20
onq	1924862	41
onr	1924903	72
ons	1924975	583
ont	1925558	3001
onu	1928559	78
onv	1928637	199
onw	1928836	43
onx	1928879	6
ony	1928885	155
onz	1929040	171
oo 	1929211	148
ooa	1929359	2
oob	1929361	10
ooc	1929371	19
ood	1929390	936
ooe	1930326	5
oof	1930331	14
oog	1930345	58
ooh	1930403	2
ooi	1930405	25
ook	1930430	372
ool	1930802	151
oom	1930953	110
oon	1931063	190
oop	1931253	55
oor	1931308	316
oos	1931624	168
oot	1931792	98
oou	1931890	2
oov	1931892	8
oow	1931900	12
oox	1931912	1
ooy	1931913	8
ooz	1931921	13
op 	1931934	169
opa	1932103	372
opb	1932475	2
opc	1932477	15
opd	1932492	5
ope	1932497	373
opf	1932870	26
opg	1932896	2
oph	1932898	44
opi	1932942	244
opj	1933186	3
opk	1933189	20
opl	1933209	88
opm	1933297	4
opn	1933301	11
opo	1933312	523
opp	1933835	158
opr	1933993	100
ops	1934093	46
opt	1934139	25
opu	1934164	73
opv	1934237	3
opw	1934240	8
opx	1934248	1
opy	1934249	18
oq 	1934267	18
oqa	1934285	2
oqb	1934287	1
oqc	1934288	2
oqe	1934290	3
oqi	1934293	57
oqm	1934350	1
oqn	1934351	2
oqo	1934353	1
oqp	1934354	1
oqq	1934355	3
oqr	1934358	1
oqs	1934359	1
oqt	1934360	2
oqu	1934362	235
or 	1934597	1368
ora	1935965	1474
orb	1937439	274
orc	1937713	301
ord	1938014	1305
ore	1939319	1935
orf	1941254	1555
org	1942809	670
orh	1943479	53
ori	1943532	1463
orj	1944995	55
ork	1945050	216
orl	1945266	213
orm	1945479	333
orn	1945812	1160
oro	1946972	1723
orp	1948695	226
orq	1948921	31
orr	1948952	764
ors	1949716	661
ort	1950377	2622
oru	1952999	220
orv	1953219	146
orw	1953365	57
orx	1953422	1
ory	1953423	159
orz	1953582	153
os 	1953735	3413
osa	1957148	893
osb	1958041	44
osc	1958085	248
osd	1958333	28
ose	1958361	1148
osf	1959509	16
osg	1959525	17
osh	1959542	447
osi	1959989	378
osj	1960367	9
osk	1960376	137
osl	1960513	112
osm	1960625	68
osn	1960693	115
oso	1960808	302
osp	1961110	96
osq	1961206	35
osr	1961241	18
oss	1961259	888
ost	1962147	1047
osu	1963194	75
osv	1963269	21
osw	1963290	28
osy	1963318	31
osz	1963349	84
ot 	1963433	479
ota	1963912	622
otb	1964534	8
otc	1964542	21
otd	1964563	8
ote	1964571	616
otf	1965187	8
otg	1965195	7
oth	1965202	258
oti	1965460	403
otj	1965863	6
otk	1965869	25
otl	1965894	166
otm	1966060	10
otn	1966070	46
oto	1966116	580
otp	1966696	4
otr	1966700	173
ots	1966873	120
ott	1966993	699
otu	1967692	114
otv	1967806	19
otw	1967825	9
otx	1967834	1
oty	1967835	47
otz	1967882	89
ou 	1967971	2118
oua	1970089	650
oub	1970739	150
ouc	1970889	178
oud	1971067	273
oue	1971340	367
ouf	1971707	93
oug	1971800	627
ouh	1972427	58
oui	1972485	280
ouj	1972765	51
ouk	1972816	223
oul	1973039	566
oum	1973605	218
oun	1973823	847
ouo	1974670	96
oup	1974766	129
ouq	1974895	32
our	1974927	1447
ous	1976374	559
out	1976933	952
ouv	1977885	177
ouw	1978062	33
oux	1978095	189
ouy	1978284	94
ouz	1978378	159
ov 	1978537	588
ova	1979125	1206
ovb	1980331	3
ovc	1980334	177
ovd	1980511	7
ove	1980518	1308
ovg	1981826	15
ovh	1981841	6
ovi	1981847	935
ovj	1982782	5
ovk	1982787	314
ovl	1983101	35
ovm	1983136	1
ovn	1983137	30
ovo	1983167	1330
ovp	1984497	1
ovr	1984498	36
ovs	1984534	357
ovt	1984891	23
ovu	1984914	28
ovv	1984942	2
ovx	1984944	1
ovy	1984945	162
ovz	1985107	4
ow 	1985111	946
owa	1986057	293
owb	1986350	29
owc	1986379	12
owd	1986391	28
owe	1986419	216
owf	1986635	5
owg	1986640	7
owh	1986647	16
owi	1986663	337
owj	1987000	5
owk	1987005	57
owl	1987062	82
owm	1987144	16
own	1987160	930
owo	1988090	215
owp	1988305	5
owq	1988310	1
owr	1988311	44
ows	1988355	109
owt	1988464	10
owu	1988474	12
owv	1988486	4
oww	1988490	2
owy	1988492	42
owz	1988534	4
ox 	1988538	50
oxa	1988588	27
oxb	1988615	20
oxc	1988635	24
oxd	1988659	4
oxe	1988663	12
oxf	1988675	35
oxg	1988710	1
oxh	1988711	13
oxi	1988724	103
oxk	1988827	1
oxl	1988828	10
oxm	1988838	1
oxn	1988839	1
oxo	1988840	29
oxp	1988869	4
oxq	1988873	1
oxr	1988874	1
oxs	1988875	3
oxt	1988878	78
oxu	1988956	15
oxv	1988971	7
oxw	1988978	5
oxy	1988983	1
oy 	1988984	585
oya	1989569	509
oyb	1990078	5
oyc	1990083	8
oyd	1990091	31
oye	1990122	724
oyg	1990846	9
oyh	1990855	2
oyi	1990857	47
oyk	1990904	9
oyl	1990913	34
oym	1990947	17
oyn	1990964	37
oyo	1991001	298
oyp	1991299	2
oyr	1991301	18
oys	1991319	28
oyt	1991347	19
oyu	1991366	124
oyv	1991490	4
oyy	1991494	4
oz 	1991498	130
oza	1991628	321
ozb	1991949	13
ozc	1991962	4
ozd	1991966	45
oze	1992011	149
ozf	1992160	1
ozg	1992161	4
ozh	1992165	168
ozi	1992333	151
ozj	1992484	4
ozk	1992488	14
ozl	1992502	34
ozm	1992536	12
ozn	1992548	62
ozo	1992610	194
ozp	1992804	8
ozr	1992812	2
ozs	1992814	22
ozt	1992836	21
ozu	1992857	78
ozv	1992935	9
ozw	1992944	2
ozy	1992946	28
ozz	1992974	89
p1 	1993063	1
pa 	1993064	959
pa1	1994023	1
paa	1994024	27
pab	1994051	143
pac	1994194	371
pad	1994565	316
pae	1994881	20
paf	1994901	4
pag	1994905	208
pah	1995113	98
pai	1995211	196
paj	1995407	78
pak	1995485	204
pal	1995689	1435
pam	1997124	257
pan	1997381	1753
pao	1999134	83
pap	1999217	141
paq	1999358	13
par	1999371	2255
pas	2001626	720
pat	2002346	824
pau	2003170	288
pav	2003458	158
paw	2003616	64
pax	2003680	25
pay	2003705	144
paz	2003849	127
pba	2003976	4
pbe	2003980	30
pbi	2004010	1
pbo	2004011	2
pbr	2004013	3
pbu	2004016	2
pc 	2004018	2
pca	2004020	10
pce	2004030	13
pch	2004043	21
pci	2004064	119
pco	2004183	2
pcu	2004185	5
pcz	2004190	2
pd 	2004192	1
pda	2004193	10
pde	2004203	20
pdh	2004223	1
pdi	2004224	1
pdo	2004225	6
pdr	2004231	1
pe 	2004232	858
pea	2005090	112
peb	2005202	16
pec	2005218	612
ped	2005830	610
pee	2006440	35
pef	2006475	11
peg	2006486	51
peh	2006537	43
pei	2006580	80
pej	2006660	35
pek	2006695	66
pel	2006761	564
pem	2007325	68
pen	2007393	857
peo	2008250	37
pep	2008287	42
peq	2008329	46
per	2008375	1372
pes	2009747	335
pet	2010082	756
peu	2010838	49
pev	2010887	29
pew	2010916	16
pex	2010932	28
pey	2010960	68
pez	2011028	110
pf 	2011138	8
pfa	2011146	46
pfe	2011192	36
pfg	2011228	3
pfh	2011231	4
pfi	2011235	16
pfl	2011251	11
pfn	2011262	1
pfo	2011263	11
pfr	2011274	7
pfs	2011281	1
pfu	2011282	9
pfy	2011291	1
pga	2011292	6
pge	2011298	1
pgi	2011299	1
pgl	2011300	1
pgr	2011301	1
ph 	2011302	42
pha	2011344	165
phe	2011509	91
phi	2011600	137
phl	2011737	11
phn	2011748	7
pho	2011755	106
phr	2011861	51
phs	2011912	1
phu	2011913	169
phy	2012082	18
phz	2012100	1
pi 	2012101	197
pia	2012298	432
pib	2012730	9
pic	2012739	261
pid	2013000	102
pie	2013102	682
pif	2013784	3
pig	2013787	93
pih	2013880	13
pii	2013893	11
pij	2013904	16
pik	2013920	42
pil	2013962	446
pim	2014408	55
pin	2014463	1589
pio	2016052	125
pip	2016177	49
piq	2016226	11
pir	2016237	301
pis	2016538	206
pit	2016744	330
piu	2017074	17
piv	2017091	47
piw	2017138	1
pix	2017139	16
piy	2017155	6
piz	2017161	41
pja	2017202	2
pje	2017204	3
pk 	2017207	1
pka	2017208	12
pke	2017220	5
pkh	2017225	1
pki	2017226	29
pko	2017255	13
pku	2017268	2
pky	2017270	3
pl 	2017273	7
pla	2017280	777
ple	2018057	577
plg	2018634	1
pli	2018635	121
plj	2018756	11
pln	2018767	1
plo	2018768	208
plu	2018976	81
ply	2019057	44
plz	2019101	1
pma	2019102	15
pme	2019117	4
pmi	2019121	3
pmo	2019124	2
pmu	2019126	3
pna	2019129	13
pne	2019142	22
pni	2019164	50
pno	2019214	20
pnu	2019234	1
pny	2019235	5
po 	2019240	535
poa	2019775	44
pob	2019819	96
poc	2019915	150
pod	2020065	286
poe	2020351	27
pof	2020378	13
pog	2020391	95
poh	2020486	70
poi	2020556	426
poj	2020982	26
pok	2021008	120
pol	2021128	1097
pom	2022225	173
pon	2022398	753
poo	2023151	62
pop	2023213	147
poq	2023360	5
por	2023365	1157
pos	2024522	313
pot	2024835	444
pou	2025279	162
pov	2025441	104
pow	2025545	41
pox	2025586	20
poy	2025606	41
poz	2025647	159
pp 	2025806	14
ppa	2025820	210
ppd	2026030	1
ppe	2026031	390
ppf	2026421	1
pph	2026422	9
ppi	2026431	104
ppl	2026535	54
ppn	2026589	2
ppo	2026591	81
ppr	2026672	5
pps	2026677	20
ppu	2026697	43
ppy	2026740	13
pr 	2026753	1
pra	2026754	531
prc	2027285	2
pre	2027287	536
prg	2027823	2
pri	2027825	996
prl	2028821	1
prn	2028822	4
pro	2028826	475
prs	2029301	2
prt	2029303	3
pru	2029306	125
prv	2029431	4
pry	2029435	66
prz	2029501	69
ps 	2029570	95
psa	2029665	42
psb	2029707	17
psc	2029724	3
psd	2029727	3
pse	2029730	25
psf	2029755	2
psh	2029757	23
psi	2029780	28
psk	2029808	25
psl	2029833	4
psm	2029837	1
pso	2029838	44
psp	2029882	1
psr	2029883	1
pss	2029884	2
pst	2029886	66
psu	2029952	3
psv	2029955	5
psw	2029960	12
psy	2029972	7
psz	2029979	7
pt 	2029986	47
pta	2030033	34
ptb	2030067	1
pte	2030068	44
ptf	2030112	3
ptg	2030115	4
pth	2030119	4
pti	2030123	36
ptm	2030159	2
pto	2030161	166
ptr	2030327	3
pts	2030330	5
ptu	2030335	12
pty	2030347	2
pu 	2030349	247
pu5	2030596	1
pua	2030597	59
pub	2030656	17
puc	2030673	103
pud	2030776	54
pue	2030830	565
puf	2031395	1
pug	2031396	42
puh	2031438	18
pui	2031456	70
puj	2031526	42
puk	2031568	50
pul	2031618	291
pum	2031909	23
pun	2031932	400
puo	2032332	7
pup	2032339	11
puq	2032350	10
pur	2032360	1124
pus	2033484	133
put	2033617	179
puu	2033796	14
puv	2033810	7
puw	2033817	4
pux	2033821	11
puy	2033832	57
puz	2033889	33
pva	2033922	3
pve	2033925	3
pvi	2033928	3
pvr	2033931	2
pwa	2033933	4
pwe	2033937	9
pwi	2033946	3
pwl	2033949	2
pwo	2033951	8
pxo	2033959	1
py 	2033960	57
pya	2034017	40
pyc	2034057	7
pyd	2034064	1
pye	2034065	13
pyh	2034078	11
pyi	2034089	10
pyk	2034099	2
pyl	2034101	18
pym	2034119	3
pyn	2034122	11
pyo	2034133	4
pyr	2034137	25
pys	2034162	13
pyt	2034175	13
pyu	2034188	7
pyv	2034195	3
pyy	2034198	3
pyz	2034201	2
pzi	2034203	4
qa 	2034207	31
qaa	2034238	3
qab	2034241	29
qac	2034270	2
qad	2034272	17
qaf	2034289	5
qag	2034294	7
qah	2034301	35
qai	2034336	5
qak	2034341	1
qal	2034342	56
qam	2034398	17
qan	2034415	50
qao	2034465	1
qaq	2034466	2
qar	2034468	74
qas	2034542	35
qat	2034577	14
qav	2034591	1
qaw	2034592	2
qax	2034594	4
qay	2034598	16
qaz	2034614	6
qba	2034620	10
qbo	2034630	1
qch	2034631	7
qco	2034638	1
qda	2034639	8
qde	2034647	1
qdu	2034648	1
qe 	2034649	1
qeb	2034650	2
qed	2034652	3
qef	2034655	2
qeh	2034657	2
qei	2034659	2
qel	2034661	5
qen	2034666	9
qep	2034675	1
qeq	2034676	3
qer	2034679	9
qes	2034688	12
qet	2034700	1
qey	2034701	4
qez	2034705	1
qf 	2034706	2
qhe	2034708	1
qi 	2034709	104
qia	2034813	569
qib	2035382	14
qic	2035396	4
qid	2035400	11
qie	2035411	7
qif	2035418	6
qig	2035424	4
qih	2035428	9
qij	2035437	7
qik	2035444	3
qil	2035447	25
qim	2035472	11
qin	2035483	266
qio	2035749	9
qip	2035758	4
qiq	2035762	8
qir	2035770	22
qis	2035792	17
qit	2035809	12
qiu	2035821	45
qiv	2035866	1
qiw	2035867	2
qix	2035869	8
qiy	2035877	14
qiz	2035891	9
qka	2035900	1
ql 	2035901	1
qla	2035902	3
qli	2035905	3
qlo	2035908	1
qlu	2035909	2
qma	2035911	2
qmi	2035913	1
qmo	2035914	1
qne	2035915	4
qo 	2035919	9
qoa	2035928	2
qob	2035930	2
qod	2035932	2
qof	2035934	1
qog	2035935	1
qoh	2035936	1
qoj	2035937	1
qol	2035938	8
qom	2035946	3
qon	2035949	4
qoq	2035953	1
qor	2035954	26
qos	2035980	1
qot	2035981	2
qou	2035983	2
qov	2035985	7
qoz	2035992	1
qpa	2035993	1
qpu	2035994	1
qqa	2035995	8
qqe	2036003	2
qqi	2036005	2
qqo	2036007	1
qqu	2036008	6
qr 	2036014	2
qra	2036016	6
qre	2036022	2
qro	2036024	1
qry	2036025	1
qsa	2036026	1
qsh	2036027	1
qsi	2036028	1
qso	2036029	1
qsu	2036030	6
qta	2036036	1
qto	2036037	4
qty	2036041	1
qu 	2036042	67
qua	2036109	508
qub	2036617	11
quc	2036628	5
qud	2036633	6
que	2036639	1302
quf	2037941	1
qug	2037942	2
quh	2037944	2
qui	2037946	1204
quj	2039150	7
quk	2039157	6
qul	2039163	7
qum	2039170	11
qun	2039181	15
quo	2039196	29
quq	2039225	1
qur	2039226	19
qus	2039245	18
qut	2039263	11
quv	2039274	2
quw	2039276	5
qux	2039281	6
quy	2039287	17
quz	2039304	10
qva	2039314	3
qvu	2039317	1
qya	2039318	1
ra 	2039319	5279
raa	2044598	99
rab	2044697	638
rac	2045335	1013
rad	2046348	1358
rae	2047706	86
raf	2047792	301
rag	2048093	635
rah	2048728	423
rai	2049151	814
raj	2049965	568
rak	2050533	580
ral	2051113	939
ram	2052052	1314
ran	2053366	4906
rao	2058272	171
rap	2058443	413
raq	2058856	60
rar	2058916	257
ras	2059173	1526
rat	2060699	1115
rau	2061814	375
rav	2062189	637
raw	2062826	181
rax	2063007	28
ray	2063035	542
raz	2063577	354
rb 	2063931	28
rba	2063959	570
rbd	2064529	1
rbe	2064530	364
rbh	2064894	6
rbi	2064900	206
rbj	2065106	2
rbk	2065108	8
rbl	2065116	21
rbn	2065137	5
rbo	2065142	412
rbr	2065554	81
rbs	2065635	13
rbu	2065648	157
rby	2065805	75
rc 	2065880	41
rca	2065921	361
rce	2066282	426
rch	2066708	839
rci	2067547	277
rck	2067824	19
rcl	2067843	18
rcm	2067861	1
rco	2067862	364
rcq	2068226	13
rcr	2068239	17
rcs	2068256	17
rct	2068273	1
rcu	2068274	69
rcv	2068343	1
rcy	2068344	36
rcz	2068380	29
rd 	2068409	1220
rda	2069629	507
rdb	2070136	11
rdd	2070147	6
rde	2070153	957
rdf	2071110	6
rdg	2071116	5
rdh	2071121	43
rdi	2071164	472
rdj	2071636	8
rdk	2071644	4
rdl	2071648	21
rdm	2071669	12
rdn	2071681	13
rdo	2071694	528
rdp	2072222	1
rdr	2072223	49
rds	2072272	102
rdt	2072374	33
rdu	2072407	114
rdv	2072521	12
rdw	2072533	29
rdy	2072562	34
rdz	2072596	16
re 	2072612	3328
rea	2075940	604
reb	2076544	285
rec	2076829	476
red	2077305	622
ree	2077927	844
ref	2078771	183
reg	2078954	501
reh	2079455	168
rei	2079623	789
rej	2080412	325
rek	2080737	180
rel	2080917	590
rem	2081507	610
ren	2082117	2082
reo	2084199	70
rep	2084269	142
req	2084411	17
rer	2084428	373
res	2084801	2811
ret	2087612	758
reu	2088370	306
rev	2088676	362
rew	2089038	97
rex	2089135	21
rey	2089156	320
rez	2089476	561
rf 	2090037	1484
rfa	2091521	53
rfb	2091574	6
rfc	2091580	3
rfd	2091583	1
rfe	2091584	74
rff	2091658	7
rfg	2091665	2
rfh	2091667	2
rfi	2091669	121
rfj	2091790	6
rfk	2091796	19
rfl	2091815	17
rfo	2091832	100
rfp	2091932	1
rfr	2091933	17
rfs	2091950	7
rft	2091957	5
rfu	2091962	18
rfw	2091980	2
rfy	2091982	2
rfz	2091984	1
rg 	2091985	1854
rga	2093839	570
rgb	2094409	8
rgd	2094417	5
rge	2094422	716
rgf	2095138	7
rgg	2095145	1
rgh	2095146	172
rgi	2095318	209
rgj	2095527	3
rgk	2095530	11
rgl	2095541	36
rgm	2095577	2
rgn	2095579	66
rgo	2095645	353
rgp	2095998	2
rgr	2096000	48
rgs	2096048	45
rgt	2096093	7
rgu	2096100	197
rgv	2096297	3
rgw	2096300	14
rgy	2096314	41
rgz	2096355	2
rh 	2096357	150
rha	2096507	233
rhc	2096740	1
rhd	2096741	1
rhe	2096742	156
rhi	2096898	76
rhj	2096974	1
rhm	2096975	1
rhn	2096976	3
rho	2096979	147
rhp	2097126	2
rhr	2097128	1
rhs	2097129	1
rht	2097130	1
rhu	2097131	52
rhv	2097183	1
rhw	2097184	1
rhy	2097185	12
ri 	2097197	2223
ria	2099420	2004
rib	2101424	443
ric	2101867	1178
rid	2103045	775
rie	2103820	1177
rif	2104997	106
rig	2105103	539
rih	2105642	49
rii	2105691	63
rij	2105754	123
rik	2105877	264
ril	2106141	458
rim	2106599	467
rin	2107066	2270
rio	2109336	1350
rip	2110686	194
riq	2110880	88
rir	2110968	62
ris	2111030	1101
rit	2112131	737
riu	2112868	105
riv	2112973	840
riw	2113813	21
rix	2113834	35
riy	2113869	147
riz	2114016	287
rj 	2114303	20
rja	2114323	129
rje	2114452	53
rjh	2114505	2
rji	2114507	20
rjo	2114527	59
rju	2114586	26
rjy	2114612	1
rk 	2114613	998
rka	2115611	267
rkb	2115878	14
rkc	2115892	6
rkd	2115898	16
rke	2115914	312
rkf	2116226	8
rkg	2116234	4
rkh	2116238	199
rki	2116437	133
rkj	2116570	2
rkk	2116572	11
rkl	2116583	49
rkm	2116632	10
rkn	2116642	12
rko	2116654	160
rkp	2116814	2
rkr	2116816	20
rks	2116836	109
rkt	2116945	86
rku	2117031	61
rkv	2117092	29
rkw	2117121	29
rky	2117150	24
rl 	2117174	43
rla	2117217	363
rlb	2117580	27
rld	2117607	5
rle	2117612	437
rlg	2118049	1
rlh	2118050	6
rli	2118056	411
rlj	2118467	5
rll	2118472	1
rlm	2118473	1
rlo	2118474	287
rls	2118761	44
rlt	2118805	26
rlu	2118831	65
rlv	2118896	4
rlw	2118900	2
rly	2118902	87
rm 	2118989	75
rma	2119064	688
rmb	2119752	16
rmc	2119768	1
rmd	2119769	2
rme	2119771	532
rmh	2120303	4
rmi	2120307	259
rmk	2120566	1
rml	2120567	8
rmn	2120575	3
rmo	2120578	388
rmp	2120966	1
rmr	2120967	1
rms	2120968	65
rmt	2121033	4
rmu	2121037	54
rmv	2121091	3
rmw	2121094	1
rmy	2121095	6
rn 	2121101	740
rna	2121841	874
rnb	2122715	82
rnc	2122797	13
rnd	2122810	92
rne	2122902	842
rnf	2123744	9
rng	2123753	7
rnh	2123760	102
rni	2123862	478
rnj	2124340	87
rnk	2124427	7
rnl	2124434	12
rnm	2124446	3
rnn	2124449	1
rno	2124450	474
rnp	2124924	4
rnq	2124928	1
rnr	2124929	6
rns	2124935	131
rnt	2125066	37
rnu	2125103	64
rnv	2125167	9
rnw	2125176	18
rny	2125194	143
rnz	2125337	5
ro 	2125342	4064
ro1	2129406	1
roa	2129407	241
rob	2129648	321
roc	2129969	707
rod	2130676	706
roe	2131382	182
rof	2131564	107
rog	2131671	337
roh	2132008	146
roi	2132154	279
roj	2132433	103
rok	2132536	240
rol	2132776	446
rom	2133222	591
ron	2133813	1550
roo	2135363	421
rop	2135784	254
roq	2136038	99
ror	2136137	123
ros	2136260	2046
rot	2138306	482
rou	2138788	774
rov	2139562	960
row	2140522	331
rox	2140853	48
roy	2140901	355
roz	2141256	250
rp 	2141506	151
rp1	2141657	1
rpa	2141658	105
rpc	2141763	5
rpe	2141768	153
rpf	2141921	6
rph	2141927	21
rpi	2141948	103
rpk	2142051	1
rpl	2142052	14
rpm	2142066	1
rpn	2142067	4
rpo	2142071	60
rpp	2142131	1
rpr	2142132	12
rps	2142144	26
rpt	2142170	5
rpu	2142175	111
rpw	2142286	1
rpy	2142287	2
rq 	2142289	3
rqa	2142292	24
rqe	2142316	1
rqi	2142317	28
rql	2142345	1
rqo	2142346	1
rqp	2142347	1
rqu	2142348	188
rr 	2142536	32
rra	2142568	1348
rrb	2143916	4
rrc	2143920	1
rre	2143921	1226
rrf	2145147	1
rrh	2145148	10
rri	2145158	1100
rrk	2146258	4
rrl	2146262	7
rrm	2146269	3
rrn	2146272	9
rro	2146281	751
rrr	2147032	1
rrs	2147033	9
rrt	2147042	3
rru	2147045	111
rrv	2147156	2
rrw	2147158	10
rry	2147168	225
rs 	2147393	836
rsa	2148229	305
rsb	2148534	194
rsc	2148728	201
rsd	2148929	277
rse	2149206	284
rsf	2149490	37
rsg	2149527	6
rsh	2149533	358
rsi	2149891	249
rsj	2150140	5
rsk	2150145	369
rsl	2150514	96
rsm	2150610	12
rsn	2150622	7
rso	2150629	221
rsp	2150850	22
rsr	2150872	10
rss	2150882	18
rst	2150900	557
rsu	2151457	107
rsv	2151564	83
rsw	2151647	55
rsy	2151702	9
rsz	2151711	17
rt 	2151728	1550
rta	2153278	676
rtb	2153954	26
rtc	2153980	4
rtd	2153984	3
rte	2153987	779
rtf	2154766	29
rtg	2154795	4
rth	2154799	1155
rti	2155954	848
rtj	2156802	3
rtk	2156805	17
rtl	2156822	100
rtm	2156922	25
rtn	2156947	14
rto	2156961	1074
rtp	2158035	2
rtr	2158037	93
rts	2158130	187
rtt	2158317	12
rtu	2158329	116
rtv	2158445	31
rtw	2158476	9
rty	2158485	85
rtz	2158570	26
ru 	2158596	539
rua	2159135	100
rub	2159235	201
ruc	2159436	322
rud	2159758	282
rue	2160040	149
ruf	2160189	37
rug	2160226	186
ruh	2160412	73
rui	2160485	149
ruj	2160634	64
ruk	2160698	130
rul	2160828	123
rum	2160951	422
run	2161373	587
ruo	2161960	33
rup	2161993	231
ruq	2162224	16
rur	2162240	95
rus	2162335	437
rut	2162772	196
ruu	2162968	9
ruv	2162977	47
ruw	2163024	18
rux	2163042	7
ruy	2163049	49
ruz	2163098	525
rv 	2163623	2
rva	2163625	262
rvc	2163887	1
rvd	2163888	1
rve	2163889	207
rvi	2164096	495
rvl	2164591	3
rvo	2164594	139
rvr	2164733	2
rvs	2164735	1
rvu	2164736	3
rvy	2164739	6
rw 	2164745	3
rwa	2164748	162
rwe	2164910	101
rwg	2165011	1
rwh	2165012	1
rwi	2165013	130
rwo	2165143	141
rws	2165284	9
rwu	2165293	2
rwy	2165295	6
rx 	2165301	2
rxa	2165303	1
rxb	2165304	1
rxe	2165305	4
rxh	2165309	8
rxi	2165317	3
rxl	2165320	4
rxo	2165324	2
rxu	2165326	1
ry 	2165327	1072
rya	2166399	191
ryb	2166590	57
ryc	2166647	47
ryd	2166694	72
rye	2166766	24
ryf	2166790	8
ryg	2166798	9
ryh	2166807	22
ryi	2166829	28
ryj	2166857	3
ryk	2166860	40
ryl	2166900	36
rym	2166936	41
ryn	2166977	119
ryo	2167096	38
ryp	2167134	14
ryr	2167148	2
rys	2167150	136
ryt	2167286	35
ryu	2167321	31
ryv	2167352	61
ryy	2167413	21
ryz	2167434	13
rz 	2167447	70
rza	2167517	194
rzb	2167711	26
rzc	2167737	23
rzd	2167760	3
rze	2167763	364
rzf	2168127	2
rzg	2168129	7
rzh	2168136	57
rzi	2168193	64
rzk	2168257	9
rzl	2168266	8
rzm	2168274	5
rzn	2168279	13
rzo	2168292	116
rzs	2168408	4
rzt	2168412	4
rzu	2168416	30
rzv	2168446	1
rzw	2168447	18
rzy	2168465	169
rzz	2168634	1
s2 	2168635	1
sa 	2168636	1763
saa	2170399	93
sab	2170492	398
sac	2170890	357
sad	2171247	240
sae	2171487	38
saf	2171525	77
sag	2171602	309
sah	2171911	146
sai	2172057	2827
saj	2174884	37
sak	2174921	286
sal	2175207	1379
sam	2176586	566
san	2177152	9600
sao	2186752	520
sap	2187272	166
saq	2187438	17
sar	2187455	1603
sas	2189058	318
sat	2189376	429
sau	2189805	422
sav	2190227	231
saw	2190458	115
sax	2190573	21
say	2190594	227
saz	2190821	36
sb 	2190857	4
sba	2190861	256
sbe	2191117	240
sbi	2191357	9
sbj	2191366	4
sbl	2191370	5
sbo	2191375	221
sbr	2191596	89
sbu	2191685	469
sby	2192154	71
sc 	2192225	32
sca	2192257	608
sce	2192865	97
sch	2192962	1789
sci	2194751	202
sck	2194953	1
scl	2194954	23
sco	2194977	998
scq	2195975	3
scr	2195978	39
scs	2196017	5
scu	2196022	140
scy	2196162	1
sd 	2196163	18
sda	2196181	119
sde	2196300	70
sdh	2196370	1
sdi	2196371	22
sdl	2196393	4
sdo	2196397	661
sdr	2197058	9
sdu	2197067	7
sdz	2197074	1
se 	2197075	1812
sea	2198887	223
seb	2199110	245
sec	2199355	430
sed	2199785	149
see	2199934	282
sef	2200216	61
seg	2200277	218
seh	2200495	85
sei	2200580	232
sej	2200812	20
sek	2200832	145
sel	2200977	909
sem	2201886	304
sen	2202190	1837
seo	2204027	72
sep	2204099	132
seq	2204231	21
ser	2204252	928
ses	2205180	274
set	2205454	303
seu	2205757	85
sev	2205842	261
sew	2206103	43
sex	2206146	32
sey	2206178	197
sez	2206375	12
sf 	2206387	1
sfa	2206388	38
sfc	2206426	1
sfe	2206427	95
sfi	2206522	83
sfj	2206605	11
sfl	2206616	5
sfo	2206621	92
sfr	2206713	3
sfu	2206716	12
sfy	2206728	1
sga	2206729	54
sge	2206783	15
sgf	2206798	1
sgh	2206799	2
sgi	2206801	2
sgj	2206803	1
sgl	2206804	2
sgm	2206806	3
sgo	2206809	29
sgr	2206838	29
sgu	2206867	23
sgy	2206890	5
sh 	2206895	421
sha	2207316	2701
shb	2210017	30
shc	2210047	219
shd	2210266	10
she	2210276	1145
shf	2211421	26
shg	2211447	9
shh	2211456	13
shi	2211469	1573
shj	2213042	2
shk	2213044	210
shl	2213254	84
shm	2213338	67
shn	2213405	111
sho	2213516	521
shp	2214037	23
shq	2214060	5
shr	2214065	32
shs	2214097	13
sht	2214110	196
shu	2214306	675
shv	2214981	28
shw	2215009	53
shy	2215062	87
si 	2215149	993
sia	2216142	362
sib	2216504	112
sic	2216616	184
sid	2216800	617
sie	2217417	525
sif	2217942	17
sig	2217959	215
sih	2218174	42
sii	2218216	30
sij	2218246	30
sik	2218276	156
sil	2218432	593
sim	2219025	372
sin	2219397	1234
sio	2220631	247
sip	2220878	93
siq	2220971	18
sir	2220989	327
sis	2221316	179
sit	2221495	240
siu	2221735	35
siv	2221770	105
siw	2221875	10
six	2221885	29
siy	2221914	54
siz	2221968	23
sja	2221991	16
sje	2222007	24
sji	2222031	12
sjo	2222043	52
sju	2222095	2
sk 	2222097	683
ska	2222780	699
skd	2223479	1
ske	2223480	469
skh	2223949	27
ski	2223976	827
skj	2224803	7
skl	2224810	8
skm	2224818	1
skn	2224819	1
sko	2224820	689
skr	2225509	55
sks	2225564	1
sku	2225565	69
skv	2225634	7
skw	2225641	4
sky	2225645	191
sl 	2225836	17
sla	2225853	658
slb	2226511	1
sle	2226512	358
sli	2226870	205
slj	2227075	3
sll	2227078	2
slo	2227080	232
slu	2227312	60
slw	2227372	1
sly	2227373	41
sm 	2227414	1
sma	2227415	202
sme	2227617	124
smi	2227741	116
smo	2227857	117
smr	2227974	10
smu	2227984	26
smy	2228010	18
sn 	2228028	6
sna	2228034	194
sne	2228228	199
sng	2228427	1
sni	2228428	189
snj	2228617	10
sno	2228627	264
snu	2228891	6
snw	2228897	1
sny	2228898	78
so 	2228976	989
soa	2229965	98
sob	2230063	121
soc	2230184	128
sod	2230312	67
soe	2230379	34
sof	2230413	67
sog	2230480	79
soh	2230559	39
soi	2230598	48
soj	2230646	11
sok	2230657	182
sol	2230839	673
som	2231512	237
son	2231749	1279
soo	2233028	26
sop	2233054	109
soq	2233163	4
sor	2233167	378
sos	2233545	154
sot	2233699	152
sou	2233851	1006
sov	2234857	289
sow	2235146	37
soy	2235183	58
soz	2235241	16
sp 	2235257	7
spa	2235264	269
spe	2235533	402
sph	2235935	2
spi	2235937	281
spl	2236218	20
spo	2236238	184
spr	2236422	444
spu	2236866	40
spy	2236906	11
sq 	2236917	2
sqa	2236919	6
sqe	2236925	1
sqi	2236926	1
sqn	2236927	1
squ	2236928	223
sr 	2237151	24
sra	2237175	65
srb	2237240	6
src	2237246	1
sre	2237247	51
sri	2237298	89
srn	2237387	3
sro	2237390	43
srp	2237433	4
sru	2237437	34
srv	2237471	1
sry	2237472	2
ss 	2237474	337
ss2	2237811	1
ssa	2237812	826
ssb	2238638	64
ssc	2238702	8
ssd	2238710	21
sse	2238731	1196
ssf	2239927	16
ssg	2239943	10
ssh	2239953	39
ssi	2239992	636
ssj	2240628	4
ssk	2240632	68
ssl	2240700	62
ssm	2240762	25
ssn	2240787	26
sso	2240813	757
ssp	2241570	8
ssr	2241578	16
sss	2241594	15
sst	2241609	28
ssu	2241637	92
ssv	2241729	27
ssw	2241756	26
ssy	2241782	86
ssz	2241868	14
st 	2241882	1924
sta	2243806	2786
stb	2246592	45
stc	2246637	15
std	2246652	19
ste	2246671	3080
stf	2249751	25
stg	2249776	15
sth	2249791	108
sti	2249899	2210
stj	2252109	7
stk	2252116	27
stl	2252143	164
stm	2252307	53
stn	2252360	17
sto	2252377	1902
stp	2254279	26
stq	2254305	1
str	2254306	1419
sts	2255725	30
stt	2255755	5
stu	2255760	216
stv	2255976	64
stw	2256040	56
sty	2256096	97
stz	2256193	4
su 	2256197	337
sua	2256534	92
sub	2256626	102
suc	2256728	129
sud	2256857	123
sue	2256980	68
suf	2257048	29
sug	2257077	90
suh	2257167	35
sui	2257202	69
suj	2257271	22
suk	2257293	301
sul	2257594	505
sum	2258099	389
sun	2258488	474
suo	2258962	43
sup	2259005	89
suq	2259094	25
sur	2259119	1480
sus	2260599	325
sut	2260924	94
suu	2261018	20
suv	2261038	25
suw	2261063	36
suy	2261099	25
suz	2261124	32
sv 	2261156	2
sva	2261158	96
sve	2261254	112
svi	2261366	622
svl	2261988	3
svo	2261991	25
svr	2262016	13
svy	2262029	10
sw 	2262039	1
swa	2262040	179
swe	2262219	131
swi	2262350	226
swo	2262576	102
swr	2262678	1
sws	2262679	1
swu	2262680	2
sy 	2262682	236
sya	2262918	72
syb	2262990	6
syc	2262996	19
syd	2263015	16
sye	2263031	11
syf	2263042	1
syg	2263043	1
syk	2263044	15
syl	2263059	64
sym	2263123	24
syn	2263147	42
syo	2263189	7
syp	2263196	16
syq	2263212	1
syr	2263213	34
sys	2263247	7
syt	2263254	15
syu	2263269	13
syv	2263282	14
syw	2263296	1
syy	2263297	1
syz	2263298	8
sz 	2263306	34
sza	2263340	116
szb	2263456	1
szc	2263457	80
szd	2263537	1
sze	2263538	139
szf	2263677	1
szi	2263678	23
szj	2263701	1
szk	2263702	39
szl	2263741	21
szm	2263762	1
szn	2263763	16
szo	2263779	109
szp	2263888	4
szr	2263892	1
szs	2263893	3
szt	2263896	42
szu	2263938	9
szv	2263947	1
szw	2263948	1
szy	2263949	71
ta 	2264020	5297
taa	2269317	34
tab	2269351	382
tac	2269733	366
tad	2270099	608
tae	2270707	20
taf	2270727	108
tag	2270835	416
tah	2271251	165
tai	2271416	801
taj	2272217	105
tak	2272322	321
tal	2272643	1203
tam	2273846	751
tan	2274597	2823
tao	2277420	164
tap	2277584	365
taq	2277949	59
tar	2278008	1382
tas	2279390	564
tat	2279954	562
tau	2280516	307
tav	2280823	280
taw	2281103	147
tax	2281250	27
tay	2281277	218
taz	2281495	105
tba	2281600	35
tbe	2281635	52
tbh	2281687	1
tbi	2281688	6
tbj	2281694	1
tbl	2281695	4
tbo	2281699	28
tbr	2281727	40
tbu	2281767	42
tby	2281809	15
tc 	2281824	1
tca	2281825	35
tce	2281860	11
tch	2281871	237
tci	2282108	9
tcl	2282117	9
tco	2282126	31
tcr	2282157	1
tcs	2282158	1
tcu	2282159	7
tcy	2282166	1
tcz	2282167	4
td 	2282171	1
tda	2282172	20
tde	2282192	3
tdi	2282195	9
tdo	2282204	24
tdr	2282228	1
tdu	2282229	2
tdw	2282231	1
te 	2282232	3342
tea	2285574	419
teb	2285993	156
tec	2286149	367
ted	2286516	330
tee	2286846	81
tef	2286927	107
teg	2287034	224
teh	2287258	121
tei	2287379	562
tej	2287941	147
tek	2288088	120
tel	2288208	1346
tem	2289554	416
ten	2289970	1929
teo	2291899	169
tep	2292068	954
teq	2293022	39
ter	2293061	3091
tes	2296152	854
tet	2297006	286
teu	2297292	107
tev	2297399	136
tew	2297535	43
tex	2297578	79
tey	2297657	55
tez	2297712	96
tfa	2297808	17
tfe	2297825	23
tff	2297848	1
tfi	2297849	40
tfj	2297889	1
tfl	2297890	1
tfo	2297891	90
tfr	2297981	4
tfu	2297985	7
tga	2297992	40
tge	2298032	36
tgh	2298068	8
tgi	2298076	7
tgl	2298083	4
tgn	2298087	1
tgo	2298088	25
tgr	2298113	8
tgu	2298121	4
tgy	2298125	4
th 	2298129	1742
tha	2299871	864
thb	2300735	31
thc	2300766	23
thd	2300789	10
the	2300799	856
thf	2301655	38
thg	2301693	15
thh	2301708	3
thi	2301711	399
thj	2302110	1
thk	2302111	6
thl	2302117	46
thm	2302163	48
thn	2302211	9
tho	2302220	504
thp	2302724	30
thr	2302754	78
ths	2302832	28
tht	2302860	13
thu	2302873	301
thv	2303174	26
thw	2303200	73
thy	2303273	46
thz	2303319	1
ti 	2303320	2142
tia	2305462	1021
tib	2306483	107
tic	2306590	507
tid	2307097	87
tie	2307184	550
tif	2307734	47
tig	2307781	370
tih	2308151	46
tii	2308197	90
tij	2308287	43
tik	2308330	154
til	2308484	589
tim	2309073	356
tin	2309429	2075
tio	2311504	301
tip	2311805	154
tiq	2311959	27
tir	2311986	317
tis	2312303	327
tit	2312630	457
tiu	2313087	34
tiv	2313121	151
tiw	2313272	14
tix	2313286	20
tiy	2313306	40
tiz	2313346	71
tja	2313417	23
tje	2313440	23
tjh	2313463	1
tji	2313464	5
tjo	2313469	13
tju	2313482	4
tk 	2313486	3
tka	2313489	98
tke	2313587	22
tkh	2313609	4
tki	2313613	51
tkl	2313664	1
tkn	2313665	2
tko	2313667	65
tkr	2313732	3
tku	2313735	9
tky	2313744	12
tl 	2313756	52
tla	2313808	1616
tlb	2315424	1
tle	2315425	477
tlh	2315902	12
tli	2315914	169
tlj	2316083	2
tll	2316085	9
tlm	2316094	1
tlo	2316095	62
tls	2316157	1
tlu	2316158	49
tlw	2316207	1
tly	2316208	20
tlz	2316228	1
tm 	2316229	2
tma	2316231	104
tme	2316335	37
tmi	2316372	33
tmo	2316405	60
tmu	2316465	8
tmy	2316473	1
tn 	2316474	7
tna	2316481	115
tne	2316596	89
tnf	2316685	1
tng	2316686	2
tni	2316688	97
tnj	2316785	4
tno	2316789	52
tnu	2316841	9
tny	2316850	23
to 	2316873	3106
toa	2319979	51
tob	2320030	195
toc	2320225	303
tod	2320528	64
toe	2320592	20
tof	2320612	63
tog	2320675	91
toh	2320766	30
toi	2320796	89
toj	2320885	26
tok	2320911	231
tol	2321142	525
tom	2321667	333
ton	2322000	4412
too	2326412	61
top	2326473	236
toq	2326709	9
tor	2326718	1466
tos	2328184	399
tot	2328583	198
tou	2328781	629
tov	2329410	294
tow	2329704	934
tox	2330638	14
toy	2330652	95
toz	2330747	14
tpa	2330761	19
tpe	2330780	18
tpf	2330798	1
tph	2330799	6
tpi	2330805	13
tpl	2330818	1
tpo	2330819	26
tpr	2330845	2
tpu	2330847	35
tqa	2330882	1
tqi	2330883	3
tqu	2330886	5
tqv	2330891	1
tr 	2330892	3
tra	2330895	1354
trb	2332249	3
trc	2332252	3
tre	2332255	1283
trg	2333538	5
trh	2333543	10
tri	2333553	906
trk	2334459	3
trm	2334462	6
trn	2334468	26
tro	2334494	1115
trp	2335609	3
trr	2335612	1
trs	2335613	8
trt	2335621	1
tru	2335622	297
trv	2335919	2
try	2335921	132
trz	2336053	83
ts 	2336136	765
tsa	2336901	227
tsb	2337128	58
tsc	2337186	126
tsd	2337312	19
tse	2337331	149
tsf	2337480	25
tsg	2337505	7
tsh	2337512	84
tsi	2337596	428
tsj	2338024	9
tsk	2338033	232
tsl	2338265	15
tsm	2338280	18
tsn	2338298	1
tso	2338299	100
tsp	2338399	10
tsq	2338409	6
tsr	2338415	9
tst	2338424	82
tsu	2338506	224
tsv	2338730	67
tsw	2338797	40
tsy	2338837	121
tsz	2338958	7
tt 	2338965	262
tta	2339227	594
ttb	2339821	15
ttc	2339836	1
ttd	2339837	4
tte	2339841	1155
ttf	2340996	7
ttg	2341003	15
tth	2341018	28
tti	2341046	460
ttj	2341506	2
ttk	2341508	2
ttl	2341510	187
ttm	2341697	20
ttn	2341717	19
tto	2341736	466
ttr	2342202	49
tts	2342251	121
ttu	2342372	124
ttv	2342496	11
ttw	2342507	29
tty	2342536	35
tu 	2342571	545
tua	2343116	154
tub	2343270	163
tuc	2343433	121
tud	2343554	65
tue	2343619	43
tuf	2343662	26
tug	2343688	83
tuh	2343771	22
tui	2343793	49
tuj	2343842	21
tuk	2343863	88
tul	2343951	275
tum	2344226	168
tun	2344394	426
tuo	2344820	62
tup	2344882	97
tuq	2344979	9
tur	2344988	679
tus	2345667	121
tut	2345788	120
tuu	2345908	11
tuv	2345919	15
tuw	2345934	13
tux	2345947	32
tuy	2345979	30
tuz	2346009	60
tva	2346069	46
tve	2346115	34
tvi	2346149	138
tvl	2346287	6
tvo	2346293	6
tvr	2346299	7
tvy	2346306	9
twa	2346315	57
twe	2346372	73
twh	2346445	1
twi	2346446	91
two	2346537	107
twr	2346644	3
tws	2346647	2
twu	2346649	1
twy	2346650	5
tx 	2346655	5
txa	2346660	6
txe	2346666	3
txi	2346669	2
txo	2346671	3
txu	2346674	2
ty 	2346676	939
tya	2347615	101
tyb	2347716	6
tyc	2347722	26
tyd	2347748	3
tye	2347751	26
tyf	2347777	1
tyg	2347778	4
tyh	2347782	2
tyi	2347784	9
tyk	2347793	22
tyl	2347815	27
tym	2347842	24
tyn	2347866	134
tyo	2348000	16
typ	2348016	7
tyr	2348023	50
tys	2348073	44
tyt	2348117	10
tyu	2348127	27
tyv	2348154	10
tyw	2348164	3
tyy	2348167	8
tyz	2348175	4
tz 	2348179	517
tza	2348696	118
tzb	2348814	21
tzc	2348835	7
tzd	2348842	7
tze	2348849	186
tzf	2349035	5
tzg	2349040	4
tzh	2349044	29
tzi	2349073	226
tzk	2349299	10
tzl	2349309	15
tzm	2349324	9
tzn	2349333	5
tzo	2349338	59
tzp	2349397	3
tzq	2349400	2
tzr	2349402	8
tzs	2349410	26
tzt	2349436	13
tzu	2349449	22
tzv	2349471	7
tzw	2349478	21
u5b	2349499	1
ua 	2349500	1080
uab	2350580	38
uac	2350618	321
uad	2350939	379
uae	2351318	2
uaf	2351320	31
uag	2351351	60
uah	2351411	43
uai	2351454	147
uaj	2351601	54
uak	2351655	89
ual	2351744	318
uam	2352062	126
uan	2352188	2823
uao	2355011	15
uap	2355026	118
uaq	2355144	34
uar	2355178	813
uas	2355991	246
uat	2356237	316
uau	2356553	139
uav	2356692	18
uaw	2356710	3
uax	2356713	34
uay	2356747	231
uaz	2356978	53
ub 	2357031	87
uba	2357118	526
ubb	2357644	52
ubc	2357696	10
ubd	2357706	10
ube	2357716	286
ubf	2358002	1
ubg	2358003	2
ubh	2358005	6
ubi	2358011	385
ubj	2358396	2
ubk	2358398	14
ubl	2358412	96
ubm	2358508	3
ubn	2358511	26
ubo	2358537	196
ubp	2358733	1
ubq	2358734	1
ubr	2358735	122
ubs	2358857	26
ubt	2358883	6
ubu	2358889	154
ubw	2359043	4
ubx	2359047	1
uby	2359048	34
ubz	2359082	3
uc 	2359085	122
uca	2359207	489
ucb	2359696	3
ucc	2359699	72
ucd	2359771	2
uce	2359773	288
ucf	2360061	1
ucg	2360062	3
uch	2360065	888
uci	2360953	255
uck	2361208	255
ucl	2361463	27
ucm	2361490	8
ucn	2361498	7
uco	2361505	169
ucp	2361674	3
ucq	2361677	8
ucr	2361685	22
ucs	2361707	22
uct	2361729	15
ucu	2361744	201
ucy	2361945	11
ucz	2361956	16
ud 	2361972	285
uda	2362257	519
udb	2362776	18
udc	2362794	5
udd	2362799	44
ude	2362843	397
udf	2363240	2
udg	2363242	18
udh	2363260	33
udi	2363293	277
udj	2363570	13
udk	2363583	17
udl	2363600	44
udm	2363644	10
udn	2363654	62
udo	2363716	237
udp	2363953	4
udr	2363957	82
uds	2364039	55
udt	2364094	4
udu	2364098	148
udv	2364246	11
udw	2364257	21
udy	2364278	27
udz	2364305	29
ue 	2364334	889
uea	2365223	53
ueb	2365276	271
uec	2365547	66
ued	2365613	104
uee	2365717	54
uef	2365771	27
ueg	2365798	33
ueh	2365831	56
uei	2365887	137
uej	2366024	31
uek	2366055	36
uel	2366091	886
uem	2366977	93
uen	2367070	896
ueo	2367966	14
uep	2367980	28
ueq	2368008	5
uer	2368013	1006
ues	2369019	407
uet	2369426	204
ueu	2369630	37
uev	2369667	709
uew	2370376	9
uex	2370385	32
uey	2370417	108
uez	2370525	150
uf 	2370675	104
ufa	2370779	55
ufb	2370834	2
ufc	2370836	9
ufd	2370845	1
ufe	2370846	78
uff	2370924	164
ufg	2371088	1
ufh	2371089	4
ufi	2371093	29
ufj	2371122	1
ufk	2371123	9
ufl	2371132	44
ufm	2371176	5
ufn	2371181	2
ufo	2371183	38
ufq	2371221	1
ufr	2371222	20
ufs	2371242	4
uft	2371246	11
ufu	2371257	34
ufv	2371291	1
ug 	2371292	123
uga	2371415	370
ugb	2371785	31
ugc	2371816	6
ugd	2371822	11
uge	2371833	228
ugg	2372061	78
ugh	2372139	287
ugi	2372426	118
ugk	2372544	5
ugl	2372549	104
ugm	2372653	4
ugn	2372657	78
ugo	2372735	349
ugp	2373084	2
ugr	2373086	43
ugs	2373129	12
ugt	2373141	5
ugu	2373146	240
ugv	2373386	1
ugw	2373387	6
ugy	2373393	12
ugz	2373405	1
uh 	2373406	98
uha	2373504	218
uhb	2373722	5
uhd	2373727	6
uhe	2373733	137
uhf	2373870	1
uhg	2373871	1
uhi	2373872	23
uhj	2373895	1
uhk	2373896	3
uhl	2373899	164
uhm	2374063	12
uhn	2374075	15
uho	2374090	64
uhp	2374154	7
uhq	2374161	1
uhr	2374162	35
uhs	2374197	13
uht	2374210	62
uhu	2374272	86
uhw	2374358	4
uhy	2374362	12
ui 	2374374	750
uia	2375124	135
uib	2375259	60
uic	2375319	95
uid	2375414	106
uie	2375520	137
uif	2375657	16
uig	2375673	69
uih	2375742	35
uii	2375777	2
uij	2375779	53
uik	2375832	33
uil	2375865	804
uim	2376669	101
uin	2376770	572
uio	2377342	35
uip	2377377	78
uiq	2377455	14
uir	2377469	150
uis	2377619	467
uit	2378086	443
uiu	2378529	21
uiv	2378550	19
uiw	2378569	7
uix	2378576	76
uiy	2378652	34
uiz	2378686	137
uj 	2378823	26
uja	2378849	147
ujb	2378996	3
ujc	2378999	1
ujd	2379000	4
uje	2379004	54
ujf	2379058	8
ujh	2379066	5
uji	2379071	298
ujj	2379369	6
ujk	2379375	2
ujl	2379377	4
ujm	2379381	4
ujn	2379385	2
ujo	2379387	36
ujp	2379423	4
ujr	2379427	4
ujs	2379431	9
ujt	2379440	6
uju	2379446	58
ujv	2379504	3
uk 	2379507	371
uka	2379878	440
ukb	2380318	10
ukc	2380328	11
ukd	2380339	10
uke	2380349	98
ukf	2380447	1
ukg	2380448	3
ukh	2380451	150
uki	2380601	176
ukj	2380777	4
ukk	2380781	65
ukl	2380846	33
ukm	2380879	10
ukn	2380889	9
uko	2380898	310
ukp	2381208	18
ukr	2381226	130
uks	2381356	30
ukt	2381386	51
uku	2381437	203
ukv	2381640	3
ukw	2381643	12
uky	2381655	35
ukz	2381690	1
ul 	2381691	704
ula	2382395	1058
ulb	2383453	60
ulc	2383513	151
uld	2383664	83
ule	2383747	477
ulf	2384224	49
ulg	2384273	57
ulh	2384330	38
uli	2384368	736
ulj	2385104	13
ulk	2385117	39
ull	2385156	443
ulm	2385599	74
uln	2385673	41
ulo	2385714	368
ulp	2386082	77
ulq	2386159	7
ulr	2386166	20
uls	2386186	79
ult	2386265	279
ulu	2386544	460
ulv	2387004	25
ulw	2387029	17
ulx	2387046	29
uly	2387075	129
ulz	2387204	60
um 	2387264	616
uma	2387880	653
umb	2388533	654
umc	2389187	11
umd	2389198	10
ume	2389208	294
umf	2389502	9
umg	2389511	13
umh	2389524	13
umi	2389537	251
umj	2389788	2
umk	2389790	23
uml	2389813	45
umm	2389858	169
umn	2390027	24
umo	2390051	190
ump	2390241	138
umq	2390379	1
umr	2390380	35
ums	2390415	57
umt	2390472	15
umu	2390487	149
umv	2390636	3
umw	2390639	4
umx	2390643	2
umy	2390645	16
umz	2390661	3
un 	2390664	1119
una	2391783	697
unb	2392480	62
unc	2392542	361
und	2392903	976
une	2393879	281
unf	2394160	61
ung	2394221	1860
unh	2396081	74
uni	2396155	683
unj	2396838	80
unk	2396918	139
unl	2397057	65
unm	2397122	30
unn	2397152	226
uno	2397378	239
unp	2397617	16
unq	2397633	16
unr	2397649	28
uns	2397677	226
unt	2397903	965
unu	2398868	160
unv	2399028	7
unw	2399035	21
unx	2399056	18
uny	2399074	80
unz	2399154	79
uo 	2399233	240
uoa	2399473	2
uob	2399475	22
uoc	2399497	60
uod	2399557	22
uoe	2399579	1
uof	2399580	13
uog	2399593	20
uoh	2399613	26
uoi	2399639	12
uoj	2399651	28
uok	2399679	23
uol	2399702	60
uom	2399762	17
uon	2399779	106
uop	2399885	21
uoq	2399906	8
uor	2399914	34
uos	2399948	31
uot	2399979	39
uou	2400018	1
uov	2400019	105
uow	2400124	5
uox	2400129	12
uoy	2400141	36
uoz	2400177	25
up 	2400202	266
upa	2400468	232
upb	2400700	1
upc	2400701	12
upe	2400713	380
upf	2401093	4
upg	2401097	3
uph	2401100	20
upi	2401120	198
upk	2401318	8
upl	2401326	59
upm	2401385	2
upn	2401387	13
upo	2401400	114
upp	2401514	176
upr	2401690	33
ups	2401723	23
upt	2401746	37
upu	2401783	87
upv	2401870	1
upw	2401871	5
upy	2401876	14
uq 	2401890	44
uqa	2401934	11
uqb	2401945	2
uqe	2401947	4
uqi	2401951	65
uql	2402016	1
uqo	2402017	1
uqq	2402018	1
uqs	2402019	1
uqu	2402020	157
ur 	2402177	3131
ura	2405308	1366
urb	2406674	170
urc	2406844	211
urd	2407055	193
ure	2407248	823
urf	2408071	31
urg	2408102	1239
urh	2409341	35
uri	2409376	968
urj	2410344	26
urk	2410370	97
url	2410467	157
urm	2410624	100
urn	2410724	491
uro	2411215	467
urp	2411682	52
urq	2411734	23
urr	2411757	246
urs	2412003	370
urt	2412373	652
uru	2413025	455
urv	2413480	61
urw	2413541	54
ury	2413595	328
urz	2413923	63
us 	2413986	801
usa	2414787	426
usb	2415213	34
usc	2415247	157
usd	2415404	23
use	2415427	831
usf	2416258	3
usg	2416261	7
ush	2416268	576
usi	2416844	240
usj	2417084	8
usk	2417092	102
usl	2417194	38
usm	2417232	20
usn	2417252	39
uso	2417291	115
usp	2417406	38
usq	2417444	18
usr	2417462	15
uss	2417477	539
ust	2418016	694
usu	2418710	107
usv	2418817	8
usw	2418825	21
usy	2418846	17
usz	2418863	61
ut 	2418924	470
uta	2419394	467
utb	2419861	9
utc	2419870	22
utd	2419892	2
ute	2419894	325
utf	2420219	4
utg	2420223	5
uth	2420228	772
uti	2421000	419
utj	2421419	12
utk	2421431	26
utl	2421457	197
utm	2421654	7
utn	2421661	28
uto	2421689	233
utp	2421922	6
utq	2421928	2
utr	2421930	94
uts	2422024	87
utt	2422111	358
utu	2422469	170
utv	2422639	6
utw	2422645	10
utx	2422655	5
uty	2422660	31
utz	2422691	99
uu 	2422790	28
uua	2422818	1
uub	2422819	4
uud	2422823	2
uue	2422825	2
uuf	2422827	2
uug	2422829	3
uuj	2422832	4
uuk	2422836	10
uul	2422846	11
uum	2422857	5
uun	2422862	20
uuo	2422882	1
uup	2422883	3
uuq	2422886	1
uur	2422887	65
uus	2422952	15
uut	2422967	7
uuv	2422974	1
uuy	2422975	1
uv 	2422976	19
uva	2422995	182
uvc	2423177	1
uve	2423178	250
uvi	2423428	218
uvk	2423646	10
uvo	2423656	36
uvr	2423692	62
uvs	2423754	2
uvu	2423756	9
uvy	2423765	13
uw 	2423778	37
uwa	2423815	156
uwd	2423971	1
uwe	2423972	78
uwf	2424050	1
uwg	2424051	1
uwh	2424052	3
uwi	2424055	32
uwk	2424087	5
uwl	2424092	2
uwm	2424094	2
uwn	2424096	1
uwo	2424097	18
uwp	2424115	3
uwr	2424118	1
uws	2424119	4
uwu	2424123	20
uwv	2424143	1
uww	2424144	2
ux 	2424146	700
uxa	2424846	11
uxb	2424857	6
uxc	2424863	10
uxd	2424873	2
uxe	2424875	23
uxf	2424898	3
uxh	2424901	8
uxi	2424909	154
uxl	2425063	3
uxm	2425066	2
uxo	2425068	10
uxp	2425078	10
uxq	2425088	1
uxt	2425089	39
uxu	2425128	17
uxv	2425145	3
uxw	2425148	2
uxy	2425150	4
uy 	2425154	160
uya	2425314	211
uyb	2425525	6
uyc	2425531	3
uyd	2425534	3
uye	2425537	105
uyg	2425642	5
uyh	2425647	2
uyi	2425649	37
uyk	2425686	3
uyl	2425689	9
uym	2425698	8
uyn	2425706	13
uyo	2425719	72
uyq	2425791	1
uyr	2425792	8
uys	2425800	14
uyt	2425814	11
uyu	2425825	176
uyv	2426001	5
uyy	2426006	2
uz 	2426008	536
uza	2426544	190
uzb	2426734	12
uzc	2426746	9
uzd	2426755	14
uze	2426769	184
uzg	2426953	7
uzh	2426960	216
uzi	2427176	154
uzk	2427330	16
uzl	2427346	24
uzm	2427370	23
uzn	2427393	34
uzo	2427427	84
uzp	2427511	1
uzq	2427512	2
uzr	2427514	2
uzs	2427516	8
uzt	2427524	9
uzu	2427533	74
uzv	2427607	4
uzw	2427611	4
uzy	2427615	32
uzz	2427647	54
va 	2427701	1617
vaa	2429318	40
vab	2429358	9
vac	2429367	267
vad	2429634	271
vae	2429905	8
vaf	2429913	8
vag	2429921	120
vah	2430041	35
vai	2430076	163
vaj	2430239	27
vak	2430266	87
val	2430353	2125
vam	2432478	36
van	2432514	978
vao	2433492	21
vap	2433513	21
vaq	2433534	18
var	2433552	914
vas	2434466	349
vat	2434815	281
vau	2435096	131
vav	2435227	21
vax	2435248	4
vay	2435252	84
vaz	2435336	59
vba	2435395	3
vby	2435398	4
vca	2435402	11
vce	2435413	93
vch	2435506	42
vci	2435548	112
vcy	2435660	1
vd 	2435661	3
vda	2435664	21
vde	2435685	10
vdi	2435695	14
vdo	2435709	5
vdr	2435714	1
vdz	2435715	1
ve 	2435716	1062
vea	2436778	35
veb	2436813	8
vec	2436821	241
ved	2437062	161
vee	2437223	54
veg	2437277	129
veh	2437406	25
vei	2437431	139
vej	2437570	18
vek	2437588	14
vel	2437602	850
vem	2438452	18
ven	2438470	1100
veo	2439570	6
vep	2439576	12
veq	2439588	11
ver	2439599	2189
ves	2441788	477
vet	2442265	298
veu	2442563	41
vev	2442604	11
vex	2442615	11
vey	2442626	62
vez	2442688	93
vfu	2442781	1
vga	2442782	7
vge	2442789	2
vgi	2442791	1
vgo	2442792	8
vgr	2442800	14
vgu	2442814	1
vhe	2442815	6
vhl	2442821	2
vho	2442823	4
vhu	2442827	4
vi 	2442831	271
via	2443102	259
vib	2443361	25
vic	2443386	1022
vid	2444408	227
vie	2444635	895
vif	2445530	3
vig	2445533	284
vih	2445817	10
vii	2445827	53
vij	2445880	29
vik	2445909	175
vil	2446084	4565
vim	2450649	28
vin	2450677	668
vio	2451345	87
vip	2451432	10
viq	2451442	4
vir	2451446	210
vis	2451656	597
vit	2452253	355
viu	2452608	6
viv	2452614	77
vix	2452691	7
viy	2452698	12
viz	2452710	61
vja	2452771	3
vje	2452774	8
vk 	2452782	4
vka	2452786	1542
vke	2454328	3
vkh	2454331	7
vki	2454338	11
vko	2454349	17
vku	2454366	2
vkv	2454368	1
vky	2454369	18
vl 	2454387	7
vla	2454394	101
vlc	2454495	3
vle	2454498	39
vli	2454537	69
vlj	2454606	23
vlk	2454629	4
vll	2454633	1
vlo	2454634	56
vlt	2454690	11
vlu	2454701	3
vly	2454704	13
vma	2454717	3
vmb	2454720	1
vmi	2454721	2
vn 	2454723	5
vna	2454728	29
vne	2454757	22
vni	2454779	65
vnj	2454844	1
vno	2454845	20
vns	2454865	3
vnu	2454868	1
vny	2454869	12
vo 	2454881	1683
voa	2456564	45
vob	2456609	33
voc	2456642	36
vod	2456678	148
voe	2456826	22
vof	2456848	4
vog	2456852	78
voh	2456930	23
voi	2456953	127
voj	2457080	22
vok	2457102	46
vol	2457148	357
vom	2457505	65
von	2457570	193
voo	2457763	56
vop	2457819	37
vor	2457856	302
vos	2458158	170
vot	2458328	44
vou	2458372	145
vov	2458517	41
vow	2458558	1
voy	2458559	84
voz	2458643	59
vpa	2458702	2
vpe	2458704	1
vpi	2458705	1
vpu	2458706	2
vra	2458708	145
vrb	2458853	26
vrc	2458879	9
vrd	2458888	7
vre	2458895	176
vrg	2459071	2
vrh	2459073	14
vri	2459087	89
vrk	2459176	1
vrl	2459177	3
vrn	2459180	2
vro	2459182	68
vrp	2459250	2
vrs	2459252	6
vrt	2459258	3
vru	2459261	9
vrv	2459270	2
vry	2459272	47
vrz	2459319	1
vs 	2459320	5
vsa	2459325	13
vsb	2459338	3
vsc	2459341	3
vse	2459344	17
vsg	2459361	1
vsh	2459362	28
vsi	2459390	4
vsj	2459394	1
vsk	2459395	571
vsl	2459966	1
vsn	2459967	2
vso	2459969	1
vst	2459970	10
vsu	2459980	2
vsy	2459982	3
vt 	2459985	1
vta	2459986	9
vte	2459995	4
vti	2459999	1
vtn	2460000	2
vto	2460002	10
vtr	2460012	2
vts	2460014	149
vtu	2460163	3
vty	2460166	1
vu 	2460167	41
vua	2460208	6
vub	2460214	2
vuc	2460216	7
vud	2460223	3
vue	2460226	36
vuf	2460262	1
vug	2460263	4
vuh	2460267	6
vui	2460273	4
vuk	2460277	16
vul	2460293	43
vum	2460336	4
vun	2460340	21
vuo	2460361	21
vur	2460382	35
vus	2460417	17
vut	2460434	19
vuv	2460453	1
vuw	2460454	1
vuy	2460455	1
vuz	2460456	7
vva	2460463	1
vve	2460464	5
vvi	2460469	2
vvo	2460471	2
vvu	2460473	1
vwa	2460474	1
vxa	2460475	1
vxi	2460476	1
vy 	2460477	97
vya	2460574	52
vyb	2460626	4
vyc	2460630	35
vyd	2460665	21
vye	2460686	4
vyg	2460690	1
vyh	2460691	4
vyi	2460695	23
vyk	2460718	3
vyl	2460721	11
vym	2460732	1
vyn	2460733	50
vyo	2460783	1
vyp	2460784	4
vyr	2460788	10
vys	2460798	96
vyt	2460894	31
vyu	2460925	1
vyy	2460926	50
vyz	2460976	7
vz 	2460983	1
vza	2460984	1
vzh	2460985	4
vzi	2460989	2
vzm	2460991	2
vzo	2460993	1
vzy	2460994	1
wa 	2460995	682
waa	2461677	54
wab	2461731	49
wac	2461780	50
wad	2461830	171
wae	2462001	24
waf	2462025	11
wag	2462036	84
wah	2462120	131
wai	2462251	229
waj	2462480	17
wak	2462497	109
wal	2462606	816
wam	2463422	55
wan	2463477	1096
wao	2464573	8
wap	2464581	23
waq	2464604	4
war	2464608	757
was	2465365	214
wat	2465579	408
wau	2465987	50
wav	2466037	44
waw	2466081	28
wax	2466109	7
way	2466116	280
waz	2466396	12
wba	2466408	13
wbe	2466421	11
wbi	2466432	5
wbo	2466437	7
wbr	2466444	22
wbt	2466466	1
wbu	2466467	17
wbw	2466484	3
wby	2466487	3
wc 	2466490	1
wca	2466491	22
wce	2466513	6
wch	2466519	8
wcl	2466527	1
wco	2466528	4
wcz	2466532	4
wd 	2466536	1
wda	2466537	15
wdd	2466552	1
wde	2466553	17
wdh	2466570	1
wdi	2466571	1
wdl	2466572	2
wdn	2466574	2
wdo	2466576	7
wdy	2466583	1
wdz	2466584	1
we 	2466585	141
wea	2466726	27
web	2466753	32
wec	2466785	17
wed	2466802	55
wee	2466857	83
wef	2466940	2
weg	2466942	74
weh	2467016	21
wei	2467037	582
wej	2467619	5
wek	2467624	32
wel	2467656	414
wem	2468070	22
wen	2468092	327
weo	2468419	2
wep	2468421	12
wer	2468433	294
wes	2468727	921
wet	2469648	140
weu	2469788	2
wev	2469790	4
wew	2469794	9
wex	2469803	3
wey	2469806	34
wez	2469840	14
wf 	2469854	3
wfa	2469857	2
wfi	2469859	6
wfl	2469865	1
wfo	2469866	13
wg 	2469879	1
wga	2469880	2
wgh	2469882	2
wgo	2469884	1
wgr	2469885	4
wgu	2469889	2
wha	2469891	57
whe	2469948	37
whi	2469985	198
whk	2470183	1
who	2470184	3
whu	2470187	4
why	2470191	9
wi 	2470200	50
wia	2470250	29
wib	2470279	5
wic	2470284	523
wid	2470807	36
wie	2470843	371
wif	2471214	8
wig	2471222	47
wih	2471269	22
wii	2471291	1
wij	2471292	83
wik	2471375	10
wil	2471385	643
wim	2472028	28
win	2472056	578
wio	2472634	5
wip	2472639	14
wiq	2472653	1
wir	2472654	38
wis	2472692	141
wit	2472833	242
wiv	2473075	3
wiw	2473078	5
wix	2473083	2
wiy	2473085	11
wiz	2473096	8
wja	2473104	3
wje	2473107	4
wji	2473111	2
wk 	2473113	14
wka	2473127	65
wke	2473192	12
wkh	2473204	3
wki	2473207	10
wkl	2473217	1
wkn	2473218	2
wko	2473220	6
wks	2473226	3
wkt	2473229	1
wku	2473230	2
wkw	2473232	1
wl 	2473233	16
wla	2473249	46
wlc	2473295	1
wle	2473296	48
wli	2473344	15
wll	2473359	2
wlm	2473361	1
wln	2473362	1
wlo	2473363	28
wls	2473391	3
wlt	2473394	1
wlu	2473395	2
wly	2473397	1
wm 	2473398	8
wma	2473406	32
wmb	2473438	2
wme	2473440	2
wmi	2473442	5
wmm	2473447	1
wmo	2473448	4
wmt	2473452	1
wn 	2473453	789
wna	2474242	13
wnb	2474255	2
wnd	2474257	6
wne	2474263	41
wnf	2474304	3
wng	2474307	8
wnh	2474315	8
wni	2474323	39
wnl	2474362	2
wnm	2474364	1
wno	2474365	13
wnp	2474378	3
wns	2474381	96
wnt	2474477	30
wnv	2474507	6
wnw	2474513	2
wo 	2474515	279
woa	2474794	3
wob	2474797	15
woc	2474812	8
wod	2474820	23
woe	2474843	12
wof	2474855	2
wog	2474857	9
woh	2474866	32
woi	2474898	8
woj	2474906	22
wok	2474928	15
wol	2474943	295
wom	2475238	13
won	2475251	146
woo	2475397	928
wop	2476325	5
wor	2476330	335
wos	2476665	21
wot	2476686	25
wou	2476711	28
wov	2476739	1
wow	2476740	10
wox	2476750	1
woy	2476751	4
woz	2476755	9
wpa	2476764	3
wpe	2476767	3
wpl	2476770	2
wpo	2476772	36
wpu	2476808	1
wqa	2476809	6
wqd	2476815	1
wqu	2476816	1
wr 	2476817	20
wra	2476837	35
wre	2476872	42
wri	2476914	48
wrl	2476962	1
wrn	2476963	1
wro	2476964	23
wrt	2476987	1
wru	2476988	2
wry	2476990	3
wrz	2476993	9
ws 	2477002	76
wsa	2477078	2
wsb	2477080	10
wsc	2477090	5
wse	2477095	4
wsf	2477099	1
wsh	2477100	13
wsi	2477113	3
wsk	2477116	65
wsl	2477181	3
wso	2477184	28
wsr	2477212	1
wst	2477213	21
wsu	2477234	2
wsv	2477236	1
wsw	2477237	2
wsy	2477239	1
wsz	2477240	9
wt 	2477249	3
wta	2477252	2
wte	2477254	5
wth	2477259	23
wto	2477282	88
wtr	2477370	2
wtu	2477372	1
wty	2477373	1
wu 	2477374	114
wua	2477488	6
wub	2477494	4
wuc	2477498	17
wud	2477515	25
wue	2477540	1
wuf	2477541	11
wug	2477552	10
wuh	2477562	15
wui	2477577	3
wuj	2477580	29
wuk	2477609	18
wul	2477627	86
wum	2477713	8
wun	2477721	57
wup	2477778	7
wuq	2477785	12
wur	2477797	39
wus	2477836	44
wut	2477880	19
wuu	2477899	2
wuw	2477901	5
wux	2477906	14
wuy	2477920	28
wuz	2477948	10
wva	2477958	2
wve	2477960	1
wvi	2477961	8
ww 	2477969	1
wwa	2477970	9
wwo	2477979	1
wy 	2477980	55
wya	2478035	13
wyb	2478048	1
wyc	2478049	9
wyd	2478058	6
wye	2478064	13
wyf	2478077	1
wyh	2478078	3
wyk	2478081	3
wyl	2478084	7
wym	2478091	7
wyn	2478098	48
wyo	2478146	16
wyr	2478162	5
wys	2478167	24
wyt	2478191	2
wyz	2478193	3
wz 	2478196	1
wza	2478197	4
wzd	2478201	1
wzg	2478202	1
xa 	2478203	44
xaa	2478247	2
xab	2478249	5
xac	2478254	16
xad	2478270	7
xag	2478277	4
xah	2478281	4
xai	2478285	5
xaj	2478290	2
xal	2478292	63
xam	2478355	25
xan	2478380	91
xao	2478471	3
xap	2478474	10
xaq	2478484	2
xar	2478486	20
xas	2478506	21
xat	2478527	7
xau	2478534	3
xav	2478537	7
xax	2478544	5
xay	2478549	10
xaz	2478559	1
xba	2478560	3
xbe	2478563	4
xbi	2478567	2
xbo	2478569	12
xbr	2478581	5
xbu	2478586	17
xby	2478603	4
xca	2478607	108
xce	2478715	6
xch	2478721	5
xci	2478726	2
xco	2478728	89
xcr	2478817	2
xcu	2478819	19
xda	2478838	4
xde	2478842	1
xdo	2478843	9
xdr	2478852	1
xe 	2478853	38
xea	2478891	1
xeb	2478892	3
xec	2478895	4
xed	2478899	11
xee	2478910	1
xeg	2478911	2
xei	2478913	11
xek	2478924	2
xel	2478926	17
xem	2478943	8
xen	2478951	39
xep	2478990	1
xer	2478991	12
xes	2479003	2
xet	2479005	15
xeu	2479020	5
xev	2479025	3
xew	2479028	1
xex	2479029	1
xey	2479030	8
xez	2479038	1
xfa	2479039	1
xfi	2479040	5
xfo	2479045	36
xga	2479081	1
xgh	2479082	1
xgr	2479083	1
xha	2479084	19
xhe	2479103	30
xhi	2479133	15
xho	2479148	7
xhu	2479155	20
xi 	2479175	430
xia	2479605	756
xib	2480361	14
xic	2480375	88
xid	2480463	19
xie	2480482	50
xif	2480532	4
xig	2480536	18
xih	2480554	34
xii	2480588	6
xij	2480594	16
xik	2480610	26
xil	2480636	64
xim	2480700	26
xin	2480726	820
xio	2481546	32
xip	2481578	17
xiq	2481595	17
xir	2481612	18
xis	2481630	26
xit	2481656	32
xiu	2481688	36
xiv	2481724	2
xiw	2481726	12
xix	2481738	28
xiy	2481766	19
xiz	2481785	16
xjo	2481801	1
xke	2481802	1
xko	2481803	2
xku	2481805	4
xla	2481809	4
xle	2481813	29
xli	2481842	3
xlo	2481845	4
xlu	2481849	2
xma	2481851	10
xme	2481861	9
xmi	2481870	8
xmo	2481878	8
xmu	2481886	3
xna	2481889	2
xne	2481891	1
xni	2481892	5
xno	2481897	1
xo 	2481898	41
xoa	2481939	5
xob	2481944	2
xoc	2481946	96
xog	2482042	1
xoh	2482043	1
xoi	2482044	6
xol	2482050	25
xom	2482075	11
xon	2482086	46
xop	2482132	5
xoq	2482137	2
xor	2482139	5
xos	2482144	6
xot	2482150	19
xou	2482169	5
xov	2482174	2
xox	2482176	13
xoy	2482189	5
xpa	2482194	33
xpe	2482227	8
xpi	2482235	1
xpo	2482236	2
xpu	2482238	3
xqu	2482241	20
xro	2482261	1
xru	2482262	1
xsa	2482263	2
xsh	2482265	1
xsm	2482266	1
xst	2482267	4
xsu	2482271	1
xt 	2482272	6
xta	2482278	62
xte	2482340	90
xth	2482430	13
xti	2482443	18
xtl	2482461	169
xto	2482630	85
xtr	2482715	5
xtu	2482720	5
xty	2482725	2
xu 	2482727	51
xua	2482778	31
xub	2482809	4
xuc	2482813	16
xud	2482829	2
xue	2482831	28
xuf	2482859	3
xug	2482862	2
xuh	2482864	4
xuj	2482868	15
xuk	2482883	4
xul	2482887	7
xum	2482894	7
xun	2482901	23
xuo	2482924	1
xup	2482925	3
xuq	2482928	3
xur	2482931	6
xus	2482937	6
xut	2482943	4
xuw	2482947	1
xux	2482948	6
xuy	2482954	10
xuz	2482964	5
xv 	2482969	1
xva	2482970	2
xve	2482972	3
xvi	2482975	16
xwa	2482991	1
xwe	2482992	7
xwi	2482999	3
xwo	2483002	6
xx 	2483008	1
xxa	2483009	2
xxi	2483011	5
xy 	2483016	10
xya	2483026	1
xye	2483027	2
xyl	2483029	4
xyn	2483033	1
ya 	2483034	1626
yaa	2484660	10
yab	2484670	161
yac	2484831	134
yad	2484965	56
yae	2485021	15
yaf	2485036	12
yag	2485048	106
yah	2485154	253
yai	2485407	35
yaj	2485442	10
yak	2485452	223
yal	2485675	281
yam	2485956	344
yan	2486300	1763
yao	2488063	143
yap	2488206	114
yaq	2488320	12
yar	2488332	364
yas	2488696	170
yat	2488866	227
yau	2489093	85
yav	2489178	49
yaw	2489227	34
yax	2489261	17
yay	2489278	96
yaz	2489374	105
yb 	2489479	12
yba	2489491	64
ybb	2489555	11
ybc	2489566	1
ybe	2489567	26
ybi	2489593	20
ybk	2489613	3
ybl	2489616	4
ybn	2489620	15
ybo	2489635	46
ybr	2489681	31
ybu	2489712	27
ybv	2489739	1
ybw	2489740	1
yby	2489741	15
yc 	2489756	2
yca	2489758	47
yce	2489805	89
ych	2489894	214
yci	2490108	9
yck	2490117	12
ycl	2490129	4
yco	2490133	14
ycr	2490147	4
ycs	2490151	3
ycu	2490154	7
ycw	2490161	1
ycy	2490162	2
ycz	2490164	16
yd 	2490180	55
yda	2490235	79
ydb	2490314	3
ydc	2490317	1
ydd	2490318	6
yde	2490324	92
ydf	2490416	2
ydg	2490418	2
ydh	2490420	3
ydi	2490423	41
ydk	2490464	3
ydl	2490467	8
ydm	2490475	3
ydn	2490478	18
ydo	2490496	46
ydr	2490542	12
yds	2490554	3
ydt	2490557	1
ydu	2490558	11
ydy	2490569	5
ydz	2490574	3
ye 	2490577	1103
yea	2491680	14
yeb	2491694	28
yec	2491722	29
yed	2491751	41
yee	2491792	10
yef	2491802	5
yeg	2491807	39
yeh	2491846	85
yei	2491931	8
yej	2491939	1
yek	2491940	32
yel	2491972	126
yem	2492098	35
yen	2492133	248
yeo	2492381	46
yep	2492427	13
yeq	2492440	1
yer	2492441	251
yes	2492692	175
yet	2492867	99
yeu	2492966	24
yev	2492990	240
yew	2493230	6
yex	2493236	3
yey	2493239	7
yez	2493246	14
yf 	2493260	6
yfa	2493266	12
yfe	2493278	6
yff	2493284	5
yfi	2493289	39
yfl	2493328	4
yfo	2493332	13
yft	2493345	1
yfu	2493346	1
yg 	2493347	3
yga	2493350	32
ygd	2493382	12
yge	2493394	17
ygg	2493411	5
ygh	2493416	4
ygi	2493420	12
ygl	2493432	8
ygn	2493440	4
ygo	2493444	18
ygr	2493462	3
ygu	2493465	12
ygy	2493477	2
yh 	2493479	5
yha	2493484	57
yhe	2493541	12
yhi	2493553	15
yhk	2493568	1
yhl	2493569	6
yho	2493575	26
yhr	2493601	2
yht	2493603	3
yhu	2493606	12
yhy	2493618	2
yi 	2493620	403
yia	2494023	9
yib	2494032	9
yic	2494041	11
yid	2494052	17
yie	2494069	3
yif	2494072	4
yig	2494076	17
yih	2494093	15
yij	2494108	10
yik	2494118	14
yil	2494132	39
yim	2494171	32
yin	2494203	332
yio	2494535	16
yip	2494551	7
yiq	2494558	4
yir	2494562	62
yis	2494624	32
yit	2494656	47
yiu	2494703	2
yiv	2494705	107
yiw	2494812	4
yix	2494816	6
yiy	2494822	5
yiz	2494827	13
yj 	2494840	1
yja	2494841	16
yje	2494857	5
yji	2494862	4
yjo	2494866	2
yk 	2494868	84
yka	2494952	89
ykb	2495041	2
ykc	2495043	3
yke	2495046	23
ykh	2495069	87
yki	2495156	80
ykj	2495236	2
ykk	2495238	8
ykl	2495246	3
ykn	2495249	1
yko	2495250	122
ykr	2495372	6
yks	2495378	7
ykt	2495385	2
yku	2495387	8
ykv	2495395	2
yky	2495397	51
yl 	2495448	54
yla	2495502	158
ylb	2495660	5
yld	2495665	10
yle	2495675	77
ylg	2495752	2
ylh	2495754	1
yli	2495755	180
ylk	2495935	13
yll	2495948	50
ylm	2495998	4
yln	2496002	6
ylo	2496008	94
ylp	2496102	1
yls	2496103	8
ylt	2496111	5
ylu	2496116	10
ylv	2496126	29
ylw	2496155	2
yly	2496157	13
ylz	2496170	2
ym 	2496172	28
yma	2496200	108
ymb	2496308	12
ymc	2496320	6
yme	2496326	42
ymf	2496368	3
ymg	2496371	1
ymi	2496372	42
ymk	2496414	8
ymm	2496422	2
ymn	2496424	11
ymo	2496435	111
ymp	2496546	39
yms	2496585	11
ymu	2496596	8
ymw	2496604	1
ymy	2496605	19
yn 	2496624	375
yna	2496999	164
ynb	2497163	3
ync	2497166	14
ynd	2497180	39
yne	2497219	228
ynf	2497447	2
yng	2497449	17
ynh	2497466	13
yni	2497479	133
ynj	2497612	1
ynk	2497613	48
ynl	2497661	3
ynm	2497664	2
ynn	2497666	46
yno	2497712	119
ynp	2497831	1
ynr	2497832	1
yns	2497833	54
ynt	2497887	71
ynu	2497958	11
ynw	2497969	7
yny	2497976	57
ynz	2498033	2
yo 	2498035	447
yoa	2498482	17
yob	2498499	15
yoc	2498514	27
yod	2498541	23
yoe	2498564	4
yof	2498568	4
yog	2498572	29
yoh	2498601	13
yoi	2498614	5
yoj	2498619	8
yok	2498627	45
yol	2498672	91
yom	2498763	49
yon	2498812	459
yoo	2499271	15
yop	2499286	10
yoq	2499296	4
yor	2499300	149
yos	2499449	111
yot	2499560	102
you	2499662	127
yov	2499789	20
yow	2499809	3
yox	2499812	3
yoy	2499815	5
yoz	2499820	7
yp 	2499827	8
ypa	2499835	19
ypc	2499854	2
ype	2499856	8
yph	2499864	2
ypi	2499866	20
ypk	2499886	1
ypl	2499887	1
ypn	2499888	7
ypo	2499895	30
ypr	2499925	16
yps	2499941	10
ypt	2499951	7
ypu	2499958	7
ypy	2499965	2
yq 	2499967	3
yqa	2499970	5
yqu	2499975	4
yr 	2499979	116
yra	2500095	145
yrb	2500240	2
yrc	2500242	2
yrd	2500244	2
yre	2500246	90
yrf	2500336	1
yrg	2500337	13
yrh	2500350	9
yri	2500359	111
yrk	2500470	17
yrl	2500487	5
yrm	2500492	5
yrn	2500497	33
yro	2500530	109
yrr	2500639	2
yrs	2500641	10
yrt	2500651	15
yru	2500666	12
yrv	2500678	2
yry	2500680	23
yrz	2500703	12
ys 	2500715	150
ysa	2500865	53
ysb	2500918	19
ysc	2500937	2
ysd	2500939	4
yse	2500943	36
ysf	2500979	2
ysg	2500981	1
ysh	2500982	195
ysi	2501177	55
ysk	2501232	143
ysl	2501375	54
ysm	2501429	7
ysn	2501436	5
yso	2501441	99
ysp	2501540	4
yss	2501544	51
yst	2501595	154
ysu	2501749	16
ysv	2501765	28
ysw	2501793	6
ysy	2501799	10
ysz	2501809	30
yt 	2501839	57
yta	2501896	52
ytc	2501948	3
yte	2501951	44
yth	2501995	53
yti	2502048	38
ytk	2502086	10
ytl	2502096	7
ytm	2502103	1
ytn	2502104	33
yto	2502137	142
ytr	2502279	26
yts	2502305	156
ytt	2502461	17
ytu	2502478	18
ytv	2502496	6
ytw	2502502	1
yty	2502503	11
ytz	2502514	1
yu 	2502515	181
yua	2502696	321
yub	2503017	52
yuc	2503069	97
yud	2503166	26
yue	2503192	89
yuf	2503281	6
yug	2503287	55
yuh	2503342	19
yui	2503361	2
yuj	2503363	17
yuk	2503380	109
yul	2503489	75
yum	2503564	48
yun	2503612	218
yuo	2503830	2
yup	2503832	14
yuq	2503846	18
yur	2503864	188
yus	2504052	72
yut	2504124	61
yuu	2504185	5
yuv	2504190	13
yuw	2504203	6
yux	2504209	17
yuy	2504226	13
yuz	2504239	51
yv 	2504290	13
yva	2504303	45
yvb	2504348	1
yve	2504349	41
yvi	2504390	141
yvk	2504531	5
yvl	2504536	1
yvn	2504537	4
yvo	2504541	22
yvr	2504563	3
yvt	2504566	3
yvu	2504569	2
yvy	2504571	5
yw 	2504576	2
ywa	2504578	25
ywc	2504603	1
ywd	2504604	1
ywe	2504605	12
ywi	2504617	5
ywn	2504622	3
ywo	2504625	29
ywy	2504654	1
yxa	2504655	2
yxi	2504657	1
yy 	2504658	259
yya	2504917	69
yyd	2504986	1
yye	2504987	49
yyi	2505036	20
yyj	2505056	1
yyk	2505057	1
yyl	2505058	2
yyn	2505060	6
yyo	2505066	7
yyr	2505073	2
yyu	2505075	11
yz 	2505086	10
yza	2505096	23
yzb	2505119	1
yzd	2505120	3
yze	2505123	16
yzg	2505139	3
yzh	2505142	52
yzi	2505194	5
yzk	2505199	3
yzl	2505202	2
yzn	2505204	9
yzo	2505213	15
yzr	2505228	1
yzt	2505229	1
yzy	2505230	29
za 	2505259	928
zaa	2506187	20
zab	2506207	181
zac	2506388	254
zad	2506642	93
zae	2506735	4
zaf	2506739	26
zag	2506765	122
zah	2506887	82
zai	2506969	66
zaj	2507035	29
zak	2507064	112
zal	2507176	381
zam	2507557	138
zan	2507695	756
zao	2508451	52
zap	2508503	284
zaq	2508787	9
zar	2508796	724
zas	2509520	104
zat	2509624	139
zau	2509763	39
zav	2509802	110
zaw	2509912	59
zax	2509971	2
zay	2509973	82
zaz	2510055	21
zba	2510076	56
zbe	2510132	31
zbi	2510163	14
zbl	2510177	1
zbn	2510178	4
zbo	2510182	24
zbr	2510206	6
zbu	2510212	34
zby	2510246	5
zca	2510251	26
zce	2510277	10
zch	2510287	12
zci	2510299	14
zco	2510313	12
zcu	2510325	8
zcz	2510333	82
zd 	2510415	32
zda	2510447	31
zde	2510478	31
zdi	2510509	20
zdk	2510529	1
zdl	2510530	1
zdn	2510531	7
zdo	2510538	47
zdr	2510585	35
zdu	2510620	7
zdv	2510627	5
zdy	2510632	5
zdz	2510637	9
ze 	2510646	397
zea	2511043	40
zeb	2511083	53
zec	2511136	78
zed	2511214	33
zee	2511247	46
zef	2511293	11
zeg	2511304	67
zeh	2511371	39
zei	2511410	59
zej	2511469	10
zek	2511479	38
zel	2511517	378
zem	2511895	104
zen	2511999	500
zeo	2512499	6
zep	2512505	40
zeq	2512545	7
zer	2512552	336
zes	2512888	78
zet	2512966	48
zeu	2513014	18
zev	2513032	47
zew	2513079	83
zey	2513162	31
zez	2513193	30
zfa	2513223	1
zfe	2513224	15
zfn	2513239	1
zfo	2513240	1
zfu	2513241	2
zg 	2513243	1
zga	2513244	22
zge	2513266	10
zgh	2513276	4
zgi	2513280	8
zgl	2513288	1
zgo	2513289	36
zgr	2513325	3
zgu	2513328	5
zgy	2513333	1
zh 	2513334	51
zha	2513385	643
zhb	2514028	12
zhc	2514040	2
zhd	2514042	30
zhe	2514072	418
zhg	2514490	2
zhh	2514492	2
zhi	2514494	191
zhk	2514685	11
zhl	2514696	2
zhm	2514698	6
zhn	2514704	146
zho	2514850	527
zhs	2515377	20
zht	2515397	1
zhu	2515398	532
zhv	2515930	7
zhy	2515937	49
zhz	2515986	12
zi 	2515998	410
zia	2516408	146
zib	2516554	39
zic	2516593	86
zid	2516679	23
zie	2516702	206
zif	2516908	4
zig	2516912	71
zih	2516983	15
zii	2516998	10
zij	2517008	15
zik	2517023	44
zil	2517067	175
zim	2517242	69
zin	2517311	415
zio	2517726	124
zip	2517850	21
ziq	2517871	8
zir	2517879	74
zis	2517953	57
zit	2518010	58
ziu	2518068	7
ziv	2518075	42
ziw	2518117	9
zix	2518126	3
ziy	2518129	30
ziz	2518159	29
zja	2518188	8
zje	2518196	8
zk 	2518204	5
zka	2518209	33
zke	2518242	14
zki	2518256	45
zkl	2518301	3
zko	2518304	80
zkr	2518384	3
zku	2518387	4
zkv	2518391	2
zky	2518393	5
zl 	2518398	2
zla	2518400	72
zle	2518472	32
zli	2518504	55
zlj	2518559	1
zlk	2518560	1
zlo	2518561	56
zlr	2518617	1
zlu	2518618	21
zly	2518639	10
zm 	2518649	5
zma	2518654	62
zme	2518716	13
zmi	2518729	27
zmo	2518756	13
zmu	2518769	5
zmy	2518774	2
zn 	2518776	1
zna	2518777	109
zne	2518886	61
zni	2518947	96
znj	2519043	2
znk	2519045	1
zno	2519046	86
zny	2519132	30
zo 	2519162	485
zoa	2519647	28
zob	2519675	34
zoc	2519709	27
zod	2519736	14
zoe	2519750	10
zof	2519760	6
zog	2519766	26
zoh	2519792	9
zoi	2519801	10
zoj	2519811	6
zok	2519817	13
zol	2519830	182
zom	2520012	42
zon	2520054	336
zoo	2520390	9
zop	2520399	20
zoq	2520419	27
zor	2520446	133
zos	2520579	51
zot	2520630	38
zou	2520668	111
zov	2520779	140
zow	2520919	184
zoy	2521103	27
zoz	2521130	17
zpa	2521147	4
zpe	2521151	8
zpi	2521159	6
zpo	2521165	4
zpr	2521169	3
zpu	2521172	9
zqa	2521181	2
zqu	2521183	57
zr 	2521240	1
zra	2521241	54
zre	2521295	15
zri	2521310	5
zrk	2521315	1
zrl	2521316	1
zrn	2521317	3
zro	2521320	15
zru	2521335	4
zsa	2521339	12
zsc	2521351	35
zse	2521386	12
zsi	2521398	4
zsk	2521402	13
zso	2521415	9
zsr	2521424	1
zst	2521425	9
zsu	2521434	1
zsy	2521435	1
zsz	2521436	2
zt 	2521438	4
zta	2521442	38
zte	2521480	25
zth	2521505	4
zti	2521509	7
ztl	2521516	7
zto	2521523	30
zts	2521553	4
ztu	2521557	8
ztv	2521565	1
zty	2521566	5
zu 	2521571	136
zua	2521707	19
zub	2521726	32
zuc	2521758	26
zud	2521784	8
zue	2521792	109
zuf	2521901	6
zug	2521907	12
zuh	2521919	10
zui	2521929	62
zuj	2521991	3
zuk	2521994	14
zul	2522008	85
zum	2522093	84
zun	2522177	76
zuo	2522253	37
zup	2522290	7
zuq	2522297	2
zur	2522299	124
zus	2522423	13
zut	2522436	16
zuu	2522452	10
zuv	2522462	3
zuw	2522465	5
zux	2522470	10
zuy	2522480	10
zuz	2522490	11
zva	2522501	18
zve	2522519	23
zvi	2522542	19
zvo	2522561	53
zvy	2522614	5
zwa	2522619	28
zwe	2522647	33
zwi	2522680	46
zwn	2522726	1
zwo	2522727	10
zwy	2522737	1
zy 	2522738	96
zya	2522834	15
zyb	2522849	20
zyc	2522869	113
zyd	2522982	12
zye	2522994	7
zyg	2523001	9
zyi	2523010	1
zyk	2523011	21
zyl	2523032	31
zym	2523063	13
zyn	2523076	133
zyo	2523209	10
zyp	2523219	1
zyr	2523220	23
zys	2523243	19
zyt	2523262	13
zyu	2523275	9
zyv	2523284	2
zyw	2523286	15
zyy	2523301	1
zyz	2523302	20
zza	2523322	293
zze	2523615	44
zzh	2523659	1
zzi	2523660	45
zzl	2523705	1
zzo	2523706	233
zzu	2523939	15
