" ""k"	0	1
 & 	1	5
 'a	6	198
 'e	204	7
 'i	211	13
 'n	224	2
 'o	226	21
 'u	247	20
 ( 	267	4
 (1	271	5
 (a	276	36
 (b	312	35
 (c	347	117
 (d	464	38
 (e	502	209
 (f	711	10
 (g	721	11
 (h	732	69
 (i	801	8
 (j	809	13
 (k	822	102
 (l	924	208
 (m	1132	31
 (n	1163	24
 (o	1187	7
 (p	1194	66
 (q	1260	5
 (r	1265	24
 (s	1289	196
 (t	1485	33
 (u	1518	1
 (v	1519	16
 (w	1535	2
 (x	1537	4
 (y	1541	1
 (z	1542	9
 ) 	1551	1
 - 	1552	73
 -e	1625	1
 -f	1626	1
 -n	1627	11
 -o	1638	1
 -s	1639	2
 / 	1641	364
 //	2005	16
 00	2021	191
 01	2212	1604
 02	3816	1520
 03	5336	1365
 04	6701	1005
 05	7706	1227
 06	8933	1822
 07	10755	1517
 08	12272	1014
 09	13286	1069
 1 	14355	296
 1)	14651	12
 1,	14663	1
 1-	14664	1
 10	14665	1446
 11	16111	1077
 12	17188	1454
 13	18642	1043
 14	19685	1646
 15	21331	532
 16	21863	575
 17	22438	439
 18	22877	1107
 19	23984	392
 1r	24376	59
 2 	24435	180
 2)	24615	12
 20	24627	588
 21	25215	2289
 22	27504	515
 23	28019	721
 24	28740	597
 25	29337	2201
 26	31538	433
 27	31971	281
 28	32252	246
 29	32498	135
 2d	32633	49
 3 	32682	145
 3)	32827	14
 30	32841	662
 31	33503	207
 32	33710	1032
 33	34742	258
 34	35000	1398
 35	36398	418
 36	36816	443
 37	37259	151
 38	37410	75
 39	37485	119
 3r	37604	18
 4 	37622	232
 4)	37854	9
 40	37863	582
 41	38445	389
 42	38834	658
 43	39492	640
 44	40132	140
 45	40272	931
 46	41203	467
 47	41670	256
 48	41926	402
 49	42328	74
 4t	42402	5
 5 	42407	314
 5)	42721	6
 50	42727	190
 51	42917	672
 52	43589	872
 53	44461	712
 54	45173	41
 55	45214	333
 56	45547	192
 57	45739	414
 58	46153	56
 59	46209	163
 5t	46372	7
 6 	46379	765
 6)	47144	9
 60	47153	105
 61	47258	163
 62	47421	695
 63	48116	474
 64	48590	423
 65	49013	607
 66	49620	53
 67	49673	215
 68	49888	190
 69	50078	26
 6t	50104	2
 7 	50106	495
 7)	50601	10
 70	50611	45
 71	50656	459
 72	51115	1086
 73	52201	98
 74	52299	157
 75	52456	379
 76	52835	81
 77	52916	495
 78	53411	616
 79	54027	34
 8 	54061	224
 8)	54285	4
 80	54289	271
 81	54560	185
 82	54745	690
 83	55435	146
 84	55581	33
 85	55614	113
 86	55727	10
 87	55737	9
 88	55746	424
 9 	56170	165
 9)	56335	4
 90	56339	17
 91	56356	12
 92	56368	10
 93	56378	11
 94	56389	12
 95	56401	10
 96	56411	14
 99	56425	1
 ? 	56426	2
 ?e	56428	3
 [a	56431	2
 [b	56433	3
 [c	56436	6
 [e	56442	2
 [f	56444	37
 [g	56481	4
 [i	56485	1
 [n	56486	1
 [u	56487	3
 `o	56490	1
 a 	56491	444
 a'	56935	7
 a)	56942	1
 a.	56943	13
 aa	56956	179
 ab	57135	1711
 ac	58846	573
 ad	59419	1090
 ae	60509	118
 af	60627	1488
 ag	62115	1669
 ah	63784	591
 ai	64375	638
 aj	65013	43
 ak	65056	334
 al	65390	4467
 am	69857	1511
 an	71368	5156
 ao	76524	617
 ap	77141	479
 aq	77620	86
 ar	77706	6930
 as	84636	979
 at	85615	3554
 au	89169	10625
 av	99794	847
 aw	100641	197
 ax	100838	27
 ay	100865	406
 az	101271	1034
 b 	102305	888
 b'	103193	9
 b.	103202	3
 ba	103205	12717
 bb	115922	356
 bc	116278	1115
 bd	117393	275
 be	117668	5030
 bf	122698	1073
 bg	123771	589
 bh	124360	380
 bi	124740	1891
 bj	126631	305
 bk	126936	128
 bl	127064	952
 bm	128016	43
 bn	128059	223
 bo	128282	3662
 bp	131944	1
 bq	131945	10
 br	131955	9407
 bs	141362	368
 bt	141730	836
 bu	142566	2163
 bv	144729	117
 bw	144846	1257
 by	146103	358
 bz	146461	490
 c 	146951	346
 c-	147297	3
 c.	147300	4
 ca	147304	16880
 cb	164184	77
 cc	164261	2
 cd	164263	119
 ce	164382	3702
 cf	168084	52
 cg	168136	254
 ch	168390	22875
 ci	191265	6186
 cj	197451	176
 ck	197627	3
 cl	197630	2841
 cm	200471	1353
 cn	201824	16228
 co	218052	11581
 cp	229633	287
 cq	229920	957
 cr	230877	2414
 cs	233291	199
 ct	233490	1073
 cu	234563	962
 cv	235525	1188
 cw	236713	14
 cx	236727	1
 cy	236728	243
 cz	236971	2808
 d 	239779	403
 d'	240182	5510
 d-	245692	1
 da	245693	2064
 db	247757	265
 dc	248022	59
 dd	248081	1
 de	248082	24588
 df	272670	33
 dg	272703	1
 dh	272704	97
 di	272801	1551
 dj	274352	272
 dk	274624	550
 dl	275174	122
 dm	275296	23
 dn	275319	839
 do	276158	3604
 dq	279762	7
 dr	279769	237
 ds	280006	7
 dt	280013	9
 du	280022	1431
 dv	281453	14
 dw	281467	8
 dy	281475	262
 dz	281737	380
 e 	282117	538
 e.	282655	2
 ea	282657	784
 eb	283441	42
 ec	283483	734
 ed	284217	134
 ee	284351	222
 ef	284573	9
 eg	284582	275
 eh	284857	54
 ei	284911	22
 ej	284933	32
 ek	284965	23
 el	284988	1104
 em	286092	947
 en	287039	4969
 eo	292008	3
 ep	292011	67
 eq	292078	42
 er	292120	190
 es	292310	8694
 et	301004	387
 eu	301391	45
 ev	301436	28
 ew	301464	9
 ex	301473	384
 ey	301857	17
 ez	301874	6
 f 	301880	230
 f.	302110	2
 fa	302112	892
 fc	303004	7
 fd	303011	7
 fe	303018	6142
 ff	309160	2
 fg	309162	1
 fh	309163	2
 fi	309165	1179
 fj	310344	838
 fk	311182	14
 fl	311196	1094
 fm	312290	111
 fo	312401	521
 fp	312922	2
 fq	312924	1
 fr	312925	16749
 fs	329674	147
 fu	329821	1111
 fy	330932	19
 g 	330951	428
 g.	331379	5
 ga	331384	2916
 gb	334300	5952
 gc	340252	1
 gd	340253	2023
 ge	342276	16852
 gf	359128	22
 gg	359150	13
 gh	359163	380
 gi	359543	1223
 gj	360766	648
 gk	361414	9
 gl	361423	285
 gm	361708	182
 gn	361890	165
 go	362055	1637
 gp	363692	114
 gq	363806	28
 gr	363834	7170
 gs	371004	757
 gt	371761	343
 gu	372104	5893
 gw	377997	60
 gx	378057	151
 gy	378208	209
 gz	378417	310
 h 	378727	364
 h'	379091	1
 h.	379092	1
 ha	379093	4838
 hb	383931	1097
 hd	385028	1740
 he	386768	3118
 hh	389886	6
 hi	389892	2352
 hj	392244	23
 hk	392267	353
 hl	392620	832
 hm	393452	34
 hn	393486	1463
 ho	394949	1881
 hp	396830	98
 hr	396928	1564
 hs	398492	2
 ht	398494	123
 hu	398617	4072
 hv	402689	2
 hw	402691	26
 hy	402717	57
 i 	402774	542
 i.	403316	47
 ia	403363	825
 ib	404188	258
 ic	404446	109
 id	404555	10502
 ie	415057	571
 if	415628	82
 ig	415710	1952
 ih	417662	8
 ii	417670	62
 ij	417732	7
 ik	417739	9
 il	417748	3472
 im	421220	275
 in	421495	17637
 io	439132	577
 ip	439709	122
 iq	439831	174
 ir	440005	3798
 is	443803	2132
 it	445935	11950
 iu	457885	1
 iv	457886	187
 iw	458073	36
 ix	458109	51
 iy	458160	1
 iz	458161	145
 j 	458306	250
 j.	458556	12
 ja	458568	9337
 jb	467905	1737
 jd	469642	5
 je	469647	906
 jg	470553	13
 jh	470566	244
 ji	470810	5363
 jk	476173	157
 jl	476330	254
 jm	476584	158
 jn	476742	45
 jo	476787	1368
 jp	478155	2190
 jr	480345	1
 js	480346	868
 jt	481214	1036
 ju	482250	1033
 jw	483283	3
 jx	483286	1191
 k 	484477	194
 k'	484671	17
 k.	484688	1
 ka	484689	3333
 kb	488022	107
 kc	488129	36
 kd	488165	290
 ke	488455	2358
 kf	490813	16
 kg	490829	202
 kh	491031	1738
 ki	492769	6692
 kk	499461	42
 kl	499503	678
 km	500181	122
 kn	500303	120
 ko	500423	1886
 kp	502309	206
 kr	502515	5120
 ks	507635	404
 kt	508039	168
 ku	508207	669
 kv	508876	23
 kw	508899	257
 ky	509156	1030
 kz	510186	492
 l 	510678	328
 l'	511006	64
 l.	511070	11
 la	511081	8697
 lb	519778	202
 lc	519980	575
 ld	520555	9
 le	520564	3396
 lg	523960	338
 lh	524298	18
 li	524316	2412
 lj	526728	15
 lk	526743	91
 ll	526834	1925
 lm	528759	8
 ln	528767	359
 lo	529126	5625
 lp	534751	114
 lr	534865	48
 ls	534913	64
 lt	534977	183
 lu	535160	2542
 lv	537702	317
 lw	538019	1
 lx	538020	4
 ly	538024	146
 m 	538170	677
 m'	538847	14
 m.	538861	5
 ma	538866	13471
 mb	552337	133
 mc	552470	122
 md	552592	1254
 me	553846	19173
 mf	573019	10
 mg	573029	1724
 mh	574753	735
 mi	575488	5883
 mj	581371	5
 mk	581376	303
 ml	581679	221
 mm	581900	758
 mn	582658	1024
 mo	583682	5405
 mp	589087	727
 mq	589814	30
 mr	589844	102
 ms	589946	581
 mt	590527	480
 mu	591007	1299
 mv	592306	576
 mw	592882	108
 mx	592990	16880
 my	609870	1733
 mz	611603	130
 n 	611733	284
 n'	612017	2
 n.	612019	6
 na	612025	5038
 nb	617063	1077
 nc	618140	913
 nd	619053	151
 ne	619204	8663
 nf	627867	1
 ng	627868	1196
 nh	629064	481
 ni	629545	3445
 nj	632990	599
 nk	633589	15
 nl	633604	2377
 nm	635981	571
 no	636552	8683
 np	645235	93
 nq	645328	5
 nr	645333	21
 ns	645354	1809
 nt	647163	1782
 nu	648945	2395
 nv	651340	138
 nw	651478	700
 nx	652178	114
 ny	652292	1298
 nz	653590	746
 o 	654336	298
 o'	654634	33
 oa	654667	1320
 ob	655987	8495
 oc	664482	2461
 od	666943	773
 oe	667716	116
 of	667832	401
 og	668233	108
 oh	668341	888
 oi	669229	27
 oj	669256	33
 ok	669289	534
 ol	669823	616
 om	670439	132
 on	670571	769
 oo	671340	3
 op	671343	162
 or	671505	802
 os	672307	390
 ot	672697	355
 ou	673052	150
 ov	673202	138
 ow	673340	34
 ox	673374	10
 oy	673384	39
 oz	673423	25
 p 	673448	120
 p'	673568	1
 p.	673569	2
 p1	673571	12
 p2	673583	8
 p3	673591	19
 p4	673610	15
 p5	673625	11
 p6	673636	10
 p7	673646	9
 pa	673655	9588
 pb	683243	764
 pc	684007	1
 pd	684008	1021
 pe	685029	5720
 pf	690749	49
 pg	690798	59
 ph	690857	5226
 pi	696083	2666
 pk	698749	593
 pl	699342	4507
 pm	703849	14
 pn	703863	128
 po	703991	7274
 pr	711265	5731
 ps	716996	513
 pt	717509	1130
 pu	718639	2887
 pv	721526	310
 pw	721836	35
 py	721871	254
 q 	722125	38
 qa	722163	361
 qb	722524	4
 qc	722528	549
 qe	723077	11
 qh	723088	279
 qi	723367	307
 ql	723674	1054
 qo	724728	70
 qr	724798	26
 qt	724824	3
 qu	724827	2520
 qy	727347	13
 r 	727360	91
 r.	727451	6
 ra	727457	1368
 rb	728825	3
 rc	728828	1
 rd	728829	59
 re	728888	5211
 rf	734099	1
 rg	734100	12
 rh	734112	2324
 ri	736436	2949
 rj	739385	451
 rk	739836	4
 rl	739840	4
 rm	739844	50
 rn	739894	191
 ro	740085	8534
 rp	748619	2250
 rr	750869	36
 rs	750905	1009
 rt	751914	2
 ru	751916	5538
 rv	757454	5
 rw	757459	51
 ry	757510	65
 s 	757575	250
 s.	757825	2
 sa	757827	10732
 sb	768559	264
 sc	768823	3097
 sd	771920	833
 se	772753	3556
 sf	776309	33
 sg	776342	216
 sh	776558	17285
 si	793843	3428
 sj	797271	319
 sk	797590	1302
 sl	798892	2748
 sm	801640	753
 sn	802393	1375
 so	803768	5905
 sp	809673	8657
 sq	818330	32
 sr	818362	777
 ss	819139	101
 st	819240	24208
 su	843448	2506
 sv	845954	2570
 sw	848524	3429
 sx	851953	312
 sy	852265	516
 sz	852781	176
 t 	852957	118
 t'	853075	2
 t.	853077	2
 ta	853079	3751
 tb	856830	27
 tc	856857	202
 td	857059	74
 te	857133	6355
 tf	863488	1
 tg	863489	89
 th	863578	3000
 ti	866578	5549
 tj	872127	338
 tk	872465	183
 tl	872648	462
 tm	873110	330
 tn	873440	1793
 to	875233	2171
 tp	877404	14
 tr	877418	5709
 ts	883127	266
 tt	883393	31
 tu	883424	5026
 tv	888450	136
 tw	888586	105
 tx	888691	1282
 ty	889973	83
 tz	890056	329
 u 	890385	164
 u.	890549	8
 ua	890557	5590
 ub	896147	33
 uc	896180	30
 ud	896210	71
 ue	896281	5
 uf	896286	3
 ug	896289	216
 uh	896505	8
 ui	896513	54
 uj	896567	12
 uk	896579	5647
 ul	902226	146
 um	902372	235
 un	902607	28015
 uo	930622	2
 up	930624	1196
 uq	931820	6
 ur	931826	223
 us	932049	21991
 ut	954040	1168
 uu	955208	273
 uv	955481	41
 uw	955522	3
 ux	955525	1
 uy	955526	583
 uz	956109	224
 v 	956333	52
 v.	956385	10
 va	956395	4539
 vb	960934	552
 vc	961486	525
 vd	962011	171
 ve	962182	4944
 vf	967126	1
 vg	967127	59
 vi	967186	5378
 vk	972564	2
 vl	972566	1411
 vm	973977	1
 vn	973978	1090
 vo	975068	1219
 vr	976287	223
 vs	976510	324
 vt	976834	126
 vu	976960	81
 vy	977041	161
 w 	977202	259
 wa	977461	4793
 wb	982254	188
 wc	982442	148
 wd	982590	2
 we	982592	2817
 wf	985409	11
 wg	985420	109
 wh	985529	33
 wi	985562	1128
 wk	986690	51
 wl	986741	466
 wm	987207	1
 wn	987208	2
 wo	987210	563
 wp	987773	15
 wr	987788	420
 ws	988208	83
 wt	988291	11
 wu	988302	25
 wv	988327	247
 wy	988574	100
 x 	988674	257
 x-	988931	1
 xa	988932	52
 xb	988984	2
 xc	988986	3
 xe	988989	12
 xg	989001	1
 xh	989002	1
 xi	989003	480
 xj	989483	422
 xk	989905	77
 xo	989982	46
 xs	990028	3
 xu	990031	20
 xv	990051	5
 xx	990056	6
 y 	990062	2212
 ya	992274	912
 yb	993186	8
 yc	993194	2
 ye	993196	444
 yg	993640	2
 yi	993642	22
 ym	993664	56
 yn	993720	389
 yo	994109	1433
 yr	995542	4
 ys	995546	19
 yt	995565	73
 yu	995638	749
 yv	996387	1
 yw	996388	4
 z 	996392	335
 za	996727	3979
 zb	1000706	4
 zd	1000710	10
 ze	1000720	904
 zg	1001624	18
 zh	1001642	2099
 zi	1003741	1265
 zj	1005006	1009
 zl	1006015	200
 zm	1006215	100
 zn	1006315	2
 zo	1006317	94
 zr	1006411	2
 zu	1006413	1999
 zv	1008412	1
 zw	1008413	75
 zy	1008488	1
 zz	1008489	422
""" m"	1008911	1
"""kl"	1008912	1
& i	1008913	3
& t	1008916	1
& w	1008917	1
' '	1008918	1
' a	1008919	214
' b	1009133	170
' c	1009303	100
' d	1009403	25
' f	1009428	3
' g	1009431	64
' h	1009495	11
' i	1009506	168
' j	1009674	15
' k	1009689	421
' l	1010110	173
' m	1010283	440
' n	1010723	221
' o	1010944	135
' p	1011079	120
' q	1011199	2
' r	1011201	168
' s	1011369	455
' t	1011824	252
' u	1012076	43
' v	1012119	245
' w	1012364	12
' x	1012376	2
' y	1012378	59
' z	1012437	4
'-a	1012441	2
'-b	1012443	4
'-c	1012447	2
'-d	1012449	2
'-e	1012451	1
'-i	1012452	6
'-k	1012458	15
'-l	1012473	2
'-n	1012475	1
'-o	1012476	2
'-r	1012478	1
'-s	1012479	1
'-t	1012480	2
'-u	1012482	1
'-v	1012483	1
'-y	1012484	3
'-z	1012487	2
'a 	1012489	73
'a'	1012562	6
'a-	1012568	5
'aa	1012573	1
'ab	1012574	56
'ac	1012630	5
'ad	1012635	57
'ae	1012692	3
'af	1012695	6
'ag	1012701	49
'ah	1012750	36
'ai	1012786	28
'aj	1012814	20
'ak	1012834	21
'al	1012855	151
'am	1013006	55
'an	1013061	409
'ao	1013470	144
'ap	1013614	7
'aq	1013621	26
'ar	1013647	119
'as	1013766	100
'at	1013866	44
'au	1013910	21
'av	1013931	11
'aw	1013942	19
'ay	1013961	38
'az	1013999	704
'ba	1014703	13
'be	1014716	2
'bi	1014718	3
'bo	1014721	1
'br	1014722	4
'bs	1014726	1
'bu	1014727	2
'ch	1014729	8
'co	1014737	3
'd 	1014740	4
'da	1014744	9
'de	1014753	8
'dh	1014761	1
'di	1014762	3
'dj	1014765	3
'do	1014768	7
'dr	1014775	6
'du	1014781	2
'dy	1014783	1
'e 	1014784	18
'eb	1014802	3
'ec	1014805	2
'ed	1014807	2
'ef	1014809	1
'eg	1014810	5
'eh	1014815	14
'ei	1014829	11
'ek	1014840	1
'el	1014841	43
'em	1014884	18
'en	1014902	42
'ep	1014944	3
'eq	1014947	2
'er	1014949	106
'es	1015055	22
'et	1015077	10
'eu	1015087	12
'ev	1015099	13
'ew	1015112	4
'ey	1015116	3
'ez	1015119	10
'fa	1015129	8
'ga	1015137	14
'gb	1015151	6
'ge	1015157	2
'gi	1015159	7
'gl	1015166	1
'go	1015167	11
'gr	1015178	2
'gu	1015180	7
'gy	1015187	1
'h 	1015188	1
'ha	1015189	4
'he	1015193	7
'hi	1015200	30
'ho	1015230	4
'hu	1015234	1
'hy	1015235	1
'i 	1015236	40
'i'	1015276	1
'i-	1015277	1
'ia	1015278	4
'ib	1015282	4
'ic	1015286	8
'id	1015294	15
'ie	1015309	1
'if	1015310	2
'ij	1015312	1
'ik	1015313	5
'il	1015318	42
'im	1015360	12
'in	1015372	56
'io	1015428	1
'ip	1015429	5
'iq	1015434	1
'ir	1015435	11
'is	1015446	60
'it	1015506	9
'iv	1015515	5139
'iw	1020654	1
'ix	1020655	2
'iy	1020657	8
'iz	1020665	5
'ja	1020670	3
'k 	1020673	7
'ka	1020680	8
'ke	1020688	10
'kh	1020698	3
'ki	1020701	5
'ko	1020706	10
'ku	1020716	2
'l 	1020718	6
'la	1020724	1
'le	1020725	2
'li	1020727	3
'lo	1020730	3
'lu	1020733	2
'm 	1020735	1
'ma	1020736	13
'me	1020749	5
'mi	1020754	8
'mo	1020762	4
'mu	1020766	1
'n 	1020767	1
'n'	1020768	1
'na	1020769	10
'ne	1020779	4
'ng	1020783	2
'ni	1020785	17
'no	1020802	12
'ny	1020814	7
'o 	1020821	8
'ob	1020829	2
'oc	1020831	2
'oe	1020833	27
'og	1020860	9
'oh	1020869	2
'oi	1020871	3
'oj	1020874	1
'ol	1020875	40
'om	1020915	6
'on	1020921	58
'op	1020979	2
'or	1020981	80
'os	1021061	3
'ot	1021064	7
'ou	1021071	9
'ov	1021080	1
'oz	1021081	3
'pi	1021084	3
'po	1021087	1
'pr	1021088	1
'q'	1021089	2
'qo	1021091	2
'qu	1021093	3
'r 	1021096	5
'ra	1021101	1
'rc	1021102	1
'rg	1021103	5
'ri	1021108	16
'ro	1021124	1
'rq	1021125	1
'rs	1021126	1
'rt	1021127	1
'ru	1021128	2
'rz	1021130	1
's 	1021131	129
's'	1021260	1
's-	1021261	6
'sa	1021267	4
'sh	1021271	51
'si	1021322	6
'sk	1021328	415
'so	1021743	1
'st	1021744	4
'su	1021748	4
't 	1021752	2
't-	1021754	1
'ta	1021755	5
'te	1021760	1
'to	1021761	1
'ts	1021762	9
'u 	1021771	14
'ub	1021785	6
'ud	1021791	3
'uh	1021794	2
'ui	1021796	1
'ul	1021797	9
'um	1021806	7
'un	1021813	71
'uq	1021884	2
'ur	1021886	14
'us	1021900	2
'ut	1021902	4
'uu	1021906	1
'uy	1021907	3
'uz	1021910	6
'va	1021916	4
'vi	1021920	1
'vo	1021921	1
'vy	1021922	1
'ya	1021923	80
'ye	1022003	87
'yi	1022090	2
'yn	1022092	1
'yo	1022093	4
'yu	1022097	1
'za	1022098	4
'ze	1022102	2
'zh	1022104	1
'zi	1022105	1
'zo	1022106	2
'zu	1022108	2
( e	1022110	1
( p	1022111	3
(1)	1022114	3
(18	1022117	1
(1r	1022118	1
(ac	1022119	2
(ad	1022121	2
(ag	1022123	4
(al	1022127	8
(am	1022135	7
(an	1022142	2
(ap	1022144	3
(ar	1022147	3
(as	1022150	1
(at	1022151	2
(ay	1022153	1
(az	1022154	1
(ba	1022155	23
(be	1022178	2
(bi	1022180	2
(bo	1022182	4
(br	1022186	1
(bu	1022187	3
(ca	1022190	33
(ce	1022223	11
(ch	1022234	20
(ci	1022254	4
(cl	1022258	1
(co	1022259	34
(cr	1022293	4
(cu	1022297	11
(de	1022308	4
(di	1022312	5
(do	1022317	28
(dr	1022345	1
(ea	1022346	1
(ej	1022347	12
(el	1022359	167
(em	1022526	3
(en	1022529	1
(es	1022530	18
(eu	1022548	1
(ex	1022549	6
(f-	1022555	1
(fi	1022556	1
(fr	1022557	8
(ga	1022565	3
(gr	1022568	2
(gu	1022570	6
(ha	1022576	2
(hc	1022578	51
(he	1022629	1
(hi	1022630	10
(ho	1022640	1
(hu	1022641	4
(i 	1022645	3
(ig	1022648	1
(in	1022649	3
(ix	1022652	1
(ja	1022653	5
(je	1022658	1
(ji	1022659	2
(jo	1022661	4
(ju	1022665	1
(ka	1022666	2
(ke	1022668	1
(kh	1022669	1
(ki	1022670	6
(kr	1022676	92
(la	1022768	166
(le	1022934	2
(li	1022936	2
(ll	1022938	2
(lo	1022940	31
(lu	1022971	5
(ma	1022976	14
(me	1022990	8
(mi	1022998	3
(mo	1023001	6
(na	1023007	5
(nd	1023012	1
(ni	1023013	1
(no	1023014	8
(nu	1023022	9
(oc	1023031	1
(od	1023032	2
(oj	1023034	1
(ot	1023035	2
(oy	1023037	1
(pa	1023038	18
(pe	1023056	8
(pi	1023064	7
(pl	1023071	4
(po	1023075	10
(pr	1023085	5
(pu	1023090	14
(qu	1023104	5
(ra	1023109	12
(re	1023121	3
(rh	1023124	1
(ri	1023125	7
(ro	1023132	1
(sa	1023133	173
(sc	1023306	1
(se	1023307	10
(sh	1023317	1
(si	1023318	4
(so	1023322	3
(st	1023325	2
(su	1023327	3
(ta	1023330	3
(te	1023333	16
(ti	1023349	3
(tl	1023352	2
(to	1023354	4
(tr	1023358	3
(tz	1023361	2
(un	1023363	1
(va	1023364	1
(ve	1023365	8
(vi	1023373	8
(wa	1023381	1
(we	1023382	1
(xh	1023383	1
(xo	1023384	3
(yo	1023387	1
(za	1023388	6
(ze	1023394	1
(zo	1023395	2
) /	1023397	75
) [	1023472	4
) a	1023476	20
) b	1023496	20
) c	1023516	106
) d	1023622	17
) e	1023639	3
) f	1023642	2
) g	1023644	141
) h	1023785	29
) i	1023814	2
) j	1023816	45
) k	1023861	4
) m	1023865	271
) n	1024136	22
) o	1024158	16
) p	1024174	64
) q	1024238	12
) r	1024250	3
) s	1024253	109
) t	1024362	92
) u	1024454	1
) v	1024455	137
) w	1024592	4
) z	1024596	87
, a	1024683	1
, b	1024684	4
, c	1024688	1035
, d	1025723	3
, e	1025726	3
, f	1025729	1
, g	1025730	1
, h	1025731	1
, i	1025732	1
, k	1025733	5
, l	1025738	1
, m	1025739	3
, n	1025742	4
, o	1025746	1
, p	1025747	89
, q	1025836	1
, r	1025837	2257
, s	1028094	22
, u	1028116	24
- a	1028140	2
- b	1028142	4
- c	1028146	2
- d	1028148	4
- e	1028152	3
- f	1028155	1
- g	1028156	3
- h	1028159	2
- i	1028161	1
- j	1028162	1
- k	1028163	7
- l	1028170	5
- m	1028175	5
- n	1028180	4
- o	1028184	2
- p	1028186	4
- q	1028190	1
- r	1028191	3
- s	1028194	9
- t	1028203	1
- u	1028204	2
- v	1028206	7
- w	1028213	6
- y	1028219	1
- z	1028220	1
-'a	1028221	3
-'t	1028224	1
-'u	1028225	1
--l	1028226	1
-1 	1028227	2
-11	1028229	1
-2 	1028230	4
-21	1028234	1
-3 	1028235	1
-3)	1028236	1
-32	1028237	1
-33	1028238	1
-4 	1028239	1
-41	1028240	1
-9 	1028241	1
-`u	1028242	1
-a 	1028243	2
-a-	1028245	24
-aa	1028269	5
-ab	1028274	148
-ac	1028422	14
-ad	1028436	13
-ae	1028449	1
-af	1028450	5
-ag	1028455	23
-ah	1028478	7
-ai	1028485	34
-aj	1028519	1
-ak	1028520	16
-al	1028536	3444
-am	1031980	51
-an	1032031	866
-ao	1032897	3
-ap	1032900	8
-aq	1032908	1898
-ar	1034806	72
-as	1034878	18
-at	1034896	20
-au	1034916	176
-av	1035092	32
-aw	1035124	3
-ay	1035127	9
-az	1035136	1
-ba	1035137	460
-be	1035597	293
-bi	1035890	192
-bl	1036082	47
-bo	1036129	252
-br	1036381	519
-bu	1036900	108
-by	1037008	14
-c 	1037022	1
-ca	1037023	228
-ce	1037251	66
-cf	1037317	1
-ch	1037318	346
-ci	1037664	33
-cl	1037697	78
-co	1037775	1828
-cr	1039603	53
-cs	1039656	42
-cu	1039698	19
-cy	1039717	30
-d'	1039747	777
-da	1040524	200
-de	1040724	4280
-dh	1045004	3
-di	1045007	65
-dj	1045072	343
-dm	1045415	1
-dn	1045416	2
-do	1045418	328
-dr	1045746	19
-du	1045765	212
-dy	1045977	2
-dz	1045979	5
-e 	1045984	777
-ea	1046761	16
-eb	1046777	7
-ec	1046784	22
-ed	1046806	5
-ef	1046811	1
-eg	1046812	18
-eh	1046830	1
-ei	1046831	9
-ek	1046840	20
-el	1046860	30
-em	1046890	5
-en	1046895	465
-ep	1047360	15
-eq	1047375	2
-er	1047377	22
-es	1047399	1773
-et	1049172	123
-eu	1049295	24
-ev	1049319	4
-ex	1049323	4
-ey	1049327	7
-ez	1049334	2
-fa	1049336	49
-fe	1049385	50
-ff	1049435	1
-fi	1049436	27
-fl	1049463	25
-fo	1049488	133
-fr	1049621	3686
-fs	1053307	1
-fu	1053308	24
-fy	1053332	1
-ga	1053333	113
-gb	1053446	3
-gd	1053449	1
-ge	1053450	216
-gh	1053666	5
-gi	1053671	49
-gl	1053720	15
-gn	1053735	6
-go	1053741	155
-gr	1053896	127
-gu	1054023	61
-gw	1054084	27
-gy	1054111	2
-ha	1054113	153
-he	1054266	66
-hi	1054332	63
-hm	1054395	1
-ho	1054396	1630
-hr	1056026	1
-hu	1056027	56
-hy	1056083	2
-i 	1056085	8
-i-	1056093	1
-ib	1056094	2
-ic	1056096	1
-id	1056097	2
-if	1056099	5
-ig	1056104	10
-ii	1056114	9
-ij	1056123	1
-ik	1056124	4
-il	1056128	19
-im	1056147	4
-in	1056151	35
-ip	1056186	1
-ir	1056187	6
-is	1056193	28
-it	1056221	9
-iv	1056230	9
-iz	1056239	2
-ja	1056241	75
-je	1056316	100
-ji	1056416	5
-jo	1056421	54
-ju	1056475	73
-ka	1056548	123
-kc	1056671	1
-ke	1056672	71
-kg	1056743	1
-kh	1056744	73
-ki	1056817	142
-kl	1056959	6
-kn	1056965	36
-ko	1057001	90
-kp	1057091	6
-kr	1057097	44
-ks	1057141	1
-ku	1057142	25
-kv	1057167	4
-kw	1057171	3
-ky	1057174	6
-l'	1057180	61
-la	1057241	2420
-le	1059661	1106
-li	1060767	69
-lj	1060836	1
-ll	1060837	1
-lo	1060838	1194
-lu	1062032	61
-ly	1062093	21
-m'	1062114	2
-ma	1062116	1291
-mb	1063407	3
-mc	1063410	3
-me	1063413	303
-mh	1063716	1
-mi	1063717	119
-ml	1063836	1
-mn	1063837	2
-mo	1063839	353
-mp	1064192	6
-mt	1064198	11
-mu	1064209	56
-my	1064265	8
-n'	1064273	9
-n-	1064282	7
-na	1064289	402
-nd	1064691	9
-ne	1064700	118
-ng	1064818	14
-ni	1064832	68
-nk	1064900	2
-no	1064902	194
-nt	1065096	5
-nu	1065101	12
-nz	1065113	2
-o 	1065115	2
-o-	1065117	6
-oa	1065123	3
-ob	1065126	14
-oc	1065140	8
-od	1065148	16
-oe	1065164	1
-of	1065165	5
-og	1065170	19
-oh	1065189	7
-oi	1065196	17
-ok	1065213	5
-ol	1065218	36
-om	1065254	6
-on	1065260	58
-oo	1065318	8
-op	1065326	7
-or	1065333	55
-os	1065388	24
-ot	1065412	5
-ou	1065417	105
-ov	1065522	8
-ow	1065530	2
-oy	1065532	4
-oz	1065536	3
-pa	1065539	164
-pe	1065703	181
-pf	1065884	2251
-ph	1068135	16
-pi	1068151	148
-pl	1068299	67
-po	1068366	528
-pr	1068894	99
-pu	1068993	23
-py	1069016	1
-qa	1069017	1
-qe	1069018	1
-qu	1069019	45
-ra	1069064	69
-re	1069133	109
-rh	1069242	2131
-ri	1071373	90
-ro	1071463	962
-ru	1072425	20
-ry	1072445	5
-s.	1072450	2
-sa	1072452	1048
-sc	1073500	40
-se	1073540	423
-sh	1073963	43
-si	1074006	84
-sk	1074090	3
-sl	1074093	32
-sm	1074125	1
-sn	1074126	2
-so	1074128	243
-sp	1074371	14
-sr	1074385	52
-ss	1074437	1
-st	1074438	36
-su	1074474	1455
-sw	1075929	2
-sy	1075931	24
-sz	1075955	144
-ta	1076099	106
-tc	1076205	1
-te	1076206	135
-th	1076341	106
-ti	1076447	32
-tl	1076479	1
-to	1076480	83
-tr	1076563	71
-ts	1076634	10
-tu	1076644	12
-tw	1076656	3
-ty	1076659	5
-u 	1076664	3
-ua	1076667	1
-ub	1076668	9
-uc	1076677	1
-ud	1076678	4
-ue	1076682	7
-ug	1076689	2
-uh	1076691	1
-ui	1076692	1
-uj	1076693	2
-uk	1076695	5
-ul	1076700	9
-um	1076709	5
-un	1076714	10
-up	1076724	31
-ur	1076755	14
-us	1076769	16
-ut	1076785	2
-uu	1076787	4
-ux	1076791	1
-uy	1076792	1
-uz	1076793	1
-v 	1076794	2
-va	1076796	1026
-ve	1077822	115
-vi	1077937	277
-vl	1078214	5
-vo	1078219	582
-vr	1078801	10
-vt	1078811	1
-vu	1078812	3
-vy	1078815	4
-wa	1078819	29
-we	1078848	740
-wh	1079588	41
-wi	1079629	33
-wo	1079662	14
-wu	1079676	1117
-wy	1080793	2
-x 	1080795	2
-xa	1080797	2
-xe	1080799	1
-xi	1080800	3
-y 	1080803	2
-y-	1080805	4
-ya	1080809	18
-yb	1080827	2
-ye	1080829	66
-ym	1080895	1
-yo	1080896	22
-yr	1080918	2
-yu	1080920	20
-yv	1080940	16
-yz	1080956	1
-za	1080957	82
-zb	1081039	1
-zd	1081040	15
-ze	1081055	142
-zh	1081197	3
-zi	1081200	8
-zo	1081208	10
-zu	1081218	18
-zv	1081236	1
. a	1081237	19
. b	1081256	17
. c	1081273	21
. d	1081294	1
. e	1081295	1
. f	1081296	2
. g	1081298	32
. h	1081330	3
. i	1081333	4
. j	1081337	13
. k	1081350	20
. l	1081370	9
. m	1081379	63
. n	1081442	6
. p	1081448	16
. q	1081464	3
. r	1081467	11
. s	1081478	152
. t	1081630	14
. v	1081644	9
. w	1081653	2
. y	1081655	1
.) 	1081656	1
.-i	1081657	2
.11	1081659	1
.2 	1081660	1
.a.	1081661	3
.an	1081664	1
.ba	1081665	1
.be	1081666	3
.c.	1081669	2
.cl	1081671	1
.da	1081672	1
.e.	1081673	2
.ii	1081675	1
.iq	1081676	1
.ja	1081677	2
.k.	1081679	1
.l.	1081680	1
.m.	1081681	1
.ma	1081682	1
.p.	1081683	2
.s.	1081685	10
.sa	1081695	2
.tr	1081697	1
.va	1081698	1
/ a	1081699	22
/ b	1081721	35
/ c	1081756	5
/ d	1081761	15
/ e	1081776	12
/ f	1081788	11
/ g	1081799	18
/ h	1081817	39
/ i	1081856	6
/ k	1081862	14
/ l	1081876	16
/ m	1081892	14
/ n	1081906	12
/ o	1081918	23
/ p	1081941	4
/ r	1081945	20
/ s	1081965	42
/ t	1082007	9
/ u	1082016	10
/ v	1082026	9
/ w	1082035	25
/ z	1082060	9
//k	1082069	16
/ai	1082085	1
/as	1082086	1
/be	1082087	1
/bi	1082088	1
/br	1082089	3
/ch	1082092	1
/co	1082093	1
/cr	1082094	1
/da	1082095	1
/el	1082096	1
/fa	1082097	1
/gl	1082098	1
/gr	1082099	1
/gw	1082100	1
/ha	1082101	2
/it	1082103	1
/ka	1082104	16
/ke	1082120	1
/la	1082121	3
/li	1082124	1
/lo	1082125	1
/ma	1082126	3
/me	1082129	1
/mo	1082130	3
/mu	1082133	1
/no	1082134	2
/oc	1082136	1
/op	1082137	1
/pi	1082138	1
/pl	1082139	2
/po	1082141	2
/ra	1082143	1
/sa	1082144	1
/sc	1082145	2
/sh	1082147	1
/si	1082148	1
/st	1082149	2
/su	1082151	1
/ta	1082152	6
/te	1082158	1
/vo	1082159	1
/we	1082160	1
/wo	1082161	1
/xe	1082162	1
/ye	1082163	1
/za	1082164	1
0 a	1082165	46
0 b	1082211	22
0 c	1082233	355
0 d	1082588	24
0 e	1082612	28
0 f	1082640	27
0 g	1082667	35
0 i	1082702	354
0 j	1083056	227
0 k	1083283	48
0 l	1083331	9
0 m	1083340	135
0 n	1083475	78
0 p	1083553	1580
0 q	1085133	2
0 s	1085135	116
0 t	1085251	539
0 u	1085790	143
0 v	1085933	28
0 z	1085961	5
0) 	1085966	5
0-s	1085971	1
00 	1085972	127
000	1086099	11
001	1086110	15
002	1086125	25
003	1086150	7
004	1086157	4
005	1086161	2
006	1086163	2
007	1086165	3
008	1086168	8
009	1086176	6
01 	1086182	1614
010	1087796	5
011	1087801	10
012	1087811	3
013	1087814	5
014	1087819	2
015	1087821	8
016	1087829	6
017	1087835	4
018	1087839	2
019	1087841	3
02 	1087844	1526
020	1089370	1
021	1089371	3
022	1089374	11
023	1089385	15
024	1089400	2
025	1089402	5
026	1089407	10
027	1089417	2
028	1089419	4
029	1089423	3
03 	1089426	1341
030	1090767	4
031	1090771	1
032	1090772	7
033	1090779	2
034	1090781	2
035	1090783	5
036	1090788	4
037	1090792	4
038	1090796	3
039	1090799	23
04 	1090822	900
040	1091722	4
041	1091726	31
042	1091757	6
043	1091763	22
044	1091785	2
045	1091787	4
046	1091791	20
047	1091811	30
048	1091841	4
049	1091845	18
05 	1091863	1088
050	1092951	24
051	1092975	14
052	1092989	14
053	1093003	20
054	1093023	9
055	1093032	24
056	1093056	2
057	1093058	25
058	1093083	6
059	1093089	28
06 	1093117	1730
060	1094847	1
061	1094848	20
062	1094868	4
063	1094872	16
064	1094888	8
065	1094896	22
066	1094918	1
067	1094919	22
068	1094941	4
069	1094945	20
07 	1094965	1477
070	1096442	11
071	1096453	21
072	1096474	3
073	1096477	24
074	1096501	1
075	1096502	2
076	1096504	2
077	1096506	3
078	1096509	3
079	1096512	1
08 	1096513	1006
080	1097519	10
081	1097529	2
082	1097531	6
083	1097537	1
084	1097538	11
085	1097549	4
086	1097553	1
087	1097554	4
088	1097558	3
089	1097561	3
09 	1097564	1062
090	1098626	7
091	1098633	4
092	1098637	1
093	1098638	1
094	1098639	6
095	1098645	1
096	1098646	7
097	1098653	8
098	1098661	3
099	1098664	8
0e 	1098672	1
0r 	1098673	84
1 (	1098757	1
1 a	1098758	333
1 b	1099091	81
1 c	1099172	636
1 d	1099808	103
1 e	1099911	14
1 f	1099925	137
1 g	1100062	44
1 i	1100106	1707
1 j	1101813	369
1 k	1102182	118
1 l	1102300	19
1 m	1102319	334
1 n	1102653	119
1 o	1102772	1
1 p	1102773	1053
1 q	1103826	3
1 r	1103829	10
1 s	1103839	190
1 t	1104029	860
1 u	1104889	1204
1 v	1106093	54
1 y	1106147	1
1 z	1106148	7
1) 	1106155	20
1, 	1106175	1
1-t	1106176	1
10 	1106177	1409
10)	1107586	5
100	1107591	3
101	1107594	9
102	1107603	10
103	1107613	5
104	1107618	6
105	1107624	5
106	1107629	5
107	1107634	3
108	1107637	7
109	1107644	5
10e	1107649	1
11 	1107650	1030
11)	1108680	5
110	1108685	3
111	1108688	7
112	1108695	16
113	1108711	19
114	1108730	6
115	1108736	3
116	1108739	1
117	1108740	7
118	1108747	4
119	1108751	1
11e	1108752	1
12 	1108753	1456
12)	1110209	5
120	1110214	2
121	1110216	1
122	1110217	7
123	1110224	5
124	1110229	2
125	1110231	1
126	1110232	6
127	1110238	1
128	1110239	3
129	1110242	1
12e	1110243	1
13 	1110244	1051
130	1111295	1
131	1111296	7
132	1111303	4
133	1111307	3
134	1111310	1
135	1111311	4
136	1111315	2
137	1111317	1
138	1111318	1
139	1111319	1
13e	1111320	1
14 	1111321	1637
140	1112958	6
141	1112964	1
142	1112965	3
143	1112968	1
144	1112969	1
146	1112970	2
147	1112972	1
148	1112973	1
149	1112974	1
14t	1112975	2
15 	1112977	514
150	1113491	14
151	1113505	3
152	1113508	1
153	1113509	1
154	1113510	1
155	1113511	1
156	1113512	1
157	1113513	1
158	1113514	1
159	1113515	5
16 	1113520	558
160	1114078	8
161	1114086	1
162	1114087	2
163	1114089	1
164	1114090	3
165	1114093	1
166	1114094	2
167	1114096	1
168	1114097	3
169	1114100	3
17 	1114103	433
170	1114536	1
171	1114537	1
172	1114538	1
173	1114539	4
174	1114543	3
175	1114546	2
176	1114548	1
177	1114549	1
178	1114550	2
179	1114552	2
18 	1114554	1101
18)	1115655	1
180	1115656	1
181	1115657	3
182	1115660	1
183	1115661	3
184	1115664	1
185	1115665	1
186	1115666	1
187	1115667	1
188	1115668	1
189	1115669	1
19 	1115670	365
190	1116035	15
191	1116050	1
192	1116051	6
193	1116057	1
194	1116058	1
195	1116059	2
196	1116061	1
197	1116062	2
198	1116064	1
199	1116065	1
19a	1116066	1
1a 	1116067	1
1e 	1116068	1
1ra	1116069	61
2 (	1116130	2
2 a	1116132	75
2 b	1116207	71
2 c	1116278	889
2 d	1117167	150
2 e	1117317	9
2 f	1117326	68
2 g	1117394	70
2 i	1117464	3807
2 j	1121271	229
2 k	1121500	38
2 l	1121538	35
2 m	1121573	253
2 n	1121826	112
2 p	1121938	1856
2 q	1123794	3
2 r	1123797	18
2 s	1123815	163
2 t	1123978	571
2 u	1124549	333
2 v	1124882	48
2 w	1124930	1
2 y	1124931	1
2 z	1124932	7
2) 	1124939	17
2.b	1124956	1
20 	1124957	471
20-	1125428	1
200	1125429	5
201	1125434	7
202	1125441	6
203	1125447	2
204	1125449	2
205	1125451	2
206	1125453	4
207	1125457	3
208	1125460	4
209	1125464	3
20r	1125467	84
21 	1125551	2280
210	1127831	4
211	1127835	4
212	1127839	3
213	1127842	1
214	1127843	1
218	1127844	1
22 	1127845	529
222	1128374	1
224	1128375	1
226	1128376	1
227	1128377	1
228	1128378	1
23 	1128379	743
24 	1129122	603
25 	1129725	2209
26 	1131934	451
27 	1132385	285
28 	1132670	256
287	1132926	1
29 	1132927	139
2da	1133066	50
2e 	1133116	1
3 2	1133117	1
3 a	1133118	98
3 b	1133216	79
3 c	1133295	527
3 d	1133822	151
3 f	1133973	45
3 g	1134018	54
3 i	1134072	550
3 j	1134622	416
3 k	1135038	118
3 l	1135156	16
3 m	1135172	305
3 n	1135477	80
3 p	1135557	915
3 q	1136472	3
3 r	1136475	12
3 s	1136487	131
3 t	1136618	771
3 u	1137389	1382
3 v	1138771	81
3 y	1138852	1
3 z	1138853	7
3) 	1138860	15
3.b	1138875	1
30 	1138876	650
301	1139526	1
303	1139527	1
304	1139528	2
307	1139530	11
308	1139541	2
31 	1139543	202
310	1139745	2
311	1139747	3
312	1139750	8
313	1139758	1
32 	1139759	1044
33 	1140803	264
34 	1141067	1401
35 	1142468	425
35)	1142893	1
350	1142894	1
36 	1142895	449
37 	1143344	155
370	1143499	1
38 	1143500	79
39 	1143579	143
3e 	1143722	1
3ra	1143723	18
4 (	1143741	1
4 a	1143742	99
4 b	1143841	65
4 c	1143906	599
4 d	1144505	29
4 e	1144534	29
4 f	1144563	111
4 g	1144674	49
4 h	1144723	1
4 i	1144724	1373
4 j	1146097	201
4 k	1146298	38
4 l	1146336	18
4 m	1146354	188
4 n	1146542	136
4 o	1146678	1
4 p	1146679	1437
4 q	1148116	3
4 r	1148119	28
4 s	1148147	140
4 t	1148287	545
4 u	1148832	473
4 v	1149305	70
4 y	1149375	1
4 z	1149376	9
4) 	1149385	9
4.b	1149394	1
40 	1149395	570
401	1149965	2
402	1149967	4
403	1149971	2
404	1149973	1
405	1149974	2
406	1149976	1
407	1149977	1
408	1149978	5
409	1149983	4
41 	1149987	417
410	1150404	5
42 	1150409	667
43 	1151076	663
44 	1151739	143
45 	1151882	935
46 	1152817	489
47 	1153306	285
47)	1153591	2
48 	1153593	407
49 	1154000	93
4ta	1154093	4
4th	1154097	2
4to	1154099	1
5 a	1154100	312
5 b	1154412	54
5 c	1154466	203
5 d	1154669	143
5 e	1154812	15
5 f	1154827	37
5 g	1154864	26
5 i	1154890	3812
5 j	1158702	153
5 k	1158855	99
5 l	1158954	3
5 m	1158957	187
5 n	1159144	114
5 p	1159258	609
5 q	1159867	3
5 r	1159870	17
5 s	1159887	116
5 t	1160003	575
5 u	1160578	418
5 v	1160996	94
5 y	1161090	1
5 z	1161091	8
5) 	1161099	7
50 	1161106	151
501	1161257	20
502	1161277	11
503	1161288	6
504	1161294	6
505	1161300	4
506	1161304	9
507	1161313	4
508	1161317	7
509	1161324	11
51 	1161335	689
52 	1162024	887
53 	1162911	733
54 	1163644	51
55 	1163695	358
56 	1164053	195
57 	1164248	440
58 	1164688	63
59 	1164751	196
5bh	1164947	1
5ta	1164948	7
6 (	1164955	1
6 a	1164956	749
6 b	1165705	61
6 c	1165766	174
6 d	1165940	21
6 e	1165961	7
6 f	1165968	34
6 g	1166002	37
6 i	1166039	570
6 j	1166609	179
6 k	1166788	36
6 l	1166824	14
6 m	1166838	530
6 n	1167368	153
6 p	1167521	1138
6 q	1168659	3
6 s	1168662	148
6 t	1168810	517
6 u	1169327	371
6 v	1169698	66
6 z	1169764	13
6) 	1169777	9
60 	1169786	66
601	1169852	3
602	1169855	4
603	1169859	4
604	1169863	8
605	1169871	11
606	1169882	2
607	1169884	2
608	1169886	4
609	1169890	10
61 	1169900	184
62 	1170084	701
63 	1170785	491
64 	1171276	434
65 	1171710	630
66 	1172340	56
67 	1172396	238
68 	1172634	197
69 	1172831	49
6ta	1172880	2
6th	1172882	1
7 a	1172883	388
7 b	1173271	38
7 c	1173309	220
7 d	1173529	24
7 e	1173553	75
7 f	1173628	39
7 g	1173667	35
7 i	1173702	983
7 j	1174685	212
7 k	1174897	59
7 l	1174956	18
7 m	1174974	269
7 n	1175243	52
7 p	1175295	555
7 q	1175850	3
7 r	1175853	6
7 s	1175859	79
7 t	1175938	753
7 u	1176691	471
7 v	1177162	45
7 z	1177207	15
7) 	1177222	12
7-y	1177234	1
70 	1177235	43
701	1177278	1
702	1177279	1
703	1177280	4
704	1177284	7
705	1177291	1
706	1177292	1
71 	1177293	481
72 	1177774	1090
73 	1178864	126
74 	1178990	162
75 	1179152	383
76 	1179535	84
77 	1179619	499
78 	1180118	621
79 	1180739	37
7lc	1180776	1
8 a	1180777	161
8 b	1180938	35
8 c	1180973	183
8 d	1181156	26
8 e	1181182	22
8 f	1181204	299
8 g	1181503	16
8 i	1181519	1214
8 j	1182733	162
8 k	1182895	22
8 l	1182917	7
8 m	1182924	143
8 n	1183067	96
8 p	1183163	998
8 q	1184161	3
8 r	1184164	10
8 s	1184174	108
8 t	1184282	302
8 u	1184584	504
8 v	1185088	63
8 z	1185151	12
8) 	1185163	5
80 	1185168	275
802	1185443	1
806	1185444	2
807	1185446	4
81 	1185450	170
810	1185620	5
812	1185625	6
813	1185631	8
816	1185639	1
82 	1185640	697
83 	1186337	150
84 	1186487	45
85 	1186532	118
86 	1186650	12
87 	1186662	14
87-	1186676	1
88 	1186677	428
89 	1187105	4
9 a	1187109	106
9 b	1187215	23
9 c	1187238	96
9 d	1187334	25
9 e	1187359	21
9 f	1187380	132
9 g	1187512	43
9 i	1187555	209
9 j	1187764	148
9 k	1187912	98
9 l	1188010	15
9 m	1188025	148
9 n	1188173	62
9 o	1188235	1
9 p	1188236	279
9 q	1188515	3
9 r	1188518	7
9 s	1188525	80
9 t	1188605	346
9 u	1188951	282
9 v	1189233	125
9 z	1189358	15
9) 	1189373	4
90 	1189377	39
91 	1189416	17
92 	1189433	17
93 	1189450	13
94 	1189463	19
95 	1189482	13
96 	1189495	22
97 	1189517	9
974	1189526	1
98 	1189527	4
99 	1189531	10
9a 	1189541	1
? i	1189542	2
? m	1189544	4
?e?	1189548	3
?s?	1189551	1
@ l	1189552	1
@hm	1189553	1
[ag	1189554	1
[as	1189555	1
[ba	1189556	2
[bo	1189558	1
[ce	1189559	4
[cl	1189563	1
[co	1189564	1
[es	1189565	2
[fr	1189567	37
[gr	1189604	4
[in	1189608	1
[nu	1189609	1
[un	1189610	3
] a	1189613	12
] b	1189625	2
] c	1189627	2
] g	1189629	1
] j	1189630	21
] m	1189651	2
] o	1189653	1
] q	1189654	9
] s	1189663	1
] t	1189664	1
] v	1189665	6
] z	1189671	1
`a'	1189672	13
`ak	1189685	2
`al	1189687	1
`at	1189688	1
`da	1189689	14
`en	1189703	1
`ew	1189704	3
`ik	1189707	1
`iz	1189708	22
`ol	1189730	1
`u 	1189731	2
`ul	1189733	2
`ya	1189735	1
"a """	1189736	1
a '	1189737	7
a (	1189744	284
a -	1190028	19
a /	1190047	15
a 0	1190062	2426
a 1	1192488	2375
a 2	1194863	2667
a 3	1197530	788
a 4	1198318	1791
a 5	1200109	962
a 6	1201071	371
a 7	1201442	2009
a 8	1203451	1083
a 9	1204534	30
a [	1204564	17
a a	1204581	17159
a b	1221740	8568
a c	1230308	33245
a d	1263553	5310
a e	1268863	2359
a f	1271222	4135
a g	1275357	7137
a h	1282494	3557
a i	1286051	18624
a j	1304675	1349
a k	1306024	4960
a l	1310984	6113
a m	1317097	10694
a n	1327791	5002
a o	1332793	10664
a p	1343457	9358
a q	1352815	474
a r	1353289	11381
a s	1364670	9660
a t	1374330	9280
a u	1383610	12081
a v	1395691	5644
a w	1401335	1934
a x	1403269	240
a y	1403509	2453
a z	1405962	3134
a' 	1409096	166
a'a	1409262	149
a'b	1409411	5
a'd	1409416	6
a'e	1409422	49
a'f	1409471	5
a'g	1409476	1
a'i	1409477	82
a'j	1409559	1
a'l	1409560	3
a'm	1409563	3
a'n	1409566	1
a'o	1409567	4
a'p	1409571	1
a'q	1409572	4
a'r	1409576	16
a's	1409592	14
a't	1409606	2
a'u	1409608	16
a'y	1409624	5
a) 	1409629	300
a, 	1409929	1180
a- 	1411109	1
a-'	1411110	1
a-2	1411111	1
a-a	1411112	42
a-b	1411154	117
a-c	1411271	88
a-d	1411359	36
a-e	1411395	7
a-f	1411402	43
a-g	1411445	56
a-h	1411501	40
a-i	1411541	9
a-j	1411550	10
a-k	1411560	72
a-l	1411632	1888
a-m	1413520	584
a-n	1414104	245
a-o	1414349	22
a-p	1414371	111
a-q	1414482	1
a-r	1414483	821
a-s	1415304	189
a-t	1415493	95
a-u	1415588	8
a-v	1415596	80
a-w	1415676	12
a-x	1415688	2
a-y	1415690	8
a-z	1415698	17
a. 	1415715	156
a.s	1415871	1
a/a	1415872	1
a/i	1415873	1
a/l	1415874	1
a/m	1415875	1
a/n	1415876	1
a/t	1415877	5
a/z	1415882	1
a1 	1415883	1
a] 	1415884	6
a`a	1415890	2
a`d	1415892	14
a`e	1415906	1
a`i	1415907	23
a`u	1415930	1
aa 	1415931	890
aa-	1416821	38
aaa	1416859	1
aab	1416860	48
aac	1416908	21
aad	1416929	24
aae	1416953	1
aaf	1416954	16
aag	1416970	64
aah	1417034	10
aai	1417044	15
aaj	1417059	6
aak	1417065	59
aal	1417124	145
aam	1417269	1079
aan	1418348	808
aao	1419156	4
aap	1419160	12
aaq	1419172	2
aar	1419174	408
aas	1419582	98
aat	1419680	94
aau	1419774	6
aav	1419780	5
aaw	1419785	5
aax	1419790	2
aay	1419792	20
aaz	1419812	11
ab 	1419823	2453
ab'	1422276	8
ab-	1422284	9
aba	1422293	4283
abb	1426576	166
abc	1426742	18
abd	1426760	47
abe	1426807	799
abf	1427606	2
abg	1427608	10
abh	1427618	40
abi	1427658	1000
abj	1428658	6
abk	1428664	86
abl	1428750	364
abm	1429114	1
abn	1429115	24
abo	1429139	986
abp	1430125	11
abq	1430136	5
abr	1430141	1677
abs	1431818	48
abt	1431866	24
abu	1431890	606
abw	1432496	112
aby	1432608	96
abz	1432704	32
ac 	1432736	2472
ac)	1435208	3
ac-	1435211	119
aca	1435330	4363
acb	1439693	2
acc	1439695	321
acd	1440016	6
ace	1440022	885
acg	1440907	3
ach	1440910	6560
aci	1447470	2863
acj	1450333	3
ack	1450336	1044
acl	1451380	77
acm	1451457	14
acn	1451471	46
aco	1451517	908
acp	1452425	6
acq	1452431	103
acr	1452534	1959
acs	1454493	690
act	1455183	165
acu	1455348	582
acv	1455930	2
acw	1455932	2
acx	1455934	4
acy	1455938	30
acz	1455968	38
ad 	1456006	3927
ad'	1459933	1
ad)	1459934	5
ad,	1459939	1
ad-	1459940	86
ada	1460026	6193
adb	1466219	41
adc	1466260	15
add	1466275	178
ade	1466453	3944
adf	1470397	26
adg	1470423	42
adh	1470465	644
adi	1471109	1802
adj	1472911	82
adk	1472993	43
adl	1473036	113
adm	1473149	132
adn	1473281	66
ado	1473347	2487
adp	1475834	17
adq	1475851	1
adr	1475852	675
ads	1476527	641
adt	1477168	294
adu	1477462	1820
adv	1479282	32
adw	1479314	47
ady	1479361	141
adz	1479502	71
ae 	1479573	299
ae-	1479872	4
aea	1479876	9
aeb	1479885	21
aec	1479906	3
aed	1479909	14
aee	1479923	2
aef	1479925	8
aeg	1479933	19
aeh	1479952	2
aei	1479954	3
aej	1479957	9
aek	1479966	44
ael	1480010	1041
aem	1481051	27
aen	1481078	164
aeo	1481242	23
aep	1481265	5
aer	1481270	84
aes	1481354	98
aet	1481452	49
aeu	1481501	15
aev	1481516	23
aew	1481539	1
aey	1481540	2
aez	1481542	7
af 	1481549	388
af'	1481937	1
af-	1481938	1
afa	1481939	324
afb	1482263	3
afc	1482266	2
afe	1482268	143
aff	1482411	207
afg	1482618	322
afh	1482940	4
afi	1482944	223
afj	1483167	7
afk	1483174	1
afl	1483175	75
afn	1483250	13
afo	1483263	158
afp	1483421	2
afq	1483423	2
afr	1483425	1206
afs	1484631	31
aft	1484662	119
afu	1484781	58
afw	1484839	5
afy	1484844	102
afz	1484946	4
ag 	1484950	949
ag'	1485899	1
ag-	1485900	4
aga	1485904	2517
agb	1488421	93
agc	1488514	15
agd	1488529	189
age	1488718	1100
agf	1489818	4
agg	1489822	145
agh	1489967	328
agi	1490295	425
agj	1490720	6
agk	1490726	15
agl	1490741	253
agm	1490994	35
agn	1491029	2992
ago	1494021	2986
agp	1497007	11
agq	1497018	3
agr	1497021	487
ags	1497508	55
agt	1497563	25
agu	1497588	2450
agv	1500038	5
agw	1500043	24
agy	1500067	109
agz	1500176	8
ah 	1500184	3738
ah'	1503922	2
ah-	1503924	12
aha	1503936	2204
ahb	1506140	18
ahc	1506158	25
ahd	1506183	57
ahe	1506240	231
ahf	1506471	6
ahg	1506477	10
ahh	1506487	6
ahi	1506493	959
ahj	1507452	12
ahk	1507464	9
ahl	1507473	122
ahm	1507595	148
ahn	1507743	90
aho	1507833	1561
ahp	1509394	26
ahr	1509420	393
ahs	1509813	29
aht	1509842	55
ahu	1509897	987
ahv	1510884	3
ahw	1510887	24
ahy	1510911	36
ahz	1510947	3
ai 	1510950	2357
ai'	1513307	19
ai-	1513326	24
ai`	1513350	1
aia	1513351	401
aib	1513752	351
aic	1514103	320
aid	1514423	367
aie	1514790	108
aif	1514898	42
aig	1514940	381
aih	1515321	82
aii	1515403	275
aij	1515678	306
aik	1515984	201
ail	1516185	1701
aim	1517886	200
ain	1518086	19391
aio	1537477	270
aip	1537747	181
aiq	1537928	23
air	1537951	1083
ais	1539034	1945
ait	1540979	491
aiu	1541470	35
aiv	1541505	361
aiw	1541866	121
aix	1541987	110
aiy	1542097	182
aiz	1542279	106
aj 	1542385	3254
aj-	1545639	6
aja	1545645	1977
ajb	1547622	3
ajc	1547625	17
ajd	1547642	76
aje	1547718	182
ajg	1547900	18
ajh	1547918	13
aji	1547931	421
ajj	1548352	50
ajk	1548402	15
ajl	1548417	15
ajm	1548432	18
ajn	1548450	26
ajo	1548476	298
ajp	1548774	19
ajq	1548793	1
ajr	1548794	20
ajs	1548814	34
ajt	1548848	2
aju	1548850	1243
ajv	1550093	3
ajw	1550096	3
ajy	1550099	2
ajz	1550101	3
ak 	1550104	1579
ak'	1551683	6
ak-	1551689	49
aka	1551738	2190
akb	1553928	39
akc	1553967	53
akd	1554020	38
ake	1554058	1861
akf	1555919	7
akg	1555926	17
akh	1555943	1367
aki	1557310	2377
akj	1559687	3
akk	1559690	301
akl	1559991	147
akm	1560138	24
akn	1560162	25
ako	1560187	934
akp	1561121	54
akr	1561175	246
aks	1561421	235
akt	1561656	96
aku	1561752	315
akv	1562067	15
akw	1562082	71
akx	1562153	2
aky	1562155	71
akz	1562226	3
al 	1562229	12821
al'	1575050	159
al)	1575209	44
al-	1575253	190
al/	1575443	1
al]	1575444	3
ala	1575447	9423
alb	1584870	1913
alc	1586783	905
ald	1587688	1128
ale	1588816	6790
alf	1595606	201
alg	1595807	1584
alh	1597391	167
ali	1597558	11027
alj	1608585	55
alk	1608640	423
all	1609063	5186
alm	1614249	1094
aln	1615343	154
alo	1615497	2418
alp	1617915	3282
alq	1621197	45
alr	1621242	32
als	1621274	325
alt	1621599	2945
alu	1624544	2519
alv	1627063	614
alw	1627677	58
alx	1627735	5
aly	1627740	12314
alz	1640054	2625
am 	1642679	5023
am'	1647702	5
am-	1647707	147
ama	1647854	6291
amb	1654145	3101
amc	1657246	46
amd	1657292	67
ame	1657359	1105
amf	1658464	47
amg	1658511	46
amh	1658557	40
ami	1658597	2204
amj	1660801	17
amk	1660818	97
aml	1660915	109
amm	1661024	519
amn	1661543	104
amo	1661647	1031
amp	1662678	4235
amq	1666913	3
amr	1666916	109
ams	1667025	1364
amt	1668389	349
amu	1668738	593
amv	1669331	17
amw	1669348	24
amx	1669372	9
amy	1669381	92
amz	1669473	27
an 	1669500	37832
an'	1707332	73
an)	1707405	30
an,	1707435	336
an-	1707771	809
an2	1708580	1
an`	1708581	13
ana	1708594	13523
anb	1722117	404
anc	1722521	19088
and	1741609	35455
ane	1777064	2303
anf	1779367	164
ang	1779531	16408
anh	1795939	1876
ani	1797815	15643
anj	1813458	1547
ank	1815005	1968
anl	1816973	474
anm	1817447	1153
ann	1818600	1037
ano	1819637	3501
anp	1823138	219
anq	1823357	179
anr	1823536	85
ans	1823621	3427
ant	1827048	8460
anu	1835508	909
anv	1836417	129
anw	1836546	105
anx	1836651	1047
any	1837698	12781
anz	1850479	1678
ao 	1852157	4393
ao'	1856550	26
ao)	1856576	2
ao,	1856578	1
ao-	1856579	7
aoa	1856586	26
aob	1856612	59
aoc	1856671	78
aod	1856749	61
aoe	1856810	3
aof	1856813	21
aog	1856834	81
aoh	1856915	93
aoi	1857008	9
aoj	1857017	100
aok	1857117	65
aol	1857182	151
aom	1857333	80
aon	1857413	563
aoo	1857976	1
aop	1857977	52
aoq	1858029	58
aor	1858087	48
aos	1858135	344
aot	1858479	124
aou	1858603	182
aov	1858785	7
aow	1858792	30
aox	1858822	66
aoy	1858888	105
aoz	1858993	98
ap 	1859091	548
ap'	1859639	1
ap-	1859640	16
apa	1859656	5160
apb	1864816	3
apc	1864819	17
apd	1864836	10
ape	1864846	1013
apf	1865859	13
apg	1865872	3
aph	1865875	83
api	1865958	889
apk	1866847	5
apl	1866852	162
apm	1867014	9
apn	1867023	7
apo	1867030	862
app	1867892	346
apr	1868238	115
aps	1868353	39
apt	1868392	42
apu	1868434	946
apv	1869380	1
apw	1869381	5
apy	1869386	18
aq 	1869404	2217
aq'	1871621	2
aq-	1871623	5
aqa	1871628	108
aqb	1871736	3
aqc	1871739	5
aqd	1871744	7
aqe	1871751	7
aqf	1871758	2
aqh	1871760	1
aqi	1871761	110
aqk	1871871	1
aql	1871872	4
aqm	1871876	33
aqn	1871909	1
aqo	1871910	12
aqq	1871922	22
aqr	1871944	7
aqs	1871951	70
aqt	1872021	20
aqu	1872041	2305
aqv	1874346	1
ar 	1874347	8124
ar'	1882471	46
ar)	1882517	7
ar-	1882524	182
ar?	1882706	1
ara	1882707	17633
arb	1900340	1361
arc	1901701	1847
ard	1903548	4773
are	1908321	2626
arf	1910947	124
arg	1911071	2806
arh	1913877	468
ari	1914345	8428
arj	1922773	301
ark	1923074	3615
arl	1926689	1056
arm	1927745	1498
arn	1929243	1351
aro	1930594	3092
arp	1933686	1075
arq	1934761	429
arr	1935190	2160
ars	1937350	1958
art	1939308	2268
aru	1941576	1090
arv	1942666	261
arw	1942927	150
arx	1943077	13
ary	1943090	2497
arz	1945587	747
as 	1946334	12197
as'	1958531	6
as)	1958537	59
as,	1958596	88
as-	1958684	534
asa	1959218	1862
asb	1961080	90
asc	1961170	1823
asd	1962993	53
ase	1963046	602
asf	1963648	16
asg	1963664	35
ash	1963699	3131
asi	1966830	1572
asj	1968402	24
ask	1968426	1746
asl	1970172	342
asm	1970514	283
asn	1970797	716
aso	1971513	648
asp	1972161	175
asq	1972336	42
asr	1972378	74
ass	1972452	2947
ast	1975399	14678
asu	1990077	249
asv	1990326	29
asw	1990355	26
asy	1990381	140
asz	1990521	133
at 	1990654	7612
at'	1998266	11
at-	1998277	119
ata	1998396	4705
atb	2003101	21
atc	2003122	338
atd	2003460	4
ate	2003464	24881
atf	2028345	41
atg	2028386	57
ath	2028443	701
ati	2029144	8313
atj	2037457	8
atk	2037465	118
atl	2037583	534
atm	2038117	187
atn	2038304	121
ato	2038425	2660
atp	2041085	29
atq	2041114	1
atr	2041115	315
ats	2041430	837
att	2042267	1311
atu	2043578	895
atv	2044473	158
atw	2044631	25
atx	2044656	5
aty	2044661	202
atz	2044863	179
au 	2045042	7269
au'	2052311	1
au)	2052312	1
au-	2052313	135
au`	2052448	1
aua	2052449	104
aub	2052553	326
auc	2052879	587
aud	2053466	709
aue	2054175	104
auf	2054279	80
aug	2054359	207
auh	2054566	90
aui	2054656	245
auj	2054901	163
auk	2055064	265
aul	2055329	1531
aum	2056860	189
aun	2057049	407
auo	2057456	4
aup	2057460	87
auq	2057547	20
aur	2057567	850
aus	2058417	8680
aut	2067097	5457
auu	2072554	2
auv	2072556	2245
auw	2074801	26
aux	2074827	321
auy	2075148	11
auz	2075159	90
av 	2075249	172
av'	2075421	3
av-	2075424	1
ava	2075425	4502
avb	2079927	1
avc	2079928	28
avd	2079956	32
ave	2079988	3015
avg	2083003	10
avh	2083013	28
avi	2083041	1201
avj	2084242	2
avk	2084244	63
avl	2084307	185
avm	2084492	2
avn	2084494	61
avo	2084555	507
avp	2085062	1
avr	2085063	252
avs	2085315	1535
avt	2086850	617
avu	2087467	156
avv	2087623	3
avy	2087626	64
avz	2087690	6
aw 	2087696	207
aw-	2087903	2
awa	2087905	6799
awb	2094704	19
awc	2094723	6
awd	2094729	19
awe	2094748	268
awf	2095016	30
awg	2095046	3
awh	2095049	38
awi	2095087	214
awj	2095301	4
awk	2095305	66
awl	2095371	58
awm	2095429	10
awn	2095439	93
awo	2095532	82
awp	2095614	2
awq	2095616	6
awr	2095622	67
aws	2095689	383
awt	2096072	69
awu	2096141	59
awv	2096200	2
aww	2096202	14
awy	2096216	14
awz	2096230	2
ax 	2096232	1379
ax-	2097611	2
axa	2097613	1293
axb	2098906	3
axc	2098909	283
axd	2099192	2
axe	2099194	38
axf	2099232	1
axh	2099233	10
axi	2099243	187
axj	2099430	1
axk	2099431	2
axl	2099433	8
axm	2099441	7
axn	2099448	4
axo	2099452	32
axp	2099484	3
axr	2099487	1
axs	2099488	2
axt	2099490	98
axu	2099588	19
axv	2099607	2
axw	2099609	6
axx	2099615	3
axy	2099618	2
ay 	2099620	4017
ay'	2103637	3
ay)	2103640	2
ay,	2103642	148
ay-	2103790	146
ay/	2103936	2
aya	2103938	6922
ayb	2110860	59
ayc	2110919	30
ayd	2110949	318
aye	2111267	543
ayf	2111810	118
ayg	2111928	35
ayh	2111963	30
ayi	2111993	235
ayj	2112228	320
ayk	2112548	216
ayl	2112764	206
aym	2112970	148
ayn	2113118	178
ayo	2113296	592
ayp	2113888	23
ayq	2113911	7
ayr	2113918	195
ays	2114113	1996
ayt	2116109	186
ayu	2116295	263
ayv	2116558	38
ayw	2116596	18
ayx	2116614	3
ayy	2116617	135
ayz	2116752	13
az 	2116765	1022
az'	2117787	1
az)	2117788	1
az-	2117789	22
aza	2117811	1995
azb	2119806	6
azc	2119812	14
azd	2119826	128
aze	2119954	461
azf	2120415	1
azg	2120416	27
azh	2120443	197
azi	2120640	7104
azj	2127744	1
azk	2127745	17
azl	2127762	41
azm	2127803	36
azn	2127839	78
azo	2127917	828
azp	2128745	7
azq	2128752	20
azr	2128772	27
azs	2128799	6
azt	2128805	21
azu	2128826	1175
azv	2130001	57
azy	2130058	41
azz	2130099	225
b '	2130324	1
b (	2130325	4
b -	2130329	2
b /	2130331	1
b 1	2130332	22
b 2	2130354	44
b a	2130398	329
b b	2130727	346
b c	2131073	2647
b d	2133720	45
b e	2133765	154
b f	2133919	23
b g	2133942	6805
b h	2140747	166
b i	2140913	2770
b j	2143683	27
b k	2143710	76
b l	2143786	82
b m	2143868	504
b n	2144372	414
b o	2144786	18
b p	2144804	608
b q	2145412	6
b r	2145418	687
b s	2146105	397
b t	2146502	94
b u	2146596	6
b v	2146602	30
b w	2146632	11
b y	2146643	43
b z	2146686	10
b' 	2146696	4
b'a	2146700	12
b's	2146712	1
b'u	2146713	2
b'y	2146715	3
b-b	2146718	2
b-d	2146720	1
b-e	2146721	12
b-h	2146733	1
b-i	2146734	1
b-k	2146735	1
b-l	2146736	1
b-m	2146737	1
b-s	2146738	1
b-u	2146739	1
b. 	2146740	4
b] 	2146744	1
ba 	2146745	4450
ba'	2151195	9
ba)	2151204	4
ba-	2151208	26
baa	2151234	95
bab	2151329	404
bac	2151733	1863
bad	2153596	2295
bae	2155891	51
baf	2155942	31
bag	2155973	521
bah	2156494	840
bai	2157334	919
baj	2158253	473
bak	2158726	686
bal	2159412	2385
bam	2161797	685
ban	2162482	5182
bao	2167664	253
bap	2167917	53
baq	2167970	40
bar	2168010	7626
bas	2175636	2051
bat	2177687	926
bau	2178613	379
bav	2178992	2083
baw	2181075	54
bax	2181129	13
bay	2181142	1458
baz	2182600	179
bb 	2182779	388
bba	2183167	100
bbe	2183267	85
bbh	2183352	1
bbi	2183353	134
bbl	2183487	8
bbo	2183495	40
bbr	2183535	11
bbs	2183546	18
bbu	2183564	11
bbv	2183575	1
bbw	2183576	1
bby	2183577	4
bc 	2183581	903
bca	2184484	8
bce	2184492	6
bch	2184498	16
bci	2184514	6
bcn	2184520	160
bco	2184680	5
bcr	2184685	1
bcs	2184686	52
bcu	2184738	1
bcz	2184739	4
bd 	2184743	218
bda	2184961	25
bdc	2184986	1
bde	2184987	16
bdg	2185003	7
bdi	2185010	48
bdo	2185058	15
bdr	2185073	1
bds	2185074	21
bdu	2185095	7
bdz	2185102	1
be 	2185103	3154
be'	2188257	6
be)	2188263	2
be-	2188265	71
bea	2188336	640
beb	2188976	46
bec	2189022	772
bed	2189794	167
bee	2189961	190
bef	2190151	5
beg	2190156	88
beh	2190244	54
bei	2190298	2060
bej	2192358	97
bek	2192455	431
bel	2192886	4409
bem	2197295	54
ben	2197349	1661
beo	2199010	26
bep	2199036	9
beq	2199045	19
ber	2199064	6147
bes	2205211	408
bet	2205619	631
beu	2206250	161
bev	2206411	75
bew	2206486	10
bex	2206496	10
bey	2206506	180
bez	2206686	130
bf 	2206816	118
bfa	2206934	120
bfc	2207054	955
bfe	2208009	6
bfo	2208015	1
bg 	2208016	341
bg-	2208357	1
bga	2208358	15
bgd	2208373	164
bge	2208537	1
bgf	2208538	1
bgh	2208539	1
bgl	2208540	11
bgo	2208551	40
bgr	2208591	333
bgu	2208924	34
bgw	2208958	1
bh 	2208959	322
bha	2209281	163
bhe	2209444	11
bhi	2209455	42
bhk	2209497	1
bho	2209498	33
bhr	2209531	14
bhs	2209545	28
bht	2209573	1
bhu	2209574	59
bhv	2209633	1
bi 	2209634	769
bi'	2210403	10
bi-	2210413	11
bia	2210424	3258
bib	2213682	84
bic	2213766	754
bid	2214520	173
bie	2214693	390
bif	2215083	5
big	2215088	157
bih	2215245	872
bii	2216117	7
bij	2216124	58
bik	2216182	41
bil	2216223	624
bim	2216847	36
bin	2216883	893
bio	2217776	210
bip	2217986	15
biq	2218001	108
bir	2218109	412
bis	2218521	564
bit	2219085	272
biu	2219357	121
biv	2219478	54
biw	2219532	3
bix	2219535	6
biy	2219541	64
biz	2219605	57
bj 	2219662	262
bja	2219924	16
bje	2219940	62
bji	2220002	1
bjn	2220003	1
bjo	2220004	17
bju	2220021	3
bjw	2220024	1
bk 	2220025	128
bka	2220153	12
bke	2220165	9
bkh	2220174	70
bki	2220244	11
bkn	2220255	1
bko	2220256	18
bky	2220274	6
bl 	2220280	167
bl'	2220447	2
bla	2220449	10487
bld	2230936	1
ble	2230937	404
blf	2231341	1
bli	2231342	2530
blj	2233872	13
blm	2233885	1
blo	2233886	427
blr	2234313	314
bls	2234627	1
blu	2234628	139
bly	2234767	400
blz	2235167	138
bm 	2235305	43
bma	2235348	6
bmi	2235354	5
bmu	2235359	13
bn 	2235372	215
bna	2235587	30
bne	2235617	25
bni	2235642	62
bnj	2235704	2
bno	2235706	30
bns	2235736	9
bnu	2235745	2
bny	2235747	4
bo 	2235751	1210
bo'	2236961	5
bo)	2236966	4
bo-	2236970	16
boa	2236986	426
bob	2237412	132
boc	2237544	233
bod	2237777	565
boe	2238342	69
bof	2238411	17
bog	2238428	234
boh	2238662	786
boi	2239448	237
boj	2239685	76
bok	2239761	190
bol	2239951	946
bom	2240897	193
bon	2241090	1017
boo	2242107	92
bop	2242199	51
boq	2242250	41
bor	2242291	1800
bos	2244091	643
bot	2244734	714
bou	2245448	2580
bov	2248028	445
bow	2248473	143
box	2248616	31
boy	2248647	255
boz	2248902	127
bp 	2249029	1
bpe	2249030	1
bpi	2249031	6
bpu	2249037	8
bq 	2249045	11
bqa	2249056	4
bqi	2249060	1
bqu	2249061	1
br 	2249062	6271
br'	2255333	27
bra	2255360	8528
brb	2263888	16
brc	2263904	6
brd	2263910	15
bre	2263925	2069
brg	2265994	8
bri	2266002	2386
brj	2268388	1
brk	2268389	2
brl	2268391	2
brn	2268393	83
bro	2268476	1192
brs	2269668	5
brt	2269673	2
bru	2269675	1257
brv	2270932	4
brw	2270936	1
bry	2270937	147
brz	2271084	70
bs 	2271154	417
bs-	2271571	2
bsa	2271573	10
bsb	2271583	4
bsc	2271587	11
bsd	2271598	12
bse	2271610	23
bsf	2271633	3
bsh	2271636	20
bsi	2271656	4
bsk	2271660	57
bsl	2271717	4
bso	2271721	20
bsq	2271741	1
bsr	2271742	1
bst	2271743	51
bsu	2271794	1
bsv	2271795	2
bsw	2271797	1
bsz	2271798	6
bt 	2271804	842
bta	2272646	10
bte	2272656	4
bth	2272660	1
bti	2272661	6
btl	2272667	1
btn	2272668	34
bto	2272702	11
btr	2272713	1
bts	2272714	8
btu	2272722	3
btw	2272725	2
bu 	2272727	555
bu'	2273282	7
bu-	2273289	9
bua	2273298	102
bub	2273400	48
buc	2273448	530
bud	2273978	373
bue	2274351	551
buf	2274902	34
bug	2274936	203
buh	2275139	105
bui	2275244	62
buj	2275306	49
buk	2275355	303
bul	2275658	927
bum	2276585	34
bun	2276619	446
buo	2277065	24
bup	2277089	8
buq	2277097	13
bur	2277110	4245
bus	2281355	503
but	2281858	254
buu	2282112	38
buv	2282150	1
buw	2282151	7
bux	2282158	33
buy	2282191	87
buz	2282278	313
bv 	2282591	117
bva	2282708	2
bve	2282710	1
bvi	2282711	3
bvr	2282714	1
bw 	2282715	1257
bwa	2283972	183
bwe	2284155	90
bwi	2284245	8
bwl	2284253	1
bwo	2284254	5
bwr	2284259	1
bxi	2284260	1
by 	2284261	783
by-	2285044	19
bya	2285063	163
byb	2285226	7
byc	2285233	17
byd	2285250	3
bye	2285253	60
byf	2285313	4
byg	2285317	26
byh	2285343	7
byi	2285350	2
byk	2285352	13
byl	2285365	46
bym	2285411	6
byn	2285417	41
byo	2285458	7
byr	2285465	23
bys	2285488	139
byt	2285627	18
byu	2285645	22
byv	2285667	10
byw	2285677	2
byz	2285679	1
bz 	2285680	492
bza	2286172	7
bze	2286179	4
bzh	2286183	2
bzi	2286185	7
bzo	2286192	28
bzv	2286220	2
bzy	2286222	1
c (	2286223	30
c )	2286253	1
c -	2286254	1
c 0	2286255	7
c 1	2286262	39
c 8	2286301	5
c a	2286306	1074
c b	2287380	700
c c	2288080	2323
c d	2290403	306
c e	2290709	567
c f	2291276	3085
c g	2294361	185
c h	2294546	205
c i	2294751	186
c j	2294937	58
c k	2294995	97
c l	2295092	108
c m	2295200	1989
c n	2297189	418
c o	2297607	481
c p	2298088	557
c q	2298645	555
c r	2299200	442
c s	2299642	1580
c t	2301222	117
c u	2301339	1022
c v	2302361	210
c w	2302571	39
c y	2302610	10
c z	2302620	72
c'b	2302692	1
c'h	2302693	1
c'n	2302694	1
c) 	2302695	62
c-1	2302757	1
c-2	2302758	1
c-3	2302759	2
c-4	2302761	1
c-a	2302762	6
c-b	2302768	7
c-c	2302775	13
c-d	2302788	13
c-e	2302801	21
c-f	2302822	3
c-g	2302825	5
c-j	2302830	2
c-l	2302832	43
c-m	2302875	9
c-o	2302884	1
c-p	2302885	6
c-q	2302891	1
c-r	2302892	3
c-s	2302895	53
c-t	2302948	4
c-v	2302952	2
c-z	2302954	3
c. 	2302957	5
c.a	2302962	2
c.d	2302964	1
c.l	2302965	1
c] 	2302966	1
ca 	2302967	10443
ca'	2313410	17
ca)	2313427	16
ca-	2313443	60
caa	2313503	43
cab	2313546	671
cac	2314217	284
cad	2314501	235
cae	2314736	78
caf	2314814	89
cag	2314903	355
cah	2315258	100
cai	2315358	290
caj	2315648	253
cak	2315901	105
cal	2316006	4415
cam	2320421	3690
can	2324111	7480
cao	2331591	233
cap	2331824	1250
caq	2333074	30
car	2333104	3779
cas	2336883	5103
cat	2341986	2658
cau	2344644	540
cav	2345184	301
caw	2345485	19
cax	2345504	46
cay	2345550	367
caz	2345917	85
cb 	2346002	77
cba	2346079	6
cbe	2346085	4
cbh	2346089	1
cbo	2346090	6
cbr	2346096	1
cbu	2346097	2
cc 	2346099	1420
cca	2347519	176
cce	2347695	26
cch	2347721	158
cci	2347879	1848
cck	2349727	1
ccl	2349728	20
cco	2349748	627
ccr	2350375	24
ccs	2350399	228
ccu	2350627	12
cd 	2350639	119
cda	2350758	4
cde	2350762	1
cdo	2350763	11
cdp	2350774	1
cdu	2350775	1
ce 	2350776	20328
ce'	2371104	2
ce)	2371106	4
ce-	2371110	795
cea	2371905	1099
ceb	2373004	51
cec	2373055	62
ced	2373117	536
cee	2373653	8
cef	2373661	12
ceg	2373673	216
ceh	2373889	170
cei	2374059	126
cej	2374185	16
cek	2374201	41
cel	2374242	556
cem	2374798	63
cen	2374861	3952
ceo	2378813	25
cep	2378838	158
ceq	2378996	5
cer	2379001	822
ces	2379823	397
cet	2380220	119
ceu	2380339	28
cev	2380367	125
cew	2380492	7
cey	2380499	46
cez	2380545	10
cf 	2380555	52
cfa	2380607	4
cfb	2380611	2
cfi	2380613	1
cg 	2380614	254
cga	2380868	2
cge	2380870	1
cgi	2380871	1
cgo	2380872	3
cgr	2380875	10
cgu	2380885	1
ch 	2380886	4434
ch'	2385320	58
ch-	2385378	165
ch/	2385543	3
cha	2385546	5542
chb	2391088	131
chc	2391219	47
chd	2391266	46
che	2391312	8331
chf	2399643	47
chg	2399690	19
chh	2399709	571
chi	2400280	24926
chk	2425206	118
chl	2425324	1689
chm	2427013	136
chn	2427149	16266
cho	2443415	3885
chp	2447300	1432
chq	2448732	2
chr	2448734	173
chs	2448907	2513
cht	2451420	502
chu	2451922	1745
chv	2453667	33
chw	2453700	389
chy	2454089	227
chz	2454316	6
ci 	2454322	5683
ci-	2460005	2
cia	2460007	2483
cib	2462490	137
cic	2462627	167
cid	2462794	98
cie	2462892	403
cif	2463295	44
cig	2463339	99
cih	2463438	51
cii	2463489	11
cij	2463500	212
cik	2463712	223
cil	2463935	871
cim	2464806	147
cin	2464953	861
cio	2465814	2837
cip	2468651	266
ciq	2468917	4
cir	2468921	147
cis	2469068	603
cit	2469671	2411
ciu	2472082	301
civ	2472383	5209
ciw	2477592	10
cix	2477602	1
ciy	2477603	5
ciz	2477608	18
cj 	2477626	176
cja	2477802	7
cje	2477809	1
cjo	2477810	1
ck 	2477811	1034
ck'	2478845	1
ck,	2478846	1
ck-	2478847	12
cka	2478859	445
ckb	2479304	43
ckc	2479347	4
ckd	2479351	8
cke	2479359	404
ckf	2479763	29
ckg	2479792	1
ckh	2479793	183
cki	2479976	855
ckk	2480831	1
ckl	2480832	809
ckm	2481641	24
ckn	2481665	32
cko	2481697	346
ckp	2482043	15
ckr	2482058	10
cks	2482068	144
ckt	2482212	33
cku	2482245	8
ckv	2482253	22
ckw	2482275	47
cky	2482322	1395
cl 	2483717	2449
cla	2486166	506
cle	2486672	379
cli	2487051	198
cll	2487249	9
clo	2487258	120
clu	2487378	236
cly	2487614	23
cm 	2487637	1308
cma	2488945	27
cmc	2488972	51
cme	2489023	9
cmi	2489032	9
cmo	2489041	6
cmr	2489047	145
cmu	2489192	2
cmx	2489194	45
cmy	2489239	1
cn 	2489240	16335
cna	2505575	71
cne	2505646	7
cni	2505653	18
cnj	2505671	1
cnn	2505672	19
cno	2505691	51
cnr	2505742	1
cny	2505743	1
co 	2505744	21264
co)	2527008	36
co,	2527044	1
co-	2527045	22
coa	2527067	470
cob	2527537	150
coc	2527687	344
cod	2528031	195
coe	2528226	68
cof	2528294	42
cog	2528336	125
coh	2528461	24
coi	2528485	115
coj	2528600	23
cok	2528623	25
col	2528648	4272
com	2532920	2927
con	2535847	2532
coo	2538379	123
cop	2538502	224
coq	2538726	41
cor	2538767	1812
cos	2540579	1000
cot	2541579	7270
cou	2548849	685
cov	2549534	347
cow	2549881	59
cox	2549940	37
coy	2549977	137
coz	2550114	43
cp 	2550157	57
cpa	2550214	19
cpf	2550233	1
cph	2550234	4
cpi	2550238	4
cpk	2550242	1
cpm	2550243	3
cpo	2550246	3
cpu	2550249	1
cpv	2550250	228
cq 	2550478	1028
cq-	2551506	13
cqu	2551519	126
cr 	2551645	239
cra	2551884	394
cre	2552278	717
cri	2552995	443
crk	2553438	4
crn	2553442	25
cro	2553467	1669
cru	2555136	2379
crv	2557515	1
cry	2557516	19
cs 	2557535	829
cs-	2558364	207
csa	2558571	98
csb	2558669	6
cse	2558675	57
csh	2558732	3
csi	2558735	15
csk	2558750	242
csl	2558992	1
cso	2558993	75
css	2559068	1
cst	2559069	2
csu	2559071	5
csv	2559076	6
csz	2559082	1
ct 	2559083	2191
cta	2561274	21
cte	2561295	22
cth	2561317	3
cti	2561320	297
ctl	2561617	4
ctm	2561621	2
cto	2561623	1151
ctr	2562774	4
ctt	2562778	6
ctu	2562784	28
ctz	2562812	4
cu 	2562816	491
cua	2563307	1090
cub	2564397	320
cuc	2564717	230
cud	2564947	32
cue	2564979	171
cuf	2565150	5
cug	2565155	20
cuh	2565175	2
cui	2565177	212
cuj	2565389	8
cuk	2565397	44
cul	2565441	218
cum	2565659	194
cun	2565853	521
cuo	2566374	20
cup	2566394	46
cuq	2566440	6
cur	2566446	326
cus	2566772	303
cut	2567075	319
cuu	2567394	2
cuv	2567396	29
cuw	2567425	14
cux	2567439	10
cuy	2567449	72
cuz	2567521	23
cv 	2567544	310
cva	2567854	11
cve	2567865	3
cvi	2567868	5
cvl	2567873	877
cvo	2568750	5
cvr	2568755	2
cw 	2568757	14
cwi	2568771	1
cwm	2568772	8
cwo	2568780	2
cx 	2568782	2
cxa	2568784	2
cxo	2568786	3
cxr	2568789	1
cxu	2568790	2
cy 	2568792	298
cy-	2569090	38
cya	2569128	5
cyb	2569133	4
cyc	2569137	2
cyd	2569139	1
cyf	2569140	1
cyg	2569141	3
cyi	2569144	1
cyl	2569145	1
cym	2569146	73
cyn	2569219	10
cyo	2569229	2
cyp	2569231	144
cyr	2569375	26
cys	2569401	1
cyt	2569402	1
cyu	2569403	1
cyw	2569404	1
cz 	2569405	2821
cz-	2572226	1
cza	2572227	71
czb	2572298	3
czc	2572301	1
cze	2572302	2867
czf	2575169	1
czi	2575170	3
czk	2575173	32
czl	2575205	29
czm	2575234	2
czn	2575236	35
czo	2575271	42
czu	2575313	7
czy	2575320	108
d '	2575428	4
d (	2575432	14
d -	2575446	2
d /	2575448	3
d 0	2575451	127
d 1	2575578	349
d 2	2575927	30
d 3	2575957	11
d 4	2575968	113
d 5	2576081	1
d 8	2576082	293
d 9	2576375	1
d [	2576376	2
d a	2576378	2227
d b	2578605	944
d c	2579549	4967
d d	2584516	678
d e	2585194	4805
d f	2589999	1342
d g	2591341	682
d h	2592023	699
d i	2592722	10642
d j	2603364	360
d k	2603724	6391
d l	2610115	539
d m	2610654	2150
d n	2612804	2061
d o	2614865	301
d p	2615166	4460
d q	2619626	1109
d r	2620735	664
d s	2621399	23932
d t	2645331	1572
d u	2646903	1188
d v	2648091	940
d w	2649031	358
d x	2649389	3
d y	2649392	78
d z	2649470	398
d' 	2649868	3
d'a	2649871	992
d'e	2650863	41
d'h	2650904	8
d'i	2650912	5167
d'o	2656079	79
d'r	2656158	1
d's	2656159	8
d'u	2656167	5
d'y	2656172	3
d) 	2656175	8
d, 	2656183	329
d-a	2656512	121
d-b	2656633	351
d-c	2656984	58
d-d	2657042	30
d-e	2657072	1738
d-f	2658810	4
d-g	2658814	7
d-h	2658821	458
d-i	2659279	1
d-j	2659280	3
d-k	2659283	19
d-l	2659302	24
d-m	2659326	8
d-o	2659334	18
d-p	2659352	2259
d-q	2661611	2
d-r	2661613	6
d-s	2661619	23
d-t	2661642	4
d-u	2661646	11
d-v	2661657	6
d-w	2661663	5
d-y	2661668	1
d-z	2661669	3
d. 	2661672	1
d/m	2661673	1
d/s	2661674	1
da 	2661675	8349
da'	2670024	55
da)	2670079	28
da,	2670107	1
da-	2670108	98
da.	2670206	49
da/	2670255	1
daa	2670256	43
dab	2670299	289
dac	2670588	130
dad	2670718	1595
dae	2672313	41
daf	2672354	24
dag	2672378	535
dah	2672913	529
dai	2673442	252
daj	2673694	81
dak	2673775	604
dal	2674379	3477
dam	2677856	1432
dan	2679288	2331
dao	2681619	175
dap	2681794	253
daq	2682047	58
dar	2682105	1663
das	2683768	560
dat	2684328	187
dau	2684515	142
dav	2684657	385
daw	2685042	126
dax	2685168	39
day	2685207	338
daz	2685545	52
db 	2685597	266
dba	2685863	47
dbe	2685910	31
dbh	2685941	1
dbi	2685942	12
dbj	2685954	1
dbl	2685955	1
dbo	2685956	25
dbr	2685981	47
dbu	2686028	52
dby	2686080	25
dc 	2686105	59
dca	2686164	6
dce	2686170	5
dch	2686175	17
dci	2686192	2
dcl	2686194	10
dco	2686204	11
dcr	2686215	9
dcu	2686224	2
dd 	2686226	32
dda	2686258	241
dde	2686499	137
ddh	2686636	7
ddi	2686643	118
ddl	2686761	103
ddm	2686864	1
ddn	2686865	1
ddo	2686866	50
ddr	2686916	5
ddt	2686921	1
ddu	2686922	20
ddv	2686942	2
ddy	2686944	13
de 	2686957	24258
de'	2711215	39
de)	2711254	8
de-	2711262	4174
de/	2715436	1
dea	2715437	242
deb	2715679	140
dec	2715819	301
ded	2716120	55
dee	2716175	105
def	2716280	74
deg	2716354	600
deh	2716954	167
dei	2717121	203
dej	2717324	58
dek	2717382	91
del	2717473	2629
dem	2720102	376
den	2720478	5648
deo	2726126	90
dep	2726216	135
deq	2726351	7
der	2726358	9051
des	2735409	2983
det	2738392	179
deu	2738571	12004
dev	2750575	152
dew	2750727	42
dex	2750769	17
dey	2750786	49
dez	2750835	103
df 	2750938	2609
dfa	2753547	6
dfe	2753553	6
dfi	2753559	27
dfj	2753586	2
dfl	2753588	1
dfo	2753589	82
dfr	2753671	3
dfu	2753674	1
dg 	2753675	7
dga	2753682	41
dgc	2753723	1
dgd	2753724	1
dge	2753725	591
dgf	2754316	2
dgh	2754318	13
dgi	2754331	7
dgk	2754338	1
dgl	2754339	2
dgm	2754341	3
dgn	2754344	1
dgo	2754345	55
dgr	2754400	5
dgs	2754405	2
dgt	2754407	1
dgu	2754408	3
dgv	2754411	1
dgw	2754412	16
dgy	2754428	2
dh 	2754430	204
dha	2754634	303
dhd	2754937	1
dhe	2754938	81
dhg	2755019	1
dhi	2755020	111
dhj	2755131	2
dhk	2755133	1
dhl	2755134	2
dhn	2755136	5
dho	2755141	96
dhp	2755237	6
dhr	2755243	288
dhu	2755531	66
dhw	2755597	1
dhy	2755598	488
di 	2756086	1596
di'	2757682	5
di,	2757687	1
di-	2757688	23
dia	2757711	10976
dib	2768687	108
dic	2768795	149
did	2768944	138
die	2769082	1568
dif	2770650	25
dig	2770675	656
dih	2771331	43
dii	2771374	11
dij	2771385	84
dik	2771469	119
dil	2771588	414
dim	2772002	373
din	2772375	2039
dio	2774414	344
dip	2774758	73
diq	2774831	12
dir	2774843	249
dis	2775092	907
dit	2775999	121
diu	2776120	41
div	2776161	191
diw	2776352	14
dix	2776366	22
diy	2776388	382
diz	2776770	58
dj 	2776828	265
dja	2777093	109
dje	2777202	74
dji	2777276	426
djl	2777702	1
djm	2777703	1
djo	2777704	51
dju	2777755	31
djy	2777786	72
dk 	2777858	551
dka	2778409	375
dke	2778784	9
dkh	2778793	7
dki	2778800	40
dkl	2778840	2
dko	2778842	32
dkr	2778874	5
dku	2778879	11
dky	2778890	9
dl 	2778899	1137
dl-	2780036	3
dl.	2780039	4
dla	2780043	479
dlb	2780522	2
dlc	2780524	5
dle	2780529	273
dlg	2780802	3
dlh	2780805	4
dli	2780809	134
dlj	2780943	4
dlk	2780947	1
dln	2780948	8
dlo	2780956	232
dls	2781188	1
dlu	2781189	22
dlw	2781211	1
dly	2781212	16
dm 	2781228	20
dma	2781248	68
dme	2781316	26
dmi	2781342	140
dmn	2781482	2
dmo	2781484	52
dmu	2781536	46
dmy	2781582	20
dn 	2781602	161
dna	2781763	49
dne	2781812	79
dng	2781891	1
dni	2781892	440
dnj	2782332	23
dnk	2782355	510
dno	2782865	48
dnu	2782913	1
dny	2782914	39
do 	2782953	4282
do'	2787235	1
do)	2787236	34
do-	2787270	28
doa	2787298	169
dob	2787467	498
doc	2787965	111
dod	2788076	64
doe	2788140	32
dof	2788172	28
dog	2788200	128
doh	2788328	35
doi	2788363	68
doj	2788431	12
dok	2788443	118
dol	2788561	1153
dom	2789714	6631
don	2796345	14460
doo	2810805	60
dop	2810865	30
doq	2810895	4
dor	2810899	3046
dos	2813945	495
dot	2814440	44
dou	2814484	649
dov	2815133	439
dow	2815572	284
dox	2815856	7
doy	2815863	40
doz	2815903	75
dp 	2815978	1
dpa	2815979	10
dpe	2815989	5
dpi	2815994	2
dpl	2815996	3
dpo	2815999	10
dpr	2816009	3
dpu	2816012	43
dq 	2816055	7
dqa	2816062	1
dqu	2816063	2
dr 	2816065	137
dr-	2816202	1
dr.	2816203	1
dra	2816204	1682
dre	2817886	791
drh	2818677	579
dri	2819256	861
drm	2820117	1
drn	2820118	5
dro	2820123	908
drs	2821031	2
dru	2821033	151
drv	2821184	1
drw	2821185	1
dry	2821186	48
drz	2821234	21
ds 	2821255	3429
ds'	2824684	1
ds-	2824685	18
dsa	2824703	23
dsb	2824726	72
dsc	2824798	73
dsd	2824871	12
dse	2824883	27
dsf	2824910	3
dsg	2824913	5
dsh	2824918	38
dsi	2824956	14
dsj	2824970	2
dsk	2824972	765
dsl	2825737	11
dsm	2825748	5
dso	2825753	102
dsp	2825855	6
dsr	2825861	4
dss	2825865	1
dst	2825866	125
dsu	2825991	6
dsv	2825997	33
dsw	2826030	25
dsz	2826055	4
dt 	2826059	560
dt-	2826619	8
dt/	2826627	4
dta	2826631	6
dtb	2826637	3
dtc	2826640	1
dte	2826641	13
dtf	2826654	2
dth	2826656	7
dti	2826663	2
dtj	2826665	114
dtk	2826779	4
dtl	2826783	6
dtm	2826789	1
dtn	2826790	1
dto	2826791	21
dtp	2826812	1
dtr	2826813	2
dts	2826815	10
dtu	2826825	4
dtv	2826829	2
dtz	2826831	1
du 	2826832	2152
du'	2828984	4
du-	2828988	230
dua	2829218	152
dub	2829370	459
duc	2829829	88
dud	2829917	59
due	2829976	80
duf	2830056	17
dug	2830073	58
duh	2830131	18
dui	2830149	50
duj	2830199	19
duk	2830218	100
dul	2830318	241
dum	2830559	173
dun	2830732	507
duo	2831239	58
dup	2831297	53
duq	2831350	19
dur	2831369	1647
dus	2833016	121
dut	2833137	36
duu	2833173	10
duv	2833183	37
duw	2833220	17
dux	2833237	5
duy	2833242	14
duz	2833256	133
dva	2833389	34
dve	2833423	27
dvi	2833450	110
dvl	2833560	2
dvo	2833562	42
dvr	2833604	1
dvu	2833605	5
dvy	2833610	6
dw 	2833616	3
dwa	2833619	147
dwe	2833766	60
dwi	2833826	81
dwo	2833907	69
dwr	2833976	4
dwy	2833980	4
dy 	2833984	272
dy-	2834256	9
dya	2834265	54
dyb	2834319	6
dyc	2834325	14
dyd	2834339	2
dye	2834341	23
dyf	2834364	4
dyg	2834368	29
dyh	2834397	1
dyi	2834398	2
dyj	2834400	4
dyk	2834404	16
dyl	2834420	11
dym	2834431	29
dyn	2834460	33
dyo	2834493	12
dyp	2834505	1
dyr	2834506	8
dys	2834514	39
dyt	2834553	251
dyu	2834804	9
dyv	2834813	8
dyw	2834821	3
dyy	2834824	3
dyz	2834827	5
dz 	2834832	388
dz'	2835220	1
dza	2835221	425
dzb	2835646	2
dze	2835648	38
dzh	2835686	71
dzi	2835757	194
dzk	2835951	203
dzl	2836154	1
dzm	2836155	1
dzn	2836156	4
dzo	2836160	48
dzr	2836208	1
dzt	2836209	1
dzu	2836210	19
dzv	2836229	2
dzw	2836231	10
dzy	2836241	25
e &	2836266	1
e '	2836267	32
e (	2836299	79
e -	2836378	13
e /	2836391	6
e 0	2836397	1113
e 1	2837510	2036
e 2	2839546	2733
e 3	2842279	999
e 4	2843278	42
e 5	2843320	450
e 6	2843770	173
e 7	2843943	14
e 8	2843957	118
e 9	2844075	3
e [	2844078	2
e a	2844080	3059
e b	2847139	6832
e c	2853971	10282
e d	2864253	19738
e e	2883991	1669
e f	2885660	16023
e g	2901683	4738
e h	2906421	2999
e i	2909420	4415
e j	2913835	942
e k	2914777	1295
e l	2916072	5663
e m	2921735	5779
e n	2927514	6369
e o	2933883	3623
e p	2937506	6059
e q	2943565	430
e r	2943995	1774
e s	2945769	6069
e t	2951838	5741
e u	2957579	6553
e v	2964132	3870
e w	2968002	1239
e x	2969241	74
e y	2969315	626
e z	2969941	895
"e"" "	2970836	1
e' 	2970837	28
e'-	2970865	1
e'a	2970866	32
e'b	2970898	1
e'e	2970899	31
e'g	2970930	1
e'i	2970931	3
e'm	2970934	3
e'o	2970937	3
e's	2970940	35
e'u	2970975	4
e'z	2970979	1
e) 	2970980	94
e, 	2971074	1241
e--	2972315	1
e-4	2972316	1
e-a	2972317	4796
e-b	2977113	282
e-c	2977395	1181
e-d	2978576	2017
e-e	2980593	155
e-f	2980748	3610
e-g	2984358	126
e-h	2984484	66
e-i	2984550	20
e-j	2984570	44
e-k	2984614	75
e-l	2984689	1385
e-m	2986074	222
e-n	2986296	76
e-o	2986372	50
e-p	2986422	132
e-q	2986554	9
e-r	2986563	2235
e-s	2988798	537
e-t	2989335	79
e-u	2989414	4
e-v	2989418	1010
e-w	2990428	18
e-x	2990446	1
e-y	2990447	4
e-z	2990451	6
e. 	2990457	7
e.e	2990464	1
e.p	2990465	1
e/c	2990466	2
e/d	2990468	1
e/f	2990469	1
e/h	2990470	1
e/o	2990471	1
e/p	2990472	1
e? 	2990473	3
e] 	2990476	1
ea 	2990477	2229
ea'	2992706	1
ea)	2992707	2
ea-	2992709	63
eab	2992772	51
eac	2992823	438
ead	2993261	363
eae	2993624	22
eaf	2993646	23
eag	2993669	124
eah	2993793	33
eai	2993826	9
eaj	2993835	6
eak	2993841	38
eal	2993879	1039
eam	2994918	255
ean	2995173	441
eao	2995614	9
eap	2995623	38
eaq	2995661	2
ear	2995663	552
eas	2996215	1398
eat	2997613	385
eau	2997998	692
eav	2998690	318
eaw	2999008	5
eay	2999013	25
eaz	2999038	22
eb 	2999060	96
eba	2999156	718
ebb	2999874	85
ebc	2999959	3
ebd	2999962	7
ebe	2999969	1434
ebg	3001403	1
ebh	3001404	5
ebi	3001409	187
ebj	3001596	3
ebk	3001599	5
ebl	3001604	1545
ebm	3003149	3
ebn	3003152	27
ebo	3003179	426
ebp	3003605	2
ebr	3003607	507
ebs	3004114	71
ebt	3004185	9
ebu	3004194	213
ebv	3004407	2
ebw	3004409	5
eby	3004414	78
ebz	3004492	2
ec 	3004494	2237
ec)	3006731	7
ec-	3006738	18
ec]	3006756	1
eca	3006757	761
ecb	3007518	1
ecc	3007519	304
ecd	3007823	1
ece	3007824	2132
ech	3009956	3971
eci	3013927	330
ecj	3014257	1
eck	3014258	1810
ecl	3016068	41
ecm	3016109	2
ecn	3016111	15
eco	3016126	353
ecp	3016479	12
ecq	3016491	40
ecr	3016531	52
ecs	3016583	32
ect	3016615	264
ecu	3016879	665
ecv	3017544	9
ecy	3017553	23
ecz	3017576	67
ed 	3017643	28199
ed)	3045842	1
ed-	3045843	6
eda	3045849	817
edb	3046666	27
edc	3046693	10
edd	3046703	124
ede	3046827	8944
edf	3055771	42
edg	3055813	95
edh	3055908	32
edi	3055940	716
edj	3056656	19
edk	3056675	9
edl	3056684	111
edm	3056795	51
edn	3056846	45
edo	3056891	1773
edp	3058664	5
edr	3058669	782
eds	3059451	39
edt	3059490	246
edu	3059736	125
edv	3059861	33
edw	3059894	83
edy	3059977	39
edz	3060016	61
ee 	3060077	1850
ee'	3061927	1
ee)	3061928	1
ee-	3061929	23
eeb	3061952	49
eec	3062001	2023
eed	3064024	96
eef	3064120	18
eeg	3064138	18
eeh	3064156	14
eei	3064170	1
eej	3064171	1
eek	3064172	359
eel	3064531	204
eem	3064735	40
een	3064775	1587
eeo	3066362	2
eep	3066364	52
eer	3066416	240
ees	3066656	141
eet	3066797	122
eeu	3066919	17
eev	3066936	11
eew	3066947	17
eex	3066964	2
eez	3066966	27
ef 	3066993	70
ef-	3067063	5
efa	3067068	138
efb	3067206	1
efc	3067207	1
efd	3067208	2
efe	3067210	123
eff	3067333	139
efg	3067472	1
efh	3067473	1
efi	3067474	102
efj	3067576	7
efk	3067583	57
efl	3067640	53
efn	3067693	3
efo	3067696	196
efp	3067892	1
efr	3067893	54
efs	3067947	9
eft	3067956	69
efu	3068025	71
efv	3068096	1
efw	3068097	2
efy	3068099	6
efz	3068105	1
eg 	3068106	461
eg)	3068567	2
eg-	3068569	8
ega	3068577	860
egb	3069437	44
egc	3069481	5
egd	3069486	8
ege	3069494	386
egf	3069880	1
egg	3069881	177
egh	3070058	107
egi	3070165	2406
egj	3072571	1
egk	3072572	4
egl	3072576	162
egm	3072738	5
egn	3072743	533
ego	3073276	1207
egp	3074483	1
egr	3074484	466
egs	3074950	22
egt	3074972	5
egu	3074977	386
egv	3075363	5
egw	3075368	5
egy	3075373	320
eh 	3075693	708
eh-	3076401	42
eha	3076443	190
ehb	3076633	10
ehc	3076643	3
ehd	3076646	19
ehe	3076665	280
ehf	3076945	1
ehg	3076946	6
ehh	3076952	3
ehi	3076955	152
ehj	3077107	2
ehk	3077109	5
ehl	3077114	59
ehm	3077173	25
ehn	3077198	31
eho	3077229	128
ehp	3077357	10
ehr	3077367	525
ehs	3077892	8
eht	3077900	8
ehu	3077908	191
ehv	3078099	1
ehw	3078100	6
ehy	3078106	9
ehz	3078115	5
ei 	3078120	2437
ei'	3080557	7
ei-	3080564	32
eia	3080596	132
eib	3080728	76
eic	3080804	227
eid	3081031	346
eie	3081377	700
eif	3082077	56
eig	3082133	606
eih	3082739	33
eii	3082772	2
eij	3082774	214
eik	3082988	54
eil	3083042	1360
eim	3084402	969
ein	3085371	5067
eio	3090438	105
eip	3090543	25
eiq	3090568	10
eir	3090578	1043
eis	3091621	491
eit	3092112	321
eiu	3092433	27
eiv	3092460	20
eiw	3092480	16
eix	3092496	106
eiy	3092602	23
eiz	3092625	63
ej 	3092688	33
ej-	3092721	1
eja	3092722	317
ejb	3093039	7
ejc	3093046	3
ejd	3093049	5
eje	3093054	161
ejg	3093215	1
ejh	3093216	3
eji	3093219	1283
ejk	3094502	3
ejl	3094505	2
ejm	3094507	3
ejn	3094510	14
ejo	3094524	583
ejp	3095107	3
ejr	3095110	3
ejs	3095113	5
ejt	3095118	2
eju	3095120	63
ejv	3095183	1
ek 	3095184	870
ek'	3096054	7
ek-	3096061	14
eka	3096075	290
ekb	3096365	5
ekc	3096370	8
ekd	3096378	5
eke	3096383	289
ekg	3096672	1
ekh	3096673	84
eki	3096757	435
ekj	3097192	1
ekk	3097193	37
ekl	3097230	36
ekm	3097266	14
ekn	3097280	88
eko	3097368	241
ekp	3097609	11
ekr	3097620	136
eks	3097756	133
ekt	3097889	20
eku	3097909	79
ekv	3097988	5
ekw	3097993	3
eky	3097996	4
ekz	3098000	1
el 	3098001	6959
el'	3104960	146
el)	3105106	10
el,	3105116	27
el-	3105143	171
el.	3105314	1
el/	3105315	1
ela	3105316	3829
elb	3109145	377
elc	3109522	151
eld	3109673	1545
ele	3111218	1829
elf	3113047	144
elg	3113191	2450
elh	3115641	261
eli	3115902	1728
elj	3117630	51
elk	3117681	542
ell	3118223	5534
elm	3123757	314
eln	3124071	284
elo	3124355	1479
elp	3125834	69
elq	3125903	6
elr	3125909	51
els	3125960	850
elt	3126810	315
elu	3127125	207
elv	3127332	196
elw	3127528	56
elx	3127584	2
ely	3127586	319
elz	3127905	38
em 	3127943	851
em'	3128794	5
em)	3128799	1
em,	3128800	1
em-	3128801	15
ema	3128816	1367
emb	3130183	1865
emc	3132048	36
emd	3132084	12
eme	3132096	971
emf	3133067	6
emg	3133073	9
emh	3133082	6
emi	3133088	2090
emj	3135178	1
emk	3135179	17
eml	3135196	41
emm	3135237	122
emn	3135359	61
emo	3135420	2023
emp	3137443	495
emr	3137938	9
ems	3137947	170
emt	3138117	19
emu	3138136	115
emv	3138251	4
emw	3138255	2
emy	3138257	95
emz	3138352	4
en 	3138356	12878
en'	3151234	34
en)	3151268	10
en,	3151278	1
en-	3151279	2489
en/	3153768	1
ena	3153769	2613
enb	3156382	1885
enc	3158267	2148
end	3160415	1792
ene	3162207	3394
enf	3165601	225
eng	3165826	22769
enh	3188595	689
eni	3189284	3905
enj	3193189	148
enk	3193337	355
enl	3193692	336
enm	3194028	628
enn	3194656	2544
eno	3197200	976
enp	3198176	45
enq	3198221	63
enr	3198284	204
ens	3198488	2946
ent	3201434	8597
enu	3210031	168
env	3210199	143
enw	3210342	200
enx	3210542	27
eny	3210569	520
enz	3211089	541
eo 	3211630	326
eo)	3211956	6
eo-	3211962	2
eoa	3211964	9
eob	3211973	18
eoc	3211991	29
eod	3212020	26
eoe	3212046	3
eof	3212049	7
eog	3212056	17
eoh	3212073	6
eoi	3212079	10
eoj	3212089	6
eok	3212095	45
eol	3212140	200
eom	3212340	10
eon	3212350	2759
eoo	3215109	1
eop	3215110	58
eoq	3215168	1
eor	3215169	1121
eos	3216290	58
eot	3216348	31
eou	3216379	57
eov	3216436	8
eow	3216444	1
eoy	3216445	2
eoz	3216447	1
ep 	3216448	329
ep'	3216777	1
epa	3216778	391
epb	3217169	2
epc	3217171	120
epd	3217291	2
epe	3217293	1001
epf	3218294	6
epg	3218300	1
eph	3218301	78
epi	3218379	182
epk	3218561	5
epl	3218566	74
epm	3218640	2
epn	3218642	21
epo	3218663	194
epp	3218857	127
epr	3218984	36
eps	3219020	25
ept	3219045	60
epu	3219105	702
epv	3219807	2
epw	3219809	7
epy	3219816	28
epz	3219844	2
eq 	3219846	18
eqa	3219864	14
eqb	3219878	4
eqe	3219882	8
eqi	3219890	25
eql	3219915	1
eqo	3219916	3
eqq	3219919	3
eqr	3219922	1
equ	3219923	516
er 	3220439	8505
er'	3228944	13
er)	3228957	6
er,	3228963	1
er-	3228964	264
er/	3229228	3
era	3229231	11737
erb	3240968	1628
erc	3242596	644
erd	3243240	1191
ere	3244431	3006
erf	3247437	203
erg	3247640	4965
erh	3252605	287
eri	3252892	3381
erj	3256273	41
erk	3256314	666
erl	3256980	4567
erm	3261547	13686
ern	3275233	5941
ero	3281174	2871
erp	3284045	132
erq	3284177	48
err	3284225	3235
ers	3287460	4568
ert	3292028	2602
eru	3294630	2677
erv	3297307	574
erw	3297881	269
erx	3298150	10
ery	3298160	201
erz	3298361	655
es 	3299016	46974
es'	3345990	3
es)	3345993	37
es,	3346030	3
es-	3346033	1812
es]	3347845	2
esa	3347847	625
esb	3348472	185
esc	3348657	615
esd	3349272	73
ese	3349345	670
esf	3350015	256
esg	3350271	35
esh	3350306	2052
esi	3352358	10036
esj	3362394	7
esk	3362401	729
esl	3363130	132
esm	3363262	137
esn	3363399	266
eso	3363665	997
esp	3364662	9547
esq	3374209	77
esr	3374286	6
ess	3374292	1860
est	3376152	11016
esu	3387168	218
esv	3387386	127
esw	3387513	1199
esy	3388712	19
esz	3388731	179
et 	3388910	1895
et'	3390805	13
et-	3390818	148
eta	3390966	2170
etb	3393136	11
etc	3393147	66
etd	3393213	1
ete	3393214	822
etf	3394036	11
etg	3394047	7
eth	3394054	2599
eti	3396653	693
etj	3397346	1
etk	3397347	31
etl	3397378	171
etm	3397549	18
etn	3397567	975
eto	3398542	2105
etp	3400647	8
etq	3400655	1
etr	3400656	694
ets	3401350	1121
ett	3402471	1611
etu	3404082	172
etv	3404254	54
etw	3404308	26
etx	3404334	6
ety	3404340	45
etz	3404385	212
eu 	3404597	555
eu-	3405152	71
eua	3405223	14
eub	3405237	59
euc	3405296	92
eud	3405388	73
eue	3405461	81
euf	3405542	117
eug	3405659	51
euh	3405710	51
eui	3405761	172
euj	3405933	2
euk	3405935	102
eul	3406037	184
eum	3406221	75
eun	3406296	147
euo	3406443	1
eup	3406444	47
euq	3406491	30
eur	3406521	311
eus	3406832	241
eut	3407073	158
euv	3407231	156
euw	3407387	90
eux	3407477	267
euy	3407744	12
euz	3407756	51
ev 	3407807	106
ev'	3407913	1
ev-	3407914	1
ev.	3407915	1
eva	3407916	874
evb	3408790	2
evc	3408792	46
evd	3408838	4
eve	3408842	1132
evf	3409974	1
evg	3409975	27
evh	3410002	3
evi	3410005	816
evj	3410821	6
evk	3410827	111
evl	3410938	21
evm	3410959	2
evn	3410961	24
evo	3410985	975
evp	3411960	1
evr	3411961	117
evs	3412078	132
evt	3412210	1
evu	3412211	30
evv	3412241	2
evx	3412243	1
evy	3412244	31
evz	3412275	2
ew 	3412277	5574
ew'	3417851	1
ew-	3417852	8
ew/	3417860	2
ewa	3417862	411
ewb	3418273	33
ewc	3418306	24
ewd	3418330	6
ewe	3418336	1136
ewf	3419472	180
ewh	3419652	3
ewi	3419655	141
ewk	3419796	10
ewl	3419806	7
ewm	3419813	15
ewn	3419828	7
ewo	3419835	235
ewp	3420070	35
ewq	3420105	1
ewr	3420106	4
ews	3420110	58
ewt	3420168	80
ewu	3420248	17
ewv	3420265	4
ewy	3420269	7
ex 	3420276	2034
ex-	3422310	25
exa	3422335	1365
exb	3423700	7
exc	3423707	79
exd	3423786	4
exe	3423790	41
exf	3423831	2
exg	3423833	1
exh	3423834	15
exi	3423849	17208
exl	3441057	10
exm	3441067	14
exn	3441081	2
exo	3441083	23
exp	3441106	16
exq	3441122	7
exs	3441129	1
ext	3441130	420
exu	3441550	4
exv	3441554	1
exy	3441555	7
ey 	3441562	2443
ey'	3444005	2
ey)	3444007	4
ey,	3444011	1
ey-	3444012	74
eya	3444086	180
eyb	3444266	27
eyc	3444293	40
eyd	3444333	37
eye	3444370	202
eyf	3444572	8
eyg	3444580	13
eyh	3444593	21
eyi	3444614	35
eyj	3444649	2
eyk	3444651	27
eyl	3444678	75
eym	3444753	70
eyn	3444823	94
eyo	3444917	32
eyp	3444949	8
eyr	3444957	116
eys	3445073	162
eyt	3445235	60
eyu	3445295	32
eyv	3445327	55
eyw	3445382	6
eyy	3445388	15
eyz	3445403	14
ez 	3445417	859
ez'	3446276	1
ez)	3446277	13
ez-	3446290	55
eza	3446345	223
ezb	3446568	2
ezc	3446570	12
ezd	3446582	42
eze	3446624	196
ezf	3446820	1
ezg	3446821	4
ezh	3446825	228
ezi	3447053	606
ezj	3447659	6
ezk	3447665	8
ezl	3447673	9
ezm	3447682	12
ezn	3447694	93
ezo	3447787	153
ezp	3447940	5
ezq	3447945	32
ezr	3447977	15
ezs	3447992	234
ezt	3448226	1
ezu	3448227	479
ezv	3448706	10
ezw	3448716	1
ezy	3448717	26
ezz	3448743	161
f '	3448904	3
f (	3448907	4
f /	3448911	40
f 0	3448951	10
f 1	3448961	13
f 3	3448974	19
f a	3448993	474
f b	3449467	507
f c	3449974	183
f d	3450157	66
f e	3450223	46
f f	3450269	2597
f g	3452866	192
f h	3453058	38
f i	3453096	45
f j	3453141	17
f k	3453158	17
f l	3453175	184
f m	3453359	138
f n	3453497	186
f o	3453683	16
f p	3453699	107
f q	3453806	7
f r	3453813	172
f s	3453985	479
f t	3454464	329
f u	3454793	47
f v	3454840	27
f w	3454867	41
f z	3454908	40
f' 	3454948	1
f'a	3454949	3
f'y	3454952	1
f) 	3454953	12
f-3	3454965	1
f-a	3454966	1
f-b	3454967	6
f-c	3454973	1
f-d	3454974	8
f-e	3454982	5
f-f	3454987	1
f-g	3454988	2
f-h	3454990	1
f-l	3454991	7
f-m	3454998	1
f-n	3454999	2
f-o	3455001	4
f-p	3455005	2
f-r	3455007	1
f-s	3455008	13
f-t	3455021	1
f-u	3455022	1
f-v	3455023	3
f-w	3455026	2
f. 	3455028	2
f/s	3455030	1
fa 	3455031	368
fa'	3455399	11
fa-	3455410	2
faa	3455412	14
fab	3455426	58
fac	3455484	47
fad	3455531	24
fae	3455555	114
faf	3455669	36
fag	3455705	52
fah	3455757	249
fai	3456006	223
faj	3456229	18
fak	3456247	30
fal	3456277	3287
fam	3459564	49
fan	3459613	457
fao	3460070	13
fap	3460083	3
faq	3460086	11
far	3460097	891
fas	3460988	184
fat	3461172	97
fau	3461269	67
fav	3461336	31
faw	3461367	12
fax	3461379	51
fay	3461430	76
faz	3461506	16
fb 	3461522	5
fba	3461527	5
fbe	3461532	3
fbi	3461535	2
fbo	3461537	2
fc 	3461539	964
fca	3462503	1
fcc	3462504	1
fch	3462505	14
fci	3462519	1
fcr	3462520	1
fcu	3462521	1
fd 	3462522	8
fda	3462530	3
fdd	3462533	1
fde	3462534	4
fdi	3462538	1
fdo	3462539	3
fdp	3462542	1
fe 	3462543	278
fe)	3462821	1
fe-	3462822	3
fea	3462825	17
feb	3462842	15
fec	3462857	13
fed	3462870	5593
fee	3468463	8
fef	3468471	7
feg	3468478	8
feh	3468486	20
fei	3468506	59
fej	3468565	62
fek	3468627	7
fel	3468634	763
fem	3469397	15
fen	3469412	819
feo	3470231	7
feq	3470238	1
fer	3470239	642
fes	3470881	130
fet	3471011	45
feu	3471056	39
fev	3471095	4
fex	3471099	2
fey	3471101	20
fez	3471121	7
ff 	3471128	143
ff-	3471271	3
ffa	3471274	85
ffc	3471359	3
ffd	3471362	3
ffe	3471365	229
ffh	3471594	29
ffi	3471623	116
ffk	3471739	1
ffl	3471740	33
ffm	3471773	3
ffn	3471776	6
ffo	3471782	91
ffr	3471873	53
ffs	3471926	24
fft	3471950	7
ffu	3471957	11
ffv	3471968	4
ffw	3471972	3
ffy	3471975	4
ffz	3471979	1
fga	3471980	10
fge	3471990	4
fgh	3471994	320
fgo	3472314	1
fgr	3472315	2
fgu	3472317	1
fha	3472318	36
fhe	3472354	11
fhi	3472365	1
fho	3472366	6
fhu	3472372	3
fi 	3472375	1060
fi'	3473435	1
fi-	3473436	6
fia	3473442	121
fib	3473563	5
fic	3473568	53
fid	3473621	36
fie	3473657	723
fif	3474380	12
fig	3474392	76
fih	3474468	2
fii	3474470	8
fij	3474478	21
fik	3474499	40
fil	3474539	218
fim	3474757	23
fin	3474780	1214
fio	3475994	46
fip	3476040	5
fiq	3476045	5
fir	3476050	85
fis	3476135	88
fit	3476223	67
fiu	3476290	20
fiv	3476310	18
fix	3476328	1
fiy	3476329	28
fiz	3476357	13
fj 	3476370	838
fja	3477208	19
fje	3477227	7
fji	3477234	17
fjo	3477251	31
fju	3477282	1
fk 	3477283	14
fka	3477297	10
fke	3477307	25
fkh	3477332	1
fki	3477333	16
fko	3477349	44
fkr	3477393	1
fku	3477394	1
fl 	3477395	913
fla	3478308	335
fle	3478643	179
fli	3478822	93
flj	3478915	5
flk	3478920	1
flo	3478921	1238
flu	3480159	24
flw	3480183	1
fly	3480184	7
fm 	3480191	111
fma	3480302	7
fme	3480309	1
fmo	3480310	3
fn 	3480313	3
fna	3480316	10
fne	3480326	5
fni	3480331	17
fno	3480348	1
fo 	3480349	176
fo'	3480525	1
fo)	3480526	1
fo-	3480527	5
foa	3480532	5
fob	3480537	2
foc	3480539	18
fod	3480557	7
foe	3480564	6
fof	3480570	3
fog	3480573	26
foh	3480599	12
foi	3480611	16
foj	3480627	2
fok	3480629	12
fol	3480641	173
fom	3480814	11
fon	3480825	395
foo	3481220	25
fop	3481245	3
for	3481248	3235
fos	3484483	129
fot	3484612	16
fou	3484628	388
fov	3485016	93
fow	3485109	14
fox	3485123	25
foy	3485148	16
foz	3485164	12
fp 	3485176	2
fpa	3485178	5
fpl	3485183	1
fpo	3485184	3
fpr	3485187	1
fq 	3485188	1
fqa	3485189	1
fqi	3485190	1
fqu	3485191	2
fr 	3485193	15691
fra	3500884	16623
fre	3517507	643
fri	3518150	1717
fro	3519867	216
fru	3520083	60
fry	3520143	215
fs 	3520358	121
fs-	3520479	2
fsa	3520481	14
fsb	3520495	6
fsc	3520501	5
fse	3520506	8
fsf	3520514	1
fsg	3520515	2
fsh	3520517	20
fsi	3520537	9
fsk	3520546	1
fsm	3520547	64
fso	3520611	1
fst	3520612	40
fsv	3520652	1
fsw	3520653	3
ft 	3520656	178
ft-	3520834	2
fta	3520836	22
ftc	3520858	4
ftd	3520862	1
fte	3520863	50
ftg	3520913	1
fth	3520914	10
fti	3520924	14
ftk	3520938	2
ftl	3520940	16
fto	3520956	69
ftp	3521025	1
ftr	3521026	3
fts	3521029	8
ftu	3521037	4
ftv	3521041	1
ftw	3521042	1
fty	3521043	4
fu 	3521047	157
fu'	3521204	6
fua	3521210	4
fub	3521214	9
fuc	3521223	25
fud	3521248	13
fue	3521261	177
fuf	3521438	7
fug	3521445	58
fuh	3521503	16
fui	3521519	5
fuj	3521524	855
fuk	3522379	185
ful	3522564	100
fum	3522664	27
fun	3522691	110
fuo	3522801	4
fup	3522805	2
fuq	3522807	8
fur	3522815	170
fus	3522985	76
fut	3523061	49
fuv	3523110	4
fuw	3523114	4
fux	3523118	16
fuy	3523134	15
fuz	3523149	25
fva	3523174	1
fve	3523175	1
fvi	3523176	7
fwa	3523183	9
fwe	3523192	6
fwi	3523198	5
fwo	3523203	1
fy 	3523204	5
fya	3523209	4
fyb	3523213	12
fye	3523225	1
fyf	3523226	3
fyl	3523229	10
fym	3523239	7
fyn	3523246	6
fyo	3523252	98
fyr	3523350	6
fyt	3523356	8
fyz	3523364	1
fz 	3523365	1
fza	3523366	3
fze	3523369	3
fzh	3523372	1
fzi	3523373	1
fzo	3523374	1
g (	3523375	6
g -	3523381	1
g /	3523382	14
g 0	3523396	192
g 1	3523588	32
g 2	3523620	76
g 3	3523696	45
g 4	3523741	76
g 5	3523817	311
g 8	3524128	111
g 9	3524239	36
g ?	3524275	1
g a	3524276	921
g b	3525197	4653
g c	3529850	2061
g d	3531911	157
g e	3532068	468
g f	3532536	959
g g	3533495	3231
g h	3536726	4110
g i	3540836	379
g j	3541215	3220
g k	3544435	921
g l	3545356	1158
g m	3546514	495
g n	3547009	1764
g o	3548773	111
g p	3548884	400
g q	3549284	306
g r	3549590	740
g s	3550330	8008
g t	3558338	785
g u	3559123	5483
g v	3564606	202
g w	3564808	303
g x	3565111	59
g y	3565170	509
g z	3565679	1118
g' 	3566797	2
g'a	3566799	114
g'd	3566913	2
g'e	3566915	7
g'i	3566922	31
g'l	3566953	1
g'o	3566954	34
g's	3566988	5
g'u	3566993	3
g'y	3566996	1
g) 	3566997	5
g, 	3567002	6
g-a	3567008	12
g-b	3567020	10
g-c	3567030	3
g-d	3567033	10
g-e	3567043	12
g-f	3567055	2
g-g	3567057	2
g-h	3567059	1118
g-k	3568177	6
g-l	3568183	14
g-m	3568197	3
g-n	3568200	20
g-o	3568220	1
g-p	3568221	2
g-r	3568223	4
g-s	3568227	21
g-t	3568248	6
g-u	3568254	10
g-v	3568264	538
g-w	3568802	4
g. 	3568806	8
g/p	3568814	1
g/s	3568815	2
ga 	3568817	3133
ga'	3571950	8
ga)	3571958	10
ga-	3571968	21
gaa	3571989	47
gab	3572036	310
gac	3572346	189
gad	3572535	278
gae	3572813	14
gaf	3572827	24
gag	3572851	96
gah	3572947	1313
gai	3574260	494
gaj	3574754	48
gak	3574802	36
gal	3574838	2923
gam	3577761	530
gan	3578291	3901
gao	3582192	409
gap	3582601	225
gaq	3582826	5
gar	3582831	5400
gas	3588231	620
gat	3588851	562
gau	3589413	439
gav	3589852	160
gaw	3590012	210
gax	3590222	5
gay	3590227	410
gaz	3590637	247
gb 	3590884	5948
gba	3596832	340
gbe	3597172	168
gbi	3597340	43
gbl	3597383	10
gbo	3597393	139
gbr	3597532	5935
gbu	3603467	112
gbw	3603579	4
gby	3603583	21
gc 	3603604	3
gca	3603607	34
gce	3603641	6
gch	3603647	289
gci	3603936	12
gco	3603948	10
gcr	3603958	1
gcs	3603959	1
gcu	3603960	91
gd 	3604051	2078
gda	3606129	251
gde	3606380	135
gdh	3606515	5
gdi	3606520	157
gdo	3606677	7675
gdr	3614352	1
gdu	3614353	66
gdw	3614419	1
gdy	3614420	2
gdz	3614422	1
ge 	3614423	2792
ge'	3617215	13
ge)	3617228	3
ge,	3617231	1
ge-	3617232	51
ge/	3617283	2
gea	3617285	63
geb	3617348	69
gec	3617417	39
ged	3617456	129
gee	3617585	62
gef	3617647	25
geg	3617672	88
geh	3617760	33
gei	3617793	64
gej	3617857	6
gek	3617863	13
gel	3617876	899
gem	3618775	244
gen	3619019	4621
geo	3623640	924
gep	3624564	35
geq	3624599	1
ger	3624600	14986
ges	3639586	2458
get	3642044	179
geu	3642223	33
gev	3642256	99
gew	3642355	1096
gex	3643451	6
gey	3643457	65
gez	3643522	45
gf 	3643567	22
gfa	3643589	53
gfe	3643642	81
gfi	3643723	42
gfo	3643765	34
gfr	3643799	6
gfu	3643805	32
gg 	3643837	161
gg)	3643998	1
gga	3643999	2090
ggb	3646089	1
ggd	3646090	1
gge	3646091	192
ggh	3646283	13
ggi	3646296	384
ggl	3646680	13
ggn	3646693	2
ggo	3646695	108
ggr	3646803	14
ggs	3646817	18
ggt	3646835	1
ggu	3646836	277
ggw	3647113	6
ggy	3647119	17
gh 	3647136	533
gh,	3647669	1
gh-	3647670	11
gha	3647681	1568
ghb	3649249	35
ghc	3649284	4
ghd	3649288	47
ghe	3649335	426
ghf	3649761	5
ghg	3649766	6
ghh	3649772	1
ghi	3649773	333
ghj	3650106	4
ghk	3650110	11
ghl	3650121	99
ghm	3650220	14
ghn	3650234	14
gho	3650248	125
ghp	3650373	7
ghr	3650380	22
ghs	3650402	11
ght	3650413	581
ghu	3650994	205
ghv	3651199	4
ghw	3651203	15
ghy	3651218	42
ghz	3651260	2
gi 	3651262	482
gi,	3651744	1
gi-	3651745	50
gia	3651795	1169
gib	3652964	58
gic	3653022	23
gid	3653045	60
gie	3653105	116
gif	3653221	56
gig	3653277	39
gih	3653316	17
gii	3653333	4
gij	3653337	10
gik	3653347	13
gil	3653360	488
gim	3653848	46
gin	3653894	1209
gio	3655103	2583
gip	3657686	97
giq	3657783	3
gir	3657786	246
gis	3658032	140
git	3658172	67
giu	3658239	2854
giv	3661093	41
giw	3661134	4
giy	3661138	40
giz	3661178	21
gj 	3661199	594
gja	3661793	54
gje	3661847	17
gji	3661864	1160
gjo	3663024	10
gju	3663034	31
gk 	3663065	22
gka	3663087	187
gke	3663274	71
gkh	3663345	34
gki	3663379	38
gkl	3663417	10
gko	3663427	175
gkr	3663602	24
gku	3663626	66
gkv	3663692	1
gky	3663693	1
gl 	3663694	188
gla	3663882	5267
glb	3669149	1
gld	3669150	1
gle	3669151	586
glf	3669737	2
glh	3669739	1
gli	3669740	1152
glj	3670892	3
glk	3670895	1
gll	3670896	2
glm	3670898	1
glo	3670899	278
glp	3671177	25
gls	3671202	2
glu	3671204	141
glw	3671345	2
gly	3671347	17
gm 	3671364	184
gma	3671548	105
gmb	3671653	180
gme	3671833	64
gmi	3671897	44
gmo	3671941	24
gmu	3671965	48
gmy	3672013	5
gn 	3672018	229
gna	3672247	3887
gnb	3676134	52
gnd	3676186	3
gne	3676189	5167
gng	3681356	12
gnh	3681368	1
gni	3681369	229
gnj	3681598	1
gnm	3681599	1
gno	3681600	320
gnq	3681920	28
gnt	3681948	3
gnu	3681951	8
gny	3681959	316
go 	3682275	3815
go)	3686090	14
go-	3686104	30
goa	3686134	268
gob	3686402	76
goc	3686478	32
god	3686510	209
goe	3686719	56
gof	3686775	17
gog	3686792	1074
goh	3687866	384
goi	3688250	304
goj	3688554	22
gok	3688576	112
gol	3688688	1855
gom	3690543	286
gon	3690829	2040
goo	3692869	123
gop	3692992	36
goq	3693028	1
gor	3693029	1796
gos	3694825	523
got	3695348	443
gou	3695791	762
gov	3696553	514
gow	3697067	89
gox	3697156	2
goy	3697158	57
goz	3697215	317
gp 	3697532	106
gp'	3697638	1
gpa	3697639	48
gpe	3697687	20
gph	3697707	6
gpi	3697713	104
gpk	3697817	8
gpo	3697825	31
gpr	3697856	3
gpu	3697859	105
gpy	3697964	4
gq 	3697968	28
gqa	3697996	2
gqe	3697998	2
gqi	3698000	1116
gqu	3699116	54
gr 	3699170	2432
gra	3701602	4688
grb	3706290	2
grc	3706292	1987
grd	3708279	11
gre	3708290	3512
grg	3711802	1
grh	3711803	1
gri	3711804	364
grl	3712168	19
grn	3712187	2
gro	3712189	2277
grs	3714466	4
gru	3714470	180
gry	3714650	23
grz	3714673	12
gs 	3714685	1204
gs-	3715889	4
gsa	3715893	220
gsb	3716113	42
gsc	3716155	24
gsd	3716179	27
gse	3716206	43
gsf	3716249	18
gsg	3716267	5
gsh	3716272	476
gsi	3716748	51
gsj	3716799	4
gsk	3716803	67
gsl	3716870	17
gsm	3716887	4
gso	3716891	31
gsp	3716922	3
gsr	3716925	4
gss	3716929	2
gst	3716931	197
gsu	3717128	894
gsv	3718022	23
gsw	3718045	18
gsz	3718063	2
gt 	3718065	359
gta	3718424	195
gtd	3718619	1
gte	3718620	37
gth	3718657	11
gti	3718668	69
gtl	3718737	5
gtm	3718742	340
gto	3719082	1265
gtr	3720347	4
gts	3720351	7
gtu	3720358	46
gtv	3720404	1
gtw	3720405	3
gty	3720408	5
gu 	3720413	507
gu'	3720920	2
gu-	3720922	6
gu/	3720928	1
gua	3720929	5910
gub	3726839	46
guc	3726885	65
gud	3726950	126
gue	3727076	2601
guf	3729677	25
gug	3729702	40
guh	3729742	57
gui	3729799	1373
guj	3731172	414
guk	3731586	10
gul	3731596	309
gum	3731905	148
gun	3732053	1091
guo	3733144	85
gup	3733229	30
guq	3733259	4
gur	3733263	1129
gus	3734392	293
gut	3734685	141
guu	3734826	2
guv	3734828	17
guw	3734845	13
gux	3734858	12
guy	3734870	116
guz	3734986	95
gv 	3735081	2
gva	3735083	25
gve	3735108	7
gvi	3735115	31
gvl	3735146	2
gvo	3735148	2
gw 	3735150	52
gwa	3735202	205
gwe	3735407	82
gwi	3735489	37
gwm	3735526	3
gwo	3735529	83
gwr	3735612	4
gwu	3735616	32
gwy	3735648	8
gx 	3735656	151
gxa	3735807	2
gxi	3735809	1687
gxo	3737496	2
gxu	3737498	9
gy 	3737507	140
gy-	3737647	15
gy.	3737662	7
gya	3737669	183
gyb	3737852	6
gyc	3737858	2
gyd	3737860	4
gye	3737864	166
gyf	3738030	3
gyg	3738033	4
gyh	3738037	14
gyi	3738051	111
gyk	3738162	52
gyl	3738214	12
gym	3738226	7
gyn	3738233	9
gyo	3738242	99
gyp	3738341	265
gyr	3738606	13
gys	3738619	2
gyt	3738621	5
gyu	3738626	125
gyv	3738751	5
gyz	3738756	118
gz 	3738874	308
gza	3739182	8
gzd	3739190	1
gze	3739191	6
gzh	3739197	228
gzi	3739425	77
gzo	3739502	5
gzu	3739507	159
gzy	3739666	1
h '	3739667	30
h (	3739697	62
h /	3739759	24
h 0	3739783	215
h 1	3739998	160
h 2	3740158	46
h 3	3740204	26
h 5	3740230	23
h a	3740253	2866
h b	3743119	1494
h c	3744613	4728
h d	3749341	489
h e	3749830	658
h f	3750488	172
h g	3750660	2612
h h	3753272	522
h i	3753794	974
h j	3754768	1322
h k	3756090	1134
h l	3757224	330
h m	3757554	1438
h n	3758992	985
h o	3759977	135
h p	3760112	4915
h q	3765027	134
h r	3765161	1339
h s	3766500	1919
h t	3768419	1428
h u	3769847	1932
h v	3771779	233
h w	3772012	1898
h x	3773910	6
h y	3773916	80
h z	3773996	604
h' 	3774600	7
h'a	3774607	16
h'e	3774623	7
h'i	3774630	13
h'k	3774643	1
h'l	3774644	3
h'o	3774647	16
h's	3774663	1
h'v	3774664	1
h'y	3774665	23
h, 	3774688	1
h-a	3774689	8
h-b	3774697	10
h-c	3774707	5
h-d	3774712	343
h-e	3775055	37
h-g	3775092	5
h-h	3775097	7
h-i	3775104	2
h-j	3775106	1
h-k	3775107	6
h-l	3775113	17
h-m	3775130	4
h-n	3775134	2
h-o	3775136	6
h-p	3775142	5
h-r	3775147	1
h-s	3775148	108
h-t	3775256	4
h-u	3775260	5
h-w	3775265	110
h-y	3775375	37
h-z	3775412	2
h. 	3775414	1
h.m	3775415	1
h/l	3775416	1
h/s	3775417	1
h/v	3775418	1
ha 	3775419	3300
ha'	3778719	45
ha)	3778764	9
ha,	3778773	78
ha-	3778851	16
ha`	3778867	1
haa	3778868	713
hab	3779581	482
hac	3780063	445
had	3780508	473
hae	3780981	103
haf	3781084	159
hag	3781243	331
hah	3781574	590
hai	3782164	2485
haj	3784649	202
hak	3784851	379
hal	3785230	2450
ham	3787680	2571
han	3790251	6192
hao	3796443	483
hap	3796926	407
haq	3797333	43
har	3797376	4236
has	3801612	532
hat	3802144	1178
hau	3803322	2573
hav	3805895	334
haw	3806229	469
hax	3806698	21
hay	3806719	561
haz	3807280	233
hb 	3807513	1097
hba	3808610	97
hbe	3808707	60
hbi	3808767	4
hbl	3808771	2
hbo	3808773	28
hbr	3808801	25
hbu	3808826	56
hby	3808882	26
hca	3808908	15
hce	3808923	22
hch	3808945	275
hci	3809220	2
hcl	3809222	4
hcm	3809226	51
hco	3809277	22
hcr	3809299	4
hcu	3809303	2
hd 	3809305	200
hd'	3809505	1
hd-	3809506	1
hda	3809507	84
hde	3809591	24
hdf	3809615	1577
hdh	3811192	4
hdi	3811196	36
hdo	3811232	49
hdr	3811281	4
hdu	3811285	9
hdv	3811294	1
hdw	3811295	1
hdy	3811296	3
hdz	3811299	5
he 	3811304	3150
"he"""	3814454	1
he'	3814455	6
he)	3814461	5
he-	3814466	1081
hea	3815547	303
heb	3815850	405
hec	3816255	178
hed	3816433	287
hee	3816720	130
hef	3816850	60
heg	3816910	219
heh	3817129	169
hei	3817298	4912
hej	3822210	1036
hek	3823246	112
hel	3823358	922
hem	3824280	925
hen	3825205	14887
heo	3840092	118
hep	3840210	204
heq	3840414	17
her	3840431	5598
hes	3846029	1238
het	3847267	399
heu	3847666	123
hev	3847789	313
hew	3848102	219
hex	3848321	37
hey	3848358	123
hez	3848481	106
hf 	3848587	3
hfa	3848590	3
hfe	3848593	24
hfi	3848617	74
hfl	3848691	2
hfo	3848693	21
hfr	3848714	2
hfu	3848716	2
hg 	3848718	14
hga	3848732	41
hge	3848773	8
hgh	3848781	1
hgi	3848782	30
hgl	3848812	3
hgo	3848815	7
hgr	3848822	6
hgu	3848828	4
hh 	3848832	214
hha	3849046	267
hhe	3849313	42
hhi	3849355	12
hhl	3849367	2
hhm	3849369	1
hhn	3849370	14
hho	3849384	48
hhr	3849432	4
hhu	3849436	12
hhw	3849448	1
hi 	3849449	3521
hi'	3852970	10
hi)	3852980	1
hi-	3852981	33
hia	3853014	5282
hib	3858296	204
hic	3858500	370
hid	3858870	1153
hie	3860023	352
hif	3860375	33
hig	3860408	995
hih	3861403	289
hii	3861692	31
hij	3861723	86
hik	3861809	217
hil	3862026	6362
him	3868388	739
hin	3869127	17667
hio	3886794	1314
hip	3888108	204
hiq	3888312	1140
hir	3889452	1015
his	3890467	467
hit	3890934	707
hiu	3891641	52
hiv	3891693	297
hiw	3891990	45
hix	3892035	36
hiy	3892071	117
hiz	3892188	119
hj 	3892307	23
hja	3892330	184
hje	3892514	4
hji	3892518	2
hjo	3892520	149
hju	3892669	1
hk 	3892670	352
hk-	3893022	5
hka	3893027	99
hkb	3893126	20
hkd	3893146	1
hke	3893147	50
hkg	3893197	325
hkh	3893522	17
hki	3893539	92
hkl	3893631	3
hko	3893634	209
hkr	3893843	3
hks	3893846	1
hku	3893847	21
hkv	3893868	1
hkw	3893869	1
hky	3893870	36
hl 	3893906	906
hl'	3894812	1
hl-	3894813	7
hla	3894820	387
hlb	3895207	27
hld	3895234	16
hle	3895250	1346
hlf	3896596	3
hlg	3896599	6
hlh	3896605	17
hli	3896622	173
hlj	3896795	1
hlk	3896796	18
hlm	3896814	4
hlo	3896818	88
hlp	3896906	1
hlr	3896907	1
hls	3896908	19
hlt	3896927	3
hlu	3896930	56
hlv	3896986	2
hlw	3896988	7
hly	3896995	33
hm 	3897028	94
hm-	3897122	2
hma	3897124	206
hmb	3897330	1
hmd	3897331	1
hme	3897332	167
hmf	3897499	1
hmi	3897500	209
hmk	3897709	2
hmo	3897711	105
hmr	3897816	1
hms	3897817	4
hmt	3897821	3
hmu	3897824	48
hmy	3897872	4
hn 	3897876	1544
hn'	3899420	4
hn-	3899424	2
hna	3899426	141
hnb	3899567	5
hnd	3899572	559
hne	3900131	175
hng	3900306	4
hnh	3900310	13
hni	3900323	183
hnj	3900506	4
hnl	3900510	7
hno	3900517	113
hnp	3900630	9
hns	3900639	75
hnt	3900714	1
hnu	3900715	15
hnv	3900730	1
hnw	3900731	3
hny	3900734	117
ho 	3900851	1222
ho'	3902073	4
ho)	3902077	5
ho-	3902082	22
hoa	3902104	1066
hob	3903170	73
hoc	3903243	237
hod	3903480	374
hoe	3903854	153
hof	3904007	323
hog	3904330	73
hoh	3904403	146
hoi	3904549	84
hoj	3904633	39
hok	3904672	276
hol	3904948	2404
hom	3907352	1147
hon	3908499	5347
hoo	3913846	148
hop	3913994	212
hoq	3914206	6
hor	3914212	2042
hos	3916254	288
hot	3916542	222
hou	3916764	1630
hov	3918394	682
how	3919076	181
hox	3919257	7
hoy	3919264	87
hoz	3919351	39
hp 	3919390	1515
hpa	3920905	31
hpe	3920936	15
hpf	3920951	1
hpi	3920952	3
hpl	3920955	1
hpo	3920956	30
hpr	3920986	1
hpu	3920987	64
hpy	3921051	7
hq 	3921058	46
hqa	3921104	24
hqo	3921128	3
hqu	3921131	4
hr 	3921135	1814
hr-	3922949	11
hr/	3922960	1
hra	3922961	1289
hrb	3924250	28
hrd	3924278	23
hre	3924301	184
hrh	3924485	5
hri	3924490	243
hrk	3924733	1
hrl	3924734	2
hrm	3924736	2
hrn	3924738	13
hro	3924751	154
hrp	3924905	2
hrs	3924907	13
hrt	3924920	2
hru	3924922	67
hrv	3924989	1216
hrw	3926205	7
hry	3926212	48
hrz	3926260	6
hs 	3926266	33
hsa	3926299	29
hsb	3926328	9
hsc	3926337	9
hsd	3926346	7
hse	3926353	2411
hsf	3928764	1
hsg	3928765	2
hsh	3928767	54
hsi	3928821	29
hsk	3928850	191
hsl	3929041	4
hsm	3929045	2
hso	3929047	4
hsp	3929051	2
hsr	3929053	3
hss	3929056	2
hst	3929058	410
hsu	3929468	7
hsv	3929475	3
hsw	3929478	8
hsy	3929486	1
ht 	3929487	478
ht-	3929965	20
hta	3929985	137
htb	3930122	3
htc	3930125	2
htd	3930127	1
hte	3930128	234
htg	3930362	1
hth	3930363	10
hti	3930373	306
htk	3930679	1
htl	3930680	7
htm	3930687	7
htn	3930694	3
hto	3930697	170
htp	3930867	1
htq	3930868	1
htr	3930869	579
hts	3931448	417
htu	3931865	92
htv	3931957	1
htw	3931958	11
hty	3931969	26
htz	3931995	3
hu 	3931998	1783
hu'	3933781	3
hu,	3933784	1
hu-	3933785	1
hua	3933786	2989
hub	3936775	1156
huc	3937931	220
hud	3938151	131
hue	3938282	338
huf	3938620	22
hug	3938642	78
huh	3938720	30
hui	3938750	1482
huj	3940232	49
huk	3940281	124
hul	3940405	286
hum	3940691	347
hun	3941038	2728
huo	3943766	99
hup	3943865	70
huq	3943935	62
hur	3943997	1578
hus	3945575	726
hut	3946301	218
huu	3946519	44
huv	3946563	174
huw	3946737	14
hux	3946751	19
huy	3946770	101
huz	3946871	148
hv 	3947019	1
hva	3947020	59
hve	3947079	7
hvi	3947086	68
hvo	3947154	18
hvu	3947172	2
hvy	3947174	2
hwa	3947176	343
hwe	3947519	184
hwi	3947703	95
hwo	3947798	67
hwu	3947865	4
hwy	3947869	34
hy 	3947903	137
hy-	3948040	20
hya	3948060	545
hyb	3948605	88
hyc	3948693	5
hyd	3948698	28
hye	3948726	44
hyg	3948770	26
hyh	3948796	3
hyi	3948799	9
hyk	3948808	24
hyl	3948832	24
hym	3948856	17
hyn	3948873	139
hyo	3949012	65
hyp	3949077	2
hyq	3949079	1
hyr	3949080	45
hys	3949125	71
hyt	3949196	138
hyu	3949334	4
hyv	3949338	3
hyy	3949341	4
hyz	3949345	8
hza	3949353	12
hze	3949365	5
hzh	3949370	12
hzi	3949382	1
i &	3949383	3
i '	3949386	8
i (	3949394	13
i -	3949407	4
i /	3949411	9
i 0	3949420	971
i 1	3950391	473
i 2	3950864	334
i 3	3951198	228
i 4	3951426	317
i 5	3951743	73
i 6	3951816	62
i 7	3951878	57
i 8	3951935	40
i 9	3951975	32
i [	3952007	1
i a	3952008	1771
i b	3953779	2603
i c	3956382	7634
i d	3964016	1181
i e	3965197	556
i f	3965753	1274
i g	3967027	2473
i h	3969500	1611
i i	3971111	3530
i j	3974641	1058
i k	3975699	1393
i l	3977092	1027
i m	3978119	3782
i n	3981901	1377
i o	3983278	422
i p	3983700	1454
i q	3985154	152
i r	3985306	476
i s	3985782	7900
i t	3993682	1748
i u	3995430	1800
i v	3997230	1258
i w	3998488	248
i x	3998736	134
i y	3998870	184
i z	3999054	836
i' 	3999890	22
i'a	3999912	64
i'b	3999976	1
i'e	3999977	22
i'i	3999999	12
i'l	4000011	1
i'n	4000012	2
i'o	4000014	2
i'r	4000016	5
i's	4000021	1
i'u	4000022	2
i'z	4000024	1
i) 	4000025	19
i, 	4000044	74
i- 	4000118	1
i-1	4000119	1
i-2	4000120	1
i-a	4000121	38
i-b	4000159	30
i-c	4000189	23
i-d	4000212	61
i-e	4000273	7
i-f	4000280	10
i-g	4000290	7
i-h	4000297	7
i-i	4000304	7
i-j	4000311	2
i-k	4000313	28
i-l	4000341	20
i-m	4000361	57
i-n	4000418	32
i-o	4000450	13
i-p	4000463	39
i-q	4000502	2
i-r	4000504	8
i-s	4000512	74
i-t	4000586	22
i-u	4000608	2
i-v	4000610	14
i-w	4000624	2
i-x	4000626	1
i-y	4000627	26
i-z	4000653	5
i. 	4000658	62
i`a	4000720	1
ia 	4000721	65761
ia'	4066482	13
ia)	4066495	31
ia,	4066526	94
ia-	4066620	817
ia]	4067437	2
iaa	4067439	7
iab	4067446	126
iac	4067572	299
iad	4067871	155
iae	4068026	7
iaf	4068033	20
iag	4068053	525
iah	4068578	100
iai	4068678	81
iaj	4068759	35
iak	4068794	98
ial	4068892	477
iam	4069369	260
ian	4069629	16002
iao	4085631	1355
iap	4086986	1569
iaq	4088555	27
iar	4088582	402
ias	4088984	1155
iat	4090139	254
iau	4090393	376
iav	4090769	67
iaw	4090836	69
iax	4090905	23
iay	4090928	73
iaz	4091001	176
ib 	4091177	242
ib-	4091419	1
iba	4091420	1069
ibb	4092489	62
ibc	4092551	5
ibd	4092556	2
ibe	4092558	1159
ibf	4093717	1
ibg	4093718	6
ibh	4093724	3
ibi	4093727	507
ibj	4094234	2
ibk	4094236	2
ibl	4094238	53
ibm	4094291	1
ibn	4094292	18
ibo	4094310	760
ibp	4095070	1
ibr	4095071	112
ibs	4095183	26
ibt	4095209	3
ibu	4095212	171
ibv	4095383	1
ibw	4095384	6
iby	4095390	140
ibz	4095530	1
ic 	4095531	2561
ic'	4098092	1
ic-	4098093	17
ica	4098110	3517
icb	4101627	3
icc	4101630	81
icd	4101711	1
ice	4101712	2139
icf	4103851	1
icg	4103852	1
ich	4103853	3980
ici	4107833	1287
icj	4109120	1
ick	4109121	1152
icl	4110273	36
icm	4110309	9
icn	4110318	13
ico	4110331	18395
icp	4128726	5
icq	4128731	17
icr	4128748	65
ics	4128813	15
ict	4128828	1347
icu	4130175	406
icv	4130581	3
icx	4130584	3
icy	4130587	16
icz	4130603	36
id 	4130639	10705
id'	4141344	1
id)	4141345	1
id,	4141346	325
id-	4141671	213
ida	4141884	3855
idb	4145739	11
idc	4145750	6
idd	4145756	175
ide	4145931	733
idf	4146664	1006
idg	4147670	485
idh	4148155	58
idi	4148213	388
idj	4148601	66
idk	4148667	31
idl	4148698	107
idm	4148805	14
idn	4148819	9338
ido	4158157	772
idp	4158929	15
idq	4158944	1
idr	4158945	209
ids	4159154	70
idt	4159224	125
idu	4159349	135
idv	4159484	13
idw	4159497	51
idy	4159548	25
idz	4159573	34
ie 	4159607	7951
ie'	4167558	4
ie-	4167562	73
iea	4167635	5
ieb	4167640	188
iec	4167828	617
ied	4168445	1783
iee	4170228	1
ief	4170229	63
ieg	4170292	218
ieh	4170510	49
iei	4170559	65
iej	4170624	173
iek	4170797	111
iel	4170908	1436
iem	4172344	1620
ien	4173964	1541
ieo	4175505	9
iep	4175514	67
ieq	4175581	11
ier	4175592	2767
ies	4178359	785
iet	4179144	1510
ieu	4180654	407
iev	4181061	138
iew	4181199	310
iex	4181509	10
iey	4181519	9
iez	4181528	86
if 	4181614	192
if'	4181806	2
if-	4181808	1
ifa	4181809	120
ifc	4181929	1
ifd	4181930	1
ife	4181931	93
iff	4182024	146
ifg	4182170	1
ifh	4182171	2
ifi	4182173	65
ifj	4182238	1
ifk	4182239	3
ifl	4182242	42
ifn	4182284	6
ifo	4182290	1507
ifr	4183797	63
ifs	4183860	3
ift	4183863	82
ifu	4183945	78
ifv	4184023	1
ifw	4184024	1
ify	4184025	3
ig 	4184028	337
ig-	4184365	1115
iga	4185480	1380
igb	4186860	61
igc	4186921	5
igd	4186926	107
ige	4187033	1781
igf	4188814	1
igg	4188815	99
igh	4188914	831
igi	4189745	192
igj	4189937	1
igk	4189938	9
igl	4189947	242
igm	4190189	18
ign	4190207	2816
igo	4193023	331
igp	4193354	5
igr	4193359	108
igs	4193467	73
igt	4193540	21
igu	4193561	1212
igv	4194773	6
igw	4194779	8
igy	4194787	12
igz	4194799	1
ih 	4194800	296
iha	4195096	515
ihb	4195611	1
ihd	4195612	1
ihe	4195613	146
ihi	4195759	156
ihk	4195915	1
ihl	4195916	22
ihm	4195938	3
ihn	4195941	4
iho	4195945	726
ihp	4196671	2
ihr	4196673	20
ihs	4196693	9
iht	4196702	7
ihu	4196709	395
ihw	4197104	2
ihy	4197106	6
ii 	4197112	585
ii)	4197697	3
ii-	4197700	10
ii.	4197710	9
iia	4197719	25
iib	4197744	1
iic	4197745	2
iid	4197747	8
iie	4197755	8
iig	4197763	45
iih	4197808	5
iii	4197813	15
iij	4197828	2
iik	4197830	24
iil	4197854	16
iim	4197870	12
iin	4197882	18
iio	4197900	1
iip	4197901	4
iir	4197905	63
iis	4197968	43
iit	4198011	21
iiu	4198032	3
iiv	4198035	50
iiy	4198085	2
iiz	4198087	3
ij 	4198090	43
ij-	4198133	4
ija	4198137	1834
ijb	4199971	3
ijc	4199974	6
ijd	4199980	14
ije	4199994	146
ijf	4200140	2
ijg	4200142	2
ijh	4200144	5
iji	4200149	419
ijj	4200568	1
ijk	4200569	114
ijl	4200683	17
ijm	4200700	4
ijn	4200704	43
ijo	4200747	97
ijp	4200844	9
ijr	4200853	3
ijs	4200856	131
ijt	4200987	8
iju	4200995	35
ijv	4201030	7
ijz	4201037	9
ik 	4201046	703
ik'	4201749	91
ik-	4201840	4
ika	4201844	2348
ikb	4204192	8
ikc	4204200	11
ikd	4204211	13
ike	4204224	256
ikf	4204480	1
ikg	4204481	6
ikh	4204487	175
iki	4204662	1343
ikj	4206005	2
ikk	4206007	97
ikl	4206104	71
ikm	4206175	10
ikn	4206185	5
iko	4206190	601
ikp	4206791	15
ikr	4206806	186
iks	4206992	44
ikt	4207036	21
iku	4207057	130
ikv	4207187	2
ikw	4207189	10
ikx	4207199	1
iky	4207200	28
ikz	4207228	2
il 	4207230	9722
il'	4216952	49
il)	4217001	6
il-	4217007	123
il]	4217130	1
ila	4217131	3111
ilb	4220242	151
ilc	4220393	201
ild	4220594	231
ile	4220825	2193
ilf	4223018	150
ilg	4223168	55
ilh	4223223	142
ili	4223365	7470
ilj	4230835	50
ilk	4230885	96
ill	4230981	11536
ilm	4242517	84
iln	4242601	82
ilo	4242683	1682
ilp	4244365	114
ilq	4244479	10
ilr	4244489	10
ils	4244499	290
ilt	4244789	240
ilu	4245029	154
ilv	4245183	144
ilw	4245327	39
ilx	4245366	1
ily	4245367	71
ilz	4245438	31
im 	4245469	1904
im'	4247373	1
im)	4247374	1
im-	4247375	37
im.	4247412	1
ima	4247413	2500
imb	4249913	810
imc	4250723	11
imd	4250734	10
ime	4250744	492
imf	4251236	7
img	4251243	6
imh	4251249	9
imi	4251258	654
imj	4251912	4
imk	4251916	20
iml	4251936	35
imm	4251971	111
imn	4252082	53
imo	4252135	809
imp	4252944	278
imr	4253222	28
ims	4253250	98
imt	4253348	6
imu	4253354	4154
imv	4257508	3
imw	4257511	3
imy	4257514	4
imz	4257518	3
in 	4257521	23032
in'	4280553	34
in)	4280587	11
in-	4280598	941
ina	4281539	23824
inb	4305363	168
inc	4305531	1302
ind	4306833	18550
ine	4325383	15091
inf	4340474	167
ing	4340641	15986
inh	4356627	734
ini	4357361	1987
inj	4359348	639
ink	4359987	317
inl	4360304	3298
inm	4363602	57
inn	4363659	1078
ino	4364737	3515
inp	4368252	49
inq	4368301	65
inr	4368366	40
ins	4368406	2544
int	4370950	4681
inu	4375631	124
inv	4375755	157
inw	4375912	53
inx	4375965	66
iny	4376031	183
inz	4376214	210
io 	4376424	7615
io)	4384039	18
io-	4384057	33
io]	4384090	1
ioa	4384091	63
iob	4384154	67
ioc	4384221	60
iod	4384281	15
ioe	4384296	4
iof	4384300	16
iog	4384316	46
ioh	4384362	8
ioi	4384370	34
ioj	4384404	203
iok	4384607	58
iol	4384665	177
iom	4384842	39
ion	4384881	9331
ioo	4394212	1
iop	4394213	435
ioq	4394648	130
ior	4394778	321
ios	4395099	375
iot	4395474	73
iou	4395547	176
iov	4395723	98
iow	4395821	491
iox	4396312	1
ioy	4396313	2
ioz	4396315	23
ip 	4396338	182
ip'	4396520	1
ipa	4396521	884
ipb	4397405	3
ipc	4397408	7
ipd	4397415	2
ipe	4397417	564
ipf	4397981	3
iph	4397984	17
ipi	4398001	267
ipk	4398268	20
ipl	4398288	51
ipm	4398339	3
ipn	4398342	24
ipo	4398366	191
ipp	4398557	4982
ipr	4403539	213
ips	4403752	60
ipt	4403812	34
ipu	4403846	294
ipy	4404140	3
ipz	4404143	1
iq 	4404144	212
iqa	4404356	27
iqc	4404383	1
iqd	4404384	2
iqe	4404386	2
iqi	4404388	122
iql	4404510	3
iqm	4404513	1
iqo	4404514	1
iqq	4404515	2
iqr	4404517	1
iqs	4404518	2
iqu	4404520	1604
iqv	4406124	1
iqy	4406125	1
ir 	4406126	4410
ir'	4410536	6
ir)	4410542	2
ir-	4410544	26
ira	4410570	4896
irb	4415466	91
irc	4415557	432
ird	4415989	80
ire	4416069	8782
irf	4424851	57
irg	4424908	834
irh	4425742	32
iri	4425774	1206
irj	4426980	12
irk	4426992	495
irl	4427487	657
irm	4428144	126
irn	4428270	2954
iro	4431224	1656
irp	4432880	68
irq	4432948	180
irr	4433128	72
irs	4433200	275
irt	4433475	154
iru	4433629	222
irv	4433851	72
irw	4433923	29
irx	4433952	3
iry	4433955	76
irz	4434031	21
is 	4434052	5166
is'	4439218	2
is)	4439220	6
is,	4439226	1
is-	4439227	406
isa	4439633	2021
isb	4441654	297
isc	4441951	2031
isd	4443982	39
ise	4444021	753
isf	4444774	23
isg	4444797	209
ish	4445006	1701
isi	4446707	1403
isj	4448110	4
isk	4448114	342
isl	4448456	1047
ism	4449503	85
isn	4449588	104
iso	4449692	749
isp	4450441	103
isq	4450544	19
isr	4450563	744
iss	4451307	1518
ist	4452825	3706
isu	4456531	128
isv	4456659	53
isw	4456712	60
isy	4456772	52
isz	4456824	82
it 	4456906	12679
it'	4469585	2
it)	4469587	2
it,	4469589	2
it-	4469591	51
ita	4469642	17999
itb	4487641	28
itc	4487669	73
itd	4487742	6
ite	4487748	28377
itf	4516125	7
itg	4516132	9
ith	4516141	416
iti	4516557	1392
itj	4517949	5
itk	4517954	29
itl	4517983	426
itm	4518409	19
itn	4518428	39
ito	4518467	1500
itp	4519967	11
itq	4519978	1
itr	4519979	406
its	4520385	414
itt	4520799	614
itu	4521413	274
itv	4521687	14
itw	4521701	15
itx	4521716	3
ity	4521719	923
itz	4522642	2461
iu 	4525103	719
iu'	4525822	6
iu-	4525828	7
iua	4525835	14
iub	4525849	42
iuc	4525891	41
iud	4525932	195
iue	4526127	2
iuf	4526129	13
iug	4526142	35
iuh	4526177	29
iui	4526206	5
iuj	4526211	43
iuk	4526254	25
iul	4526279	467
ium	4526746	2319
iun	4529065	84
iuo	4529149	3
iup	4529152	26
iuq	4529178	8
iur	4529186	428
ius	4529614	293
iut	4529907	57
iuv	4529964	7
iuw	4529971	8
iux	4529979	19
iuy	4529998	9
iuz	4530007	26
iv 	4530033	366
iv'	4530399	17
iv-	4530416	3
iv.	4530419	1
iv`	4530420	1
iva	4530421	842
ivc	4531263	5
ivd	4531268	8
ive	4531276	1266
ivg	4532542	1
ivh	4532543	1
ivi	4532544	583
ivj	4533127	1
ivk	4533128	1100
ivl	4534228	7
ivn	4534235	171
ivo	4534406	5280
ivp	4539686	3
ivr	4539689	58
ivs	4539747	1092
ivt	4540839	131
ivu	4540970	28
ivy	4540998	21
iw 	4541019	9
iwa	4541028	312
iwb	4541340	1
iwe	4541341	34
iwh	4541375	1
iwi	4541376	31
iwk	4541407	1
iwn	4541408	3
iwo	4541411	19
iwu	4541430	36
iwy	4541466	1
ix 	4541467	180
ix-	4541647	54
ix.	4541701	1
ixa	4541702	45
ixb	4541747	6
ixc	4541753	66
ixd	4541819	3
ixe	4541822	46
ixf	4541868	1
ixh	4541869	22
ixi	4541891	192
ixk	4542083	3
ixl	4542086	5
ixm	4542091	11
ixn	4542102	2
ixo	4542104	56
ixp	4542160	12
ixq	4542172	11
ixs	4542183	2
ixt	4542185	182
ixu	4542367	9
ixv	4542376	1
ixw	4542377	4
iy 	4542381	1361
iya	4543742	1475
iye	4545217	4167
iyi	4549384	101
iyk	4549485	2
iyl	4549487	1
iyn	4549488	12
iyo	4549500	47
iys	4549547	66
iyt	4549613	6
iyu	4549619	142
iyv	4549761	1
iyw	4549762	1
iyy	4549763	26
iz 	4549789	303
iz)	4550092	1
iz-	4550093	7
iza	4550100	423
izb	4550523	19
izc	4550542	14
izd	4550556	17
ize	4550573	383
izg	4550956	6
izh	4550962	1670
izi	4552632	222
izj	4552854	4
izk	4552858	227
izl	4553085	91
izm	4553176	129
izn	4553305	32
izo	4553337	442
izp	4553779	6
izq	4553785	3
izr	4553788	27
izs	4553815	7
izt	4553822	15
izu	4553837	209
izv	4554046	43
izw	4554089	1
izy	4554090	21
izz	4554111	139
j 0	4554250	23
j 1	4554273	13
j 2	4554286	1
j 3	4554287	168
j 4	4554455	168
j 5	4554623	442
j 6	4555065	392
j 7	4555457	429
j 8	4555886	231
j a	4556117	64
j b	4556181	401
j c	4556582	2895
j d	4559477	279
j e	4559756	8
j f	4559764	34
j g	4559798	442
j h	4560240	11
j i	4560251	729
j j	4560980	10
j k	4560990	140
j l	4561130	36
j m	4561166	37
j n	4561203	157
j o	4561360	11
j p	4561371	295
j q	4561666	4
j r	4561670	742
j s	4562412	178
j t	4562590	362
j u	4562952	643
j v	4563595	187
j w	4563782	10
j x	4563792	1
j y	4563793	25
j z	4563818	106
j-a	4563924	1
j-c	4563925	1
j-d	4563926	1
j-e	4563927	3
j-n	4563930	2
j-p	4563932	1
j-s	4563933	4
j-z	4563937	121
j. 	4564058	14
ja 	4564072	2853
ja'	4566925	8
ja)	4566933	1
ja-	4566934	3
ja]	4566937	2
jaa	4566939	15
jab	4566954	654
jac	4567608	260
jad	4567868	104
jae	4567972	128
jaf	4568100	27
jag	4568127	112
jah	4568239	113
jai	4568352	64
jaj	4568416	24
jak	4568440	131
jal	4568571	1044
jam	4569615	745
jan	4570360	1972
jao	4572332	15
jap	4572347	2246
jaq	4574593	8
jar	4574601	1239
jas	4575840	593
jat	4576433	136
jau	4576569	60
jav	4576629	99
jaw	4576728	5515
jax	4582243	2
jay	4582245	131
jaz	4582376	39
jb 	4582415	1736
jba	4584151	12
jbe	4584163	2
jbi	4584165	1
jbj	4584166	1
jbo	4584167	2
jby	4584169	6
jc 	4584175	6
jca	4584181	8
jce	4584189	8
jch	4584197	3
jci	4584200	15
jck	4584215	4
jco	4584219	2
jcs	4584221	1
jcz	4584222	3
jd 	4584225	10
jda	4584235	13
jde	4584248	17
jdi	4584265	15
jdo	4584280	7
jdr	4584287	1
jdu	4584288	52
je 	4584340	411
je)	4584751	5
je-	4584756	4
jea	4584760	116
jeb	4584876	31
jec	4584907	132
jed	4585039	63
jee	4585102	3
jef	4585105	38
jeg	4585143	17
jeh	4585160	21
jei	4585181	15
jej	4585196	17
jek	4585213	23
jel	4585236	152
jem	4585388	93
jen	4585481	161
jeo	4585642	124
jep	4585766	19
jeq	4585785	10
jer	4585795	935
jes	4586730	187
jet	4586917	49
jeu	4586966	17
jev	4586983	69
jew	4587052	20
jey	4587072	13
jez	4587085	47
jf 	4587132	1
jfa	4587133	7
jfe	4587140	1
jfh	4587141	1
jg 	4587142	13
jga	4587155	15
jge	4587170	1
jgh	4587171	2
jgi	4587173	3
jgr	4587176	1
jgu	4587177	3
jh 	4587180	243
jha	4587423	277
jhe	4587700	9
jhg	4587709	1
jhi	4587710	10
jho	4587720	6
jhr	4587726	2
jhu	4587728	8
ji 	4587736	2995
ji'	4590731	4
ji)	4590735	1
ji-	4590736	7
jia	4590743	5957
jib	4596700	392
jic	4597092	93
jid	4597185	209
jie	4597394	197
jif	4597591	6
jig	4597597	56
jih	4597653	409
jii	4598062	2
jij	4598064	18
jik	4598082	123
jil	4598205	385
jim	4598590	100
jin	4598690	955
jio	4599645	17
jip	4599662	9
jiq	4599671	21
jir	4599692	120
jis	4599812	31
jit	4599843	56
jiu	4599899	111
jiv	4600010	7
jiw	4600017	16
jix	4600033	9
jiy	4600042	13
jiz	4600055	43
jj 	4600098	1
jja	4600099	36
jji	4600135	17
jju	4600152	4
jk 	4600156	248
jk-	4600404	5
jka	4600409	5
jkd	4600414	1
jke	4600415	16
jkh	4600431	2
jki	4600433	3
jkk	4600436	1
jko	4600437	22
jks	4600459	1
jl 	4600460	260
jla	4600720	6
jle	4600726	6
jli	4600732	2
jlo	4600734	9
jlp	4600743	1
jlr	4600744	1
jls	4600745	1
jlu	4600746	9
jm 	4600755	159
jma	4600914	16
jme	4600930	8
jmi	4600938	5
jmo	4600943	1
jmu	4600944	1
jmy	4600945	1
jn 	4600946	59
jna	4601005	24
jnc	4601029	1
jnd	4601030	5
jne	4601035	18
jng	4601053	1
jnh	4601054	1
jni	4601055	26
jnj	4601081	2
jno	4601083	16
jns	4601099	8
jnu	4601107	2
jny	4601109	2
jo 	4601111	961
jo)	4602072	15
jo-	4602087	6
joa	4602093	170
job	4602263	30
joc	4602293	51
jod	4602344	18
joe	4602362	16
jof	4602378	8
jog	4602386	29
joh	4602415	232
joi	4602647	163
joj	4602810	12
jok	4602822	60
jol	4602882	100
jom	4602982	43
jon	4603025	348
joo	4603373	7
jop	4603380	13
joq	4603393	3
jor	4603396	368
jos	4603764	924
jot	4604688	15
jou	4604703	132
jov	4604835	56
jow	4604891	38
joy	4604929	58
joz	4604987	22
jp 	4605009	2192
jpa	4607201	2
jpe	4607203	8
jpi	4607211	1
jpl	4607212	1
jpn	4607213	2190
jpo	4609403	2
jpr	4609405	2
jps	4609407	2
jpu	4609409	17
jpw	4609426	1
jqu	4609427	1
jra	4609428	35
jre	4609463	4
jri	4609467	4
jru	4609471	2
jrv	4609473	1
jrz	4609474	1
js 	4609475	872
js-	4610347	2
jsa	4610349	2
jsb	4610351	1
jsc	4610352	5
jsd	4610357	1
jse	4610358	5
jsh	4610363	23
jsi	4610386	3
jsk	4610389	152
jsl	4610541	3
jso	4610544	3
jsp	4610547	1
jss	4610548	112
jst	4610660	5
jsw	4610665	3
jsz	4610668	11
jt 	4610679	1040
jta	4611719	2
jte	4611721	5
jth	4611726	1
jti	4611727	4
jtm	4611731	1
jto	4611732	1
jts	4611733	2
jtu	4611735	1
ju 	4611736	157
ju'	4611893	2
ju,	4611895	1
ju-	4611896	17
jua	4611913	1753
jub	4613666	68
juc	4613734	62
jud	4613796	39
jue	4613835	64
juf	4613899	4
jug	4613903	31
juh	4613934	8
jui	4613942	28
juj	4613970	32
juk	4614002	15
jul	4614017	158
jum	4614175	128
jun	4614303	490
juo	4614793	2
jup	4614795	30
juq	4614825	7
jur	4614832	153
jus	4614985	76
jut	4615061	52
juu	4615113	5
juv	4615118	20
juw	4615138	8
jux	4615146	7
juy	4615153	31
juz	4615184	9
jva	4615193	8
jve	4615201	7
jvi	4615208	1
jvo	4615209	236
jw 	4615445	1
jwa	4615446	5
jwe	4615451	3
jwk	4615454	2
jx 	4615456	1191
jy 	4616647	1
jya	4616648	2
jyd	4616650	2
jye	4616652	1
jyl	4616653	186
jys	4616839	1
jyv	4616840	1
jyy	4616841	1
jz 	4616842	1
jza	4616843	2
jze	4616845	9
k '	4616854	1
k (	4616855	3
k 0	4616858	104
k 1	4616962	119
k 2	4617081	8
k 3	4617089	29
k 6	4617118	738
k 7	4617856	94
k 8	4617950	122
k a	4618072	467
k b	4618539	350
k c	4618889	485
k d	4619374	682
k e	4620056	222
k f	4620278	141
k g	4620419	295
k h	4620714	568
k i	4621282	372
k j	4621654	323
k k	4621977	473
k l	4622450	296
k m	4622746	772
k n	4623518	2337
k o	4625855	230
k p	4626085	1295
k q	4627380	121
k r	4627501	420
k s	4627921	1633
k t	4629554	279
k u	4629833	543
k v	4630376	323
k w	4630699	166
k x	4630865	100
k y	4630965	52
k z	4631017	123
k' 	4631140	153
k'a	4631293	20
k'e	4631313	4
k'i	4631317	6
k'n	4631323	2
k'o	4631325	10
k'r	4631335	1
k's	4631336	2
k'u	4631338	64
k(s	4631402	1
k) 	4631403	2
k, 	4631405	2
k-3	4631407	1
k-9	4631408	1
k-a	4631409	9
k-b	4631418	4
k-c	4631422	1
k-d	4631423	91
k-e	4631514	38
k-f	4631552	3
k-h	4631555	1
k-i	4631556	3
k-j	4631559	1
k-k	4631560	23
k-l	4631583	3
k-m	4631586	4
k-n	4631590	4
k-o	4631594	10
k-p	4631604	1
k-r	4631605	2
k-s	4631607	9
k-t	4631616	1
k-u	4631617	4
k-v	4631621	1
k-w	4631622	4
k-y	4631626	1
k-z	4631627	2
k. 	4631629	2
k.v	4631631	1
k/m	4631632	1
k/p	4631633	1
k/r	4631634	1
ka 	4631635	10749
ka'	4642384	10
ka)	4642394	1
ka-	4642395	46
ka`	4642441	3
kaa	4642444	34
kab	4642478	257
kac	4642735	85
kad	4642820	296
kae	4643116	98
kaf	4643214	103
kag	4643317	153
kah	4643470	335
kai	4643805	539
kaj	4644344	413
kak	4644757	154
kal	4644911	1490
kam	4646401	1005
kan	4647406	2267
kao	4649673	61
kap	4649734	229
kaq	4649963	1
kar	4649964	3128
kas	4653092	892
kat	4653984	738
kau	4654722	173
kav	4654895	147
kaw	4655042	227
kax	4655269	5
kay	4655274	3756
kaz	4659030	514
kb 	4659544	127
kba	4659671	40
kbe	4659711	18
kbi	4659729	3
kbo	4659732	15
kbr	4659747	11
kbu	4659758	36
kby	4659794	49
kc 	4659843	37
kca	4659880	40
kce	4659920	31
kch	4659951	25
kci	4659976	20
kcl	4659996	2
kco	4659998	2
kcr	4660000	1
kcs	4660001	3
kcu	4660004	7
kcy	4660011	2
kd 	4660013	40
kda	4660053	305
kde	4660358	24
kdi	4660382	7
kdo	4660389	10
kdr	4660399	1
kdu	4660400	9
kdw	4660409	1
kdy	4660410	1
kdz	4660411	9
ke 	4660420	1854
ke'	4662274	24
ke-	4662298	26
kea	4662324	44
keb	4662368	156
kec	4662524	81
ked	4662605	869
kee	4663474	67
kef	4663541	54
keg	4663595	25
keh	4663620	41
kei	4663661	49
kej	4663710	5
kek	4663715	45
kel	4663760	421
kem	4664181	301
ken	4664482	2148
keo	4666630	24
kep	4666654	88
keq	4666742	3
ker	4666745	1440
kes	4668185	525
ket	4668710	269
keu	4668979	23
kev	4669002	64
kew	4669066	40
kex	4669106	2
key	4669108	80
kez	4669188	15
kf 	4669203	4
kfa	4669207	39
kfe	4669246	8
kfi	4669254	30
kfj	4669284	1
kfl	4669285	1
kfo	4669286	36
kfs	4669322	13
kfu	4669335	3
kg 	4669338	122
kga	4669460	25
kgd	4669485	41
kge	4669526	9
kgh	4669535	1
kgl	4669536	1
kgn	4669537	33
kgo	4669570	12
kgr	4669582	3
kgu	4669585	3
kgw	4669588	2
kgy	4669590	3
kgz	4669593	112
kh 	4669705	504
kh'	4670209	1
kh-	4670210	12
kha	4670222	1824
khb	4672046	2
khc	4672048	7
khd	4672055	14
khe	4672069	445
khf	4672514	1
khg	4672515	2
khi	4672517	217
khj	4672734	1
khk	4672735	5
khl	4672740	82
khm	4672822	497
khn	4673319	104
kho	4673423	1005
khp	4674428	10
khr	4674438	56
khs	4674494	392
kht	4674886	240
khu	4675126	320
khv	4675446	26
khw	4675472	95
khy	4675567	101
ki 	4675668	2218
ki-	4677886	57
kia	4677943	938
kib	4678881	41
kic	4678922	45
kid	4678967	100
kie	4679067	3952
kif	4683019	12
kig	4683031	23
kih	4683054	28
kii	4683082	15
kij	4683097	21
kik	4683118	49
kil	4683167	348
kim	4683515	113
kin	4683628	6780
kio	4690408	31
kip	4690439	58
kiq	4690497	1
kir	4690498	1250
kis	4691748	1259
kit	4693007	243
kiu	4693250	14
kiv	4693264	501
kiw	4693765	12
kix	4693777	1
kiy	4693778	5319
kiz	4699097	83
kja	4699180	8
kje	4699188	12
kji	4699200	1
kjo	4699201	6
kju	4699207	2
kk 	4699209	44
kka	4699253	481
kke	4699734	50
kkh	4699784	4
kki	4699788	59
kkl	4699847	4
kkm	4699851	1
kko	4699852	70
kkr	4699922	5
kks	4699927	2
kku	4699929	74
kky	4700003	5
kl 	4700008	569
kla	4700577	792
klb	4701369	1
kle	4701370	855
kli	4702225	268
klj	4702493	6
klk	4702499	1
klm	4702500	1
klo	4702501	136
klu	4702637	109
klw	4702746	1
kly	4702747	52
km 	4702799	121
kma	4702920	55
kme	4702975	170
kmi	4703145	6
kmo	4703151	16
kmu	4703167	14
kn 	4703181	77
kna	4703258	67
kne	4703325	146
kng	4703471	1
kni	4703472	81
knj	4703553	1
kno	4703554	64
knr	4703618	12
knu	4703630	7
kny	4703637	16
ko 	4703653	622
ko'	4704275	8
ko-	4704283	1040
koa	4705323	36
kob	4705359	194
koc	4705553	180
kod	4705733	141
koe	4705874	25
kof	4705899	80
kog	4705979	93
koh	4706072	76
koi	4706148	48
koj	4706196	15
kok	4706211	175
kol	4706386	873
kom	4707259	358
kon	4707617	1121
koo	4708738	62
kop	4708800	642
kor	4709442	1207
kos	4710649	844
kot	4711493	735
kou	4712228	890
kov	4713118	1198
kow	4714316	347
kox	4714663	1
koy	4714664	598
koz	4715262	127
kp 	4715389	205
kpa	4715594	71
kpd	4715665	1
kpe	4715666	25
kph	4715691	2
kpi	4715693	19
kpl	4715712	3
kpo	4715715	64
kpr	4715779	5
kpu	4715784	20
kpy	4715804	2
kr 	4715806	408
kra	4716214	9995
krb	4726209	1
krc	4726210	5
krd	4726215	1
kre	4726216	293
krh	4726509	2
kri	4726511	332
krk	4726843	5
krl	4726848	1
krm	4726849	2
krn	4726851	3
kro	4726854	936
krr	4727790	1
krs	4727791	49
krt	4727840	3
kru	4727843	331
krw	4728174	1
kry	4728175	571
krz	4728746	193
ks 	4728939	542
ks-	4729481	2
ksa	4729483	437
ksb	4729920	32
ksc	4729952	5
ksd	4729957	11
kse	4729968	53
ksf	4730021	6
ksg	4730027	1
ksh	4730028	53
ksi	4730081	100
ksj	4730181	1
ksk	4730182	18
ksl	4730200	2
ksm	4730202	7
ksn	4730209	5
kso	4730214	90
ksp	4730304	9
ksr	4730313	2
kss	4730315	1
kst	4730316	71
ksu	4730387	36
ksv	4730423	37
ksw	4730460	5
ksy	4730465	9
ksz	4730474	9
kt 	4730483	496
kt-	4730979	60
kt/	4731039	1
kta	4731040	51
ktb	4731091	4
kte	4731095	28
ktg	4731123	2
kth	4731125	4
kti	4731129	76
ktl	4731205	4
kto	4731209	138
ktr	4731347	9
kts	4731356	5
ktu	4731361	9
ktv	4731370	1
kty	4731371	33
ktz	4731404	1
ku 	4731405	236
ku'	4731641	2
ku-	4731643	4
kua	4731647	137
kub	4731784	71
kuc	4731855	74
kud	4731929	87
kue	4732016	17
kuf	4732033	12
kug	4732045	11
kuh	4732056	83
kui	4732139	55
kuj	4732194	183
kuk	4732377	78
kul	4732455	343
kum	4732798	277
kun	4733075	514
kuo	4733589	79
kup	4733668	93
kuq	4733761	4
kur	4733765	475
kus	4734240	224
kut	4734464	325
kuu	4734789	12
kuv	4734801	14
kuw	4734815	39
kux	4734854	1
kuy	4734855	63
kuz	4734918	55
kva	4734973	151
kve	4735124	36
kvi	4735160	85
kvo	4735245	4
kvr	4735249	1
kvu	4735250	1
kvy	4735251	1
kw 	4735252	73
kwa	4735325	313
kwe	4735638	66
kwi	4735704	40
kwo	4735744	58
kwt	4735802	28
kwu	4735830	16
kxa	4735846	1
kxi	4735847	1
kxo	4735848	1
ky 	4735849	3444
ky-	4739293	8
kya	4739301	167
kyb	4739468	5
kyc	4739473	6
kyd	4739479	1
kye	4739480	54
kyf	4739534	1
kyi	4739535	376
kyj	4739911	3
kyk	4739914	2
kyl	4739916	54
kym	4739970	18
kyn	4739988	21
kyo	4740009	269
kyp	4740278	6
kyr	4740284	146
kys	4740430	15
kyt	4740445	29
kyu	4740474	33
kyv	4740507	2
kyw	4740509	3
kyy	4740512	11
kyz	4740523	19
kz 	4740542	354
kza	4740896	3
kze	4740899	1
kzh	4740900	1
kzi	4740901	3
kzn	4740904	139
kzw	4741043	1
l '	4741044	106
l (	4741150	31
l -	4741181	1
l /	4741182	39
l 0	4741221	512
l 1	4741733	234
l 2	4741967	117
l 3	4742084	140
l 4	4742224	30
l 5	4742254	3
l 7	4742257	333
l 8	4742590	19
l [	4742609	2
l a	4742611	1741
l b	4744352	8647
l c	4752999	3349
l d	4756348	1685
l e	4758033	561
l f	4758594	2092
l g	4760686	794
l h	4761480	641
l i	4762121	1659
l j	4763780	603
l k	4764383	460
l l	4764843	939
l m	4765782	2001
l n	4767783	3976
l o	4771759	471
l p	4772230	6154
l q	4778384	319
l r	4778703	2298
l s	4781001	3833
l t	4784834	893
l u	4785727	2372
l v	4788099	1075
l w	4789174	414
l x	4789588	21
l y	4789609	105
l z	4789714	499
l' 	4790213	66
l'-	4790279	7
l'a	4790286	115
l'b	4790401	7
l'c	4790408	6
l'd	4790414	8
l'e	4790422	57
l'g	4790479	15
l'h	4790494	6
l'i	4790500	42
l'k	4790542	12
l'm	4790554	8
l'n	4790562	41
l'o	4790603	61
l's	4790664	452
l't	4791116	12
l'u	4791128	4
l'v	4791132	3
l'y	4791135	61
l) 	4791196	66
l, 	4791262	27
l-'	4791289	3
l-`	4791292	1
l-a	4791293	42
l-b	4791335	30
l-c	4791365	15
l-d	4791380	54
l-e	4791434	55
l-f	4791489	4
l-g	4791493	16
l-h	4791509	16
l-i	4791525	3
l-j	4791528	8
l-k	4791536	68
l-l	4791604	118
l-m	4791722	27
l-n	4791749	7
l-o	4791756	8
l-p	4791764	12
l-q	4791776	2
l-r	4791778	8
l-s	4791786	89
l-t	4791875	14
l-u	4791889	2
l-v	4791891	6
l-w	4791897	4
l-y	4791901	3
l-z	4791904	2
l. 	4791906	18
l.a	4791924	1
l/b	4791925	1
l/s	4791926	1
l] 	4791927	4
la 	4791931	17176
la'	4809107	18
la)	4809125	27
la-	4809152	2312
la/	4811464	1
laa	4811465	1176
lab	4812641	2181
lac	4814822	1497
lad	4816319	1118
lae	4817437	74
laf	4817511	133
lag	4817644	1713
lah	4819357	804
lai	4820161	1304
laj	4821465	310
lak	4821775	1214
lal	4822989	688
lam	4823677	1352
lan	4825029	28849
lao	4853878	323
lap	4854201	547
laq	4854748	62
lar	4854810	1976
las	4856786	11056
lat	4867842	1492
lau	4869334	752
lav	4870086	2540
law	4872626	586
lax	4873212	296
lay	4873508	1315
laz	4874823	985
lb 	4875808	74
lba	4875882	1038
lbb	4876920	1
lbe	4876921	1102
lbi	4878023	123
lbj	4878146	1
lbl	4878147	8
lbm	4878155	1
lbn	4878156	52
lbo	4878208	236
lbr	4878444	122
lbs	4878566	7
lbt	4878573	1
lbu	4878574	130
lby	4878704	177
lc 	4878881	586
lca	4879467	327
lce	4879794	440
lch	4880234	213
lci	4880447	115
lcj	4880562	1
lck	4880563	2
lcl	4880565	2
lcn	4880567	3
lco	4880570	486
lcr	4881056	23
lcs	4881079	102
lct	4881181	1
lcu	4881182	57
lcy	4881239	2
lcz	4881241	25
ld 	4881266	2325
ld'	4883591	2
ld-	4883593	14
lda	4883607	431
ldb	4884038	37
ldc	4884075	2
ldd	4884077	2
lde	4884079	1107
ldf	4885186	13
ldg	4885199	3
ldh	4885202	28
ldi	4885230	180
ldj	4885410	1
ldk	4885411	21
ldl	4885432	3
ldm	4885435	7
ldn	4885442	6
ldo	4885448	362
ldp	4885810	3
ldr	4885813	53
lds	4885866	105
ldt	4885971	19
ldu	4885990	36
ldv	4886026	5
ldw	4886031	54
ldy	4886085	6
ldz	4886091	11
le 	4886102	6981
le'	4893083	15
le)	4893098	7
le,	4893105	18
le-	4893123	3677
le/	4896800	1
lea	4896801	683
leb	4897484	540
lec	4898024	321
led	4898345	425
lee	4898770	764
lef	4899534	186
leg	4899720	419
leh	4900139	162
lei	4900301	897
lej	4901198	133
lek	4901331	337
lel	4901668	160
lem	4901828	623
len	4902451	4022
leo	4906473	2675
lep	4909148	149
leq	4909297	21
ler	4909318	1443
les	4910761	6272
let	4917033	805
leu	4917838	453
lev	4918291	410
lew	4918701	181
lex	4918882	107
ley	4918989	1260
lez	4920249	442
lf 	4920691	43
lfa	4920734	95
lfb	4920829	1
lfd	4920830	2
lfe	4920832	105
lff	4920937	4
lfg	4920941	3
lfh	4920944	5
lfi	4920949	88
lfj	4921037	1
lfk	4921038	1
lfl	4921039	18
lfm	4921057	1
lfn	4921058	1
lfo	4921059	278
lfp	4921337	6
lfr	4921343	46
lfs	4921389	28
lft	4921417	8
lfu	4921425	4
lfv	4921429	2
lfw	4921431	6
lfz	4921437	2
lg 	4921439	1416
lg.	4922855	2
lga	4922857	578
lge	4923435	442
lgg	4923877	3
lgh	4923880	15
lgi	4923895	2338
lgl	4926233	3
lgn	4926236	3
lgo	4926239	1176
lgr	4927415	54
lgs	4927469	1
lgt	4927470	1
lgu	4927471	65
lgv	4927536	1
lgw	4927537	3
lgy	4927540	4
lh 	4927544	6
lha	4927550	259
lhe	4927809	153
lhg	4927962	1
lhi	4927963	140
lho	4928103	174
lhr	4928277	2
lhu	4928279	57
lhy	4928336	3
li 	4928339	3703
li'	4932042	23
li)	4932065	4
li-	4932069	36
lia	4932105	9196
lib	4941301	799
lic	4942100	1618
lid	4943718	232
lie	4943950	867
lif	4944817	1627
lig	4946444	631
lih	4947075	69
lii	4947144	26
lij	4947170	70
lik	4947240	2386
lil	4949626	274
lim	4949900	1592
lin	4951492	5912
lio	4957404	404
lip	4957808	5164
liq	4962972	32
lir	4963004	88
lis	4963092	1974
lit	4965066	932
liu	4965998	374
liv	4966372	801
liw	4967173	36
lix	4967209	104
liy	4967313	189
liz	4967502	312
lj 	4967814	244
lja	4968058	136
ljc	4968194	4
lje	4968198	124
ljh	4968322	1
lji	4968323	33
ljk	4968356	1
ljm	4968357	1
ljn	4968358	3
ljo	4968361	10
ljs	4968371	3
lju	4968374	62
lk 	4968436	179
lk'	4968615	2
lka	4968617	385
lkb	4969002	1
lkd	4969003	1
lke	4969004	147
lkf	4969151	3
lkh	4969154	74
lki	4969228	129
lkj	4969357	1
lkk	4969358	2
lkl	4969360	12
lkm	4969372	6
lkn	4969378	3
lko	4969381	401
lkp	4969782	1
lkr	4969783	27
lks	4969810	13
lkt	4969823	9
lku	4969832	12
lkv	4969844	6
lkw	4969850	6
lky	4969856	31
ll 	4969887	1529
ll'	4971416	44
ll-	4971460	23
lla	4971483	9504
llb	4980987	80
llc	4981067	26
lld	4981093	28
lle	4981121	8554
llf	4989675	19
llg	4989694	18
llh	4989712	44
lli	4989756	2404
llj	4992160	1
llk	4992161	7
llm	4992168	74
lln	4992242	41
llo	4992283	2865
llp	4995148	14
llr	4995162	17
lls	4995179	755
llt	4995934	39
llu	4995973	209
llv	4996182	40
llw	4996222	53
lly	4996275	378
llz	4996653	3
lm 	4996656	155
lm-	4996811	4
lma	4996815	718
lmb	4997533	10
lmc	4997543	2
lmd	4997545	6
lme	4997551	333
lmf	4997884	1
lmh	4997885	6
lmi	4997891	214
lmk	4998105	2
lml	4998107	2
lmm	4998109	1
lmn	4998110	2
lmo	4998112	264
lmp	4998376	3
lmr	4998379	1
lms	4998380	182
lmt	4998562	7
lmu	4998569	42
lmv	4998611	7
lmw	4998618	14
lmy	4998632	33
lmz	4998665	1
ln 	4998666	437
ln-	4999103	1
lna	4999104	200
lnb	4999304	6
lnc	4999310	1
lnd	4999311	4
lne	4999315	117
lng	4999432	4
lnh	4999436	3
lni	4999439	213
lnj	4999652	2
lnk	4999654	2
lnl	4999656	1
lnm	4999657	1
lno	4999658	458
lnr	5000116	2
lns	5000118	9
lnt	5000127	5
lnu	5000132	62
lnv	5000194	2
lnw	5000196	3
lny	5000199	137
lnz	5000336	1
lo 	5000337	3354
lo'	5003691	1
lo)	5003692	18
lo,	5003710	1
lo-	5003711	93
loa	5003804	570
lob	5004374	273
loc	5004647	746
lod	5005393	451
loe	5005844	69
lof	5005913	58
log	5005971	388
loh	5006359	125
loi	5006484	2005
loj	5008489	54
lok	5008543	235
lol	5008778	152
lom	5008930	4225
lon	5013155	4415
loo	5017570	224
lop	5017794	952
loq	5018746	12
lor	5018758	2348
los	5021106	1858
lot	5022964	487
lou	5023451	1070
lov	5024521	2445
low	5026966	1150
lox	5028116	39
loy	5028155	126
loz	5028281	85
lp 	5028366	646
lpa	5029012	380
lpb	5029392	2
lpe	5029394	2878
lpf	5032272	2
lph	5032274	55
lpi	5032329	120
lpk	5032449	4
lpl	5032453	5
lpm	5032458	3
lpn	5032461	2
lpo	5032463	67
lpp	5032530	5
lpr	5032535	6
lps	5032541	10
lpt	5032551	1
lpu	5032552	81
lpx	5032633	2
lpy	5032635	2
lq 	5032637	1
lqa	5032638	24
lqi	5032662	7
lqo	5032669	1
lqu	5032670	47
lr 	5032717	48
lra	5032765	21
lre	5032786	30
lri	5032816	30
lrm	5032846	1
lro	5032847	52
lru	5032899	7
lry	5032906	4
ls 	5032910	1292
ls-	5034202	20
lsa	5034222	128
lsb	5034350	221
lsc	5034571	45
lsd	5034616	88
lse	5034704	129
lsf	5034833	18
lsg	5034851	3
lsh	5034854	148
lsi	5035002	74
lsj	5035076	5
lsk	5035081	1415
lsl	5036496	13
lsm	5036509	7
lsn	5036516	10
lso	5036526	189
lsp	5036715	8
lsr	5036723	8
lss	5036731	4
lst	5036735	1419
lsu	5038154	48
lsv	5038202	22
lsw	5038224	23
lsy	5038247	3
lsz	5038250	20
lt 	5038270	1408
lt'	5039678	1
lt-	5039679	25
lta	5039704	1323
ltb	5041027	8
ltc	5041035	1
ltd	5041036	8
lte	5041044	554
ltf	5041598	6
ltg	5041604	2
lth	5041606	71
lti	5041677	253
ltj	5041930	1
ltk	5041931	3
ltl	5041934	11
ltm	5041945	7
ltn	5041952	6
lto	5041958	1186
ltp	5043144	4
ltr	5043148	57
lts	5043205	45
ltu	5043250	254
ltv	5043504	8
ltw	5043512	9
lty	5043521	19
ltz	5043540	58
lu 	5043598	990
lu'	5044588	4
lu-	5044592	145
lu`	5044737	1
lua	5044738	142
lub	5044880	603
luc	5045483	1349
lud	5046832	136
lue	5046968	114
luf	5047082	63
lug	5047145	138
luh	5047283	249
lui	5047532	1072
luj	5048604	198
luk	5048802	304
lul	5049106	93
lum	5049199	989
lun	5050188	1274
luo	5051462	178
lup	5051640	388
luq	5052028	21
lur	5052049	187
lus	5052236	259
lut	5052495	215
luu	5052710	11
luv	5052721	28
luw	5052749	27
lux	5052776	255
luy	5053031	64
luz	5053095	724
lv 	5053819	151
lva	5053970	2130
lvd	5056100	2
lve	5056102	363
lvi	5056465	364
lvk	5056829	1
lvn	5056830	1
lvo	5056831	65
lvs	5056896	1
lvu	5056897	3
lvy	5056900	2
lw 	5056902	4
lwa	5056906	108
lwc	5057014	2
lwe	5057016	35
lwi	5057051	54
lwo	5057105	65
lwr	5057170	1
lwu	5057171	2
lwy	5057173	11
lx 	5057184	26
lx-	5057210	10
lxh	5057220	2
lxi	5057222	1
lxl	5057223	2
lxo	5057225	1
lxu	5057226	3
ly 	5057229	12537
ly'	5069766	1
ly-	5069767	99
lya	5069866	600
lyb	5070466	17
lyc	5070483	29
lyd	5070512	41
lye	5070553	26
lyf	5070579	5
lyg	5070584	13
lyh	5070597	7
lyi	5070604	20
lyj	5070624	2
lyk	5070626	153
lyl	5070779	6
lym	5070785	106
lyn	5070891	432
lyo	5071323	96
lyp	5071419	26
lyq	5071445	1
lyr	5071446	10
lys	5071456	428
lyt	5071884	79
lyu	5071963	87
lyv	5072050	24
lyw	5072074	16
lyy	5072090	18
lyz	5072108	6
lz 	5072114	2326
lz-	5074440	2
lza	5074442	87
lzb	5074529	238
lzd	5074767	5
lze	5074772	262
lzf	5075034	8
lzg	5075042	5
lzh	5075047	49
lzi	5075096	35
lzk	5075131	7
lzl	5075138	2
lzm	5075140	6
lzn	5075146	1
lzo	5075147	21
lzs	5075168	2
lzt	5075170	4
lzu	5075174	5
lzw	5075179	6
lzy	5075185	2
m '	5075187	3
m (	5075190	9
m -	5075199	3
m 0	5075202	28
m 1	5075230	132
m 2	5075362	78
m 3	5075440	62
m 4	5075502	522
m 5	5076024	1
m 6	5076025	19
m 7	5076044	10
m 9	5076054	5
m a	5076059	1317
m b	5077376	2893
m c	5080269	1654
m d	5081923	164
m e	5082087	509
m f	5082596	167
m g	5082763	6634
m h	5089397	254
m i	5089651	327
m j	5089978	300
m k	5090278	320
m l	5090598	159
m m	5090757	1447
m n	5092204	346
m o	5092550	142
m p	5092692	614
m q	5093306	40
m r	5093346	1165
m s	5094511	1542
m t	5096053	655
m u	5096708	286
m v	5096994	1231
m w	5098225	146
m x	5098371	20
m y	5098391	45
m z	5098436	161
m' 	5098597	2
m'a	5098599	5
m'b	5098604	8
m'c	5098612	1
m'd	5098613	3
m'e	5098616	1
m'g	5098617	1
m'h	5098618	1
m'i	5098619	1
m'l	5098620	1
m'n	5098621	1
m'p	5098622	1
m'r	5098623	1
m's	5098624	8
m't	5098632	2
m'y	5098634	4
m'z	5098638	1
m) 	5098639	5
m, 	5098644	2
m-a	5098646	3
m-b	5098649	7
m-c	5098656	4
m-d	5098660	122
m-e	5098782	51
m-f	5098833	5
m-g	5098838	3
m-h	5098841	3
m-i	5098844	1
m-j	5098845	1
m-k	5098846	6
m-l	5098852	12
m-m	5098864	2
m-n	5098866	2
m-o	5098868	15
m-p	5098883	8
m-q	5098891	1
m-r	5098892	2
m-s	5098894	12
m-t	5098906	2
m-w	5098908	3
m-z	5098911	3
m. 	5098914	7
ma 	5098921	6160
ma'	5105081	91
ma)	5105172	19
ma-	5105191	14
maa	5105205	886
mab	5106091	169
mac	5106260	1170
mad	5107430	2204
mae	5109634	93
maf	5109727	66
mag	5109793	1534
mah	5111327	1306
mai	5112633	1027
maj	5113660	197
mak	5113857	1036
mal	5114893	3898
mam	5118791	346
man	5119137	25395
mao	5144532	129
map	5144661	192
maq	5144853	48
mar	5144901	10209
mas	5155110	1735
mat	5156845	1755
mau	5158600	766
mav	5159366	164
maw	5159530	116
max	5159646	76
may	5159722	644
maz	5160366	1183
mb 	5161549	119
mb'	5161668	1
mb-	5161669	1
mba	5161670	3381
mbd	5165051	5
mbe	5165056	1883
mbg	5166939	1
mbh	5166940	24
mbi	5166964	2566
mbj	5169530	2
mbk	5169532	2
mbl	5169534	118
mbo	5169652	1650
mbr	5171302	692
mbs	5171994	17
mbt	5172011	6
mbu	5172017	867
mbv	5172884	1
mbw	5172885	11
mby	5172896	42
mbz	5172938	1
mc 	5172939	113
mc)	5173052	51
mca	5173103	18
mcb	5173121	4
mcc	5173125	37
mcd	5173162	7
mce	5173169	24
mcf	5173193	2
mcg	5173195	11
mch	5173206	59
mci	5173265	19
mck	5173284	26
mcl	5173310	18
mcm	5173328	10
mcn	5173338	3
mco	5173341	22
mcp	5173363	2
mcq	5173365	2
mcr	5173367	3
mcs	5173370	2
mcu	5173372	8
mcz	5173380	1
md 	5173381	1056
mda	5174437	136
mdd	5174573	13
mde	5174586	39
mdg	5174625	152
mdi	5174777	15
mdj	5174792	3
mdl	5174795	1
mdo	5174796	15
mdr	5174811	6
mdu	5174817	4
mdv	5174821	34
mdy	5174855	1
me 	5174856	1164
me'	5176020	7
me)	5176027	2
me-	5176029	56
mea	5176085	236
meb	5176321	12
mec	5176333	675
med	5177008	467
mee	5177475	90
mef	5177565	6
meg	5177571	140
meh	5177711	245
mei	5177956	250
mej	5178206	36
mek	5178242	147
mel	5178389	892
mem	5179281	48
men	5179329	2624
meo	5181953	51
mep	5182004	14
meq	5182018	19
mer	5182037	2667
mes	5184704	693
met	5185397	464
meu	5185861	88
mev	5185949	15
mew	5185964	14
mex	5185978	17118
mey	5203096	91
mez	5203187	241
mf 	5203428	10
mfa	5203438	20
mfe	5203458	4
mfi	5203462	34
mfj	5203496	1
mfl	5203497	4
mfo	5203501	28
mfr	5203529	14
mfu	5203543	1
mfy	5203544	1
mg 	5203545	1721
mga	5205266	60
mgb	5205326	2
mge	5205328	12
mgh	5205340	3
mgi	5205343	2
mgl	5205345	1
mgo	5205346	6
mgr	5205352	1
mgu	5205353	4
mgw	5205357	1
mgy	5205358	1
mh 	5205359	732
mha	5206091	41
mhe	5206132	23
mhi	5206155	5
mhk	5206160	1
mhl	5206161	33
mhn	5206194	1
mho	5206195	12
mhu	5206207	36
mi 	5206243	1199
mi'	5207442	6
mi,	5207448	53
mi-	5207501	20
mia	5207521	1118
mib	5208639	117
mic	5208756	1853
mid	5210609	380
mie	5210989	521
mif	5211510	10
mig	5211520	518
mih	5212038	68
mii	5212106	10
mij	5212116	25
mik	5212141	126
mil	5212267	2884
mim	5215151	316
min	5215467	3847
mio	5219314	55
mip	5219369	7
miq	5219376	9
mir	5219385	1136
mis	5220521	1453
mit	5221974	598
miu	5222572	13
miv	5222585	31
mix	5222616	41
miy	5222657	152
miz	5222809	100
mj 	5222909	5
mja	5222914	13
mje	5222927	5
mji	5222932	4
mjo	5222936	7
mju	5222943	5
mk 	5222948	303
mka	5223251	38
mkd	5223289	302
mke	5223591	15
mkh	5223606	18
mki	5223624	23
mkl	5223647	1
mko	5223648	21
mkp	5223669	2
mkr	5223671	4
mku	5223675	16
mkw	5223691	1
mky	5223692	48
ml 	5223740	144
ml'	5223884	2
mla	5223886	131
mle	5224017	67
mli	5224084	186
mlj	5224270	2
mlo	5224272	39
mlt	5224311	71
mlu	5224382	16
mlw	5224398	1
mly	5224399	29
mm 	5224428	816
mma	5225244	244
mmb	5225488	6
mme	5225494	980
mmf	5226474	1
mmh	5226475	6
mmi	5226481	101
mml	5226582	3
mmn	5226585	2
mmo	5226587	98
mmr	5226685	580
mms	5227265	4
mmu	5227269	204
mmw	5227473	1
mmy	5227474	2
mn 	5227476	958
mna	5228434	617
mne	5229051	121
mnf	5229172	10
mng	5229182	333
mni	5229515	86
mno	5229601	39
mnp	5229640	10
mnu	5229650	8
mnv	5229658	1
mny	5229659	95
mo 	5229754	1178
mo'	5230932	5
mo)	5230937	3
mo-	5230940	28
moa	5230968	163
mob	5231131	37
moc	5231168	301
mod	5231469	123
moe	5231592	343
mof	5231935	11
mog	5231946	181
moh	5232127	119
moi	5232246	121
moj	5232367	59
mok	5232426	114
mol	5232540	794
mom	5233334	57
mon	5233391	6331
moo	5239722	198
mop	5239920	35
moq	5239955	29
mor	5239984	3852
mos	5243836	1107
mot	5244943	308
mou	5245251	1394
mov	5246645	91
mow	5246736	134
mox	5246870	49
moy	5246919	99
moz	5247018	263
mp 	5247281	835
mp'	5248116	1
mp-	5248117	8
mpa	5248125	1524
mpb	5249649	29
mpc	5249678	2
mpd	5249680	19
mpe	5249699	400
mpf	5250099	21
mpg	5250120	1
mph	5250121	88
mpi	5250209	299
mpk	5250508	7
mpl	5250515	293
mpm	5250808	7
mpn	5250815	11
mpo	5250826	1697
mpp	5252523	3
mpr	5252526	43
mps	5252569	339
mpt	5252908	128
mpu	5253036	674
mpv	5253710	4
mpw	5253714	1
mpy	5253715	4
mpz	5253719	1
mq 	5253720	29
mqa	5253749	6
mqi	5253755	1
mqu	5253756	2
mr 	5253758	101
mra	5253859	112
mrc	5253971	2
mrd	5253973	1
mre	5253974	27
mrg	5254001	6
mri	5254007	29
mrj	5254036	1
mrk	5254037	4
mrl	5254041	1
mro	5254042	38
mrs	5254080	2
mrt	5254082	90
mru	5254172	20
mry	5254192	7
mrz	5254199	7
ms 	5254206	1933
ms-	5256139	4
msa	5256143	69
msb	5256212	43
msc	5256255	13
msd	5256268	92
mse	5256360	46
msf	5256406	9
msg	5256415	4
msh	5256419	43
msi	5256462	30
msk	5256492	406
msl	5256898	13
msm	5256911	1
msn	5256912	3
mso	5256915	46
msp	5256961	7
msr	5256968	9
mss	5256977	1
mst	5256978	143
msu	5257121	95
msv	5257216	9
msw	5257225	8
msy	5257233	1
msz	5257234	5
mt 	5257239	645
mt.	5257884	1
mta	5257885	31
mte	5257916	992
mtf	5258908	1
mth	5258909	17
mti	5258926	26
mtl	5258952	33
mtm	5258985	1
mto	5258986	53
mtq	5259039	23
mtr	5259062	4
mts	5259066	46
mtu	5259112	10
mtw	5259122	22
mtz	5259144	1
mu 	5259145	473
mu'	5259618	15
mu-	5259633	2
mua	5259635	115
mub	5259750	18
muc	5259768	93
mud	5259861	119
mue	5259980	57
muf	5260037	7
mug	5260044	109
muh	5260153	134
mui	5260287	48
muj	5260335	20
muk	5260355	130
mul	5260485	357
mum	5260842	24
mun	5260866	1745
muo	5262611	27
mup	5262638	8
muq	5262646	17
mur	5262663	5099
mus	5267762	588
mut	5268350	177
muu	5268527	4
muv	5268531	5
muw	5268536	5
mux	5268541	21
muy	5268562	29
muz	5268591	37
mv 	5268628	576
mva	5269204	15
mve	5269219	2
mvi	5269221	22
mvo	5269243	5
mvr	5269248	7
mvu	5269255	5
mvy	5269260	1
mw 	5269261	60
mwa	5269321	37
mwe	5269358	16
mwi	5269374	45
mwo	5269419	26
mwt	5269445	37
mwy	5269482	1
mx 	5269483	16885
mxa	5286368	11
mxu	5286379	3
my 	5286382	824
my-	5287206	18
mya	5287224	674
myc	5287898	2
myd	5287900	3
mye	5287903	20
myg	5287923	5
myh	5287928	4
myi	5287932	7
myj	5287939	2
myk	5287941	397
myl	5288338	26
mym	5288364	8
myn	5288372	19
myo	5288391	12
myp	5288403	2
myr	5288405	210
mys	5288615	837
myt	5289452	105
myu	5289557	2
myv	5289559	1
myy	5289560	1
myz	5289561	2
mz 	5289563	130
mza	5289693	35
mze	5289728	9
mzh	5289737	2
mzi	5289739	5
mzo	5289744	5
mzu	5289749	2
mzy	5289751	1
n '	5289752	16
n (	5289768	157
n -	5289925	7
n /	5289932	103
n 0	5290035	2138
n 1	5292173	1139
n 2	5293312	529
n 3	5293841	250
n 4	5294091	655
n 5	5294746	161
n 6	5294907	126
n 7	5295033	190
n 8	5295223	14
n 9	5295237	34
n [	5295271	4
n a	5295275	4515
n b	5299790	4324
n c	5304114	22420
n d	5326534	2689
n e	5329223	9141
n f	5338364	6517
n g	5344881	2848
n h	5347729	2904
n i	5350633	11420
n j	5362053	5482
n k	5367535	1517
n l	5369052	1889
n m	5370941	5528
n n	5376469	4588
n o	5381057	1478
n p	5382535	2892
n q	5385427	395
n r	5385822	7510
n s	5393332	10896
n t	5404228	3221
n u	5407449	2067
n v	5409516	3214
n w	5412730	3246
n x	5415976	137
n y	5416113	927
n z	5417040	1152
n' 	5418192	46
n'-	5418238	5
n'a	5418243	60
n'b	5418303	1
n'c	5418304	1
n'd	5418305	22
n'e	5418327	13
n'g	5418340	31
n'i	5418371	5
n'k	5418376	7
n'm	5418383	1
n'o	5418384	3
n's	5418387	21
n'y	5418408	11
n'z	5418419	8
n(c	5418427	1
n(v	5418428	1
n) 	5418429	93
n, 	5418522	339
n-'	5418861	1
n-a	5418862	825
n-b	5419687	141
n-c	5419828	78
n-d	5419906	251
n-e	5420157	605
n-f	5420762	31
n-g	5420793	68
n-h	5420861	56
n-i	5420917	8
n-j	5420925	14
n-k	5420939	20
n-l	5420959	197
n-m	5421156	60
n-n	5421216	21
n-o	5421237	59
n-p	5421296	67
n-q	5421363	4
n-r	5421367	42
n-s	5421409	316
n-t	5421725	80
n-u	5421805	26
n-v	5421831	57
n-w	5421888	1717
n-x	5423605	1
n-y	5423606	17
n-z	5423623	8
n. 	5423631	5
n.c	5423636	1
n/b	5423637	1
n/g	5423638	1
n/m	5423639	1
n/t	5423640	1
n2 	5423641	1
n] 	5423642	2
n`a	5423644	13
na 	5423657	30042
na'	5453699	25
na)	5453724	36
na,	5453760	499
na-	5454259	81
naa	5454340	64
nab	5454404	347
nac	5454751	2599
nad	5457350	5124
nae	5462474	35
naf	5462509	63
nag	5462572	843
nah	5463415	316
nai	5463731	425
naj	5464156	1156
nak	5465312	842
nal	5466154	1306
nam	5467460	2978
nan	5470438	4004
nao	5474442	511
nap	5474953	244
naq	5475197	1931
nar	5477128	1507
nas	5478635	2365
nat	5481000	1233
nau	5482233	471
nav	5482704	866
naw	5483570	213
nax	5483783	31
nay	5483814	723
naz	5484537	144
nb 	5484681	1077
nb-	5485758	1
nba	5485759	541
nbe	5486300	484
nbi	5486784	31
nbj	5486815	2
nbl	5486817	7
nbo	5486824	142
nbr	5486966	109
nbu	5487075	1392
nby	5488467	37
nc 	5488504	1151
nc-	5489655	5
nca	5489660	1296
ncb	5490956	1
ncc	5490957	1
ncd	5490958	1
nce	5490959	16378
nch	5507337	3150
nci	5510487	1858
nck	5512345	19
ncl	5512364	94
ncn	5512458	4
nco	5512462	835
ncp	5513297	1
ncq	5513298	3
ncr	5513301	52
ncs	5513353	17
nct	5513370	84
ncu	5513454	139
ncv	5513593	4
ncy	5513597	57
ncz	5513654	14
nd 	5513668	20790
nd'	5534458	4
nd,	5534462	1
nd-	5534463	3983
nda	5538446	4283
ndb	5542729	37
ndc	5542766	5
ndd	5542771	10
nde	5542781	3305
ndf	5546086	17
ndg	5546103	34
ndh	5546137	498
ndi	5546635	9889
ndj	5556524	41
ndk	5556565	7
ndl	5556572	265
ndm	5556837	11
ndn	5556848	3
ndo	5556851	11404
ndp	5568255	22
ndq	5568277	1
ndr	5568278	1684
nds	5569962	3232
ndt	5573194	23
ndu	5573217	928
ndv	5574145	49
ndw	5574194	39
ndy	5574233	128
ndz	5574361	28
ne 	5574389	13483
ne'	5587872	7
ne)	5587879	1
ne,	5587880	1209
ne-	5589089	3321
nea	5592410	687
neb	5593097	351
nec	5593448	473
ned	5593921	330
nee	5594251	126
nef	5594377	64
neg	5594441	651
neh	5595092	111
nei	5595203	675
nej	5595878	65
nek	5595943	116
nel	5596059	508
nem	5596567	160
nen	5596727	567
neo	5597294	93
nep	5597387	156
neq	5597543	11
ner	5597554	956
nes	5598510	18175
net	5616685	4094
neu	5620779	702
nev	5621481	438
new	5621919	5678
nex	5627597	62
ney	5627659	254
nez	5627913	1028
nf 	5628941	11
nfa	5628952	69
nfe	5629021	292
nff	5629313	3
nfh	5629316	1
nfi	5629317	139
nfj	5629456	2
nfk	5629458	1
nfl	5629459	40
nfo	5629499	141
nfr	5629640	24
nfs	5629664	3
nft	5629667	4
nfu	5629671	45
nfy	5629716	3
ng 	5629719	26726
ng'	5656445	128
ng)	5656573	1
ng,	5656574	5
ng-	5656579	70
nga	5656649	6569
ngb	5663218	450
ngc	5663668	409
ngd	5664077	7885
nge	5671962	3141
ngf	5675103	229
ngg	5675332	2582
ngh	5677914	1102
ngi	5679016	426
ngj	5679442	1187
ngk	5680629	570
ngl	5681199	5451
ngm	5686650	212
ngn	5686862	210
ngo	5687072	3547
ngp	5690619	297
ngq	5690916	1168
ngr	5692084	510
ngs	5692594	2192
ngt	5694786	1585
ngu	5696371	1060
ngv	5697431	33
ngw	5697464	284
ngx	5697748	1698
ngy	5699446	406
ngz	5699852	459
nh 	5700311	852
nha	5701163	1633
nhb	5702796	1
nhc	5702797	3
nhe	5702800	477
nhi	5703277	48
nhl	5703325	5
nho	5703330	412
nhp	5703742	1
nht	5703743	2
nhu	5703745	623
nhy	5704368	5
ni 	5704373	4277
ni'	5708650	4
ni)	5708654	3
ni-	5708657	54
nia	5708711	16863
nib	5725574	48
nic	5725622	1805
nid	5727427	1219
nie	5728646	3433
nif	5732079	104
nig	5732183	1233
nih	5733416	125
nii	5733541	142
nij	5733683	1203
nik	5734886	615
nil	5735501	409
nim	5735910	186
nin	5736096	2094
nio	5738190	907
nip	5739097	294
niq	5739391	50
nir	5739441	232
nis	5739673	1724
nit	5741397	28740
niu	5770137	96
niv	5770233	708
niw	5770941	17
nix	5770958	25
niy	5770983	162
niz	5771145	351
nj 	5771496	766
nja	5772262	1234
njc	5773496	2
nje	5773498	178
njg	5773676	3
njh	5773679	11
nji	5773690	1151
njk	5774841	2
njo	5774843	151
njs	5774994	142
nju	5775136	158
njw	5775294	2
njy	5775296	1
nk 	5775297	615
nka	5775912	879
nkb	5776791	3
nke	5776794	219
nkf	5777013	20
nkg	5777033	1
nkh	5777034	115
nki	5777149	325
nkj	5777474	1
nkk	5777475	7
nkl	5777482	74
nkm	5777556	2
nkn	5777558	5
nko	5777563	373
nkp	5777936	7
nkr	5777943	105
nks	5778048	40
nkt	5778088	343
nku	5778431	73
nkv	5778504	2
nkw	5778506	20
nky	5778526	61
nkz	5778587	1
nl 	5778588	2240
nla	5780828	3611
nld	5784439	2036
nle	5786475	285
nlh	5786760	1
nli	5786761	327
nlj	5787088	1
nll	5787089	10
nln	5787099	1
nlo	5787100	106
nlu	5787206	68
nly	5787274	15
nm 	5787289	569
nma	5787858	1635
nme	5789493	66
nmg	5789559	1
nmi	5789560	44
nmo	5789604	82
nmp	5789686	1
nmu	5789687	31
nn 	5789718	361
nn'	5790079	2
nn-	5790081	7
nna	5790088	1062
nnb	5791150	11
nnc	5791161	1
nnd	5791162	15
nne	5791177	3292
nnf	5794469	7
nng	5794476	7
nnh	5794483	16
nni	5794499	638
nnk	5795137	9
nnl	5795146	68
nnm	5795214	22
nno	5795236	199
nnp	5795435	2
nns	5795437	1580
nnt	5797017	8
nnu	5797025	69
nnv	5797094	13
nnw	5797107	17
nny	5797124	180
nnz	5797304	1
no 	5797305	5242
no)	5802547	22
no,	5802569	1
no-	5802570	746
no.	5803316	2
noa	5803318	116
nob	5803434	124
noc	5803558	142
nod	5803700	316
noe	5804016	58
nof	5804074	16
nog	5804090	244
noh	5804334	109
noi	5804443	1229
noj	5805672	36
nok	5805708	156
nol	5805864	268
nom	5806132	1069
non	5807201	672
noo	5807873	659
nop	5808532	264
noq	5808796	8
nor	5808804	6489
nos	5815293	1069
not	5816362	266
nou	5816628	2340
nov	5818968	2261
now	5821229	317
nox	5821546	32
noy	5821578	391
noz	5821969	71
np 	5822040	91
np'	5822131	2
npa	5822133	77
npe	5822210	34
npf	5822244	2
nph	5822246	3
npi	5822249	60
npl	5822309	91
npo	5822400	49
npp	5822449	2
npr	5822451	5
npu	5822456	128
npy	5822584	2
nq 	5822586	8
nq-	5822594	1
nqa	5822595	9
nqi	5822604	125
nqo	5822729	2
nqu	5822731	226
nr 	5822957	39
nra	5822996	82
nre	5823078	71
nrh	5823149	8
nri	5823157	101
nro	5823258	132
nrr	5823390	1
nru	5823391	31
nrw	5823422	1
nry	5823423	22
ns 	5823445	1523
ns'	5824968	4
ns-	5824972	98
nsa	5825070	905
nsb	5825975	172
nsc	5826147	90
nsd	5826237	154
nse	5826391	325
nsf	5826716	66
nsg	5826782	10
nsh	5826792	468
nsi	5827260	832
nsj	5828092	10
nsk	5828102	3283
nsl	5831385	1100
nsm	5832485	10
nsn	5832495	15
nso	5832510	247
nsp	5832757	23
nsq	5832780	1
nsr	5832781	7
nss	5832788	16
nst	5832804	1195
nsu	5833999	936
nsv	5834935	105
nsw	5835040	1855
nsy	5836895	1480
nsz	5838375	10
nt 	5838385	4519
nt'	5842904	182
nt-	5843086	2416
nt/	5845502	1
nta	5845503	6541
ntb	5852044	35
ntc	5852079	45
ntd	5852124	3
nte	5852127	5426
ntf	5857553	41
ntg	5857594	49
nth	5857643	621
nti	5858264	3564
ntj	5861828	14
ntk	5861842	6
ntl	5861848	212
ntm	5862060	41
ntn	5862101	14
nto	5862115	2102
ntp	5864217	28
ntq	5864245	1
ntr	5864246	3966
nts	5868212	268
ntt	5868480	10
ntu	5868490	624
ntv	5869114	41
ntw	5869155	50
ntx	5869205	1
nty	5869206	177
ntz	5869383	69
nu 	5869452	266
nu'	5869718	13
nu-	5869731	5
nua	5869736	68
nub	5869804	256
nuc	5870060	149
nud	5870209	19
nue	5870228	921
nuf	5871149	16
nug	5871165	48
nuh	5871213	8
nui	5871221	65
nuj	5871286	7
nuk	5871293	53
nul	5871346	50
num	5871396	151
nun	5871547	226
nuo	5871773	117
nup	5871890	29
nuq	5871919	8
nur	5871927	181
nus	5872108	1938
nut	5874046	101
nuu	5874147	20
nuv	5874167	15
nuw	5874182	8
nux	5874190	4
nuy	5874194	12
nuz	5874206	11
nv 	5874217	79
nva	5874296	57
nve	5874353	102
nvi	5874455	477
nvo	5874932	27
nvr	5874959	3
nvs	5874962	59
nvy	5875021	1
nw 	5875022	699
nwa	5875721	144
nwe	5875865	105
nwi	5875970	58
nwn	5876028	1
nwo	5876029	140
nwr	5876169	3
nws	5876172	1
nwu	5876173	19
nwy	5876192	6
nx 	5876198	125
nx-	5876323	2
nxa	5876325	5
nxb	5876330	1
nxe	5876331	6
nxh	5876337	3
nxi	5876340	1097
nxo	5877437	6
nxp	5877443	1
nxs	5877444	1
nxt	5877445	4
nxu	5877449	16
nxv	5877465	4
ny 	5877469	14087
ny-	5891556	141
nya	5891697	1654
nyb	5893351	18
nyc	5893369	33
nyd	5893402	7
nye	5893409	86
nyf	5893495	3
nyg	5893498	1
nyh	5893499	6
nyi	5893505	198
nyk	5893703	65
nyl	5893768	18
nym	5893786	8
nyn	5893794	13
nyo	5893807	107
nyp	5893914	4
nyr	5893918	13
nys	5893931	58
nyt	5893989	250
nyu	5894239	121
nyv	5894360	8
nyw	5894368	2
nyy	5894370	282
nyz	5894652	33
nz 	5894685	870
nz-	5895555	1
nza	5895556	1458
nzb	5897014	10
nzd	5897024	4
nze	5897028	262
nzg	5897290	4
nzh	5897294	338
nzi	5897632	185
nzk	5897817	5
nzl	5897822	745
nzm	5898567	1
nzn	5898568	4
nzo	5898572	268
nzr	5898840	8
nzs	5898848	1
nzt	5898849	1
nzu	5898850	62
nzv	5898912	1
nzw	5898913	7
nzy	5898920	7
o (	5898927	263
o -	5899190	9
o /	5899199	5
o 0	5899204	645
o 1	5899849	1216
o 2	5901065	272
o 3	5901337	1145
o 4	5902482	352
o 5	5902834	15
o 6	5902849	1126
o 7	5903975	21
o 8	5903996	5
o 9	5904001	1
o [	5904002	9
o `	5904011	1
o a	5904012	3126
o b	5907138	2151
o c	5909289	5595
o d	5914884	5326
o e	5920210	991
o f	5921201	572
o g	5921773	3862
o h	5925635	1850
o i	5927485	709
o j	5928194	1931
o k	5930125	652
o l	5930777	3272
o m	5934049	19520
o n	5953569	2533
o o	5956102	2290
o p	5958392	3902
o q	5962294	493
o r	5962787	8347
o s	5971134	4399
o t	5975533	2159
o u	5977692	1140
o v	5978832	2029
o w	5980861	494
o x	5981355	123
o y	5981478	266
o z	5981744	690
o' 	5982434	3
o'a	5982437	21
o'b	5982458	1
o'c	5982459	3
o'd	5982462	2
o'e	5982464	15
o'f	5982479	2
o'g	5982481	1
o'h	5982482	30
o'i	5982512	2
o'j	5982514	2
o'k	5982516	1
o'l	5982517	7
o'm	5982524	1
o'n	5982525	3
o'o	5982528	4
o'p	5982532	3
o'q	5982535	1
o'r	5982536	8
o's	5982544	7
o'u	5982551	1
o'y	5982552	1
o'z	5982553	1
o) 	5982554	307
o, 	5982861	5
o-1	5982866	1
o-2	5982867	1
o-a	5982868	520
o-b	5983388	237
o-c	5983625	78
o-d	5983703	150
o-e	5983853	13
o-f	5983866	128
o-g	5983994	101
o-h	5984095	8
o-i	5984103	11
o-j	5984114	3
o-k	5984117	112
o-l	5984229	17
o-m	5984246	205
o-n	5984451	90
o-o	5984541	24
o-p	5984565	278
o-q	5984843	3
o-r	5984846	13
o-s	5984859	164
o-t	5985023	22
o-u	5985045	7
o-v	5985052	26
o-w	5985078	2
o-y	5985080	4
o-z	5985084	89
o. 	5985173	1
o.1	5985174	1
o.2	5985175	1
o.c	5985176	1
o/c	5985177	1
o/m	5985178	2
o1,	5985180	1
o] 	5985181	42
oa 	5985223	1444
oa'	5986667	2
oa-	5986669	4
oa/	5986673	2
oab	5986675	14
oac	5986689	995
oad	5987684	112
oae	5987796	3
oaf	5987799	4
oag	5987803	37
oah	5987840	205
oai	5988045	76
oaj	5988121	5
oak	5988126	235
oal	5988361	100
oam	5988461	38
oan	5988499	324
oao	5988823	85
oap	5988908	69
oaq	5988977	54
oar	5989031	316
oas	5989347	229
oat	5989576	1349
oau	5990925	3
oav	5990928	17
oaw	5990945	2
oax	5990947	1258
oay	5992205	26
oaz	5992231	15
ob 	5992246	102
ob'	5992348	3
ob-	5992351	3
oba	5992354	1228
obb	5993582	60
obc	5993642	10
obd	5993652	12
obe	5993664	824
obf	5994488	5
obh	5994493	7
obi	5994500	285
obj	5994785	6
obk	5994791	5
obl	5994796	8845
obm	6003641	3
obn	6003644	16
obo	6003660	464
obq	6004124	1
obr	6004125	364
obs	6004489	40
obt	6004529	3
obu	6004532	105
obv	6004637	1
obw	6004638	9
oby	6004647	114
obz	6004761	7
oc 	6004768	312
oc'	6005080	1
oc)	6005081	1
oc-	6005082	3
oca	6005085	1567
ocb	6006652	6
occ	6006658	2299
oce	6008957	232
och	6009189	1171
oci	6010360	299
ocj	6010659	3
ock	6010662	710
ocl	6011372	108
ocm	6011480	8
ocn	6011488	25
oco	6011513	808
ocp	6012321	4
ocq	6012325	20
ocr	6012345	144
ocs	6012489	24
oct	6012513	72
ocu	6012585	115
ocw	6012700	1
ocx	6012701	1
ocy	6012702	2
ocz	6012704	29
od 	6012733	1245
od'	6013978	2
od-	6013980	139
od/	6014119	1
oda	6014120	655
odb	6014775	57
odc	6014832	15
odd	6014847	47
ode	6014894	1184
odf	6016078	13
odg	6016091	63
odh	6016154	62
odi	6016216	1142
odj	6017358	18
odk	6017376	355
odl	6017731	188
odm	6017919	25
odn	6017944	249
odo	6018193	430
odp	6018623	7
odr	6018630	181
ods	6018811	446
odt	6019257	18
odu	6019275	91
odv	6019366	34
odw	6019400	22
ody	6019422	80
odz	6019502	286
oe 	6019788	481
oe-	6020269	6
oea	6020275	1
oeb	6020276	22
oec	6020298	13
oed	6020311	36
oee	6020347	5
oef	6020352	10
oeg	6020362	9
oeh	6020371	9
oei	6020380	63
oek	6020443	93
oel	6020536	80
oem	6020616	33
oen	6020649	160
oeo	6020809	2
oep	6020811	11
oer	6020822	71
oes	6020893	280
oet	6021173	59
oeu	6021232	50
oev	6021282	40
oew	6021322	2
oex	6021324	4
oey	6021328	7
oez	6021335	8
of 	6021343	489
of-	6021832	3
ofa	6021835	102
ofb	6021937	2
ofc	6021939	1
ofd	6021940	3
ofe	6021943	220
off	6022163	166
ofg	6022329	3
ofh	6022332	2
ofi	6022334	137
ofj	6022471	7
ofk	6022478	6
ofl	6022484	54
ofm	6022538	2
ofn	6022540	2
ofo	6022542	61
ofq	6022603	1
ofr	6022604	60
ofs	6022664	27
oft	6022691	83
ofu	6022774	23
ofw	6022797	1
ofy	6022798	4
ofz	6022802	1
og 	6022803	259
og'	6023062	32
og,	6023094	1
og-	6023095	5
oga	6023100	458
ogb	6023558	31
ogc	6023589	1
ogd	6023590	57
oge	6023647	196
ogg	6023843	87
ogh	6023930	62
ogi	6023992	122
ogj	6024114	1
ogk	6024115	2
ogl	6024117	123
ogm	6024240	6
ogn	6024246	1137
ogo	6025383	775
ogp	6026158	4
ogr	6026162	332
ogs	6026494	18
ogt	6026512	15
ogu	6026527	223
ogv	6026750	9
ogw	6026759	8
ogy	6026767	68
ogz	6026835	2
oh 	6026837	1001
oh-	6027838	334
oha	6028172	255
ohb	6028427	9
ohc	6028436	3
ohd	6028439	17
ohe	6028456	877
ohf	6029333	6
ohg	6029339	30
ohh	6029369	7
ohi	6029376	972
ohj	6030348	213
ohk	6030561	5
ohl	6030566	75
ohm	6030641	21
ohn	6030662	158
oho	6030820	288
ohp	6031108	3
ohr	6031111	343
ohs	6031454	7
oht	6031461	9
ohu	6031470	90
ohv	6031560	1
ohw	6031561	1
ohy	6031562	15
oi 	6031577	384
oi'	6031961	1
oia	6031962	387
oib	6032349	10
oic	6032359	36
oid	6032395	23
oie	6032418	92
oif	6032510	4
oig	6032514	42
oih	6032556	4
oii	6032560	2
oij	6032562	11
oik	6032573	14
oil	6032587	55
oim	6032642	74
oin	6032716	451
oio	6033167	33
oip	6033200	13
oiq	6033213	1
oir	6033214	7158
ois	6040372	1637
oit	6042009	151
oiu	6042160	36
oiv	6042196	27
oiw	6042223	1
oix	6042224	68
oiy	6042292	14
oiz	6042306	17
oj 	6042323	39
oja	6042362	383
ojb	6042745	7
ojc	6042752	17
ojd	6042769	8
oje	6042777	83
ojh	6042860	1
oji	6042861	184
ojj	6043045	1
ojk	6043046	10
ojm	6043056	2
ojn	6043058	31
ojo	6043089	225
ojp	6043314	3
ojr	6043317	4
ojs	6043321	12
ojt	6043333	3
oju	6043336	29
ojv	6043365	236
ojw	6043601	1
ok 	6043602	1006
ok'	6044608	1
ok,	6044609	1
ok-	6044610	2
oka	6044612	615
okb	6045227	8
okc	6045235	36
okd	6045271	15
oke	6045286	304
okf	6045590	16
okg	6045606	8
okh	6045614	116
oki	6045730	173
okj	6045903	1
okk	6045904	230
okl	6046134	420
okm	6046554	17
okn	6046571	16
oko	6046587	512
okp	6047099	33
okr	6047132	439
oks	6047571	114
okt	6047685	47
oku	6047732	130
okv	6047862	15
okw	6047877	15
oky	6047892	267
okz	6048159	2
ol 	6048161	2000
ol'	6050161	235
ol)	6050396	2
ol-	6050398	20
ol.	6050418	1
ola	6050419	6279
olb	6056698	111
olc	6056809	234
old	6057043	682
ole	6057725	1066
olf	6058791	171
olg	6058962	153
olh	6059115	53
oli	6059168	3279
olj	6062447	321
olk	6062768	121
oll	6062889	1573
olm	6064462	343
oln	6064805	666
olo	6065471	4051
olp	6069522	76
olq	6069598	11
olr	6069609	12
ols	6069621	2294
olt	6071915	1074
olu	6072989	935
olv	6073924	84
olw	6074008	33
olx	6074041	4
oly	6074045	407
olz	6074452	151
om 	6074603	6471
om'	6081074	1
om)	6081075	1
om-	6081076	52
oma	6081128	9874
omb	6091002	3779
omc	6094781	10
omd	6094791	10
ome	6094801	712
omf	6095513	32
omg	6095545	10
omh	6095555	4
omi	6095559	1252
omj	6096811	4
omk	6096815	7
oml	6096822	41
omm	6096863	781
omn	6097644	703
omo	6098347	2201
omp	6100548	219
omr	6100767	16
oms	6100783	244
omt	6101027	988
omu	6102015	1161
omv	6103176	12
omw	6103188	6
omx	6103194	3
omy	6103197	183
omz	6103380	18
on 	6103398	21984
on'	6125382	13
on(	6125395	2
on)	6125397	27
on,	6125424	2
on-	6125426	382
on/	6125808	3
on]	6125811	2
ona	6125813	2096
onb	6127909	95
onc	6128004	640
ond	6128644	1806
one	6130450	13482
onf	6143932	127
ong	6144059	8939
onh	6152998	69
oni	6153067	3602
onj	6156669	137
onk	6156806	322
onl	6157128	41
onm	6157169	41
onn	6157210	2225
ono	6159435	1779
onp	6161214	20
onq	6161234	41
onr	6161275	72
ons	6161347	1477
ont	6162824	6088
onu	6168912	130
onv	6169042	199
onw	6169241	43
onx	6169284	6
ony	6169290	229
onz	6169519	171
oo 	6169690	269
oo-	6169959	1
ooa	6169960	2
oob	6169962	10
ooc	6169972	19
ood	6169991	936
ooe	6170927	5
oof	6170932	14
oog	6170946	58
ooh	6171004	2
ooi	6171006	25
ook	6171031	375
ool	6171406	163
oom	6171569	110
oon	6171679	372
oop	6172051	55
ooq	6172106	4
oor	6172110	880
oos	6172990	177
oot	6173167	98
oou	6173265	26
oov	6173291	8
oow	6173299	12
oox	6173311	1
ooy	6173312	14
ooz	6173326	13
op 	6173339	215
op'	6173554	6
op-	6173560	7
op.	6173567	1
opa	6173568	662
opb	6174230	2
opc	6174232	15
opd	6174247	5
ope	6174252	559
opf	6174811	26
opg	6174837	2
oph	6174839	44
opi	6174883	640
opj	6175523	26
opk	6175549	20
opl	6175569	101
opm	6175670	4
opn	6175674	11
opo	6175685	2076
opp	6177761	170
opr	6177931	183
ops	6178114	46
opt	6178160	32
opu	6178192	73
opv	6178265	3
opw	6178268	8
opx	6178276	1
opy	6178277	18
oq 	6178295	47
oq'	6178342	1
oqa	6178343	2
oqb	6178345	1
oqc	6178346	2
oqe	6178348	3
oqi	6178351	57
oqm	6178408	1
oqn	6178409	2
oqo	6178411	7
oqp	6178418	1
oqq	6178419	3
oqr	6178422	1
oqs	6178423	1
oqt	6178424	2
oqu	6178426	406
or 	6178832	4622
or'	6183454	17
or)	6183471	3
or-	6183474	111
ora	6183585	3504
orb	6187089	275
orc	6187364	335
ord	6187699	3264
ore	6190963	3510
orf	6194473	1556
org	6196029	1448
orh	6197477	77
ori	6197554	3675
orj	6201229	262
ork	6201491	1471
orl	6202962	240
orm	6203202	1759
orn	6204961	2685
oro	6207646	3296
orp	6210942	764
orq	6211706	31
orr	6211737	938
ors	6212675	1660
ort	6214335	6200
oru	6220535	264
orv	6220799	146
orw	6220945	689
orx	6221634	1
ory	6221635	392
orz	6222027	208
os 	6222235	5662
os'	6227897	2
os)	6227899	48
os-	6227947	19
osa	6227966	1244
osb	6229210	44
osc	6229254	865
osd	6230119	28
ose	6230147	1233
osf	6231380	16
osg	6231396	17
osh	6231413	582
osi	6231995	1072
osj	6233067	107
osk	6233174	608
osl	6233782	755
osm	6234537	79
osn	6234616	428
oso	6235044	429
osp	6235473	96
osq	6235569	35
osr	6235604	23
oss	6235627	1152
ost	6236779	1706
osu	6238485	109
osv	6238594	21
osw	6238615	28
osy	6238643	36
osz	6238679	84
ot 	6238763	718
ot'	6239481	7
ot-	6239488	20
ota	6239508	1786
otb	6241294	8
otc	6241302	21
otd	6241323	17
ote	6241340	6456
otf	6247796	8
otg	6247804	7
oth	6247811	373
oti	6248184	702
otj	6248886	14
otk	6248900	25
otl	6248925	903
otm	6249828	10
otn	6249838	117
oto	6249955	1459
otp	6251414	4
otr	6251418	181
ots	6251599	266
ott	6251865	903
otu	6252768	121
otv	6252889	19
otw	6252908	9
otx	6252917	1
oty	6252918	47
otz	6252965	89
ou 	6253054	2479
ou'	6255533	10
ou,	6255543	1
ou-	6255544	49
oua	6255593	1142
oub	6256735	165
ouc	6256900	428
oud	6257328	292
oue	6257620	948
ouf	6258568	99
oug	6258667	658
ouh	6259325	79
oui	6259404	692
ouj	6260096	52
ouk	6260148	283
oul	6260431	599
oum	6261030	248
oun	6261278	1107
ouo	6262385	96
oup	6262481	154
ouq	6262635	32
our	6262667	3199
ous	6265866	956
out	6266822	5243
ouv	6272065	2069
ouw	6274134	33
oux	6274167	189
ouy	6274356	94
ouz	6274450	188
ov 	6274638	904
ov'	6275542	3
ov-	6275545	9
ov.	6275554	3
ov`	6275557	1
ova	6275558	2995
ovb	6278553	3
ovc	6278556	185
ovd	6278741	38
ove	6278779	2849
ovg	6281628	53
ovh	6281681	6
ovi	6281687	1831
ovj	6283518	5
ovk	6283523	314
ovl	6283837	41
ovm	6283878	1
ovn	6283879	35
ovo	6283914	1697
ovp	6285611	1
ovr	6285612	36
ovs	6285648	1707
ovt	6287355	24
ovu	6287379	34
ovv	6287413	2
ovx	6287415	1
ovy	6287416	162
ovz	6287578	4
ow 	6287582	1080
ow'	6288662	2
ow-	6288664	13
owa	6288677	748
owb	6289425	29
owc	6289454	12
owd	6289466	28
owe	6289494	1005
owf	6290499	5
owg	6290504	7
owh	6290511	16
owi	6290527	735
owj	6291262	5
owk	6291267	57
owl	6291324	118
owm	6291442	16
own	6291458	932
owo	6292390	215
owp	6292605	5
owq	6292610	1
owr	6292611	44
ows	6292655	109
owt	6292764	10
owu	6292774	12
owv	6292786	4
oww	6292790	2
owy	6292792	67
owz	6292859	14
ox 	6292873	82
ox'	6292955	2
oxa	6292957	27
oxb	6292984	20
oxc	6293004	24
oxd	6293028	4
oxe	6293032	12
oxf	6293044	35
oxg	6293079	1
oxh	6293080	13
oxi	6293093	137
oxk	6293230	1
oxl	6293231	10
oxm	6293241	1
oxn	6293242	1
oxo	6293243	29
oxp	6293272	4
oxq	6293276	1
oxr	6293277	1
oxs	6293278	3
oxt	6293281	78
oxu	6293359	15
oxv	6293374	7
oxw	6293381	5
oxy	6293386	1
oy 	6293387	738
oy-	6294125	46
oya	6294171	757
oyb	6294928	5
oyc	6294933	8
oyd	6294941	31
oye	6294972	729
oyg	6295701	12
oyh	6295713	2
oyi	6295715	53
oyk	6295768	9
oyl	6295777	34
oym	6295811	17
oyn	6295828	37
oyo	6295865	332
oyp	6296197	2
oyr	6296199	18
oys	6296217	28
oyt	6296245	19
oyu	6296264	124
oyv	6296388	4
oyy	6296392	4
oz 	6296396	128
oz'	6296524	1
oz-	6296525	9
oza	6296534	661
ozb	6297195	13
ozc	6297208	4
ozd	6297212	45
oze	6297257	173
ozf	6297430	1
ozg	6297431	123
ozh	6297554	168
ozi	6297722	152
ozj	6297874	4
ozk	6297878	14
ozl	6297892	34
ozm	6297926	12
ozn	6297938	62
ozo	6298000	208
ozp	6298208	8
ozr	6298216	2
ozs	6298218	22
ozt	6298240	21
ozu	6298261	78
ozv	6298339	9
ozw	6298348	2
ozy	6298350	28
ozz	6298378	89
p (	6298467	1
p /	6298468	1
p 0	6298469	9
p 1	6298478	1
p 2	6298479	99
p 4	6298578	22
p 5	6298600	20
p a	6298620	69
p b	6298689	1002
p c	6299691	87
p d	6299778	26
p e	6299804	62
p f	6299866	12
p g	6299878	2355
p h	6302233	141
p i	6302374	1358
p j	6303732	2257
p k	6305989	38
p l	6306027	72
p m	6306099	2154
p n	6308253	224
p o	6308477	27
p p	6308504	280
p q	6308784	5
p r	6308789	47
p s	6308836	513
p t	6309349	45
p u	6309394	8
p v	6309402	100
p w	6309502	79
p x	6309581	3
p y	6309584	21
p z	6309605	20
p'a	6309625	1
p'i	6309626	2
p'o	6309628	3
p'r	6309631	1
p's	6309632	4
p'u	6309636	2
p'y	6309638	7
p-a	6309645	4
p-b	6309649	1
p-c	6309650	3
p-d	6309653	7
p-e	6309660	1
p-f	6309661	1
p-g	6309662	2
p-h	6309664	2
p-l	6309666	9
p-m	6309675	2
p-p	6309677	2
p-r	6309679	3
p-s	6309682	6
p-t	6309688	1
p-u	6309689	1
p. 	6309690	5
p.e	6309695	1
p1 	6309696	13
p2 	6309709	8
p3 	6309717	19
p4 	6309736	15
p5 	6309751	11
p6 	6309762	10
p7 	6309772	9
pa 	6309781	3908
pa'	6313689	22
pa)	6313711	13
pa-	6313724	16
pa1	6313740	1
paa	6313741	27
pab	6313768	143
pac	6313911	1395
pad	6315306	402
pae	6315708	20
paf	6315728	30
pag	6315758	211
pah	6315969	148
pai	6316117	7646
paj	6323763	79
pak	6323842	801
pal	6324643	2012
pam	6326655	321
pan	6326976	6792
pao	6333768	83
pap	6333851	331
paq	6334182	13
par	6334195	3498
pas	6337693	2387
pat	6340080	1304
pau	6341384	1014
pav	6342398	174
paw	6342572	64
pax	6342636	44
pay	6342680	1151
paz	6343831	224
pb 	6344055	764
pba	6344819	4
pbe	6344823	30
pbi	6344853	1
pbo	6344854	2
pbr	6344856	3
pbu	6344859	2
pc 	6344861	2
pca	6344863	10
pce	6344873	13
pch	6344886	21
pci	6344907	128
pcn	6345035	1
pco	6345036	2
pcu	6345038	5
pcz	6345043	2
pd 	6345045	27
pda	6345072	10
pde	6345082	20
pdh	6345102	1
pdi	6345103	1
pdl	6345104	1000
pdo	6346104	6
pdr	6346110	1
pe 	6346111	4082
pe)	6350193	8
pe-	6350201	10
pea	6350211	112
peb	6350323	16
pec	6350339	761
ped	6351100	647
pee	6351747	35
pef	6351782	11
peg	6351793	51
peh	6351844	43
pei	6351887	214
pej	6352101	35
pek	6352136	66
pel	6352202	766
pem	6352968	75
pen	6353043	2574
peo	6355617	46
pep	6355663	42
peq	6355705	98
per	6355803	4670
pes	6360473	3401
pet	6363874	1036
peu	6364910	49
pev	6364959	29
pew	6364988	16
pex	6365004	28
pey	6365032	68
pez	6365100	110
pf 	6365210	52
pf-	6365262	1
pfa	6365263	2292
pfe	6367555	36
pfg	6367591	3
pfh	6367594	4
pfi	6367598	16
pfl	6367614	11
pfn	6367625	1
pfo	6367626	11
pfr	6367637	7
pfs	6367644	1
pfu	6367645	9
pfy	6367654	1
pg 	6367655	59
pga	6367714	6
pge	6367720	1
pgi	6367721	1
pgl	6367722	1
pgr	6367723	1
ph 	6367724	4866
ph'	6372590	1
ph-	6372591	5
pha	6372596	239
phe	6372835	119
phi	6372954	4688
phl	6377642	4540
phn	6382182	24
pho	6382206	145
phr	6382351	71
phs	6382422	1
phu	6382423	247
phy	6382670	49
phz	6382719	1
pi 	6382720	724
pi'	6383444	1
pi-	6383445	2
pia	6383447	863
pib	6384310	9
pic	6384319	294
pid	6384613	102
pie	6384715	2081
pif	6386796	3
pig	6386799	93
pih	6386892	13
pii	6386905	11
pij	6386916	16
pik	6386932	47
pil	6386979	531
pim	6387510	55
pin	6387565	6273
pio	6393838	125
pip	6393963	49
piq	6394012	11
pir	6394023	561
pis	6394584	215
pit	6394799	620
piu	6395419	152
piv	6395571	47
piw	6395618	1
pix	6395619	16
piy	6395635	6
piz	6395641	41
pja	6395682	2
pje	6395684	26
pk 	6395710	586
pka	6396296	28
pke	6396324	5
pkh	6396329	1
pki	6396330	29
pko	6396359	19
pku	6396378	2
pky	6396380	3
pl 	6396383	3908
pla	6400291	874
ple	6401165	776
plg	6401941	1
pli	6401942	243
plj	6402185	17
pln	6402202	1
plo	6402203	225
plu	6402428	81
plw	6402509	29
ply	6402538	44
plz	6402582	162
pm 	6402744	21
pma	6402765	15
pme	6402780	4
pmi	6402784	3
pmo	6402787	2
pmu	6402789	3
pn 	6402792	7
pna	6402799	13
pne	6402812	22
png	6402834	59
pni	6402893	59
pno	6402952	20
pnu	6402972	1
pny	6402973	5
pnz	6402978	52
po 	6403030	1574
po'	6404604	3
po)	6404607	1
po-	6404608	7
poa	6404615	44
pob	6404659	96
poc	6404755	150
pod	6404905	747
poe	6405652	27
pof	6405679	13
pog	6405692	119
poh	6405811	281
poi	6406092	427
poj	6406519	26
pok	6406545	130
pol	6406675	5633
pom	6412308	1229
pon	6413537	992
poo	6414529	67
pop	6414596	236
poq	6414832	5
por	6414837	2572
pos	6417409	372
pot	6417781	994
pou	6418775	168
pov	6418943	104
pow	6419047	41
pox	6419088	20
poy	6419108	41
poz	6419149	178
pp 	6419327	15
pp-	6419342	1
ppa	6419343	210
ppd	6419553	1
ppe	6419554	1002
ppf	6420556	1
pph	6420557	9
ppi	6420566	4936
ppl	6425502	54
ppn	6425556	2
ppo	6425558	82
ppr	6425640	5
pps	6425645	74
ppu	6425719	43
ppy	6425762	13
pr 	6425775	668
pra	6426443	2320
prc	6428763	2
pre	6428765	730
prg	6429495	2
pri	6429497	1636
prk	6431133	127
prl	6431260	1
prn	6431261	4
pro	6431265	1536
prs	6432801	2
prt	6432803	1083
pru	6433886	257
prv	6434143	4
pry	6434147	239
prz	6434386	69
ps 	6434455	540
ps'	6434995	1
ps-	6434996	14
psa	6435010	96
psb	6435106	17
psc	6435123	3
psd	6435126	3
pse	6435129	473
psf	6435602	2
psh	6435604	245
psi	6435849	28
psk	6435877	198
psl	6436075	4
psm	6436079	1
pso	6436080	44
psp	6436124	1
psr	6436125	1
pss	6436126	2
pst	6436128	66
psu	6436194	3
psv	6436197	5
psw	6436202	12
psy	6436214	7
psz	6436221	7
pt 	6436228	1394
pt-	6437622	11
pt.	6437633	3
pta	6437636	34
ptb	6437670	1
pte	6437671	44
ptf	6437715	4
ptg	6437719	4
pth	6437723	4
pti	6437727	43
ptm	6437770	2
pto	6437772	166
ptr	6437938	3
pts	6437941	10
ptu	6437951	18
pty	6437969	2
pu 	6437971	386
pu'	6438357	7
pu-	6438364	2
pu5	6438366	1
pua	6438367	274
pub	6438641	2276
puc	6440917	103
pud	6441020	63
pue	6441083	2089
puf	6443172	1
pug	6443173	381
puh	6443554	18
pui	6443572	70
puj	6443642	42
puk	6443684	98
pul	6443782	415
pum	6444197	242
pun	6444439	1096
puo	6445535	7
pup	6445542	11
puq	6445553	10
pur	6445563	1350
pus	6446913	133
put	6447046	207
puu	6447253	14
puv	6447267	7
puw	6447274	4
pux	6447278	11
puy	6447289	57
puz	6447346	33
pv 	6447379	310
pva	6447689	3
pve	6447692	3
pvi	6447695	3
pvr	6447698	2
pw 	6447700	38
pwa	6447738	4
pwe	6447742	9
pwi	6447751	3
pwl	6447754	2
pwo	6447756	8
px 	6447764	2
pxo	6447766	1
py 	6447767	236
py-	6448003	4
pya	6448007	40
pyc	6448047	7
pyd	6448054	1
pye	6448055	13
pyf	6448068	45
pyh	6448113	11
pyi	6448124	11
pyk	6448135	2
pyl	6448137	18
pym	6448155	3
pyn	6448158	11
pyo	6448169	4
pyr	6448173	25
pys	6448198	13
pyt	6448211	13
pyu	6448224	7
pyv	6448231	3
pyy	6448234	3
pyz	6448237	2
pzi	6448239	4
q '	6448243	1
q 1	6448244	3
q 6	6448247	1
q a	6448248	108
q b	6448356	31
q c	6448387	974
q d	6449361	9
q e	6449370	6
q f	6449376	1921
q g	6451297	42
q h	6451339	22
q i	6451361	178
q j	6451539	6
q k	6451545	19
q l	6451564	12
q m	6451576	65
q n	6451641	30
q o	6451671	4
q p	6451675	30
q q	6451705	14
q r	6451719	44
q s	6451763	21
q t	6451784	10
q u	6451794	2
q v	6451796	1
q w	6451797	9
q x	6451806	4
q y	6451810	1
q z	6451811	2
q'a	6451813	4
q'o	6451817	1
q'u	6451818	2
q-a	6451820	1
q-c	6451821	1
q-d	6451822	1
q-e	6451823	8
q-k	6451831	1
q-m	6451832	2
q-r	6451834	1
q-s	6451835	4
q-t	6451839	1
qa 	6451840	95
qa'	6451935	33
qaa	6451968	3
qab	6451971	41
qac	6452012	2
qad	6452014	46
qaf	6452060	5
qag	6452065	7
qah	6452072	85
qai	6452157	5
qak	6452162	1
qal	6452163	89
qam	6452252	17
qan	6452269	75
qao	6452344	1
qaq	6452345	2
qar	6452347	119
qas	6452466	83
qat	6452549	73
qav	6452622	1
qaw	6452623	2
qax	6452625	5
qay	6452630	21
qaz	6452651	125
qba	6452776	12
qbi	6452788	1
qbo	6452789	1
qc 	6452790	549
qch	6453339	7
qco	6453346	1
qda	6453347	8
qde	6453355	1
qdu	6453356	1
qe 	6453357	4
qeb	6453361	2
qed	6453363	3
qef	6453366	2
qeh	6453368	2
qei	6453370	2
qel	6453372	5
qen	6453377	9
qep	6453386	1
qeq	6453387	8
qer	6453395	11
qes	6453406	12
qet	6453418	1
qey	6453419	4
qez	6453423	1
qf 	6453424	2
qh 	6453426	279
qhe	6453705	1
qi 	6453706	287
qi'	6453993	3
qi-	6453996	1
qia	6453997	569
qib	6454566	14
qic	6454580	4
qid	6454584	11
qie	6454595	7
qif	6454602	6
qig	6454608	4
qih	6454612	9
qij	6454621	7
qik	6454628	3
qil	6454631	25
qim	6454656	11
qin	6454667	1484
qio	6456151	9
qip	6456160	4
qiq	6456164	8
qir	6456172	22
qis	6456194	17
qit	6456211	12
qiu	6456223	45
qiv	6456268	1
qiw	6456269	2
qix	6456271	8
qiy	6456279	104
qiz	6456383	9
qka	6456392	1
ql 	6456393	1
qla	6456394	3
qld	6456397	1054
qli	6457451	3
qlo	6457454	1
qlu	6457455	2
qma	6457457	2
qmi	6457459	1
qmo	6457460	32
qne	6457492	4
qo 	6457496	1
qo'	6457497	8
qoa	6457505	2
qob	6457507	3
qod	6457510	2
qof	6457512	1
qog	6457513	1
qoh	6457514	1
qoj	6457515	1
qol	6457516	8
qom	6457524	12
qon	6457536	4
qoo	6457540	6
qoq	6457546	1
qor	6457547	49
qos	6457596	30
qot	6457626	2
qou	6457628	2
qov	6457630	7
qoz	6457637	1
qpa	6457638	1
qpu	6457639	1
qqa	6457640	21
qqe	6457661	2
qqi	6457663	2
qqo	6457665	1
qqu	6457666	6
qr 	6457672	26
qra	6457698	6
qre	6457704	2
qro	6457706	1
qry	6457707	1
qsa	6457708	1
qsh	6457709	1
qsi	6457710	1
qso	6457711	1
qst	6457712	65
qsu	6457777	10
qt 	6457787	3
qta	6457790	1
qto	6457791	20
qty	6457811	1
qu 	6457812	1076
qu'	6458888	5
qua	6458893	621
qub	6459514	12
quc	6459526	5
qud	6459531	59
que	6459590	3602
quf	6463192	1
qug	6463193	2
quh	6463195	2
qui	6463197	3725
quj	6466922	7
quk	6466929	6
qul	6466935	7
qum	6466942	11
qun	6466953	20
quo	6466973	29
quq	6467002	1
qur	6467003	19
qus	6467022	19
qut	6467041	15
quv	6467056	2
quw	6467058	5
qux	6467063	6
quy	6467069	17
quz	6467086	10
qva	6467096	3
qvu	6467099	1
qya	6467100	1
qyz	6467101	13
r '	6467114	18
r (	6467132	28
r -	6467160	8
r /	6467168	8
r 0	6467176	422
r 1	6467598	449
r 2	6468047	203
r 3	6468250	131
r 4	6468381	70
r 5	6468451	65
r 6	6468516	10
r 7	6468526	91
r a	6468617	3875
r b	6472492	7357
r c	6479849	1532
r d	6481381	575
r e	6481956	997
r f	6482953	15648
r g	6498601	2570
r h	6501171	1701
r i	6502872	3997
r j	6506869	3027
r k	6509896	994
r l	6510890	436
r m	6511326	4219
r n	6515545	2924
r o	6518469	340
r p	6518809	2105
r q	6520914	158
r r	6521072	1752
r s	6522824	1831
r t	6524655	4755
r u	6529410	956
r v	6530366	377
r w	6530743	466
r x	6531209	24
r y	6531233	62
r z	6531295	552
r' 	6531847	14
r'a	6531861	31
r'd	6531892	1
r'e	6531893	1
r'h	6531894	1
r'i	6531895	7
r'k	6531902	3
r's	6531905	36
r'u	6531941	1
r'y	6531942	36
r) 	6531978	19
r, 	6531997	1
r-a	6531998	127
r-b	6532125	158
r-c	6532283	85
r-d	6532368	85
r-e	6532453	145
r-f	6532598	20
r-g	6532618	49
r-h	6532667	24
r-i	6532691	39
r-j	6532730	8
r-k	6532738	4
r-l	6532742	240
r-m	6532982	264
r-n	6533246	18
r-o	6533264	82
r-p	6533346	11
r-q	6533357	1
r-r	6533358	48
r-s	6533406	231
r-t	6533637	88
r-u	6533725	9
r-v	6533734	76
r-w	6533810	8
r-y	6533818	19
r-z	6533837	3
r. 	6533840	6
r.i	6533846	1
r.s	6533847	1
r/b	6533848	1
r/l	6533849	1
r/o	6533850	1
r/p	6533851	1
r/y	6533852	1
r?s	6533853	1
ra 	6533854	13074
ra'	6546928	37
ra)	6546965	32
ra,	6546997	209
ra-	6547206	537
ra.	6547743	79
ra]	6547822	1
raa	6547823	137
rab	6547960	1385
rac	6549345	3105
rad	6552450	4093
rae	6556543	828
raf	6557371	307
rag	6557678	2329
rah	6560007	1415
rai	6561422	7691
raj	6569113	3710
rak	6572823	1124
ral	6573947	8766
ram	6582713	1686
ran	6584399	25243
rao	6609642	171
rap	6609813	520
raq	6610333	284
rar	6610617	499
ras	6611116	3819
rat	6614935	9833
rau	6624768	514
rav	6625282	1291
raw	6626573	261
rax	6626834	28
ray	6626862	1442
raz	6628304	6587
rb 	6634891	29
rb'	6634920	1
rb-	6634921	1
rb.	6634922	1
rba	6634923	1371
rbd	6636294	1
rbe	6636295	381
rbh	6636676	6
rbi	6636682	885
rbj	6637567	2
rbk	6637569	8
rbl	6637577	21
rbn	6637598	5
rbo	6637603	519
rbr	6638122	81
rbs	6638203	13
rbu	6638216	379
rby	6638595	75
rc 	6638670	31
rc-	6638701	14
rca	6638715	672
rce	6639387	657
rch	6640044	1244
rci	6641288	365
rck	6641653	20
rcl	6641673	18
rcm	6641691	1
rco	6641692	397
rcq	6642089	13
rcr	6642102	17
rcs	6642119	17
rct	6642136	1
rcu	6642137	69
rcv	6642206	1
rcy	6642207	36
rcz	6642243	29
rd 	6642272	1300
rd'	6643572	2
rd)	6643574	1
rd,	6643575	2
rd-	6643577	672
rd/	6644249	1
rda	6644250	817
rdb	6645067	11
rdd	6645078	6
rde	6645084	1667
rdf	6646751	6
rdg	6646757	5
rdh	6646762	43
rdi	6646805	2785
rdj	6649590	83
rdk	6649673	4
rdl	6649677	243
rdm	6649920	12
rdn	6649932	13
rdo	6649945	831
rdp	6650776	1
rdr	6650777	625
rds	6651402	105
rdt	6651507	33
rdu	6651540	340
rdv	6651880	12
rdw	6651892	29
rdy	6651921	34
rdz	6651955	34
re 	6651989	11870
re'	6663859	5
re)	6663864	7
re,	6663871	11
re-	6663882	1241
re]	6665123	1
rea	6665124	1398
reb	6666522	505
rec	6667027	690
red	6667717	654
ree	6668371	2949
ref	6671320	200
reg	6671520	3097
reh	6674617	168
rei	6674785	869
rej	6675654	325
rek	6675979	187
rel	6676166	1647
rem	6677813	1117
ren	6678930	2966
reo	6681896	70
rep	6681966	707
req	6682673	147
rer	6682820	1362
res	6684182	5382
ret	6689564	2210
reu	6691774	334
rev	6692108	395
rew	6692503	123
rex	6692626	21
rey	6692647	354
rez	6693001	577
rf 	6693578	1457
rf'	6695035	1
rf)	6695036	12
rf-	6695048	21
rf/	6695069	1
rfa	6695070	157
rfb	6695227	6
rfc	6695233	3
rfd	6695236	1
rfe	6695237	74
rff	6695311	7
rfg	6695318	2
rfh	6695320	2
rfi	6695322	125
rfj	6695447	6
rfk	6695453	19
rfl	6695472	17
rfo	6695489	101
rfp	6695590	1
rfr	6695591	17
rfs	6695608	7
rft	6695615	5
rfu	6695620	36
rfw	6695656	2
rfy	6695658	2
rfz	6695660	1
rg 	6695661	4087
rg'	6699748	31
rg)	6699779	1
rg-	6699780	590
rg/	6700370	3
rga	6700373	813
rgb	6701186	8
rgd	6701194	5
rge	6701199	2605
rgf	6703804	7
rgg	6703811	1
rgh	6703812	291
rgi	6704103	1828
rgj	6705931	3
rgk	6705934	11
rgl	6705945	39
rgm	6705984	2
rgn	6705986	2183
rgo	6708169	1435
rgp	6709604	2
rgr	6709606	48
rgs	6709654	189
rgt	6709843	7
rgu	6709850	209
rgv	6710059	3
rgw	6710062	14
rgy	6710076	152
rgz	6710228	2
rh 	6710230	335
rha	6710565	289
rhc	6710854	1
rhd	6710855	1
rhe	6710856	2961
rhi	6713817	76
rhj	6713893	1
rhm	6713894	1
rhn	6713895	7
rho	6713902	2327
rhp	6716229	2
rhr	6716231	1
rhs	6716232	1
rht	6716233	1
rhu	6716234	52
rhv	6716286	1
rhw	6716287	1
rhy	6716288	12
ri 	6716300	3869
ri'	6720169	6
ri-	6720175	45
ria	6720220	11620
rib	6731840	633
ric	6732473	3485
rid	6735958	1974
rie	6737932	1361
rif	6739293	150
rig	6739443	554
rih	6739997	49
rii	6740046	63
rij	6740109	294
rik	6740403	714
ril	6741117	464
rim	6741581	754
rin	6742335	4334
rio	6746669	3118
rip	6749787	260
riq	6750047	258
rir	6750305	62
ris	6750367	1183
rit	6751550	2442
riu	6753992	466
riv	6754458	1166
riw	6755624	21
rix	6755645	48
riy	6755693	201
riz	6755894	843
rj 	6756737	679
rja	6757416	186
rje	6757602	56
rjh	6757658	2
rji	6757660	20
rjo	6757680	59
rju	6757739	93
rjy	6757832	1
rk 	6757833	3620
rk'	6761453	66
rk)	6761519	2
rk-	6761521	12
rk/	6761533	3
rka	6761536	950
rkb	6762486	14
rkc	6762500	6
rkd	6762506	16
rke	6762522	344
rkf	6762866	8
rkg	6762874	4
rkh	6762878	500
rki	6763378	4490
rkj	6767868	2
rkk	6767870	11
rkl	6767881	65
rkm	6767946	150
rkn	6768096	14
rko	6768110	164
rkp	6768274	2
rkr	6768276	20
rks	6768296	120
rkt	6768416	86
rku	6768502	189
rkv	6768691	29
rkw	6768720	29
rky	6768749	24
rl 	6768773	72
rl'	6768845	2
rl-	6768847	1
rla	6768848	4400
rlb	6773248	144
rld	6773392	5
rle	6773397	437
rlg	6773834	1
rlh	6773835	6
rli	6773841	514
rlj	6774355	5
rll	6774360	1
rlm	6774361	1
rlo	6774362	363
rls	6774725	121
rlt	6774846	26
rlu	6774872	65
rlv	6774937	4
rlw	6774941	2
rly	6774943	87
rm 	6775030	122
rm-	6775152	3
rma	6775155	14794
rmb	6789949	16
rmc	6789965	1
rmd	6789966	2
rme	6789968	1163
rmh	6791131	4
rmi	6791135	387
rmk	6791522	1
rml	6791523	49
rmn	6791572	3
rmo	6791575	625
rmp	6792200	1
rmr	6792201	1
rms	6792202	159
rmt	6792361	4
rmu	6792365	66
rmv	6792431	3
rmw	6792434	1
rmy	6792435	6
rn 	6792441	4372
rn'	6796813	1
rn)	6796814	15
rn,	6796829	1
rn-	6796830	12
rna	6796842	1842
rnb	6798684	82
rnc	6798766	13
rnd	6798779	92
rne	6798871	1096
rnf	6799967	9
rng	6799976	7
rnh	6799983	102
rni	6800085	2341
rnj	6802426	90
rnk	6802516	7
rnl	6802523	12
rnm	6802535	3
rnn	6802538	1
rno	6802539	688
rnp	6803227	4
rnq	6803231	1
rnr	6803232	6
rns	6803238	143
rnt	6803381	37
rnu	6803418	83
rnv	6803501	9
rnw	6803510	18
rny	6803528	143
rnz	6803671	5
ro 	6803676	13093
ro'	6816769	1
ro)	6816770	54
ro-	6816824	56
ro1	6816880	1
ro]	6816881	2
roa	6816883	1456
rob	6818339	738
roc	6819077	1200
rod	6820277	999
roe	6821276	223
rof	6821499	116
rog	6821615	413
roh	6822028	146
roi	6822174	301
roj	6822475	108
rok	6822583	272
rol	6822855	1664
rom	6824519	8695
ron	6833214	2065
roo	6835279	690
rop	6835969	807
roq	6836776	99
ror	6836875	150
ros	6837025	2749
rot	6839774	528
rou	6840302	7954
rov	6848256	2408
row	6850664	334
rox	6850998	48
roy	6851046	382
roz	6851428	283
rp 	6851711	2519
rp-	6854230	3
rp1	6854233	1
rpa	6854234	893
rpc	6855127	5
rpe	6855132	154
rpf	6855286	6
rph	6855292	21
rpi	6855313	103
rpk	6855416	1
rpl	6855417	14
rpm	6855431	1
rpn	6855432	4
rpo	6855436	599
rpp	6856035	1
rpr	6856036	12
rps	6856048	147
rpt	6856195	5
rpu	6856200	111
rpw	6856311	1
rpy	6856312	2
rq 	6856314	3
rqa	6856317	56
rqe	6856373	1
rqi	6856374	283
rql	6856657	1
rqo	6856658	1
rqp	6856659	1
rqu	6856660	190
rr 	6856850	67
rr'	6856917	1
rra	6856918	1750
rrb	6858668	53
rrc	6858721	1
rre	6858722	2238
rrf	6860960	1
rrh	6860961	27
rri	6860988	1400
rrk	6862388	4
rrl	6862392	60
rrm	6862452	3
rrn	6862455	9
rro	6862464	760
rrr	6863224	1
rrs	6863225	9
rrt	6863234	3
rru	6863237	111
rrv	6863348	2
rrw	6863350	10
rry	6863360	234
rs 	6863594	2084
rs'	6865678	2
rs)	6865680	1
rs-	6865681	161
rs/	6865842	3
rsa	6865845	1537
rsb	6867382	194
rsc	6867576	222
rsd	6867798	277
rse	6868075	1009
rsf	6869084	37
rsg	6869121	6
rsh	6869127	443
rsi	6869570	507
rsj	6870077	5
rsk	6870082	2356
rsl	6872438	96
rsm	6872534	12
rsn	6872546	7
rso	6872553	494
rsp	6873047	22
rsr	6873069	10
rss	6873079	18
rst	6873097	619
rsu	6873716	107
rsv	6873823	83
rsw	6873906	55
rsy	6873961	9
rsz	6873970	17
rt 	6873987	1532
rt'	6875519	7
rt,	6875526	1
rt-	6875527	152
rt/	6875679	2
rta	6875681	1491
rtb	6877172	26
rtc	6877198	4
rtd	6877202	3
rte	6877205	1177
rtf	6878382	29
rtg	6878411	4
rth	6878415	3200
rti	6881615	1057
rtj	6882672	3
rtk	6882675	17
rtl	6882692	138
rtm	6882830	25
rtn	6882855	14
rto	6882869	1598
rtp	6884467	2
rtr	6884469	93
rts	6884562	222
rtt	6884784	1125
rtu	6885909	1254
rtv	6887163	59
rtw	6887222	9
rty	6887231	85
rtz	6887316	26
ru 	6887342	8223
ru'	6895565	3
ru-	6895568	4
rua	6895572	109
rub	6895681	215
ruc	6895896	329
rud	6896225	313
rue	6896538	149
ruf	6896687	37
rug	6896724	437
ruh	6897161	81
rui	6897242	149
ruj	6897391	83
ruk	6897474	137
rul	6897611	142
rum	6897753	545
run	6898298	1080
ruo	6899378	33
rup	6899411	235
ruq	6899646	16
rur	6899662	111
rus	6899773	6281
rut	6906054	196
ruu	6906250	9
ruv	6906259	57
ruw	6906316	18
rux	6906334	25
ruy	6906359	49
ruz	6906408	2792
rv 	6909200	6
rva	6909206	277
rvc	6909483	1
rvd	6909484	1
rve	6909485	210
rvi	6909695	495
rvl	6910190	3
rvo	6910193	139
rvr	6910332	2
rvs	6910334	1
rvu	6910335	3
rvy	6910338	6
rw 	6910344	54
rwa	6910398	871
rwe	6911269	101
rwg	6911370	1
rwh	6911371	1
rwi	6911372	130
rwo	6911502	141
rws	6911643	9
rwu	6911652	2
rwy	6911654	6
rx 	6911660	2
rxa	6911662	1
rxb	6911663	1
rxe	6911664	4
rxh	6911668	8
rxi	6911676	4
rxl	6911680	4
rxo	6911684	6
rxu	6911690	1
ry 	6911691	2692
ry'	6914383	3
ry-	6914386	89
ry@	6914475	1
rya	6914476	572
ryb	6915048	57
ryc	6915105	47
ryd	6915152	72
rye	6915224	24
ryf	6915248	8
ryg	6915256	9
ryh	6915265	22
ryi	6915287	39
ryj	6915326	3
ryk	6915329	40
ryl	6915369	648
rym	6916017	532
ryn	6916549	126
ryo	6916675	67
ryp	6916742	14
ryr	6916756	2
rys	6916758	328
ryt	6917086	34
ryu	6917120	31
ryv	6917151	61
ryy	6917212	21
ryz	6917233	13
rz 	6917246	123
rz-	6917369	2
rza	6917371	205
rzb	6917576	26
rzc	6917602	23
rzd	6917625	3
rze	6917628	686
rzf	6918314	2
rzg	6918316	7
rzh	6918323	57
rzi	6918380	94
rzk	6918474	9
rzl	6918483	8
rzm	6918491	5
rzn	6918496	13
rzo	6918509	535
rzs	6919044	4
rzt	6919048	4
rzu	6919052	93
rzv	6919145	1
rzw	6919146	18
rzy	6919164	303
rzz	6919467	1
s '	6919468	6
s (	6919474	173
s -	6919647	10
s /	6919657	9
s 0	6919666	2129
s 1	6921795	198
s 2	6921993	106
s 3	6922099	41
s 4	6922140	68
s 5	6922208	52
s 6	6922260	10
s 7	6922270	103
s 8	6922373	25
s 9	6922398	100
s [	6922498	13
s a	6922511	5155
s b	6927666	2624
s c	6930290	6349
s d	6936639	1487
s e	6938126	8043
s f	6946169	2111
s g	6948280	3123
s h	6951403	1583
s i	6952986	2247
s j	6955233	549
s k	6955782	890
s l	6956672	2790
s m	6959462	4258
s n	6963720	5341
s o	6969061	883
s p	6969944	7217
s q	6977161	298
s r	6977459	2197
s s	6979656	2963
s t	6982619	2487
s u	6985106	22364
s v	7007470	1212
s w	7008682	1074
s x	7009756	8
s y	7009764	67
s z	7009831	493
s' 	7010324	5
s'-	7010329	2
s'a	7010331	7
s'i	7010338	3
s'k	7010341	19
s'o	7010360	2
s'q	7010362	1
s's	7010363	2
s'u	7010365	1
s'v	7010366	3
s'y	7010369	5
s) 	7010374	153
s, 	7010527	92
s- 	7010619	1
s-2	7010620	1
s-a	7010621	79
s-b	7010700	183
s-c	7010883	802
s-d	7011685	2708
s-e	7014393	160
s-f	7014553	36
s-g	7014589	52
s-h	7014641	26
s-i	7014667	5
s-j	7014672	13
s-k	7014685	137
s-l	7014822	312
s-m	7015134	247
s-n	7015381	24
s-o	7015405	24
s-p	7015429	169
s-q	7015598	2
s-r	7015600	45
s-s	7015645	1046
s-t	7016691	36
s-u	7016727	10
s-v	7016737	64
s-w	7016801	17
s-y	7016818	3
s-z	7016821	2
s. 	7016823	12
s.a	7016835	1
s.b	7016836	1
s.k	7016837	1
s.m	7016838	1
s.p	7016839	1
s.s	7016840	1
s.t	7016841	1
s/a	7016842	1
s/b	7016843	1
s/m	7016844	1
s/s	7016845	1
s/t	7016846	1
s2 	7016847	1
s? 	7016848	1
s] 	7016849	2
sa 	7016851	4724
sa'	7021575	28
sa)	7021603	10
sa,	7021613	1
sa-	7021614	14
sa/	7021628	1
sa`	7021629	14
saa	7021643	171
sab	7021814	522
sac	7022336	3320
sad	7025656	241
sae	7025897	38
saf	7025935	137
sag	7026072	384
sah	7026456	260
sai	7026716	3204
saj	7029920	37
sak	7029957	497
sal	7030454	2293
sam	7032747	1243
san	7033990	12942
sao	7046932	1358
sap	7048290	169
saq	7048459	17
sar	7048476	2608
sas	7051084	1899
sat	7052983	788
sau	7053771	780
sav	7054551	876
saw	7055427	129
sax	7055556	21
say	7055577	1382
saz	7056959	36
sb 	7056995	272
sba	7057267	333
sbe	7057600	240
sbi	7057840	9
sbj	7057849	4
sbl	7057853	5
sbn	7057858	1
sbo	7057859	383
sbr	7058242	89
sbu	7058331	469
sby	7058800	85
sc 	7058885	1274
sc-	7060159	4
sca	7060163	1538
sce	7061701	102
sch	7061803	2970
sci	7064773	205
sck	7064978	40
scl	7065018	23
sco	7065041	3906
scq	7068947	3
scr	7068950	39
scs	7068989	5
sct	7068994	674
scu	7069668	152
scy	7069820	1
sd 	7069821	850
sda	7070671	169
sde	7070840	70
sdh	7070910	1
sdi	7070911	22
sdl	7070933	4
sdn	7070937	112
sdo	7071049	661
sdr	7071710	9
sdu	7071719	7
sdz	7071726	1
se 	7071727	3515
se'	7075242	1
se)	7075243	6
se-	7075249	76
se/	7075325	1
sea	7075326	229
seb	7075555	247
sec	7075802	430
sed	7076232	157
see	7076389	655
sef	7077044	61
seg	7077105	248
seh	7077353	125
sei	7077478	234
sej	7077712	20
sek	7077732	187
sel	7077919	1402
sem	7079321	363
sen	7079684	4689
seo	7084373	80
sep	7084453	140
seq	7084593	26
ser	7084619	1581
ses	7086200	291
set	7086491	906
seu	7087397	126
sev	7087523	476
sew	7087999	43
sex	7088042	32
sey	7088074	829
sez	7088903	15
sf 	7088918	14
sfa	7088932	249
sfc	7089181	1
sfe	7089182	95
sfi	7089277	83
sfj	7089360	11
sfl	7089371	5
sfo	7089376	95
sfr	7089471	3
sfu	7089474	12
sfy	7089486	1
sg 	7089487	214
sga	7089701	249
sge	7089950	16
sgf	7089966	1
sgh	7089967	2
sgi	7089969	2
sgj	7089971	1
sgl	7089972	2
sgm	7089974	3
sgo	7089977	52
sgp	7090029	121
sgr	7090150	29
sgs	7090179	1
sgu	7090180	23
sgy	7090203	5
sh 	7090208	4398
sh'	7094606	10
sh-	7094616	18
sha	7094634	5032
shb	7099666	30
shc	7099696	228
shd	7099924	10
she	7099934	14410
shf	7114344	26
shg	7114370	20
shh	7114390	13
shi	7114403	3982
shj	7118385	2
shk	7118387	377
shl	7118764	84
shm	7118848	222
shn	7119070	117
sho	7119187	585
shp	7119772	23
shq	7119795	74
shr	7119869	54
shs	7119923	41
sht	7119964	767
shu	7120731	786
shv	7121517	28
shw	7121545	53
shy	7121598	112
si 	7121710	2814
si'	7124524	6
si-	7124530	18
sia	7124548	16662
sib	7141210	313
sic	7141523	1055
sid	7142578	638
sie	7143216	630
sif	7143846	17
sig	7143863	222
sih	7144085	47
sii	7144132	95
sij	7144227	30
sik	7144257	179
sil	7144436	773
sim	7145209	769
sin	7145978	2954
sio	7148932	334
sip	7149266	372
siq	7149638	18
sir	7149656	578
sis	7150234	587
sit	7150821	246
siu	7151067	35
siv	7151102	148
siw	7151250	10
six	7151260	29
siy	7151289	131
siz	7151420	23
sj 	7151443	209
sja	7151652	123
sje	7151775	122
sji	7151897	12
sjl	7151909	1
sjm	7151910	2
sjo	7151912	52
sju	7151964	2
sk 	7151966	1758
sk'	7153724	2
sk-	7153726	17
ska	7153743	10639
skd	7164382	1
ske	7164383	515
skh	7164898	57
ski	7164955	4558
skj	7169513	7
skl	7169520	8
skm	7169528	1
skn	7169529	1
sko	7169530	2162
skr	7171692	70
sks	7171762	229
sku	7171991	174
skv	7172165	113
skw	7172278	4
sky	7172282	1844
sl 	7174126	220
sl'	7174346	1
sla	7174347	3228
slb	7177575	24
sle	7177599	700
sli	7178299	418
slj	7178717	3
sll	7178720	2
slo	7178722	1648
slp	7180370	518
slu	7180888	250
slv	7181138	102
slw	7181240	1
sly	7181241	41
sm 	7181282	670
sma	7181952	410
sme	7182362	168
smi	7182530	121
smo	7182651	164
smr	7182815	25
smu	7182840	26
smx	7182866	5
smy	7182871	18
sn 	7182889	1393
sna	7184282	274
sne	7184556	385
sng	7184941	1
sni	7184942	506
snj	7185448	10
sno	7185458	596
snu	7186054	6
snw	7186060	1
sny	7186061	78
so 	7186139	1653
so)	7187792	8
so-	7187800	18
so]	7187818	3
soa	7187821	98
sob	7187919	126
soc	7188045	509
sod	7188554	229
soe	7188783	34
sof	7188817	121
sog	7188938	90
soh	7189028	39
soi	7189067	48
soj	7189115	11
sok	7189126	204
sol	7189330	787
som	7190117	379
son	7190496	1840
soo	7192336	33
sop	7192369	164
soq	7192533	4
sor	7192537	385
sos	7192922	352
sot	7193274	721
sou	7193995	5906
sov	7199901	603
sow	7200504	37
soy	7200541	58
soz	7200599	16
sp 	7200615	755
sp-	7201370	1
spa	7201371	7707
spe	7209078	461
sph	7209539	2
spi	7209541	376
spl	7209917	138
spm	7210055	2
spo	7210057	184
spr	7210241	444
spu	7210685	1747
spy	7212432	11
sq 	7212443	2
sqa	7212445	10
sqe	7212455	1
sqi	7212456	1
sqn	7212457	1
squ	7212458	223
sr 	7212681	73
sr-	7212754	3
sra	7212757	804
srb	7213561	497
src	7214058	1
sre	7214059	52
sri	7214111	229
srn	7214340	3
sro	7214343	43
srp	7214386	125
sru	7214511	34
srv	7214545	1
sry	7214546	2
ss 	7214548	440
ss'	7214988	1
ss-	7214989	65
ss.	7215054	1
ss2	7215055	1
ssa	7215056	2704
ssb	7217760	64
ssc	7217824	8
ssd	7217832	44
sse	7217876	2165
ssf	7220041	16
ssg	7220057	10
ssh	7220067	39
ssi	7220106	6236
ssj	7226342	4
ssk	7226346	101
ssl	7226447	62
ssm	7226509	25
ssn	7226534	26
sso	7226560	1586
ssp	7228146	8
ssr	7228154	16
sss	7228170	15
sst	7228185	28
ssu	7228213	92
ssv	7228305	27
ssw	7228332	26
ssy	7228358	86
ssz	7228444	14
st 	7228458	11706
st'	7240164	3079
st)	7243243	1
st-	7243244	67
st.	7243311	76
st/	7243387	2
sta	7243389	27707
stb	7271096	45
stc	7271141	15
std	7271156	19
ste	7271175	7933
stf	7279108	651
stg	7279759	15
sth	7279774	440
sti	7280214	5552
stj	7285766	7
stk	7285773	27
stl	7285800	296
stm	7286096	93
stn	7286189	17
sto	7286206	2435
stp	7288641	77
stq	7288718	1
str	7288719	10295
sts	7299014	30
stt	7299044	5
stu	7299049	332
stv	7299381	64
stw	7299445	56
sty	7299501	97
stz	7299598	4
su 	7299602	2121
su'	7301723	2
su-	7301725	10
sua	7301735	92
sub	7301827	102
suc	7301929	461
sud	7302390	311
sue	7302701	74
suf	7302775	29
sug	7302804	125
suh	7302929	59
sui	7302988	69
suj	7303057	22
suk	7303079	310
sul	7303389	1438
sum	7304827	699
sun	7305526	602
suo	7306128	189
sup	7306317	106
suq	7306423	27
sur	7306450	1655
sus	7308105	327
sut	7308432	94
suu	7308526	20
suv	7308546	26
suw	7308572	60
suy	7308632	25
suz	7308657	35
sv 	7308692	922
sv.	7309614	2
sva	7309616	122
sve	7309738	281
svi	7310019	625
svk	7310644	832
svl	7311476	3
svn	7311479	602
svo	7312081	25
svr	7312106	13
svy	7312119	10
sw 	7312129	1557
sw.	7313686	1
swa	7313687	348
swe	7314035	1457
swi	7315492	3555
swo	7319047	102
swr	7319149	1
sws	7319150	1
swu	7319151	2
swz	7319153	25
sx 	7319178	312
sxm	7319490	7
sy 	7319497	836
sy-	7320333	60
sya	7320393	109
syb	7320502	6
syc	7320508	45
syd	7320553	138
sye	7320691	11
syf	7320702	1
syg	7320703	1
syk	7320704	33
syl	7320737	1550
sym	7322287	24
syn	7322311	42
syo	7322353	7
syp	7322360	16
syq	7322376	1
syr	7322377	344
sys	7322721	7
syt	7322728	15
syu	7322743	52
syv	7322795	14
syw	7322809	1
syy	7322810	1
syz	7322811	8
sz 	7322819	200
sz-	7323019	45
sza	7323064	200
szb	7323264	1
szc	7323265	80
szd	7323345	1
sze	7323346	139
szf	7323485	1
szi	7323486	23
szj	7323509	1
szk	7323510	39
szl	7323549	21
szm	7323570	1
szn	7323571	16
szo	7323587	150
szp	7323737	39
szr	7323776	1
szs	7323777	3
szt	7323780	85
szu	7323865	9
szv	7323874	1
szw	7323875	1
szy	7323876	71
t &	7323947	1
t '	7323948	24
t (	7323972	11
t -	7323983	6
t /	7323989	17
t 0	7324006	699
t 1	7324705	725
t 2	7325430	779
t 3	7326209	429
t 4	7326638	508
t 5	7327146	1269
t 6	7328415	572
t 7	7328987	601
t 8	7329588	42
t 9	7329630	14
t ?	7329644	2
t a	7329646	4346
t b	7333992	1772
t c	7335764	1325
t d	7337089	283
t e	7337372	930
t f	7338302	193
t g	7338495	3528
t h	7342023	973
t i	7342996	15432
t j	7358428	2009
t k	7360437	398
t l	7360835	559
t m	7361394	1028
t n	7362422	2491
t o	7364913	666
t p	7365579	1894
t q	7367473	129
t r	7367602	1154
t s	7368756	2415
t t	7371171	583
t u	7371754	1622
t v	7373376	1736
t w	7375112	449
t x	7375561	23
t y	7375584	92
t z	7375676	83
t' 	7375759	3059
t'-	7378818	33
t'a	7378851	146
t'b	7378997	1
t'e	7378998	32
t'i	7379030	15
t'k	7379045	2
t'l	7379047	1
t'm	7379048	3
t'o	7379051	10
t'q	7379061	1
t's	7379062	5
t'u	7379067	1
t'y	7379068	8
t) 	7379076	3
t, 	7379079	3
t-a	7379082	221
t-b	7379303	139
t-c	7379442	178
t-d	7379620	198
t-e	7379818	160
t-f	7379978	70
t-g	7380048	224
t-h	7380272	94
t-i	7380366	23
t-j	7380389	187
t-k	7380576	19
t-l	7380595	307
t-m	7380902	324
t-n	7381226	64
t-o	7381290	57
t-p	7381347	295
t-q	7381642	17
t-r	7381659	100
t-s	7381759	383
t-t	7382142	47
t-u	7382189	17
t-v	7382206	99
t-w	7382305	12
t-x	7382317	3
t-y	7382320	13
t-z	7382333	7
t. 	7382340	74
t.)	7382414	1
t.-	7382415	2
t.c	7382417	1
t.e	7382418	1
t.i	7382419	1
t.j	7382420	2
t/g	7382422	1
t/h	7382423	1
t/l	7382424	2
t/m	7382426	1
t/n	7382427	1
t/p	7382428	1
t/s	7382429	1
t/w	7382430	1
t/x	7382431	1
ta 	7382432	9047
ta'	7391479	18
ta)	7391497	36
ta,	7391533	1
ta-	7391534	235
ta.	7391769	14
ta/	7391783	5
ta`	7391788	23
taa	7391811	46
tab	7391857	914
tac	7392771	454
tad	7393225	760
tae	7393985	21
taf	7394006	151
tag	7394157	2185
tah	7396342	427
tai	7396769	2820
taj	7399589	207
tak	7399796	748
tal	7400544	14721
tam	7415265	2196
tan	7417461	8652
tao	7426113	171
tap	7426284	432
taq	7426716	59
tar	7426775	3919
tas	7430694	761
tat	7431455	22508
tau	7453963	329
tav	7454292	949
taw	7455241	149
tax	7455390	27
tay	7455417	576
taz	7455993	114
tb 	7456107	18
tba	7456125	35
tbe	7456160	52
tbh	7456212	1
tbi	7456213	17
tbj	7456230	1
tbl	7456231	4
tbo	7456235	35
tbr	7456270	40
tbu	7456310	42
tby	7456352	15
tc 	7456367	140
tca	7456507	49
tcd	7456556	74
tce	7456630	11
tch	7456641	505
tci	7457146	9
tcl	7457155	9
tco	7457164	31
tcr	7457195	1
tcs	7457196	1
tcu	7457197	7
tcy	7457204	1
tcz	7457205	4
td 	7457209	74
td.	7457283	1
tda	7457284	29
tde	7457313	3
tdi	7457316	9
tdo	7457325	24
tdr	7457349	1
tdu	7457350	2
tdw	7457352	1
te 	7457353	11235
te'	7468588	1
te)	7468589	32
te,	7468621	1
te-	7468622	995
te.	7469617	4
te/	7469621	2
tea	7469623	520
teb	7470143	161
tec	7470304	937
ted	7471241	28115
tee	7499356	81
tef	7499437	109
teg	7499546	261
teh	7499807	283
tei	7500090	2307
tej	7502397	147
tek	7502544	142
tel	7502686	1912
tem	7504598	1897
ten	7506495	6131
teo	7512626	169
tep	7512795	1095
teq	7513890	39
ter	7513929	6919
tes	7520848	22908
tet	7543756	346
teu	7544102	148
tev	7544250	139
tew	7544389	43
tex	7544432	1357
tey	7545789	55
tez	7545844	96
tf 	7545940	2
tfa	7545942	594
tfe	7546536	23
tff	7546559	1
tfi	7546560	40
tfj	7546600	4
tfl	7546604	1
tfo	7546605	137
tfr	7546742	4
tfu	7546746	7
tg 	7546753	89
tga	7546842	40
tge	7546882	36
tgh	7546918	8
tgi	7546926	7
tgl	7546933	4
tgn	7546937	1
tgo	7546938	60
tgr	7546998	8
tgu	7547006	4
tgy	7547010	4
th 	7547014	8995
th'	7556009	1
th-	7556010	123
tha	7556133	2291
thb	7558424	31
thc	7558455	23
thd	7558478	10
the	7558488	4139
thf	7562627	38
thg	7562665	15
thh	7562680	3
thi	7562683	955
thj	7563638	1
thk	7563639	6
thl	7563645	112
thm	7563757	48
thn	7563805	9
tho	7563814	646
thp	7564460	30
thr	7564490	205
ths	7564695	28
tht	7564723	13
thu	7564736	1535
thv	7566271	26
thw	7566297	99
thy	7566396	46
thz	7566442	1
ti 	7566443	2883
ti'	7569326	7
ti)	7569333	2
ti-	7569335	54
tia	7569389	2902
tib	7572291	389
tic	7572680	966
tid	7573646	112
tie	7573758	553
tif	7574311	54
tig	7574365	437
tih	7574802	46
tii	7574848	90
tij	7574938	43
tik	7574981	588
til	7575569	3373
tim	7578942	4501
tin	7583443	4702
tio	7588145	5887
tip	7594032	160
tiq	7594192	43
tir	7594235	714
tis	7594949	1193
tit	7596142	457
tiu	7596599	160
tiv	7596759	262
tiw	7597021	14
tix	7597035	20
tiy	7597055	191
tiz	7597246	88
tj 	7597334	337
tja	7597671	22
tje	7597693	23
tjh	7597716	1
tji	7597717	5
tjk	7597722	103
tjo	7597825	23
tju	7597848	5
tjy	7597853	114
tk 	7597967	11
tka	7597978	98
tke	7598076	56
tkh	7598132	4
tki	7598136	79
tkl	7598215	4
tkm	7598219	145
tkn	7598364	2
tko	7598366	65
tkr	7598431	3
tku	7598434	9
tky	7598443	12
tl 	7598455	262
tl)	7598717	1
tl-	7598718	1
tla	7598719	2731
tlb	7601450	1
tle	7601451	497
tlh	7601948	12
tli	7601960	243
tlj	7602203	2
tll	7602205	9
tlm	7602214	1
tlo	7602215	102
tls	7602317	33
tlu	7602350	49
tlw	7602399	1
tly	7602400	20
tlz	7602420	1
tm 	7602421	332
tma	7602753	292
tme	7603045	37
tmi	7603082	33
tmo	7603115	71
tmu	7603186	8
tmy	7603194	1
tn 	7603195	1802
tna	7604997	1046
tne	7606043	89
tnf	7606132	1
tng	7606133	2
tni	7606135	97
tnj	7606232	4
tnn	7606236	65
tno	7606301	52
tnu	7606353	9
tny	7606362	23
to 	7606385	6849
to'	7613234	3
to)	7613237	44
to,	7613281	1
to-	7613282	34
to.	7613316	1
to/	7613317	1
to]	7613318	36
toa	7613354	62
tob	7613416	352
toc	7613768	551
tod	7614319	64
toe	7614383	20
tof	7614403	71
tog	7614474	160
toh	7614634	31
toi	7614665	89
toj	7614754	30
tok	7614784	637
tol	7615421	816
tom	7616237	530
ton	7616767	6194
too	7622961	61
top	7623022	287
toq	7623309	9
tor	7623318	2685
tos	7626003	1994
tot	7627997	222
tou	7628219	695
tov	7628914	526
tow	7629440	935
tox	7630375	14
toy	7630389	116
toz	7630505	19
tpa	7630524	20
tpe	7630544	32
tpf	7630576	1
tph	7630577	6
tpi	7630583	13
tpl	7630596	1
tpo	7630597	26
tpr	7630623	2
tpu	7630625	35
tqa	7630660	1
tqi	7630661	3
tqu	7630664	5
tqv	7630669	1
tr 	7630670	4270
tr'	7634940	1
tra	7634941	9196
trb	7644137	3
trc	7644140	3
tre	7644143	3369
trg	7647512	5
trh	7647517	10
tri	7647527	5172
trk	7652699	37
trm	7652736	6
trn	7652742	157
tro	7652899	1435
trp	7654334	3
trr	7654337	1
trs	7654338	8
trt	7654346	1
tru	7654347	355
trv	7654702	2
try	7654704	132
trz	7654836	88
ts 	7654924	1425
ts'	7656349	10
ts-	7656359	1607
ts/	7657966	2
tsa	7657968	257
tsb	7658225	58
tsc	7658283	126
tsd	7658409	19
tse	7658428	160
tsf	7658588	25
tsg	7658613	7
tsh	7658620	89
tsi	7658709	535
tsj	7659244	9
tsk	7659253	1935
tsl	7661188	15
tsm	7661203	18
tsn	7661221	1
tso	7661222	100
tsp	7661322	13
tsq	7661335	6
tsr	7661341	9
tst	7661350	82
tsu	7661432	230
tsv	7661662	67
tsw	7661729	176
tsy	7661905	121
tsz	7662026	7
tt 	7662033	294
tt'	7662327	1
tt-	7662328	2
tta	7662330	1247
ttb	7663577	15
ttc	7663592	1
ttd	7663593	4
tte	7663597	2435
ttf	7666032	7
ttg	7666039	15
tth	7666054	52
tti	7666106	817
ttj	7666923	2
ttk	7666925	2
ttl	7666927	187
ttm	7667114	20
ttn	7667134	19
tto	7667153	565
ttr	7667718	49
tts	7667767	626
ttu	7668393	124
ttv	7668517	11
ttw	7668528	29
tty	7668557	35
tu 	7668592	723
tu'	7669315	2
tu-	7669317	47
tua	7669364	225
tub	7669589	205
tuc	7669794	512
tud	7670306	73
tue	7670379	56
tuf	7670435	26
tug	7670461	1176
tuh	7671637	22
tui	7671659	51
tuj	7671710	27
tuk	7671737	94
tul	7671831	429
tum	7672260	222
tun	7672482	878
tuo	7673360	62
tup	7673422	104
tuq	7673526	9
tur	7673535	4976
tus	7678511	196
tut	7678707	137
tuu	7678844	11
tuv	7678855	27
tuw	7678882	13
tux	7678895	32
tuy	7678927	50
tuz	7678977	61
tv 	7679038	65
tva	7679103	88
tve	7679191	103
tvi	7679294	313
tvl	7679607	6
tvo	7679613	6
tvr	7679619	7
tvy	7679626	9
tw 	7679635	89
twa	7679724	75
twe	7679799	73
twh	7679872	1
twi	7679873	91
twn	7679964	89
two	7680053	107
twr	7680160	3
tws	7680163	2
twu	7680165	1
twy	7680166	5
tx 	7680171	1287
txa	7681458	6
txe	7681464	3
txi	7681467	2
txo	7681469	3
txu	7681472	2
ty 	7681474	1217
ty'	7682691	2
ty,	7682693	1
ty-	7682694	77
tya	7682771	127
tyb	7682898	6
tyc	7682904	26
tyd	7682930	3
tye	7682933	26
tyf	7682959	1
tyg	7682960	4
tyh	7682964	2
tyi	7682966	9
tyk	7682975	22
tyl	7682997	27
tym	7683024	24
tyn	7683048	139
tyo	7683187	16
typ	7683203	7
tyr	7683210	65
tys	7683275	62
tyt	7683337	10
tyu	7683347	67
tyv	7683414	37
tyw	7683451	3
tyy	7683454	8
tyz	7683462	4
tz 	7683466	828
tz'	7684294	2
tz-	7684296	22
tza	7684318	467
tzb	7684785	21
tzc	7684806	7
tzd	7684813	7
tze	7684820	2078
tzf	7686898	5
tzg	7686903	4
tzh	7686907	29
tzi	7686936	226
tzk	7687162	10
tzl	7687172	15
tzm	7687187	9
tzn	7687196	5
tzo	7687201	59
tzp	7687260	3
tzq	7687263	2
tzr	7687265	8
tzs	7687273	26
tzt	7687299	13
tzu	7687312	22
tzv	7687334	7
tzw	7687341	21
u '	7687362	3
u (	7687365	5
u -	7687370	2
u /	7687372	15
u 0	7687387	74
u 1	7687461	158
u 2	7687619	60
u 3	7687679	70
u 4	7687749	25
u 5	7687774	84
u 6	7687858	5
u ?	7687863	1
u a	7687864	5868
u b	7693732	1772
u c	7695504	823
u d	7696327	368
u e	7696695	136
u f	7696831	180
u g	7697011	968
u h	7697979	2009
u i	7699988	302
u j	7700290	739
u k	7701029	381
u l	7701410	609
u m	7702019	1066
u n	7703085	999
u o	7704084	219
u p	7704303	2688
u q	7706991	82
u r	7707073	5511
u s	7712584	3090
u t	7715674	1576
u u	7717250	177
u v	7717427	302
u w	7717729	151
u x	7717880	423
u y	7718303	118
u z	7718421	539
u' 	7718960	5
u'a	7718965	50
u'e	7719015	26
u'f	7719041	1
u'h	7719042	1
u'i	7719043	9
u'm	7719052	4
u'n	7719056	1
u'o	7719057	3
u'u	7719060	6
u) 	7719066	1
u, 	7719067	3
u-a	7719070	15
u-b	7719085	91
u-c	7719176	50
u-d	7719226	35
u-e	7719261	9
u-f	7719270	13
u-g	7719283	36
u-h	7719319	11
u-i	7719330	7
u-j	7719337	5
u-k	7719342	10
u-l	7719352	49
u-m	7719401	30
u-n	7719431	157
u-o	7719588	8
u-p	7719596	48
u-q	7719644	1
u-r	7719645	23
u-s	7719668	56
u-t	7719724	28
u-u	7719752	8
u-v	7719760	21
u-w	7719781	39
u-y	7719820	5
u.s	7719825	8
u/e	7719833	1
u5b	7719834	1
u`u	7719835	1
ua 	7719836	8870
ua'	7728706	3
ua)	7728709	4
ua-	7728713	7
uab	7728720	42
uac	7728762	328
uad	7729090	961
uae	7730051	2
uaf	7730053	31
uag	7730084	65
uah	7730149	250
uai	7730399	173
uaj	7730572	69
uak	7730641	97
ual	7730738	363
uam	7731101	205
uan	7731306	6574
uao	7737880	15
uap	7737895	148
uaq	7738043	34
uar	7738077	901
uas	7738978	508
uat	7739486	1746
uau	7741232	139
uav	7741371	21
uaw	7741392	3
uax	7741395	34
uay	7741429	622
uaz	7742051	65
ub 	7742116	104
ub-	7742220	5
ub]	7742225	1
uba	7742226	884
ubb	7743110	61
ubc	7743171	10
ubd	7743181	10
ube	7743191	1576
ubf	7744767	1
ubg	7744768	2
ubh	7744770	6
ubi	7744776	742
ubj	7745518	2
ubk	7745520	14
ubl	7745534	2379
ubm	7747913	3
ubn	7747916	36
ubo	7747952	228
ubp	7748180	1
ubq	7748181	1
ubr	7748182	163
ubs	7748345	26
ubt	7748371	6
ubu	7748377	373
ubw	7748750	4
ubx	7748754	1
uby	7748755	34
ubz	7748789	3
uc 	7748792	522
uc'	7749314	1
uc-	7749315	15
uca	7749330	937
ucb	7750267	3
ucc	7750270	72
ucd	7750342	2
uce	7750344	542
ucf	7750886	1
ucg	7750887	3
uch	7750890	1233
uci	7752123	1043
uck	7753166	1005
ucl	7754171	40
ucm	7754211	8
ucn	7754219	7
uco	7754226	475
ucp	7754701	3
ucq	7754704	8
ucr	7754712	65
ucs	7754777	22
uct	7754799	20
ucu	7754819	248
ucy	7755067	13
ucz	7755080	16
ud 	7755096	656
ud'	7755752	1
ud-	7755753	38
uda	7755791	891
udb	7756682	18
udc	7756700	5
udd	7756705	44
ude	7756749	407
udf	7757156	2
udg	7757158	18
udh	7757176	33
udi	7757209	438
udj	7757647	13
udk	7757660	17
udl	7757677	44
udm	7757721	45
udn	7757766	62
udo	7757828	261
udp	7758089	4
udr	7758093	82
uds	7758175	108
udt	7758283	4
udu	7758287	187
udv	7758474	12
udw	7758486	21
udy	7758507	27
udz	7758534	41
ue 	7758575	3330
ue'	7761905	3
ue)	7761908	1
ue,	7761909	1
ue-	7761910	47
uea	7761957	53
ueb	7762010	2097
uec	7764107	66
ued	7764173	120
uee	7764293	1107
uef	7765400	27
ueg	7765427	68
ueh	7765495	87
uei	7765582	137
uej	7765719	31
uek	7765750	36
uel	7765786	1558
uem	7767344	102
uen	7767446	1185
ueo	7768631	14
uep	7768645	28
ueq	7768673	6
uer	7768679	2535
ues	7771214	484
uet	7771698	276
ueu	7771974	49
uev	7772023	868
uew	7772891	9
uex	7772900	32
uey	7772932	120
uez	7773052	184
uf 	7773236	76
uf'	7773312	1
uf-	7773313	27
ufa	7773340	59
ufb	7773399	2
ufc	7773401	9
ufd	7773410	1
ufe	7773411	79
uff	7773490	170
ufg	7773660	1
ufh	7773661	4
ufi	7773665	39
ufj	7773704	1
ufk	7773705	9
ufl	7773714	44
ufm	7773758	5
ufn	7773763	2
ufo	7773765	38
ufq	7773803	1
ufr	7773804	27
ufs	7773831	4
uft	7773835	11
ufu	7773846	34
ufv	7773880	1
ug 	7773881	432
ug'	7774313	2
ug-	7774315	4
uga	7774319	1686
ugb	7776005	31
ugc	7776036	6
ugd	7776042	11
uge	7776053	228
ugg	7776281	81
ugh	7776362	334
ugi	7776696	118
ugk	7776814	5
ugl	7776819	551
ugm	7777370	4
ugn	7777374	78
ugo	7777452	352
ugp	7777804	2
ugr	7777806	43
ugs	7777849	15
ugt	7777864	5
ugu	7777869	430
ugv	7778299	1
ugw	7778300	6
ugy	7778306	12
ugz	7778318	1
uh 	7778319	103
uh-	7778422	3
uha	7778425	443
uhb	7778868	18
uhd	7778886	6
uhe	7778892	137
uhf	7779029	1
uhg	7779030	1
uhi	7779031	30
uhj	7779061	1
uhk	7779062	3
uhl	7779065	164
uhm	7779229	12
uhn	7779241	15
uho	7779256	77
uhp	7779333	7
uhq	7779340	1
uhr	7779341	35
uhs	7779376	13
uht	7779389	62
uhu	7779451	86
uhw	7779537	4
uhy	7779541	12
ui 	7779553	1901
ui'	7781454	3
ui,	7781457	19
ui-	7781476	7
uia	7781483	283
uib	7781766	65
uic	7781831	117
uid	7781948	311
uie	7782259	137
uif	7782396	16
uig	7782412	118
uih	7782530	35
uii	7782565	2
uij	7782567	53
uik	7782620	33
uil	7782653	1076
uim	7783729	125
uin	7783854	961
uio	7784815	35
uip	7784850	206
uiq	7785056	14
uir	7785070	160
uis	7785230	1434
uit	7786664	2343
uiu	7789007	21
uiv	7789028	19
uiw	7789047	7
uix	7789054	76
uiy	7789130	34
uiz	7789164	518
uj 	7789682	206
uj-	7789888	123
uja	7790011	699
ujb	7790710	3
ujc	7790713	1
ujd	7790714	4
uje	7790718	54
ujf	7790772	8
ujh	7790780	5
uji	7790785	1138
ujj	7791923	6
ujk	7791929	2
ujl	7791931	4
ujm	7791935	4
ujn	7791939	2
ujo	7791941	36
ujp	7791977	4
ujr	7791981	4
ujs	7791985	9
ujt	7791994	6
uju	7792000	86
ujv	7792086	3
uk 	7792089	636
uk(	7792725	1
uk-	7792726	83
uka	7792809	454
ukb	7793263	47
ukc	7793310	11
ukd	7793321	16
uke	7793337	137
ukf	7793474	1
ukg	7793475	3
ukh	7793478	163
uki	7793641	184
ukj	7793825	4
ukk	7793829	65
ukl	7793894	38
ukm	7793932	10
ukn	7793942	9
uko	7793951	380
ukp	7794331	18
ukr	7794349	5753
uks	7800102	30
ukt	7800132	100
uku	7800232	408
ukv	7800640	3
ukw	7800643	19
uky	7800662	35
ukz	7800697	1
ul 	7800698	1491
ul'	7802189	144
ul)	7802333	3
ul-	7802336	60
ula	7802396	1520
ulb	7803916	60
ulc	7803976	240
uld	7804216	137
ule	7804353	510
ulf	7804863	57
ulg	7804920	405
ulh	7805325	38
uli	7805363	1376
ulj	7806739	13
ulk	7806752	39
ull	7806791	443
ulm	7807234	74
uln	7807308	65
ulo	7807373	1123
ulp	7808496	77
ulq	7808573	7
ulr	7808580	20
uls	7808600	127
ult	7808727	279
ulu	7809006	659
ulv	7809665	25
ulw	7809690	17
ulx	7809707	29
uly	7809736	176
ulz	7809912	60
um 	7809972	3028
um'	7813000	1
um)	7813001	2
um,	7813003	1
um-	7813004	6
uma	7813010	1345
umb	7814355	1521
umc	7815876	11
umd	7815887	10
ume	7815897	356
umf	7816253	9
umg	7816262	13
umh	7816275	33
umi	7816308	259
umj	7816567	2
umk	7816569	23
uml	7816592	45
umm	7816637	170
umn	7816807	24
umo	7816831	193
ump	7817024	181
umq	7817205	4
umr	7817209	35
ums	7817244	149
umt	7817393	17
umu	7817410	165
umv	7817575	3
umw	7817578	4
umx	7817582	2
umy	7817584	24
umz	7817608	3
un 	7817611	1862
un'	7819473	12
un-	7819485	67
una	7819552	1696
unb	7821248	62
unc	7821310	389
und	7821699	1467
une	7823166	843
unf	7824009	61
ung	7824070	3370
unh	7827440	75
uni	7827515	30040
unj	7857555	584
unk	7858139	217
unl	7858356	65
unm	7858421	77
unn	7858498	613
uno	7859111	364
unp	7859475	16
unq	7859491	16
unr	7859507	28
uns	7859535	654
unt	7860189	1040
unu	7861229	170
unv	7861399	7
unw	7861406	21
unx	7861427	18
uny	7861445	798
unz	7862243	79
uo 	7862322	232
uo'	7862554	5
uo-	7862559	4
uoa	7862563	2
uob	7862565	22
uoc	7862587	60
uod	7862647	22
uoe	7862669	1
uof	7862670	13
uog	7862683	20
uoh	7862703	26
uoi	7862729	12
uoj	7862741	28
uok	7862769	136
uol	7862905	60
uom	7862965	165
uon	7863130	106
uop	7863236	21
uoq	7863257	8
uor	7863265	34
uos	7863299	31
uot	7863330	39
uou	7863369	1
uov	7863370	105
uow	7863475	5
uox	7863480	12
uoy	7863492	36
uoz	7863528	25
up 	7863553	784
up-	7864337	9
upa	7864346	1417
upb	7865763	1
upc	7865764	12
upe	7865776	410
upf	7866186	4
upg	7866190	3
uph	7866193	31
upi	7866224	198
upk	7866422	8
upl	7866430	67
upm	7866497	2
upn	7866499	13
upo	7866512	114
upp	7866626	813
upr	7867439	33
ups	7867472	23
upt	7867495	37
upu	7867532	89
upv	7867621	1
upw	7867622	5
upy	7867627	14
uq 	7867641	49
uq'	7867690	2
uq-	7867692	1
uqa	7867693	16
uqb	7867709	2
uqe	7867711	4
uqi	7867715	65
uql	7867780	1
uqo	7867781	1
uqq	7867782	1
uqs	7867783	5
uqu	7867788	226
ur 	7868014	7487
ur'	7875501	16
ur)	7875517	1
ur-	7875518	1219
ura	7876737	2856
urb	7879593	175
urc	7879768	300
urd	7880068	228
ure	7880296	1190
urf	7881486	135
urg	7881621	4372
urh	7885993	35
uri	7886028	3840
urj	7889868	26
urk	7889894	4422
url	7894316	157
urm	7894473	138
urn	7894611	545
uro	7895156	498
urp	7895654	61
urq	7895715	23
urr	7895738	262
urs	7896000	706
urt	7896706	1805
uru	7898511	739
urv	7899250	61
urw	7899311	54
urx	7899365	4
ury	7899369	671
urz	7900040	77
us 	7900117	23594
us'	7923711	6
us)	7923717	2
us-	7923719	104
usa	7923823	24047
usb	7947870	34
usc	7947904	303
usd	7948207	23
use	7948230	1354
usf	7949584	3
usg	7949587	7
ush	7949594	794
usi	7950388	515
usj	7950903	8
usk	7950911	299
usl	7951210	234
usm	7951444	20
usn	7951464	39
uso	7951503	115
usp	7951618	38
usq	7951656	18
usr	7951674	15
uss	7951689	6066
ust	7957755	8827
usu	7966582	117
usv	7966699	8
usw	7966707	21
usy	7966728	17
usz	7966745	61
ut 	7966806	1054
ut-	7967860	60
uta	7967920	958
utb	7968878	9
utc	7968887	22
utd	7968909	2
ute	7968911	428
utf	7969339	4
utg	7969343	5
uth	7969348	5047
uti	7974395	471
utj	7974866	12
utk	7974878	26
utl	7974904	197
utm	7975101	7
utn	7975108	33
uto	7975141	581
utp	7975722	6
utq	7975728	2
utr	7975730	193
uts	7975923	1787
utt	7977710	958
utu	7978668	230
utv	7978898	6
utw	7978904	10
utx	7978914	5
uty	7978919	31
utz	7978950	99
uu 	7979049	37
uu-	7979086	2
uua	7979088	1
uub	7979089	4
uud	7979093	9
uue	7979102	2
uuf	7979104	2
uug	7979106	3
uuj	7979109	4
uuk	7979113	44
uul	7979157	14
uum	7979171	5
uun	7979176	20
uuo	7979196	1
uup	7979197	3
uuq	7979200	1
uur	7979201	65
uus	7979266	281
uut	7979547	7
uuv	7979554	1
uuy	7979555	1
uv 	7979556	142
uva	7979698	240
uvc	7979938	1
uve	7979939	4243
uvi	7984182	218
uvk	7984400	10
uvo	7984410	36
uvr	7984446	62
uvs	7984508	21
uvu	7984529	19
uvy	7984548	13
uw 	7984561	20
uw-	7984581	20
uwa	7984601	209
uwd	7984810	1
uwe	7984811	78
uwf	7984889	1
uwg	7984890	1
uwh	7984891	3
uwi	7984894	32
uwk	7984926	5
uwl	7984931	2
uwm	7984933	2
uwn	7984935	1
uwo	7984936	18
uwp	7984954	3
uwr	7984957	1
uws	7984958	4
uwu	7984962	20
uwv	7984982	1
uww	7984983	2
ux 	7984985	561
ux-	7985546	179
uxa	7985725	11
uxb	7985736	6
uxc	7985742	10
uxd	7985752	2
uxe	7985754	275
uxf	7986029	3
uxh	7986032	8
uxi	7986040	154
uxl	7986194	3
uxm	7986197	2
uxo	7986199	26
uxp	7986225	10
uxq	7986235	1
uxt	7986236	39
uxu	7986275	17
uxv	7986292	3
uxw	7986295	2
uxy	7986297	4
uy 	7986301	344
uy-	7986645	24
uya	7986669	253
uyb	7986922	6
uyc	7986928	3
uyd	7986931	3
uye	7986934	170
uyg	7987104	427
uyh	7987531	2
uyi	7987533	38
uyk	7987571	3
uyl	7987574	9
uym	7987583	8
uyn	7987591	13
uyo	7987604	72
uyq	7987676	1
uyr	7987677	8
uys	7987685	14
uyt	7987699	11
uyu	7987710	177
uyv	7987887	5
uyy	7987892	2
uz 	7987894	2636
uz'	7990530	6
uz)	7990536	11
uz-	7990547	5
uza	7990552	418
uzb	7990970	233
uzc	7991203	75
uzd	7991278	14
uze	7991292	365
uzg	7991657	8
uzh	7991665	268
uzi	7991933	170
uzk	7992103	16
uzl	7992119	24
uzm	7992143	23
uzn	7992166	34
uzo	7992200	551
uzp	7992751	1
uzq	7992752	2
uzr	7992754	2
uzs	7992756	8
uzt	7992764	9
uzu	7992773	80
uzv	7992853	4
uzw	7992857	4
uzy	7992861	32
uzz	7992893	461
v -	7993354	1
v 0	7993355	27
v 1	7993382	20
v 2	7993402	12
v 3	7993414	114
v a	7993528	189
v b	7993717	136
v c	7993853	829
v d	7994682	13
v e	7994695	4
v f	7994699	3
v g	7994702	565
v h	7995267	9
v i	7995276	109
v j	7995385	43
v k	7995428	138
v l	7995566	215
v m	7995781	93
v n	7995874	147
v o	7996021	42
v p	7996063	219
v q	7996282	4
v r	7996286	492
v s	7996778	515
v t	7997293	66
v u	7997359	360
v v	7997719	69
v w	7997788	9
v y	7997797	10
v z	7997807	62
v'a	7997869	14
v'o	7997883	3
v'y	7997886	7
v-b	7997893	2
v-h	7997895	1
v-i	7997896	1
v-k	7997897	1
v-o	7997898	2
v-p	7997900	5
v-s	7997905	1
v-v	7997906	1
v-y	7997907	1
v. 	7997908	16
v.s	7997924	1
v`a	7997925	1
v`y	7997926	1
va 	7997927	3384
va'	8001311	13
va)	8001324	9
va,	8001333	27
va-	8001360	21
va/	8001381	1
vaa	8001382	47
vab	8001429	9
vac	8001438	464
vad	8001902	593
vae	8002495	8
vaf	8002503	8
vag	8002511	120
vah	8002631	35
vai	8002666	168
vaj	8002834	27
vak	8002861	948
val	8003809	4805
vam	8008614	65
van	8008679	3287
vao	8011966	230
vap	8012196	21
vaq	8012217	18
var	8012235	3577
vas	8015812	1293
vat	8017105	286
vau	8017391	282
vav	8017673	33
vax	8017706	4
vay	8017710	107
vaz	8017817	59
vb 	8017876	552
vba	8018428	3
vby	8018431	4
vc 	8018435	524
vca	8018959	11
vce	8018970	97
vch	8019067	42
vci	8019109	117
vct	8019226	25
vcy	8019251	1
vd 	8019252	188
vda	8019440	21
vde	8019461	10
vdi	8019471	31
vdo	8019502	5
vdr	8019507	1
vdz	8019508	1
ve 	8019509	3611
ve)	8023120	1
ve-	8023121	69
vea	8023190	54
veb	8023244	8
vec	8023252	252
ved	8023504	161
vee	8023665	54
veg	8023719	141
veh	8023860	187
vei	8024047	206
vej	8024253	18
vek	8024271	14
vel	8024285	2893
vem	8027178	42
ven	8027220	4261
veo	8031481	6
vep	8031487	12
veq	8031499	11
ver	8031510	7199
ves	8038709	721
vet	8039430	641
veu	8040071	41
vev	8040112	11
vex	8040123	11
vey	8040134	62
vez	8040196	103
vf 	8040299	1
vfu	8040300	1
vg 	8040301	2
vga	8040303	7
vgb	8040310	2
vge	8040312	3
vgg	8040315	57
vgi	8040372	1
vgo	8040373	43
vgr	8040416	36
vgu	8040452	1
vha	8040453	22
vhe	8040475	6
vhl	8040481	2
vho	8040483	4
vhu	8040487	4
vi 	8040491	521
vi'	8041012	2
vi)	8041014	3
vi-	8041017	26
vi.	8041043	2
via	8041045	635
vib	8041680	25
vic	8041705	1967
vid	8043672	267
vie	8043939	1831
vif	8045770	3
vig	8045773	284
vih	8046057	26
vii	8046083	53
vij	8046136	29
vik	8046165	175
vil	8046340	4670
vim	8051010	28
vin	8051038	1371
vio	8052409	87
vip	8052496	11
viq	8052507	5
vir	8052512	1075
vis	8053587	1815
vit	8055402	641
viu	8056043	6
viv	8056049	245
vix	8056294	7
viy	8056301	54
viz	8056355	61
vja	8056416	3
vje	8056419	11
vk 	8056430	3
vk'	8056433	3
vka	8056436	1542
vke	8057978	3
vkh	8057981	7
vki	8057988	11
vko	8057999	17
vku	8058016	2
vkv	8058018	1
vky	8058019	18
vl 	8058037	1104
vl'	8059141	4
vla	8059145	1190
vlc	8060335	3
vle	8060338	88
vlg	8060426	1071
vli	8061497	69
vlj	8061566	30
vlk	8061596	4
vll	8061600	1
vlo	8061601	96
vlt	8061697	11
vlu	8061708	3
vly	8061711	13
vma	8061724	3
vmb	8061727	1
vmi	8061728	2
vn 	8061730	1095
vna	8062825	29
vne	8062854	118
vni	8062972	112
vnj	8063084	1
vnm	8063085	915
vno	8064000	20
vns	8064020	3
vnu	8064023	1
vny	8064024	12
vo 	8064036	2167
vo)	8066203	10
vo-	8066213	73
voa	8066286	45
vob	8066331	346
voc	8066677	36
vod	8066713	391
voe	8067104	22
vof	8067126	4
vog	8067130	87
voh	8067217	193
voi	8067410	5275
voj	8072685	255
vok	8072940	46
vol	8072986	629
vom	8073615	65
von	8073680	213
voo	8073893	56
vop	8073949	37
vor	8073986	1134
vos	8075120	228
vot	8075348	44
vou	8075392	145
vov	8075537	41
vow	8075578	1
voy	8075579	84
voz	8075663	59
vpa	8075722	2
vpe	8075724	1
vpi	8075725	1
vpu	8075726	2
vra	8075728	333
vrb	8076061	26
vrc	8076087	9
vrd	8076096	7
vre	8076103	191
vrg	8076294	2
vrh	8076296	18
vri	8076314	89
vrk	8076403	1
vrl	8076404	3
vrn	8076407	2
vro	8076409	189
vrp	8076598	2
vrs	8076600	6
vrt	8076606	5
vru	8076611	9
vrv	8076620	2
vry	8076622	47
vrz	8076669	1
vs 	8076670	401
vs'	8077071	5
vsa	8077076	13
vsb	8077089	3
vsc	8077092	6
vse	8077098	29
vsg	8077127	24
vsh	8077151	28
vsi	8077179	4
vsj	8077183	1
vsk	8077184	4320
vsl	8081504	1
vsn	8081505	2
vso	8081507	1
vst	8081508	10
vsu	8081518	2
vsy	8081520	3
vt 	8081523	119
vta	8081642	9
vte	8081651	4
vti	8081655	1
vtn	8081656	2
vto	8081658	611
vtr	8082269	2
vts	8082271	150
vtu	8082421	3
vty	8082424	1
vu 	8082425	67
vu-	8082492	1
vua	8082493	6
vub	8082499	2
vuc	8082501	7
vud	8082508	3
vue	8082511	36
vuf	8082547	1
vug	8082548	4
vuh	8082552	6
vui	8082558	4
vuk	8082562	67
vul	8082629	43
vum	8082672	14
vun	8082686	21
vuo	8082707	21
vur	8082728	35
vus	8082763	60
vut	8082823	46
vuv	8082869	1
vuw	8082870	1
vuy	8082871	1
vuz	8082872	13
vva	8082885	1
vve	8082886	5
vvi	8082891	2
vvo	8082893	2
vvu	8082895	1
vwa	8082896	1
vxa	8082897	1
vxi	8082898	1
vy 	8082899	78
vy-	8082977	23
vya	8083000	52
vyb	8083052	4
vyc	8083056	35
vyd	8083091	21
vye	8083112	4
vyg	8083116	1
vyh	8083117	4
vyi	8083121	23
vyk	8083144	3
vyl	8083147	11
vym	8083158	1
vyn	8083159	50
vyo	8083209	1
vyp	8083210	4
vyr	8083214	10
vys	8083224	247
vyt	8083471	31
vyu	8083502	1
vyy	8083503	50
vyz	8083553	7
vz 	8083560	3
vza	8083563	1
vzh	8083564	4
vzi	8083568	2
vzm	8083570	2
vzo	8083572	1
vzy	8083573	1
w 0	8083574	26
w 1	8083600	4
w ?	8083604	1
w a	8083605	1679
w b	8085284	556
w c	8085840	175
w d	8086015	69
w e	8086084	90
w f	8086174	32
w g	8086206	1872
w h	8088078	287
w i	8088365	31
w j	8088396	595
w k	8088991	64
w l	8089055	163
w m	8089218	615
w n	8089833	110
w o	8089943	65
w p	8090008	144
w q	8090152	15
w r	8090167	177
w s	8090344	1914
w t	8092258	154
w u	8092412	96
w v	8092508	31
w w	8092539	96
w x	8092635	1
w y	8092636	1289
w z	8093925	809
w'i	8094734	1
w'm	8094735	1
w's	8094736	1
w- 	8094737	1
w-a	8094738	1
w-b	8094739	5
w-c	8094744	1
w-d	8094745	3
w-f	8094748	2
w-g	8094750	2
w-h	8094752	1
w-j	8094753	1
w-l	8094754	4
w-n	8094758	3
w-o	8094761	1
w-p	8094762	2
w-r	8094764	4
w-s	8094768	2
w-v	8094770	2
w-w	8094772	7
w-z	8094779	1
w. 	8094780	1
w/g	8094781	1
w/w	8094782	1
wa 	8094783	7786
wa'	8102569	6
wa-	8102575	11
waa	8102586	54
wab	8102640	49
wac	8102689	50
wad	8102739	203
wae	8102942	24
waf	8102966	11
wag	8102977	84
wah	8103061	158
wai	8103219	522
waj	8103741	22
wak	8103763	223
wal	8103986	4048
wam	8108034	55
wan	8108089	1655
wao	8109744	8
wap	8109752	23
waq	8109775	4
war	8109779	1020
was	8110799	702
wat	8111501	518
wau	8112019	50
wav	8112069	44
waw	8112113	28
wax	8112141	7
way	8112148	947
waz	8113095	151
wb 	8113246	186
wba	8113432	13
wbe	8113445	11
wbi	8113456	5
wbk	8113461	2
wbo	8113463	7
wbr	8113470	22
wbt	8113492	1
wbu	8113493	17
wbw	8113510	3
wby	8113513	3
wc 	8113516	148
wca	8113664	22
wce	8113686	6
wch	8113692	8
wcl	8113700	1
wco	8113701	4
wcz	8113705	4
wd 	8113709	3
wda	8113712	21
wdd	8113733	1
wde	8113734	17
wdh	8113751	1
wdi	8113752	1
wdl	8113753	2
wdn	8113755	2
wdo	8113757	7
wdy	8113764	1
wdz	8113765	1
we 	8113766	210
we-	8113976	4
wea	8113980	27
web	8114007	32
wec	8114039	17
wed	8114056	1381
wee	8115437	92
wef	8115529	2
weg	8115531	74
weh	8115605	21
wei	8115626	582
wej	8116208	5
wek	8116213	32
wel	8116245	520
wem	8116765	22
wen	8116787	360
weo	8117147	7
wep	8117154	12
wer	8117166	1081
wes	8118247	5221
wet	8123468	142
weu	8123610	2
wev	8123612	4
wew	8123616	9
wex	8123625	3
wey	8123628	34
wez	8123662	14
wf 	8123676	31
wfa	8123707	2
wfi	8123709	6
wfl	8123715	1
wfo	8123716	187
wg 	8123903	2
wga	8123905	2
wgh	8123907	2
wgn	8123909	108
wgo	8124017	1
wgr	8124018	4
wgu	8124022	2
wha	8124024	112
whe	8124136	37
whi	8124173	210
whk	8124383	1
whm	8124384	2
who	8124386	3
whu	8124389	4
why	8124393	9
wi 	8124402	672
wi'	8125074	1
wi)	8125075	1
wia	8125076	29
wib	8125105	5
wic	8125110	780
wid	8125890	36
wie	8125926	1188
wif	8127114	8
wig	8127122	1157
wih	8128279	22
wii	8128301	1
wij	8128302	90
wik	8128392	10
wil	8128402	702
wim	8129104	28
win	8129132	579
wio	8129711	5
wip	8129716	14
wiq	8129730	1
wir	8129731	38
wis	8129769	711
wit	8130480	2143
wiv	8132623	3
wiw	8132626	5
wix	8132631	2
wiy	8132633	16
wiz	8132649	8
wja	8132657	3
wje	8132660	4
wji	8132664	2
wk 	8132666	16
wka	8132682	65
wke	8132747	32
wkh	8132779	3
wki	8132782	10
wkl	8132792	1
wkn	8132793	2
wko	8132795	57
wks	8132852	3
wkt	8132855	1
wku	8132856	2
wkw	8132858	1
wl 	8132859	16
wla	8132875	46
wlc	8132921	1
wle	8132922	48
wlf	8132970	8
wli	8132978	15
wll	8132993	2
wlm	8132995	1
wln	8132996	1
wlo	8132997	64
wls	8133061	460
wlt	8133521	1
wlu	8133522	2
wly	8133524	1
wm 	8133525	8
wma	8133533	32
wmb	8133565	2
wme	8133567	2
wmi	8133569	5
wmm	8133574	1
wmo	8133575	4
wmt	8133579	1
wn 	8133580	784
wn-	8134364	10
wna	8134374	13
wnb	8134387	2
wnd	8134389	6
wne	8134395	41
wnf	8134436	3
wng	8134439	8
wnh	8134447	8
wni	8134455	39
wnl	8134494	2
wnm	8134496	1
wno	8134497	13
wnp	8134510	3
wns	8134513	96
wnt	8134609	30
wnv	8134639	6
wnw	8134645	2
wny	8134647	8
wo 	8134655	282
wo'	8134937	2
wo-	8134939	4
woa	8134943	3
wob	8134946	15
woc	8134961	8
wod	8134969	23
woe	8134992	12
wof	8135004	2
wog	8135006	9
woh	8135015	32
woi	8135047	8
woj	8135055	22
wok	8135077	15
wol	8135092	300
wom	8135392	13
won	8135405	201
woo	8135606	928
wop	8136534	5
woq	8136539	6
wor	8136545	743
wos	8137288	21
wot	8137309	25
wou	8137334	28
wov	8137362	1
wow	8137363	10
wox	8137373	1
woy	8137374	4
woz	8137378	9
wp 	8137387	10
wpa	8137397	3
wpd	8137400	5
wpe	8137405	3
wpl	8137408	2
wpo	8137410	36
wpu	8137446	1
wqa	8137447	6
wqd	8137453	1
wqu	8137454	1
wr 	8137455	445
wr-	8137900	2
wra	8137902	35
wre	8137937	42
wri	8137979	48
wrl	8138027	1
wrn	8138028	1
wro	8138029	23
wrt	8138052	1
wru	8138053	2
wry	8138055	3
wrz	8138058	9
ws 	8138067	155
ws-	8138222	1
wsa	8138223	172
wsb	8138395	10
wsc	8138405	5
wse	8138410	4
wsf	8138414	1
wsh	8138415	13
wsi	8138428	3
wsk	8138431	219
wsl	8138650	3
wsm	8138653	74
wso	8138727	28
wsr	8138755	1
wst	8138756	21
wsu	8138777	2
wsv	8138779	1
wsw	8138780	2
wsy	8138782	1
wsz	8138783	9
wt 	8138792	74
wta	8138866	2
wtc	8138868	11
wte	8138879	5
wth	8138884	23
wto	8138907	88
wtr	8138995	2
wtu	8138997	1
wty	8138998	1
wu 	8138999	106
wu'	8139105	7
wu-	8139112	2
wua	8139114	6
wub	8139120	4
wuc	8139124	17
wud	8139141	25
wue	8139166	1
wuf	8139167	11
wug	8139178	10
wuh	8139188	15
wui	8139203	3
wuj	8139206	29
wuk	8139235	18
wul	8139253	86
wum	8139339	8
wun	8139347	63
wup	8139410	7
wuq	8139417	12
wur	8139429	1149
wus	8140578	45
wut	8140623	19
wuu	8140642	2
wuw	8140644	5
wux	8140649	14
wuy	8140663	28
wuz	8140691	10
wv 	8140701	247
wva	8140948	2
wve	8140950	1
wvi	8140951	8
ww 	8140959	1
wwa	8140960	16
wwo	8140976	1
wy 	8140977	133
wy-	8141110	2
wya	8141112	13
wyb	8141125	1
wyc	8141126	9
wyd	8141135	6
wye	8141141	38
wyf	8141179	1
wyh	8141180	3
wyk	8141183	3
wyl	8141186	7
wym	8141193	7
wyn	8141200	48
wyo	8141248	96
wyr	8141344	5
wys	8141349	24
wyt	8141373	2
wyz	8141375	35
wz 	8141410	1
wza	8141411	4
wzd	8141415	1
wzg	8141416	1
wzj	8141417	10
x -	8141427	2
x 1	8141429	5
x 5	8141434	1
x 6	8141435	16
x a	8141451	421
x b	8141872	80
x c	8141952	1804
x d	8143756	12
x e	8143768	33
x f	8143801	15
x g	8143816	45
x h	8143861	54
x i	8143915	59
x j	8143974	20
x k	8143994	1
x l	8143995	27
x m	8144022	16898
x n	8160920	148
x o	8161068	52
x p	8161120	83
x q	8161203	18
x r	8161221	10
x s	8161231	444
x t	8161675	5
x u	8161680	1283
x v	8162963	40
x w	8163003	57
x x	8163060	5
x y	8163065	5
x z	8163070	4
x's	8163074	2
x-a	8163076	7
x-b	8163083	21
x-c	8163104	15
x-d	8163119	22
x-e	8163141	35
x-f	8163176	6
x-g	8163182	4
x-h	8163186	24
x-i	8163210	1
x-j	8163211	2
x-l	8163213	42
x-m	8163255	22
x-n	8163277	5
x-o	8163282	1
x-p	8163283	7
x-r	8163290	7
x-s	8163297	41
x-t	8163338	5
x-v	8163343	8
x-w	8163351	1
x-y	8163352	1
x. 	8163353	2
xa 	8163355	52
xa-	8163407	1
xaa	8163408	2
xab	8163410	5
xac	8163415	1267
xad	8164682	7
xag	8164689	4
xah	8164693	4
xai	8164697	26
xaj	8164723	2
xal	8164725	63
xam	8164788	25
xan	8164813	93
xao	8164906	3
xap	8164909	10
xaq	8164919	2
xar	8164921	21
xas	8164942	1301
xat	8166243	7
xau	8166250	3
xav	8166253	10
xax	8166263	5
xay	8166268	10
xaz	8166278	1
xba	8166279	3
xbe	8166282	4
xbi	8166286	3
xbo	8166289	12
xbr	8166301	5
xbu	8166306	17
xby	8166323	4
xca	8166327	328
xce	8166655	6
xch	8166661	5
xci	8166666	21
xco	8166687	89
xcr	8166776	2
xcu	8166778	19
xda	8166797	4
xde	8166801	1
xdo	8166802	9
xdr	8166811	1
xe 	8166812	48
xe-	8166860	3
xea	8166863	1
xeb	8166864	3
xec	8166867	4
xed	8166871	11
xee	8166882	1
xeg	8166883	2
xei	8166885	11
xek	8166896	8
xel	8166904	34
xem	8166938	242
xen	8167180	39
xep	8167219	1
xer	8167220	12
xes	8167232	2
xet	8167234	15
xeu	8167249	5
xev	8167254	3
xew	8167257	1
xex	8167258	1
xey	8167259	8
xez	8167267	1
xfa	8167268	1
xfi	8167269	5
xfo	8167274	36
xga	8167310	1
xgh	8167311	1
xgr	8167312	1
xha	8167313	19
xhe	8167332	30
xhi	8167362	15
xho	8167377	7
xhu	8167384	20
xi 	8167404	2639
xi'	8170043	7
xi-	8170050	2
xi.	8170052	2
xia	8170054	852
xib	8170906	14
xic	8170920	17167
xid	8188087	19
xie	8188106	51
xif	8188157	4
xig	8188161	18
xih	8188179	34
xii	8188213	6
xij	8188219	16
xik	8188235	26
xil	8188261	64
xim	8188325	26
xin	8188351	1232
xio	8189583	32
xip	8189615	17
xiq	8189632	17
xir	8189649	18
xis	8189667	26
xit	8189693	32
xiu	8189725	36
xiv	8189761	2
xiw	8189763	12
xix	8189775	28
xiy	8189803	19
xiz	8189822	20
xj 	8189842	422
xjo	8190264	1
xk 	8190265	77
xke	8190342	1
xko	8190343	2
xku	8190345	4
xkx	8190349	77
xla	8190426	4
xle	8190430	29
xli	8190459	3
xlo	8190462	4
xlu	8190466	2
xma	8190468	10
xme	8190478	9
xmi	8190487	8
xmo	8190495	8
xmu	8190503	3
xna	8190506	2
xne	8190508	1
xni	8190509	5
xno	8190514	1
xo 	8190515	51
xo'	8190566	2
xoa	8190568	5
xob	8190573	2
xoc	8190575	99
xog	8190674	1
xoh	8190675	1
xoi	8190676	6
xol	8190682	25
xom	8190707	11
xon	8190718	50
xop	8190768	5
xoq	8190773	2
xor	8190775	33
xos	8190808	6
xot	8190814	19
xou	8190833	5
xov	8190838	2
xox	8190840	13
xoy	8190853	5
xpa	8190858	33
xpe	8190891	8
xpi	8190899	1
xpo	8190900	2
xpu	8190902	3
xqu	8190905	20
xro	8190925	1
xru	8190926	1
xs 	8190927	3
xsa	8190930	2
xsh	8190932	1
xsm	8190933	1
xst	8190934	4
xsu	8190938	1
xt 	8190939	4
xt-	8190943	2
xta	8190945	62
xte	8191007	90
xth	8191097	13
xti	8191110	18
xtl	8191128	169
xto	8191297	85
xtr	8191382	372
xtu	8191754	5
xty	8191759	2
xu 	8191761	50
xu'	8191811	1
xua	8191812	31
xub	8191843	4
xuc	8191847	16
xud	8191863	2
xue	8191865	28
xuf	8191893	3
xug	8191896	2
xuh	8191898	4
xuj	8191902	15
xuk	8191917	4
xul	8191921	7
xum	8191928	8
xun	8191936	23
xuo	8191959	1
xup	8191960	3
xuq	8191963	3
xur	8191966	6
xus	8191972	6
xut	8191978	4
xuw	8191982	1
xux	8191983	6
xuy	8191989	10
xuz	8191999	5
xv.	8192004	1
xva	8192005	2
xvd	8192007	1
xve	8192008	3
xvi	8192011	16
xwa	8192027	1
xwe	8192028	7
xwi	8192035	3
xwo	8192038	6
xx.	8192044	1
xxa	8192045	3
xxi	8192048	5
xy 	8192053	10
xya	8192063	1
xye	8192064	2
xyl	8192066	4
xyn	8192070	1
y (	8192071	58
y -	8192129	1
y 0	8192130	418
y 1	8192548	100
y 2	8192648	44
y 3	8192692	189
y 4	8192881	26
y 5	8192907	39
y 6	8192946	106
y 7	8193052	3
y 8	8193055	1
y [	8193056	1
y a	8193057	972
y b	8194029	1023
y c	8195052	1393
y d	8196445	12151
y e	8208596	672
y f	8209268	163
y g	8209431	398
y h	8209829	1701
y i	8211530	12305
y j	8223835	131
y k	8223966	4255
y l	8228221	2408
y m	8230629	1676
y n	8232305	2146
y o	8234451	590
y p	8235041	982
y q	8236023	118
y r	8236141	265
y s	8236406	1157
y t	8237563	376
y u	8237939	2010
y v	8239949	396
y w	8240345	362
y x	8240707	19
y y	8240726	93
y z	8240819	202
y' 	8241021	1
y'a	8241022	1
y'i	8241023	2
y's	8241025	7
y) 	8241032	6
y, 	8241038	150
y-a	8241188	17
y-b	8241205	35
y-c	8241240	31
y-d	8241271	34
y-e	8241305	95
y-f	8241400	9
y-g	8241409	10
y-h	8241419	5
y-i	8241424	6
y-k	8241430	7
y-l	8241437	247
y-m	8241684	74
y-n	8241758	11
y-o	8241769	14
y-p	8241783	13
y-r	8241796	10
y-s	8241806	261
y-t	8242067	25
y-u	8242092	2
y-v	8242094	12
y-w	8242106	6
y-y	8242112	7
y. 	8242119	7
y/b	8242126	1
y/k	8242127	1
y@ 	8242128	1
ya 	8242129	7086
ya'	8249215	21
ya)	8249236	7
ya,	8249243	270
ya-	8249513	20
ya]	8249533	1
yaa	8249534	10
yab	8249544	282
yac	8249826	391
yad	8250217	82
yae	8250299	15
yaf	8250314	12
yag	8250326	193
yah	8250519	479
yai	8250998	35
yaj	8251033	10
yak	8251043	239
yal	8251282	356
yam	8251638	690
yan	8252328	2980
yao	8255308	151
yap	8255459	143
yaq	8255602	12
yar	8255614	961
yas	8256575	1373
yat	8257948	304
yau	8258252	102
yav	8258354	49
yaw	8258403	34
yax	8258437	17
yay	8258454	96
yaz	8258550	202
yb 	8258752	23
yb-	8258775	1
yba	8258776	64
ybb	8258840	11
ybc	8258851	1
ybe	8258852	104
ybi	8258956	20
ybk	8258976	3
ybl	8258979	4
ybn	8258983	15
ybo	8258998	46
ybr	8259044	31
ybu	8259075	30
ybv	8259105	1
ybw	8259106	1
yby	8259107	15
yc 	8259122	2
yca	8259124	47
yce	8259171	89
ych	8259260	240
yci	8259500	9
yck	8259509	12
ycl	8259521	4
yco	8259525	14
ycr	8259539	4
ycs	8259543	3
ycu	8259546	7
ycw	8259553	1
ycy	8259554	2
ycz	8259556	16
yd 	8259572	51
yd'	8259623	1
yd-	8259624	3
yda	8259627	130
ydb	8259757	3
ydc	8259760	1
ydd	8259761	128
yde	8259889	92
ydf	8259981	2
ydg	8259983	2
ydh	8259985	3
ydi	8259988	212
ydk	8260200	3
ydl	8260203	8
ydm	8260211	3
ydn	8260214	18
ydo	8260232	46
ydr	8260278	12
yds	8260290	3
ydt	8260293	1
ydu	8260294	11
ydy	8260305	5
ydz	8260310	3
ye 	8260313	5375
ye'	8265688	5
ye-	8265693	36
yea	8265729	14
yeb	8265743	28
yec	8265771	29
yed	8265800	41
yee	8265841	10
yef	8265851	5
yeg	8265856	39
yeh	8265895	110
yei	8266005	8
yej	8266013	1
yek	8266014	32
yel	8266046	135
yem	8266181	351
yen	8266532	304
yeo	8266836	253
yep	8267089	13
yeq	8267102	67
yer	8267169	285
yes	8267454	185
yet	8267639	99
yeu	8267738	24
yev	8267762	288
yew	8268050	6
yex	8268056	3
yey	8268059	24
yez	8268083	14
yf 	8268097	14
yfa	8268111	79
yfe	8268190	6
yff	8268196	5
yfi	8268201	39
yfl	8268240	4
yfo	8268244	13
yft	8268257	1
yfu	8268258	1
yg 	8268259	6
yg-	8268265	1
yga	8268266	32
ygd	8268298	26
yge	8268324	40
ygg	8268364	5
ygh	8268369	29
ygi	8268398	12
ygl	8268410	8
ygn	8268418	4
ygo	8268422	21
ygr	8268443	3
ygu	8268446	434
ygy	8268880	2
yh 	8268882	5
yha	8268887	57
yhe	8268944	12
yhi	8268956	15
yhk	8268971	1
yhl	8268972	6
yho	8268978	26
yhr	8269004	2
yht	8269006	3
yhu	8269009	12
yhy	8269021	2
yi 	8269023	425
yi'	8269448	3
yi)	8269451	1
yi-	8269452	7
yia	8269459	9
yib	8269468	9
yic	8269477	11
yid	8269488	17
yie	8269505	3
yif	8269508	4
yig	8269512	18
yih	8269530	15
yij	8269545	10
yik	8269555	23
yil	8269578	41
yim	8269619	32
yin	8269651	347
yio	8269998	16
yip	8270014	7
yiq	8270021	4
yir	8270025	62
yis	8270087	32
yit	8270119	49
yiu	8270168	2
yiv	8270170	377
yiw	8270547	4
yix	8270551	6
yiy	8270557	5
yiz	8270562	13
yj 	8270575	1
yja	8270576	325
yje	8270901	5
yji	8270906	4
yjo	8270910	2
yk 	8270912	82
yk'	8270994	60
yk-	8271054	19
yka	8271073	165
ykb	8271238	2
ykc	8271240	3
yke	8271243	23
ykh	8271266	99
yki	8271365	97
ykj	8271462	2
ykk	8271464	8
ykl	8271472	3
ykn	8271475	1
yko	8271476	417
ykr	8271893	6
yks	8271899	7
ykt	8271906	2
yku	8271908	59
ykv	8271967	2
yky	8271969	51
yl 	8272020	50
yl'	8272070	6
yl-	8272076	16
yla	8272092	775
ylb	8272867	5
yld	8272872	10
yle	8272882	77
ylg	8272959	2
ylh	8272961	9
yli	8272970	180
ylk	8273150	13
yll	8273163	235
ylm	8273398	4
yln	8273402	6
ylo	8273408	106
ylp	8273514	1
yls	8273515	8
ylt	8273523	5
ylu	8273528	10
ylv	8273538	1507
ylw	8275045	2
yly	8275047	13
ylz	8275060	2
ym 	8275062	585
ym'	8275647	1
ym-	8275648	1
yma	8275649	187
ymb	8275836	12
ymc	8275848	6
yme	8275854	63
ymf	8275917	3
ymg	8275920	1
ymi	8275921	43
ymk	8275964	8
ymm	8275972	2
ymn	8275974	11
ymo	8275985	118
ymp	8276103	39
yms	8276142	11
ymu	8276153	8
ymw	8276161	1
ymy	8276162	19
yn 	8276181	758
yn'	8276939	3
yn-	8276942	9
yna	8276951	164
ynb	8277115	3
ync	8277118	14
ynd	8277132	39
yne	8277171	280
ynf	8277451	2
yng	8277453	17
ynh	8277470	13
yni	8277483	133
ynj	8277616	1
ynk	8277617	48
ynl	8277665	3
ynm	8277668	2
ynn	8277670	46
yno	8277716	119
ynp	8277835	1
ynr	8277836	1
yns	8277837	203
ynt	8278040	71
ynu	8278111	11
ynw	8278122	7
yny	8278129	57
ynz	8278186	2
yo 	8278188	861
yo'	8279049	1
yo)	8279050	3
yo-	8279053	12
yo/	8279065	2
yoa	8279067	17
yob	8279084	39
yoc	8279123	51
yod	8279174	23
yoe	8279197	4
yof	8279201	4
yog	8279205	99
yoh	8279304	13
yoi	8279317	5
yoj	8279322	8
yok	8279330	48
yol	8279378	91
yom	8279469	129
yon	8279598	562
yoo	8280160	15
yop	8280175	10
yoq	8280185	4
yor	8280189	1502
yos	8281691	111
yot	8281802	193
you	8281995	131
yov	8282126	20
yow	8282146	3
yox	8282149	3
yoy	8282152	5
yoz	8282157	27
yp 	8282184	8
ypa	8282192	19
ypc	8282211	2
ype	8282213	8
yph	8282221	2
ypi	8282223	20
ypk	8282243	1
ypl	8282244	1
ypn	8282245	7
ypo	8282252	30
ypr	8282282	148
yps	8282430	10
ypt	8282440	267
ypu	8282707	7
ypy	8282714	2
yq 	8282716	3
yqa	8282719	5
yqu	8282724	4
yr 	8282728	115
yr'	8282843	3
yr-	8282846	17
yra	8282863	184
yrb	8283047	2
yrc	8283049	2
yrd	8283051	2
yre	8283053	90
yrf	8283143	1
yrg	8283144	124
yrh	8283268	9
yri	8283277	416
yrk	8283693	17
yrl	8283710	5
yrm	8283715	5
yrn	8283720	33
yro	8283753	109
yrr	8283862	2
yrs	8283864	122
yrt	8283986	15
yru	8284001	13
yrv	8284014	2
yry	8284016	23
yrz	8284039	12
ys 	8284051	193
ys'	8284244	3
ys-	8284247	1009
ysa	8285256	69
ysb	8285325	19
ysc	8285344	2
ysd	8285346	4
yse	8285350	64
ysf	8285414	2
ysg	8285416	1
ysh	8285417	195
ysi	8285612	795
ysk	8286407	375
ysl	8286782	246
ysm	8287028	7
ysn	8287035	5
yso	8287040	252
ysp	8287292	4
yss	8287296	51
yst	8287347	246
ysu	8287593	16
ysv	8287609	28
ysw	8287637	6
ysy	8287643	370
ysz	8288013	30
yt 	8288043	125
yt-	8288168	4
yta	8288172	58
ytc	8288230	3
yte	8288233	44
yth	8288277	53
yti	8288330	284
ytk	8288614	10
ytl	8288624	7
ytm	8288631	1
ytn	8288632	33
yto	8288665	252
ytr	8288917	26
yts	8288943	327
ytt	8289270	17
ytu	8289287	32
ytv	8289319	6
ytw	8289325	1
yty	8289326	11
ytz	8289337	1
yu 	8289338	237
yu'	8289575	2
yu-	8289577	1
yua	8289578	321
yub	8289899	61
yuc	8289960	379
yud	8290339	26
yue	8290365	99
yuf	8290464	6
yug	8290470	55
yuh	8290525	19
yui	8290544	2
yuj	8290546	17
yuk	8290563	116
yul	8290679	75
yum	8290754	94
yun	8290848	629
yuo	8291477	2
yup	8291479	14
yuq	8291493	18
yur	8291511	188
yus	8291699	81
yut	8291780	86
yuu	8291866	5
yuv	8291871	13
yuw	8291884	6
yux	8291890	17
yuy	8291907	13
yuz	8291920	51
yv 	8291971	12
yv-	8291983	1
yva	8291984	72
yvb	8292056	1
yve	8292057	41
yvi	8292098	141
yvk	8292239	5
yvl	8292244	1
yvn	8292245	4
yvo	8292249	22
yvr	8292271	3
yvt	8292274	3
yvu	8292277	2
yvy	8292279	5
yw 	8292284	2
ywa	8292286	27
ywc	8292313	1
ywd	8292314	1
ywe	8292315	12
ywi	8292327	5
ywn	8292332	3
ywo	8292335	29
ywy	8292364	1
yxa	8292365	2
yxi	8292367	1
yy 	8292368	402
yy-	8292770	2
yya	8292772	73
yyd	8292845	1
yye	8292846	49
yyi	8292895	20
yyj	8292915	1
yyk	8292916	1
yyl	8292917	2
yyn	8292919	6
yyo	8292925	7
yyr	8292932	2
yyu	8292934	17
yz 	8292951	41
yz-	8292992	1
yza	8292993	23
yzb	8293016	1
yzd	8293017	3
yze	8293020	16
yzg	8293036	3
yzh	8293039	52
yzi	8293091	5
yzk	8293096	3
yzl	8293099	2
yzn	8293101	9
yzo	8293110	15
yzr	8293125	1
yzs	8293126	112
yzt	8293238	1
yzy	8293239	41
z (	8293280	44
z -	8293324	1
z /	8293325	2
z 0	8293327	19
z 1	8293346	64
z 2	8293410	8
z 3	8293418	56
z [	8293474	4
z a	8293478	447
z b	8293925	357
z c	8294282	3807
z d	8298089	2387
z e	8300476	80
z f	8300556	33
z g	8300589	135
z h	8300724	285
z i	8301009	330
z j	8301339	37
z k	8301376	417
z l	8301793	131
z m	8301924	336
z n	8302260	824
z o	8303084	82
z p	8303166	147
z q	8303313	26
z r	8303339	2692
z s	8306031	484
z t	8306515	531
z u	8307046	537
z v	8307583	97
z w	8307680	63
z x	8307743	7
z y	8307750	15
z z	8307765	126
z' 	8307891	2
z'a	8307893	1
z'm	8307894	8
z'u	8307902	1
z) 	8307903	26
z-a	8307929	5
z-b	8307934	10
z-c	8307944	6
z-d	8307950	7
z-e	8307957	18
z-f	8307975	1
z-g	8307976	3
z-h	8307979	5
z-j	8307984	1
z-k	8307985	2
z-l	8307987	23
z-m	8308010	10
z-n	8308020	48
z-o	8308068	1
z-p	8308069	3
z-q	8308072	1
z-r	8308073	4
z-s	8308077	10
z-t	8308087	3
z-u	8308090	1
z-v	8308091	3
z-w	8308094	1
z-z	8308095	5
za 	8308100	2243
za'	8310343	8
za)	8310351	4
za-	8310355	84
zaa	8310439	20
zab	8310459	393
zac	8310852	799
zad	8311651	171
zae	8311822	4
zaf	8311826	1015
zag	8312841	385
zah	8313226	98
zai	8313324	86
zaj	8313410	34
zak	8313444	938
zal	8314382	485
zam	8314867	507
zan	8315374	1908
zao	8317282	53
zap	8317335	489
zaq	8317824	78
zar	8317902	1223
zas	8319125	124
zat	8319249	236
zau	8319485	267
zav	8319752	280
zaw	8320032	78
zax	8320110	17
zay	8320127	82
zaz	8320209	21
zba	8320230	56
zbe	8320286	252
zbi	8320538	14
zbl	8320552	1
zbn	8320553	4
zbo	8320557	24
zbr	8320581	6
zbu	8320587	246
zby	8320833	5
zca	8320838	26
zce	8320864	76
zch	8320940	12
zci	8320952	14
zco	8320966	12
zcu	8320978	8
zcz	8320986	82
zd 	8321068	56
zd'	8321124	1
zd-	8321125	1
zda	8321126	31
zde	8321157	31
zdi	8321188	94
zdk	8321282	1
zdl	8321283	1
zdn	8321284	7
zdo	8321291	47
zdr	8321338	35
zdu	8321373	7
zdv	8321380	5
zdy	8321385	5
zdz	8321390	9
ze 	8321399	595
ze-	8321994	32
zea	8322026	772
zeb	8322798	53
zec	8322851	2855
zed	8325706	33
zee	8325739	122
zef	8325861	11
zeg	8325872	380
zeh	8326252	39
zei	8326291	59
zej	8326350	10
zek	8326360	39
zel	8326399	406
zem	8326805	253
zen	8327058	713
zeo	8327771	6
zep	8327777	40
zeq	8327817	7
zer	8327824	2494
zes	8330318	207
zet	8330525	80
zeu	8330605	23
zev	8330628	82
zew	8330710	83
zey	8330793	31
zez	8330824	30
zfa	8330854	1
zfe	8330855	15
zfn	8330870	1
zfo	8330871	1
zfu	8330872	2
zg 	8330874	16
zg'	8330890	1
zga	8330891	142
zge	8331033	10
zgh	8331043	4
zgi	8331047	8
zgl	8331055	1
zgo	8331056	36
zgr	8331092	12
zgu	8331104	5
zgy	8331109	1
zh 	8331110	792
zh'	8331902	13
zha	8331915	666
zhb	8332581	12
zhc	8332593	2
zhd	8332595	30
zhe	8332625	1579
zhg	8334204	2
zhh	8334206	2
zhi	8334208	1215
zhk	8335423	11
zhl	8335434	2
zhm	8335436	6
zhn	8335442	146
zho	8335588	801
zhs	8336389	150
zht	8336539	1
zhu	8336540	683
zhv	8337223	7
zhy	8337230	159
zhz	8337389	12
zi 	8337401	608
zi'	8338009	3
zi-	8338012	7
zia	8338019	687
zib	8338706	50
zic	8338756	95
zid	8338851	33
zie	8338884	249
zif	8339133	4
zig	8339137	113
zih	8339250	15
zii	8339265	10
zij	8339275	15
zik	8339290	44
zil	8339334	6166
zim	8345500	138
zin	8345638	458
zio	8346096	760
zip	8346856	21
ziq	8346877	8
zir	8346885	89
zis	8346974	57
zit	8347031	58
ziu	8347089	7
ziv	8347096	42
ziw	8347138	9
zix	8347147	3
ziy	8347150	30
ziz	8347180	1042
zj 	8348222	1009
zja	8349231	18
zje	8349249	8
zk 	8349257	5
zka	8349262	236
zke	8349498	14
zki	8349512	231
zkl	8349743	3
zko	8349746	80
zkr	8349826	8
zku	8349834	4
zkv	8349838	2
zky	8349840	5
zl 	8349845	29
zla	8349874	72
zle	8349946	32
zli	8349978	326
zlj	8350304	1
zlk	8350305	1
zlo	8350306	56
zlr	8350362	1
zlu	8350363	21
zly	8350384	10
zm 	8350394	114
zm-	8350508	1
zma	8350509	62
zmb	8350571	98
zme	8350669	13
zmi	8350682	143
zmo	8350825	13
zmu	8350838	5
zmy	8350843	2
zn 	8350845	139
zn'	8350984	1
zna	8350985	109
zne	8351094	61
zni	8351155	107
znj	8351262	2
znk	8351264	1
zno	8351265	93
zny	8351358	30
zo 	8351388	931
zo)	8352319	9
zo-	8352328	7
zoa	8352335	51
zob	8352386	34
zoc	8352420	27
zod	8352447	14
zoe	8352461	10
zof	8352471	6
zog	8352477	26
zoh	8352503	9
zoi	8352512	13
zoj	8352525	6
zok	8352531	13
zol	8352544	227
zom	8352771	42
zon	8352813	1714
zoo	8354527	9
zop	8354536	20
zoq	8354556	27
zor	8354583	169
zos	8354752	51
zot	8354803	38
zou	8354841	144
zov	8354985	148
zow	8355133	585
zoy	8355718	27
zoz	8355745	17
zpa	8355762	4
zpe	8355766	8
zpi	8355774	6
zpo	8355780	4
zpr	8355784	38
zpu	8355822	9
zqa	8355831	2
zqu	8355833	57
zr 	8355890	1
zra	8355891	54
zre	8355945	26
zri	8355971	5
zrk	8355976	1
zrl	8355977	1
zrn	8355978	3
zro	8355981	15
zru	8355996	4
zsa	8356000	12
zsc	8356012	35
zse	8356047	12
zsi	8356059	4
zsk	8356063	241
zso	8356304	9
zsr	8356313	1
zst	8356314	121
zsu	8356435	1
zsy	8356436	1
zsz	8356437	2
zt 	8356439	3
zt'	8356442	1
zta	8356443	38
zte	8356481	69
zth	8356550	4
zti	8356554	7
ztl	8356561	7
zto	8356568	30
zts	8356598	4
ztu	8356602	8
ztv	8356610	1
zty	8356611	5
zu 	8356616	403
zu'	8357019	2
zu-	8357021	4
zua	8357025	48
zub	8357073	32
zuc	8357105	26
zud	8357131	8
zue	8357139	523
zuf	8357662	9
zug	8357671	20
zuh	8357691	10
zui	8357701	260
zuj	8357961	3
zuk	8357964	14
zul	8357978	259
zum	8358237	84
zun	8358321	76
zuo	8358397	83
zup	8358480	1181
zuq	8359661	8
zur	8359669	1476
zus	8361145	13
zut	8361158	16
zuu	8361174	10
zuv	8361184	3
zuw	8361187	5
zux	8361192	10
zuy	8361202	10
zuz	8361212	11
zv 	8361223	2
zva	8361225	18
zve	8361243	23
zvi	8361266	71
zvo	8361337	53
zvy	8361390	5
zw 	8361395	69
zwa	8361464	28
zwe	8361492	102
zwi	8361594	46
zwn	8361640	1
zwo	8361641	10
zwy	8361651	1
zy 	8361652	84
zy-	8361736	12
zya	8361748	15
zyb	8361763	20
zyc	8361783	113
zyd	8361896	12
zye	8361908	7
zyg	8361915	9
zyi	8361924	1
zyk	8361925	21
zyl	8361946	43
zym	8361989	13
zyn	8362002	133
zyo	8362135	10
zyp	8362145	1
zyr	8362146	23
zys	8362169	165
zyt	8362334	13
zyu	8362347	9
zyv	8362356	2
zyw	8362358	15
zyy	8362373	1
zyz	8362374	20
zz 	8362394	444
zza	8362838	307
zze	8363145	44
zzh	8363189	1
zzi	8363190	45
zzl	8363235	1
zzo	8363236	638
zzu	8363874	15
