  0	0	578
  1	578	633
  2	1211	408
  3	1619	308
  4	1927	277
  5	2204	161
  6	2365	134
  7	2499	109
  8	2608	89
  9	2697	53
  a	2750	6926
  b	9676	6370
  c	16046	12075
  d	28121	16697
  e	44818	2277
  f	47095	1521
  g	48616	4592
  h	53208	2685
  i	55893	3012
  j	58905	1951
  k	60856	4940
  l	65796	3379
  m	69175	10416
  n	79591	3407
  o	82998	4250
  p	87248	7024
  q	94272	616
  r	94888	5059
  s	99947	10150
  t	110097	4382
  u	114479	1146
  v	115625	2131
  w	117756	1445
  x	119201	262
  y	119463	1039
  z	120502	899
 00	121401	17
 01	121418	61
 02	121479	61
 03	121540	65
 04	121605	67
 05	121672	73
 06	121745	66
 07	121811	58
 08	121869	57
 09	121926	53
 1 	121979	24
 10	122003	95
 11	122098	76
 12	122174	78
 13	122252	68
 14	122320	55
 15	122375	56
 16	122431	49
 17	122480	39
 18	122519	48
 19	122567	42
 1e	122609	2
 1r	122611	1
 2 	122612	22
 20	122634	67
 21	122701	57
 22	122758	52
 23	122810	37
 24	122847	34
 25	122881	33
 26	122914	26
 27	122940	28
 28	122968	28
 29	122996	20
 2a	123016	1
 2b	123017	1
 2e	123018	2
 3 	123020	21
 30	123041	41
 31	123082	51
 32	123133	40
 33	123173	33
 34	123206	27
 35	123233	19
 36	123252	17
 37	123269	22
 38	123291	15
 39	123306	19
 3e	123325	2
 3r	123327	1
 4 	123328	18
 40	123346	40
 41	123386	33
 42	123419	40
 43	123459	34
 44	123493	20
 45	123513	20
 46	123533	22
 47	123555	16
 48	123571	14
 49	123585	18
 4e	123603	2
 5 	123605	19
 50	123624	23
 51	123647	19
 52	123666	22
 53	123688	16
 54	123704	9
 55	123713	12
 56	123725	12
 57	123737	9
 58	123746	10
 59	123756	8
 5e	123764	2
 6 	123766	16
 60	123782	16
 61	123798	14
 62	123812	11
 63	123823	16
 64	123839	15
 65	123854	9
 66	123863	10
 67	123873	8
 68	123881	8
 69	123889	7
 6a	123896	1
 6e	123897	2
 6t	123899	1
 7 	123900	16
 70	123916	12
 71	123928	20
 72	123948	14
 73	123962	8
 74	123970	6
 75	123976	6
 76	123982	5
 77	123987	6
 78	123993	5
 79	123998	9
 7e	124007	1
 7t	124008	1
 8 	124009	16
 80	124025	21
 81	124046	16
 82	124062	7
 83	124069	5
 84	124074	5
 85	124079	4
 86	124083	3
 87	124086	3
 88	124089	2
 89	124091	5
 8e	124096	1
 8t	124097	1
 9 	124098	15
 90	124113	5
 91	124118	6
 92	124124	5
 93	124129	3
 94	124132	3
 95	124135	4
 96	124139	2
 97	124141	6
 98	124147	1
 99	124148	2
 9e	124150	1
 a 	124151	102
 aa	124253	24
 ab	124277	273
 ac	124550	148
 ad	124698	233
 ae	124931	16
 af	124947	57
 ag	125004	637
 ah	125641	70
 ai	125711	163
 aj	125874	29
 ak	125903	223
 al	126126	1344
 am	127470	1147
 an	128617	847
 ao	129464	21
 ap	129485	127
 aq	129612	35
 ar	129647	818
 as	130465	333
 at	130798	239
 au	131037	317
 av	131354	70
 aw	131424	28
 ax	131452	10
 ay	131462	109
 az	131571	88
 b 	131659	29
 ba	131688	2803
 bb	134491	6
 bc	134497	8
 bd	134505	6
 be	134511	1014
 bf	135525	3
 bg	135528	11
 bh	135539	35
 bi	135574	379
 bj	135953	13
 bk	135966	7
 bl	135973	137
 bm	136110	4
 bn	136114	9
 bo	136123	957
 bp	137080	2
 bq	137082	3
 br	137085	501
 bs	137586	8
 bt	137594	6
 bu	137600	663
 bv	138263	2
 bw	138265	14
 by	138279	36
 bz	138315	5
 c 	138320	28
 ca	138348	1939
 cb	140287	4
 cc	140291	4
 ce	140295	503
 cf	140798	1
 cg	140799	2
 ch	140801	1274
 ci	142075	555
 cj	142630	1
 ck	142631	2
 cl	142633	155
 cm	142788	10
 cn	142798	5
 co	142803	7855
 cp	150658	5
 cq	150663	1
 cr	150664	350
 cs	151014	11
 ct	151025	9
 cu	151034	321
 cv	151355	2
 cw	151357	3
 cy	151360	8
 cz	151368	7
 d 	151375	186
 da	151561	918
 db	152479	5
 dc	152484	3
 dd	152487	17
 de	152504	7962
 df	160466	1
 dg	160467	3
 dh	160470	56
 di	160526	6721
 dj	167247	59
 dk	167306	3
 dl	167309	3
 dm	167312	5
 dn	167317	12
 do	167329	1430
 dq	168759	1
 dr	168760	124
 ds	168884	4
 dt	168888	5
 du	168893	449
 dv	169342	8
 dw	169350	9
 dy	169359	12
 dz	169371	47
 e 	169418	485
 ea	169903	232
 eb	170135	13
 ec	170148	29
 ed	170177	64
 ee	170241	7
 ef	170248	13
 eg	170261	24
 eh	170285	7
 ei	170292	19
 ej	170311	8
 ek	170319	23
 el	170342	462
 em	170804	60
 en	170864	143
 eo	171007	4
 ep	171011	28
 eq	171039	7
 er	171046	107
 es	171153	372
 et	171525	150
 eu	171675	29
 ev	171704	26
 ew	171730	7
 ex	171737	17
 ey	171754	17
 ez	171771	24
 f 	171795	15
 fa	171810	293
 fc	172103	2
 fd	172105	1
 fe	172106	225
 ff	172331	1
 fg	172332	2
 fh	172334	2
 fi	172336	122
 fj	172458	5
 fk	172463	1
 fl	172464	158
 fm	172622	3
 fn	172625	1
 fo	172626	219
 fp	172845	2
 fq	172847	1
 fr	172848	349
 fs	173197	2
 ft	173199	3
 fu	173202	130
 fv	173332	1
 fw	173333	1
 fy	173334	22
 g 	173356	19
 ga	173375	522
 gb	173897	34
 gc	173931	2
 gd	173933	9
 ge	173942	613
 gg	174555	1
 gh	174556	126
 gi	174682	180
 gj	174862	14
 gk	174876	2
 gl	174878	99
 gm	174977	2
 gn	174979	10
 go	174989	1077
 gp	176066	4
 gq	176070	1
 gr	176071	677
 gs	176748	2
 gt	176750	1
 gu	176751	1279
 gv	178030	4
 gw	178034	39
 gx	178073	1
 gy	178074	26
 gz	178100	5
 h 	178105	16
 ha	178121	875
 hb	178996	5
 hc	179001	2
 hd	179003	3
 he	179006	244
 hh	179250	3
 hi	179253	340
 hj	179593	6
 hk	179599	5
 hl	179604	15
 hm	179619	5
 hn	179624	4
 ho	179628	408
 hp	180036	5
 hr	180041	24
 hs	180065	4
 ht	180069	2
 hu	180071	854
 hv	180925	8
 hw	180933	11
 hy	180944	16
 i 	180960	127
 ia	181087	35
 ib	181122	458
 ic	181580	29
 id	181609	37
 ie	181646	13
 if	181659	27
 ig	181686	79
 ih	181765	16
 ii	181781	24
 ij	181805	381
 ik	182186	42
 il	182228	912
 im	183140	69
 in	183209	252
 io	183461	23
 ip	183484	85
 iq	183569	3
 ir	183572	100
 is	183672	331
 it	184003	252
 iu	184255	4
 iv	184259	61
 iw	184320	30
 ix	184350	62
 iy	184412	18
 iz	184430	59
 j 	184489	9
 ja	184498	730
 jb	185228	3
 jd	185231	2
 je	185233	204
 jg	185437	2
 jh	185439	16
 ji	185455	129
 jj	185584	1
 jk	185585	3
 jl	185588	4
 jm	185592	1
 jn	185593	1
 jo	185594	471
 jr	186065	3
 js	186068	2
 jt	186070	1
 ju	186071	411
 jw	186482	3
 jx	186485	1
 jy	186486	1
 k 	186487	21
 ka	186508	1710
 kb	188218	6
 kc	188224	2
 kd	188226	5
 ke	188231	312
 kf	188543	2
 kg	188545	10
 kh	188555	503
 ki	189058	424
 kj	189482	1
 kk	189483	3
 kl	189486	74
 km	189560	5
 kn	189565	33
 ko	189598	1314
 kp	190912	12
 kr	190924	304
 ks	191228	20
 kt	191248	5
 ku	191253	420
 kv	191673	13
 kw	191686	52
 ky	191738	81
 kz	191819	1
 l 	191820	70
 la	191890	1427
 lb	193317	3
 lc	193320	4
 ld	193324	3
 le	193327	426
 lg	193753	5
 lh	193758	5
 li	193763	506
 lj	194269	10
 lk	194279	3
 ll	194282	40
 lm	194322	3
 ln	194325	3
 lo	194328	565
 lp	194893	5
 lr	194898	2
 ls	194900	2
 lt	194902	2
 lu	194904	407
 lv	195311	3
 lw	195314	5
 lx	195319	1
 ly	195320	44
 m 	195364	34
 ma	195398	2706
 mb	198104	55
 mc	198159	56
 md	198215	13
 me	198228	619
 mf	198847	6
 mg	198853	12
 mh	198865	13
 mi	198878	859
 mj	199737	5
 mk	199742	57
 ml	199799	12
 mm	199811	39
 mn	199850	12
 mo	199862	1075
 mp	200937	27
 mq	200964	2
 mr	200966	10
 ms	200976	12
 mt	200988	20
 mu	201008	5504
 mv	206512	6
 mw	206518	19
 my	206537	59
 mz	206596	2
 n 	206598	29
 na	206627	749
 nb	207376	9
 nc	207385	9
 nd	207394	26
 ne	207420	320
 nf	207740	1
 ng	207741	131
 nh	207872	29
 ni	207901	328
 nj	208229	7
 nk	208236	28
 nl	208264	6
 nm	208270	8
 nn	208278	4
 no	208282	1554
 np	209836	3
 nq	209839	1
 nr	209840	2
 ns	209842	24
 nt	209866	26
 nu	209892	180
 nv	210072	3
 nw	210075	16
 nx	210091	2
 ny	210093	86
 nz	210179	11
 o 	210190	34
 oa	210224	18
 ob	210242	664
 oc	210906	91
 od	210997	52
 oe	211049	70
 of	211119	1454
 og	212573	66
 oh	212639	16
 oi	212655	16
 oj	212671	14
 ok	212685	671
 ol	213356	162
 om	213518	63
 on	213581	146
 oo	213727	10
 op	213737	514
 oq	214251	5
 or	214256	459
 os	214715	136
 ot	214851	69
 ou	214920	193
 ov	215113	39
 ow	215152	19
 ox	215171	10
 oy	215181	20
 oz	215201	24
 p 	215225	28
 p1	215253	1
 p2	215254	1
 p3	215255	1
 p4	215256	1
 p5	215257	1
 p6	215258	1
 p7	215259	1
 pa	215260	1991
 pb	217251	4
 pc	217255	2
 pd	217257	3
 pe	217260	738
 pf	217998	4
 pg	218002	1
 ph	218003	350
 pi	218353	519
 pk	218872	2
 pl	218874	203
 pm	219077	4
 pn	219081	6
 po	219087	1157
 pp	220244	1
 pr	220245	1945
 ps	222190	12
 pt	222202	7
 pu	222209	361
 pv	222570	3
 pw	222573	5
 py	222578	37
 pz	222615	1
 q 	222616	7
 qa	222623	191
 qb	222814	2
 qc	222816	1
 qe	222817	9
 qh	222826	1
 qi	222827	30
 ql	222857	3
 qo	222860	23
 qq	222883	1
 qr	222884	2
 qt	222886	1
 qu	222887	357
 qv	223244	1
 qy	223245	5
 r 	223250	15
 ra	223265	2503
 rb	225768	3
 rc	225771	6
 rd	225777	4
 re	225781	1175
 rf	226956	2
 rg	226958	8
 rh	226966	23
 ri	226989	633
 rj	227622	3
 rk	227625	3
 rl	227628	1
 rm	227629	5
 rn	227634	4
 ro	227638	540
 rp	228178	1
 rr	228179	3
 rs	228182	4
 rt	228186	3
 ru	228189	226
 rv	228415	1
 rw	228416	2
 ry	228418	24
 rz	228442	5
 s 	228447	118
 sa	228565	3677
 sb	232242	11
 sc	232253	96
 sd	232349	15
 se	232364	875
 sf	233239	17
 sg	233256	10
 sh	233266	1969
 si	235235	756
 sj	235991	12
 sk	236003	234
 sl	236237	106
 sm	236343	57
 sn	236400	29
 so	236429	834
 sp	237263	109
 sq	237372	2
 sr	237374	108
 ss	237482	10
 st	237492	629
 su	238121	1126
 sv	239247	90
 sw	239337	52
 sx	239389	2
 sy	239391	40
 sz	239431	32
 t 	239463	19
 ta	239482	997
 tb	240479	8
 tc	240487	13
 te	240500	614
 tf	241114	3
 tg	241117	1
 th	241118	507
 ti	241625	382
 tj	242007	6
 tk	242013	6
 tl	242019	83
 tm	242102	1
 tn	242103	7
 to	242110	772
 tp	242882	2
 tq	242884	1
 tr	242885	371
 ts	243256	154
 tt	243410	4
 tu	243414	556
 tv	243970	9
 tw	243979	20
 tx	243999	2
 ty	244001	37
 tz	244038	6
 u 	244044	19
 ua	244063	12
 ub	244075	32
 uc	244107	15
 ud	244122	38
 ue	244160	5
 uf	244165	3
 ug	244168	16
 uh	244184	3
 ui	244187	20
 uj	244207	6
 uk	244213	21
 ul	244234	102
 um	244336	53
 un	244389	160
 uo	244549	3
 up	244552	59
 uq	244611	4
 ur	244615	380
 us	244995	77
 ut	245072	79
 uu	245151	17
 uv	245168	16
 uw	245184	5
 ux	245189	1
 uy	245190	17
 uz	245207	16
 v 	245223	10
 va	245233	706
 vb	245939	3
 vc	245942	3
 vd	245945	3
 ve	245948	369
 vf	246317	1
 vg	246318	2
 vh	246320	4
 vi	246324	772
 vk	247096	1
 vl	247097	41
 vm	247138	1
 vn	247139	1
 vo	247140	179
 vr	247319	30
 vs	247349	6
 vt	247355	3
 vu	247358	51
 vv	247409	4
 vw	247413	1
 vy	247414	25
 w 	247439	10
 wa	247449	556
 wb	248005	4
 wc	248009	1
 wd	248010	3
 we	248013	377
 wf	248390	3
 wg	248393	3
 wh	248396	61
 wi	248457	302
 wk	248759	2
 wl	248761	11
 wn	248772	6
 wo	248778	120
 wp	248898	3
 wr	248901	15
 ws	248916	6
 wt	248922	3
 wu	248925	30
 wv	248955	1
 ww	248956	1
 wx	248957	1
 wy	248958	16
 x 	248974	7
 xa	248981	126
 xb	249107	1
 xc	249108	1
 xe	249109	9
 xg	249118	1
 xh	249119	1
 xi	249120	60
 xj	249180	1
 xo	249181	24
 xs	249205	1
 xu	249206	25
 xv	249231	5
 xx	249236	4
 xy	249240	3
 xz	249243	1
 y 	249244	33
 ya	249277	529
 yb	249806	2
 yd	249808	1
 ye	249809	194
 yg	250003	2
 yh	250005	2
 yi	250007	26
 yk	250033	1
 yl	250034	3
 ym	250037	1
 yn	250038	4
 yo	250042	143
 yp	250185	4
 yr	250189	6
 ys	250195	6
 yt	250201	2
 yu	250203	101
 yv	250304	4
 z 	250308	9
 za	250317	368
 zb	250685	1
 zd	250686	5
 ze	250691	92
 zg	250783	7
 zh	250790	84
 zi	250874	103
 zj	250977	2
 zl	250979	15
 zm	250994	4
 zn	250998	7
 zo	251005	124
 zr	251129	4
 zs	251133	1
 zu	251134	87
 zv	251221	18
 zw	251239	5
 zy	251244	4
 zz	251248	1
00 	251249	9
001	251258	1
002	251259	3
003	251262	1
004	251263	2
005	251265	1
006	251266	1
007	251267	2
008	251269	1
009	251270	1
01 	251271	70
010	251341	2
011	251343	2
012	251345	1
013	251346	1
014	251347	1
015	251348	2
016	251350	2
017	251352	1
018	251353	1
019	251354	1
02 	251355	71
020	251426	1
021	251427	1
022	251428	2
023	251430	1
024	251431	1
025	251432	1
026	251433	2
027	251435	1
028	251436	1
029	251437	1
03 	251438	75
030	251513	1
031	251514	1
032	251515	1
033	251516	2
034	251518	1
035	251519	2
036	251521	1
037	251522	2
038	251524	1
039	251525	2
04 	251527	70
040	251597	1
041	251598	3
042	251601	2
043	251603	2
044	251605	1
045	251606	1
046	251607	2
047	251609	3
048	251612	1
049	251613	2
05 	251615	72
050	251687	3
051	251690	2
052	251692	2
053	251694	2
054	251696	2
055	251698	2
056	251700	2
057	251702	2
058	251704	2
059	251706	3
06 	251709	66
060	251775	1
061	251776	2
062	251778	2
063	251780	2
064	251782	2
065	251784	2
066	251786	1
067	251787	3
068	251790	2
069	251792	2
07 	251794	63
070	251857	1
071	251858	2
072	251860	1
073	251861	3
074	251864	1
075	251865	1
076	251866	1
077	251867	2
078	251869	1
079	251870	1
08 	251871	61
080	251932	2
081	251934	1
082	251935	1
083	251936	1
084	251937	1
085	251938	1
086	251939	1
087	251940	2
088	251942	2
089	251944	2
09 	251946	57
090	252003	1
091	252004	2
092	252006	1
093	252007	1
094	252008	2
095	252010	1
096	252011	1
097	252012	2
098	252014	1
099	252015	2
0a 	252017	1
0b 	252018	1
0c 	252019	1
0em	252020	1
0r 	252021	1
0th	252022	1
10 	252023	67
100	252090	3
101	252093	5
102	252098	5
103	252103	4
104	252107	4
105	252111	4
106	252115	5
107	252120	4
108	252124	4
109	252128	4
10e	252132	1
10t	252133	1
11 	252134	71
110	252205	3
111	252208	4
112	252212	3
113	252215	3
114	252218	2
115	252220	2
116	252222	2
117	252224	2
118	252226	2
119	252228	2
11t	252230	1
12 	252231	66
120	252297	2
121	252299	3
122	252302	3
123	252305	3
124	252308	4
125	252312	4
126	252316	3
127	252319	2
128	252321	2
129	252323	2
12t	252325	1
13 	252326	59
130	252385	4
131	252389	2
132	252391	2
133	252393	3
134	252396	2
135	252398	3
136	252401	3
137	252404	2
138	252406	2
139	252408	2
14 	252410	58
140	252468	1
141	252469	3
142	252472	3
143	252475	1
144	252476	1
146	252477	1
147	252478	1
148	252479	1
149	252480	1
15 	252481	49
150	252530	2
151	252532	2
152	252534	2
153	252536	2
154	252538	2
155	252540	2
156	252542	2
157	252544	2
158	252546	2
159	252548	2
16 	252550	40
160	252590	2
161	252592	2
162	252594	2
163	252596	2
164	252598	2
165	252600	2
166	252602	2
167	252604	2
168	252606	2
169	252608	2
17 	252610	39
170	252649	1
171	252650	3
172	252653	1
173	252654	1
174	252655	1
175	252656	1
176	252657	1
177	252658	1
178	252659	1
179	252660	1
18 	252661	40
180	252701	1
181	252702	2
182	252704	1
183	252705	2
184	252707	3
185	252710	2
186	252712	2
187	252714	2
188	252716	1
189	252717	2
19 	252719	36
190	252755	2
191	252757	3
192	252760	1
193	252761	2
194	252763	2
195	252765	1
196	252766	1
197	252767	1
198	252768	2
199	252770	1
1er	252771	2
1ro	252773	1
1th	252774	1
20 	252775	34
200	252809	1
201	252810	4
202	252814	4
203	252818	4
204	252822	4
205	252826	5
206	252831	4
207	252835	4
208	252839	4
209	252843	4
20a	252847	1
20b	252848	1
20c	252849	1
20r	252850	1
21 	252851	44
210	252895	3
211	252898	4
212	252902	3
213	252905	3
214	252908	4
215	252912	2
216	252914	2
217	252916	2
218	252918	3
219	252921	2
22 	252923	45
220	252968	2
221	252970	2
222	252972	3
223	252975	2
224	252977	3
225	252980	2
226	252982	3
227	252985	2
228	252987	3
229	252990	2
23 	252992	38
230	253030	2
231	253032	2
232	253034	2
233	253036	1
234	253037	1
235	253038	1
236	253039	1
237	253040	1
24 	253041	42
241	253083	1
243	253084	1
244	253085	1
245	253086	2
246	253088	1
247	253089	2
248	253091	1
25 	253092	34
250	253126	1
251	253127	2
252	253129	1
253	253130	1
254	253131	1
255	253132	2
256	253134	1
257	253135	1
259	253136	1
26 	253137	38
260	253175	1
261	253176	1
27 	253177	30
271	253207	1
272	253208	1
273	253209	1
274	253210	1
275	253211	1
276	253212	1
277	253213	1
279	253214	1
28 	253215	28
280	253243	1
281	253244	1
282	253245	1
283	253246	2
284	253248	2
285	253250	1
286	253251	1
287	253252	1
288	253253	1
29 	253254	23
290	253277	1
291	253278	1
292	253279	1
293	253280	1
296	253281	1
2a 	253282	1
2b 	253283	1
2e 	253284	1
2em	253285	1
2th	253286	1
30 	253287	29
301	253316	3
302	253319	1
303	253320	4
304	253324	3
305	253327	3
306	253330	1
307	253331	3
308	253334	3
309	253337	2
31 	253339	32
310	253371	3
311	253374	3
312	253377	4
313	253381	4
314	253385	3
315	253388	3
316	253391	3
317	253394	4
318	253398	2
319	253400	2
32 	253402	30
320	253432	2
321	253434	4
322	253438	3
323	253441	2
324	253443	2
325	253445	2
326	253447	2
327	253449	2
328	253451	1
329	253452	1
33 	253453	27
330	253480	1
331	253481	2
332	253483	1
333	253484	2
334	253486	2
335	253488	2
336	253490	2
337	253492	2
338	253494	2
339	253496	1
34 	253497	28
340	253525	1
341	253526	1
342	253527	1
343	253528	1
344	253529	1
345	253530	1
346	253531	1
347	253532	1
349	253533	2
35 	253535	26
350	253561	2
351	253563	1
352	253564	1
353	253565	1
36 	253566	21
366	253587	1
367	253588	1
368	253589	1
369	253590	1
37 	253591	21
370	253612	2
371	253614	1
372	253615	1
373	253616	1
376	253617	1
377	253618	1
378	253619	1
379	253620	1
38 	253621	19
380	253640	1
381	253641	1
382	253642	1
39 	253643	20
394	253663	1
395	253664	1
397	253665	1
398	253666	1
399	253667	1
3e 	253668	1
3em	253669	1
3rd	253670	1
40 	253671	18
400	253689	1
401	253690	3
402	253693	3
403	253696	3
404	253699	3
405	253702	3
406	253705	3
407	253708	2
408	253710	2
409	253712	3
41 	253715	27
410	253742	3
411	253745	3
412	253748	2
413	253750	2
414	253752	1
415	253753	1
416	253754	1
417	253755	1
418	253756	1
419	253757	1
42 	253758	27
420	253785	1
421	253786	2
422	253788	2
423	253790	2
424	253792	3
425	253795	2
426	253797	3
427	253800	3
428	253803	2
429	253805	2
43 	253807	23
430	253830	3
431	253833	3
432	253836	2
433	253838	1
434	253839	2
435	253841	2
436	253843	1
437	253844	1
438	253845	1
439	253846	1
44 	253847	20
440	253867	1
441	253868	1
442	253869	2
446	253871	1
45 	253872	21
456	253893	1
457	253894	1
458	253895	1
459	253896	1
46 	253897	21
460	253918	1
461	253919	1
463	253920	1
464	253921	1
466	253922	1
467	253923	1
468	253924	1
469	253925	1
47 	253926	20
470	253946	1
471	253947	1
472	253948	1
478	253949	1
48 	253950	12
480	253962	1
486	253963	2
487	253965	1
488	253966	1
49 	253967	15
490	253982	1
491	253983	1
493	253984	1
494	253985	1
496	253986	1
497	253987	1
498	253988	1
499	253989	1
4e 	253990	1
4em	253991	1
50 	253992	19
501	254011	2
502	254013	2
503	254015	2
504	254017	1
505	254018	1
506	254019	1
507	254020	1
508	254021	1
509	254022	1
51 	254023	21
511	254044	2
512	254046	1
513	254047	1
514	254048	2
52 	254050	20
520	254070	1
521	254071	2
522	254073	1
523	254074	1
524	254075	1
525	254076	1
528	254077	1
53 	254078	19
531	254097	1
532	254098	1
533	254099	1
534	254100	1
54 	254101	14
55 	254115	18
555	254133	1
557	254134	1
56 	254135	16
561	254151	1
567	254152	1
57 	254153	16
58 	254169	13
586	254182	1
588	254183	1
59 	254184	15
5c 	254199	1
5e 	254200	1
5em	254201	1
60 	254202	12
601	254214	1
602	254215	1
603	254216	1
604	254217	1
605	254218	1
606	254219	1
607	254220	1
608	254221	1
609	254222	1
61 	254223	20
615	254243	1
618	254244	1
62 	254245	12
622	254257	2
624	254259	1
63 	254260	16
631	254276	1
632	254277	1
633	254278	1
634	254279	1
635	254280	1
638	254281	1
64 	254282	13
641	254295	1
642	254296	1
643	254297	1
644	254298	1
645	254299	1
646	254300	1
647	254301	1
65 	254302	11
651	254313	1
653	254314	1
66 	254315	12
661	254327	1
663	254328	1
668	254329	1
67 	254330	16
68 	254346	14
689	254360	1
69 	254361	11
698	254372	1
69m	254373	1
6ae	254374	1
6e 	254375	1
6em	254376	1
6th	254377	1
70 	254378	10
701	254388	1
702	254389	1
703	254390	1
704	254391	1
705	254392	1
706	254393	1
708	254394	1
71 	254395	21
711	254416	1
712	254417	2
713	254419	1
714	254420	2
715	254422	1
719	254423	1
72 	254424	15
721	254439	1
722	254440	1
723	254441	1
724	254442	1
726	254443	1
73 	254444	13
732	254457	1
735	254458	1
74 	254459	10
75 	254469	8
75c	254477	1
76 	254478	10
77 	254488	11
78 	254499	8
784	254507	1
79 	254508	10
792	254518	1
793	254519	1
796	254520	1
7em	254521	1
7th	254522	1
80 	254523	10
801	254533	2
802	254535	2
803	254537	3
804	254540	2
805	254542	2
806	254544	2
807	254546	1
808	254547	1
809	254548	2
81 	254550	13
810	254563	1
811	254564	1
812	254565	1
813	254566	1
814	254567	1
815	254568	1
816	254569	1
817	254570	1
82 	254571	10
824	254581	1
83 	254582	9
834	254591	1
84 	254592	12
85 	254604	7
855	254611	1
86 	254612	10
87 	254622	9
88 	254631	8
89 	254639	7
890	254646	1
897	254647	1
899	254648	1
8em	254649	1
8th	254650	1
90 	254651	8
901	254659	1
903	254660	1
907	254661	1
91 	254662	11
917	254673	1
919	254674	1
92 	254675	8
928	254683	1
93 	254684	9
94 	254693	9
95 	254702	7
96 	254709	7
97 	254716	7
971	254723	1
972	254724	1
973	254725	1
974	254726	1
976	254727	1
98 	254728	7
99 	254735	8
9em	254743	1
9m 	254744	1
a1 	254745	1
aa 	254746	106
aaa	254852	1
aab	254853	7
aac	254860	8
aad	254868	22
aaf	254890	8
aag	254898	6
aah	254904	1
aai	254905	1
aaj	254906	1
aak	254907	40
aal	254947	46
aam	254993	20
aan	255013	127
aap	255140	14
aaq	255154	1
aar	255155	56
aas	255211	19
aat	255230	25
aau	255255	1
aav	255256	5
aaw	255261	3
aay	255264	7
aaz	255271	3
ab 	255274	103
aba	255377	630
abb	256007	24
abc	256031	5
abd	256036	21
abe	256057	170
abg	256227	2
abh	256229	11
abi	256240	137
abj	256377	1
abk	256378	6
abl	256384	56
abn	256440	4
abo	256444	187
abp	256631	2
abr	256633	113
abs	256746	3
abt	256749	4
abu	256753	550
abw	257303	4
aby	257307	25
abz	257332	7
ac 	257339	192
aca	257531	461
acc	257992	17
acd	258009	3
ace	258012	120
acg	258132	2
ach	258134	495
aci	258629	195
ack	258824	99
acl	258923	11
acm	258934	4
acn	258938	3
aco	258941	210
acq	259151	9
acr	259160	25
acs	259185	12
act	259197	10
acu	259207	188
acv	259395	1
acy	259396	5
acz	259401	5
ad 	259406	609
ada	260015	524
adb	260539	1
adc	260540	3
add	260543	50
ade	260593	226
adf	260819	5
adg	260824	8
adh	260832	48
adi	260880	311
adj	261191	32
adk	261223	5
adl	261228	10
adm	261238	74
adn	261312	19
ado	261331	3351
adp	264682	3
adr	264685	60
ads	264745	100
adt	264845	30
adu	264875	87
adv	264962	7
adw	264969	7
ady	264976	53
adz	265029	20
ae 	265049	107
aea	265156	5
aeb	265161	7
aec	265168	3
aed	265171	7
aee	265178	1
aef	265179	3
aeg	265182	11
aeh	265193	2
aej	265195	2
aek	265197	16
ael	265213	44
aem	265257	15
aen	265272	80
aeo	265352	11
aep	265363	2
aer	265365	68
aes	265433	39
aet	265472	25
aeu	265497	3
aev	265500	12
aew	265512	1
aey	265513	2
aez	265515	14
af 	265529	27
afa	265556	112
afd	265668	2
afe	265670	24
aff	265694	34
afg	265728	3
afh	265731	1
afi	265732	43
afj	265775	12
afk	265787	1
afl	265788	14
afm	265802	1
afn	265803	2
afo	265805	44
afq	265849	1
afr	265850	27
afs	265877	6
aft	265883	26
afu	265909	26
afw	265935	4
afy	265939	2
ag 	265941	113
aga	266054	941
agb	266995	367
agc	267362	2
agd	267364	33
age	267397	110
agf	267507	1
agg	267508	10
agh	267518	92
agi	267610	154
agk	267764	1
agl	267765	21
agm	267786	3
agn	267789	24
ago	267813	318
agp	268131	1
agq	268132	1
agr	268133	68
ags	268201	10
agt	268211	6
agu	268217	412
agv	268629	1
agw	268630	13
agy	268643	16
agz	268659	1
ah 	268660	592
aha	269252	244
ahb	269496	8
ahc	269504	9
ahd	269513	19
ahe	269532	26
ahf	269558	2
ahg	269560	3
ahi	269563	98
ahj	269661	2
ahk	269663	3
ahl	269666	30
ahm	269696	31
ahn	269727	16
aho	269743	71
ahp	269814	2
ahr	269816	432
ahs	270248	9
aht	270257	7
ahu	270264	131
ahv	270395	2
ahw	270397	5
ahy	270402	7
ai 	270409	633
aia	271042	141
aib	271183	52
aic	271235	46
aid	271281	58
aie	271339	25
aif	271364	7
aig	271371	38
aih	271409	6
aii	271415	3
aij	271418	11
aik	271429	36
ail	271465	85
aim	271550	66
ain	271616	423
aio	272039	268
aip	272307	36
aiq	272343	5
air	272348	242
ais	272590	129
ait	272719	79
aiu	272798	19
aiv	272817	31
aiw	272848	6
aix	272854	16
aiy	272870	19
aiz	272889	31
aj 	272920	58
aja	272978	187
ajb	273165	1
ajc	273166	1
ajd	273167	9
aje	273176	53
ajg	273229	4
ajh	273233	3
aji	273236	48
ajj	273284	6
ajk	273290	2
ajl	273292	3
ajm	273295	5
ajn	273300	7
ajo	273307	115
ajp	273422	6
ajr	273428	7
ajs	273435	8
ajt	273443	2
aju	273445	64
ajv	273509	1
ajy	273510	2
ajz	273512	2
ak 	273514	242
aka	273756	355
akb	274111	3
akc	274114	16
akd	274130	6
ake	274136	173
akf	274309	3
akh	274312	180
aki	274492	188
akj	274680	1
akk	274681	43
akl	274724	25
akm	274749	5
akn	274754	6
ako	274760	178
akp	274938	8
akr	274946	18
aks	274964	80
akt	275044	21
aku	275065	102
akv	275167	3
akw	275170	18
akx	275188	3
aky	275191	14
akz	275205	4
al 	275209	1670
ala	276879	961
alb	277840	119
alc	277959	142
ald	278101	234
ale	278335	654
alf	278989	29
alg	279018	104
alh	279122	60
ali	279182	3860
alj	283042	19
alk	283061	62
all	283123	417
alm	283540	205
aln	283745	64
alo	283809	223
alp	284032	98
alq	284130	10
alr	284140	5
als	284145	74
alt	284219	385
alu	284604	131
alv	284735	139
alw	284874	10
alx	284884	5
aly	284889	83
alz	284972	23
am 	284995	479
ama	285474	879
amb	286353	351
amc	286704	14
amd	286718	28
ame	286746	707
amf	287453	3
amg	287456	12
amh	287468	7
ami	287475	271
amj	287746	6
amk	287752	13
aml	287765	14
amm	287779	63
amn	287842	32
amo	287874	209
amp	288083	1230
amr	289313	35
ams	289348	74
amt	289422	24
amu	289446	112
amv	289558	6
amw	289564	7
amx	289571	2
amy	289573	28
amz	289601	5
an 	289606	3847
ana	293453	1077
anb	294530	45
anc	294575	498
and	295073	1632
ane	296705	407
anf	297112	9
ang	297121	1616
anh	298737	246
ani	298983	789
anj	299772	153
ank	299925	159
anl	300084	32
anm	300116	32
ann	300148	170
ano	300318	436
anp	300754	28
anq	300782	25
anr	300807	8
ans	300815	375
ant	301190	1498
anu	302688	188
anv	302876	12
anw	302888	10
anx	302898	7
any	302905	208
anz	303113	102
ao 	303215	888
aoa	304103	5
aob	304108	6
aoc	304114	4
aod	304118	1
aof	304119	1
aog	304120	4
aoh	304124	7
aoi	304131	2
aoj	304133	3
aok	304136	11
aol	304147	15
aom	304162	5
aon	304167	24
aoo	304191	4
aop	304195	3
aoq	304198	1
aor	304199	20
aos	304219	18
aot	304237	5
aou	304242	54
aov	304296	1
aow	304297	1
aox	304298	3
aoy	304301	7
aoz	304308	16
ap 	304324	95
apa	304419	427
apc	304846	6
ape	304852	178
apg	305030	3
aph	305033	32
api	305065	189
apk	305254	3
apl	305257	22
apm	305279	2
apn	305281	2
apo	305283	162
app	305445	37
apr	305482	15
aps	305497	23
apt	305520	15
apu	305535	147
apw	305682	2
apy	305684	5
aq 	305689	30
aqa	305719	18
aqb	305737	2
aqc	305739	1
aqf	305740	1
aqi	305741	7
aql	305748	2
aqm	305750	1
aqn	305751	1
aqo	305752	3
aqq	305755	6
aqr	305761	1
aqs	305762	6
aqt	305768	4
aqu	305772	122
aqw	305894	1
aqy	305895	1
aqz	305896	2
ar 	305898	855
ara	306753	1903
arb	308656	190
arc	308846	210
ard	309056	450
are	309506	606
arf	310112	43
arg	310155	218
arh	310373	74
ari	310447	1216
arj	311663	44
ark	311707	339
arl	312046	160
arm	312206	193
arn	312399	165
aro	312564	327
arp	312891	39
arq	312930	54
arr	312984	1386
ars	314370	204
art	314574	1258
aru	315832	166
arv	315998	62
arw	316060	29
arx	316089	3
ary	316092	101
arz	316193	65
as 	316258	2017
asa	318275	307
asb	318582	10
asc	318592	129
asd	318721	4
ase	318725	140
asf	318865	2
asg	318867	8
ash	318875	449
asi	319324	268
asj	319592	3
ask	319595	100
asl	319695	30
asm	319725	18
asn	319743	90
aso	319833	98
asp	319931	32
asq	319963	12
asr	319975	12
ass	319987	263
ast	320250	1216
asu	321466	85
asv	321551	8
asw	321559	8
asy	321567	48
asz	321615	11
at 	321626	797
ata	322423	674
atb	323097	3
atc	323100	34
ate	323134	1106
atf	324240	4
atg	324244	3
ath	324247	149
ati	324396	461
atj	324857	2
atk	324859	13
atl	324872	136
atm	325008	14
atn	325022	19
ato	325041	340
atp	325381	7
atr	325388	85
ats	325473	172
att	325645	96
atu	325741	153
atv	325894	8
atw	325902	6
atx	325908	1
aty	325909	30
atz	325939	27
au 	325966	315
aua	326281	41
aub	326322	32
auc	326354	63
aud	326417	168
aue	326585	8
auf	326593	9
aug	326602	42
auh	326644	11
aui	326655	76
auj	326731	16
auk	326747	26
aul	326773	142
aum	326915	14
aun	326929	91
aup	327020	25
auq	327045	8
aur	327053	123
aus	327176	72
aut	327248	228
auv	327476	5
auw	327481	3
aux	327484	21
auy	327505	11
auz	327516	4
av 	327520	29
ava	327549	312
avb	327861	2
avc	327863	7
avd	327870	10
ave	327880	163
avg	328043	6
avh	328049	4
avi	328053	234
avj	328287	2
avk	328289	5
avl	328294	46
avn	328340	16
avo	328356	86
avp	328442	2
avr	328444	28
avs	328472	44
avt	328516	9
avu	328525	25
avv	328550	2
avy	328552	14
avz	328566	2
aw 	328568	65
awa	328633	286
awb	328919	3
awd	328922	8
awe	328930	27
awf	328957	15
awg	328972	1
awh	328973	7
awi	328980	39
awk	329019	17
awl	329036	20
awm	329056	6
awn	329062	11
awo	329073	10
awq	329083	1
awr	329084	29
aws	329113	33
awt	329146	5
awu	329151	9
aww	329160	3
awy	329163	4
awz	329167	2
ax 	329169	32
axa	329201	19
axc	329220	18
axe	329238	6
axf	329244	1
axg	329245	1
axh	329246	2
axi	329248	24
axj	329272	1
axk	329273	1
axl	329274	1
axm	329275	1
axo	329276	10
axp	329286	1
axr	329287	1
axs	329288	1
axt	329289	18
axu	329307	2
axw	329309	1
axx	329310	1
axy	329311	1
ay 	329312	409
aya	329721	660
ayb	330381	30
ayc	330411	5
ayd	330416	32
aye	330448	130
ayf	330578	17
ayg	330595	8
ayh	330603	14
ayi	330617	51
ayj	330668	2
ayk	330670	33
ayl	330703	42
aym	330745	55
ayn	330800	62
ayo	330862	1824
ayp	332686	5
ayq	332691	4
ayr	332695	45
ays	332740	103
ayt	332843	24
ayu	332867	40
ayv	332907	6
ayw	332913	6
ayx	332919	2
ayy	332921	27
ayz	332948	7
az 	332955	254
aza	333209	275
azb	333484	4
azc	333488	2
azd	333490	14
aze	333504	59
azg	333563	6
azh	333569	21
azi	333590	112
azk	333702	3
azl	333705	7
azm	333712	6
azn	333718	9
azo	333727	67
azq	333794	3
azr	333797	6
azs	333803	5
azt	333808	3
azu	333811	78
azv	333889	3
azy	333892	13
azz	333905	7
ba 	333912	958
baa	334870	28
bab	334898	76
bac	334974	105
bad	335079	149
bae	335228	39
baf	335267	10
bag	335277	81
bah	335358	113
bai	335471	121
baj	335592	88
bak	335680	74
bal	335754	341
bam	336095	53
ban	336148	789
bao	336937	32
bap	336969	20
baq	336989	6
bar	336995	1520
bas	338515	289
bat	338804	213
bau	339017	64
bav	339081	18
baw	339099	22
bax	339121	4
bay	339125	273
baz	339398	32
bb 	339430	14
bba	339444	21
bbd	339465	1
bbe	339466	14
bbi	339480	7
bbl	339487	6
bbo	339493	6
bbs	339499	2
bbu	339501	3
bc 	339504	7
bca	339511	3
bce	339514	1
bch	339515	4
bci	339519	211
bcn	339730	1
bcp	339731	1
bcs	339732	1
bcz	339733	1
bd 	339734	9
bda	339743	5
bde	339748	4
bdf	339752	1
bdg	339753	2
bdh	339755	1
bdi	339756	5
bdo	339761	4
bds	339765	1
bdu	339766	4
be 	339770	539
bea	340309	83
beb	340392	12
bec	340404	33
bed	340437	31
bee	340468	24
bef	340492	5
beg	340497	368
beh	340865	10
bei	340875	75
bej	340950	16
bek	340966	38
bel	341004	308
bem	341312	14
ben	341326	226
beo	341552	6
bep	341558	1
beq	341559	3
ber	341562	463
bes	342025	83
bet	342108	70
beu	342178	6
bev	342184	5
bex	342189	4
bey	342193	47
bez	342240	215
bf 	342455	2
bfc	342457	1
bfs	342458	1
bg 	342459	4
bga	342463	4
bge	342467	1
bgf	342468	1
bgl	342469	1
bgo	342470	1
bgr	342471	1
bgu	342472	1
bgw	342473	1
bh 	342474	10
bha	342484	38
bhd	342522	1
bhe	342523	3
bhi	342526	7
bho	342533	6
bhr	342539	3
bhu	342542	6
bi 	342548	135
bia	342683	82
bib	342765	15
bic	342780	47
bid	342827	25
bie	342852	35
big	342887	33
bih	342920	17
bii	342937	3
bij	342940	13
bik	342953	17
bil	342970	428
bim	343398	17
bin	343415	187
bio	343602	25
bip	343627	3
biq	343630	5
bir	343635	143
bis	343778	59
bit	343837	44
biu	343881	8
biv	343889	2
biw	343891	1
bix	343892	3
biy	343895	25
biz	343920	8
bj 	343928	2
bja	343930	3
bje	343933	6
bjo	343939	5
bju	343944	2
bk 	343946	8
bke	343954	1
bkh	343955	4
bki	343959	4
bkm	343963	1
bko	343964	5
bl 	343969	12
bla	343981	230
ble	344211	47
blg	344258	1
bli	344259	63
blj	344322	6
blk	344328	1
blo	344329	141
bls	344470	1
blu	344471	20
bly	344491	20
bm 	344511	4
bn 	344515	8
bna	344523	7
bne	344530	1
bnh	344531	1
bni	344532	11
bnj	344543	1
bno	344544	5
bns	344549	2
bny	344551	2
bo 	344553	252
boa	344805	67
bob	344872	16
boc	344888	45
bod	344933	67
boe	345000	19
bof	345019	2
bog	345021	72
boh	345093	15
boi	345108	32
boj	345140	9
bok	345149	50
bol	345199	163
bom	345362	83
bon	345445	183
boo	345628	14
bop	345642	6
boq	345648	11
bor	345659	326
bos	345985	65
bot	346050	70
bou	346120	235
bov	346355	33
bow	346388	12
box	346400	4
boy	346404	31
boz	346435	27
bp 	346462	1
bpi	346463	2
bpl	346465	1
bpr	346466	1
bq1	346467	1
bq2	346468	1
bq3	346469	1
br 	346470	29
bra	346499	343
brc	346842	4
brd	346846	4
bre	346850	204
bri	347054	128
brn	347182	4
bro	347186	145
brr	347331	1
brs	347332	12
brt	347344	1
bru	347345	52
brv	347397	1
bry	347398	14
brz	347412	13
bs 	347425	16
bsa	347441	2
bsc	347443	3
bse	347446	1
bsh	347447	267
bsk	347714	12
bso	347726	3
bst	347729	10
bt 	347739	7
bta	347746	1
btg	347747	1
bth	347748	1
btn	347749	1
bto	347750	3
bts	347753	4
bu 	347757	112
bua	347869	33
bub	347902	11
buc	347913	73
bud	347986	56
bue	348042	67
buf	348109	10
bug	348119	37
buh	348156	17
bui	348173	21
buj	348194	13
buk	348207	57
bul	348264	107
bum	348371	15
bun	348386	82
buo	348468	4
bup	348472	419
buq	348891	4
bur	348895	318
bus	349213	42
but	349255	63
buu	349318	8
buv	349326	2
buw	349328	2
bux	349330	3
buy	349333	23
buz	349356	28
bv 	349384	2
bva	349386	2
bw 	349388	2
bwa	349390	8
bwe	349398	8
bwi	349406	1
bwr	349407	9
bwu	349416	1
by 	349417	59
bya	349476	16
byb	349492	2
byc	349494	2
byd	349496	2
bye	349498	8
byg	349506	14
byk	349520	3
byl	349523	6
byn	349529	3
byo	349532	6
byp	349538	1
byr	349539	6
bys	349545	11
byt	349556	8
byu	349564	1
byy	349565	1
bz 	349566	7
bze	349573	3
bzo	349576	1
bzu	349577	1
bzv	349578	1
ca 	349579	697
caa	350276	15
cab	350291	101
cac	350392	112
cad	350504	57
cae	350561	20
caf	350581	10
cag	350591	21
cah	350612	23
cai	350635	114
caj	350749	48
cak	350797	18
cal	350815	310
cam	351125	316
can	351441	573
cao	352014	105
cap	352119	180
caq	352299	4
car	352303	486
cas	352789	262
cat	353051	234
cau	353285	46
cav	353331	31
cax	353362	9
cay	353371	59
caz	353430	44
cb 	353474	4
cba	353478	1
cbf	353479	1
cc 	353480	4
cca	353484	10
cce	353494	4
ccg	353498	1
cch	353499	2
cci	353501	14
ccl	353515	1
cco	353516	9
ccr	353525	6
ccs	353531	1
ccu	353532	4
ccz	353536	3
cd 	353539	1
cdo	353540	7
cdu	353547	1
ce 	353548	1458
cea	355006	77
ceb	355083	4
cec	355087	8
ced	355095	53
cee	355148	7
cef	355155	3
ceg	355158	12
ceh	355170	18
cei	355188	53
cej	355241	2
cek	355243	7
cel	355250	94
cem	355344	20
cen	355364	324
ceo	355688	5
cep	355693	36
ceq	355729	1
cer	355730	187
ces	355917	840
cet	356757	43
ceu	356800	12
cev	356812	24
cey	356836	6
cez	356842	2
cf 	356844	1
cfa	356845	1
cg 	356846	2
cga	356848	1
cgn	356849	1
cgr	356850	3
ch 	356853	300
cha	357153	822
chb	357975	9
chc	357984	5
chd	357989	14
che	358003	634
chf	358637	2
chh	358639	23
chi	358662	789
chk	359451	20
chl	359471	29
chm	359500	20
chn	359520	25
cho	359545	315
chp	359860	2
chq	359862	2
chr	359864	34
chs	359898	47
cht	359945	28
chu	359973	186
chw	360159	10
chy	360169	64
ci 	360233	120
cia	360353	722
cib	361075	17
cic	361092	23
cid	361115	39
cie	361154	55
cif	361209	12
cig	361221	8
cih	361229	2
cii	361231	4
cij	361235	4
cik	361239	24
cil	361263	163
cim	361426	18
cin	361444	742
cio	362186	187
cip	362373	4849
ciq	367222	3
cir	367225	45
cis	367270	131
cit	367401	352
ciu	367753	88
civ	367841	7
ciz	367848	2
cj 	367850	1
cja	367851	1
ck 	367852	123
cka	367975	27
ckb	368002	4
ckc	368006	1
ckd	368007	1
cke	368008	44
ckf	368052	4
ckg	368056	1
ckh	368057	10
cki	368067	119
ckl	368186	14
ckm	368200	4
ckn	368204	4
cko	368208	17
ckp	368225	4
cks	368229	39
ckt	368268	3
cku	368271	1
ckv	368272	1
ckw	368273	4
cky	368277	19
cl 	368296	8
cla	368304	110
cld	368414	1
cle	368415	96
cli	368511	28
clk	368539	1
clo	368540	9
clu	368549	7
cly	368556	2
cm 	368558	6
cma	368564	3
cmc	368567	1
cmd	368568	1
cme	368569	3
cmi	368572	1
cmn	368573	1
cmo	368574	1
cmu	368575	1
cmx	368576	1
cn 	368577	4
cna	368581	10
cne	368591	1
cni	368592	6
cnn	368598	1
cno	368599	2
cnu	368601	1
cny	368602	1
co 	368603	543
coa	369146	110
cob	369256	33
coc	369289	75
cod	369364	15
coe	369379	17
cof	369396	6
cog	369402	6
coh	369408	5
coi	369413	26
coj	369439	6
cok	369445	1
col	369446	233
com	369679	3188
con	372867	3265
coo	376132	31
cop	376163	47
coq	376210	9
cor	376219	278
cos	376497	147
cot	376644	132
cou	376776	3903
cov	380679	94
cow	380773	9
cox	380782	13
coy	380795	32
coz	380827	10
cp 	380837	4
cpa	380841	4
cph	380845	6
cpi	380851	2
cpk	380853	1
cpm	380854	1
cq 	380855	2
cqu	380857	10
cr 	380867	8
cra	380875	66
cre	380941	89
crf	381030	1
cri	381031	114
crk	381145	1
crn	381146	5
cro	381151	40
cru	381191	137
cry	381328	2
cs 	381330	15
csa	381345	17
cse	381362	8
csh	381370	1
csi	381371	7
csk	381378	6
cso	381384	4
csu	381388	1
csv	381389	1
ct 	381390	6269
cta	387659	6
cte	387665	7
cti	387672	20
cto	387692	83
ctr	387775	1
ctt	387776	1
ctu	387777	168
ctz	387945	2
cu 	387947	146
cua	388093	104
cub	388197	23
cuc	388220	33
cud	388253	4
cue	388257	32
cuf	388289	2
cug	388291	2
cuh	388293	2
cui	388295	75
cuj	388370	3
cuk	388373	9
cul	388382	55
cum	388437	52
cun	388489	63
cuo	388552	3
cup	388555	22
cuq	388577	3
cur	388580	98
cus	388678	31
cut	388709	34
cuu	388743	2
cuv	388745	5
cux	388750	1
cuy	388751	20
cuz	388771	9
cv 	388780	1
cva	388781	2
cvl	388783	1
cw 	388784	2
cwy	388786	1
cxu	388787	2
cy 	388789	372
cye	389161	2
cyi	389163	1
cym	389164	2
cyn	389166	2
cyo	389168	1
cyp	389169	1
cyq	389170	1
cyr	389171	1
cz 	389172	10
cza	389182	6
czb	389188	1
cze	389189	22
czi	389211	6
czk	389217	1
czl	389218	2
czn	389220	5
czo	389225	4
czy	389229	10
czz	389239	1
da 	389240	932
daa	390172	15
dab	390187	59
dac	390246	15
dad	390261	3081
dae	393342	53
daf	393395	2
dag	393397	54
dah	393451	57
dai	393508	140
daj	393648	9
dak	393657	69
dal	393726	302
dam	394028	122
dan	394150	372
dao	394522	32
dap	394554	34
daq	394588	5
dar	394593	260
das	394853	159
dat	395012	30
dau	395042	36
dav	395078	69
daw	395147	33
dax	395180	2
day	395182	51
daz	395233	11
db 	395244	5
dba	395249	6
dbe	395255	3
dbi	395258	3
dbo	395261	5
dbr	395266	5
dbu	395271	4
dby	395275	3
dc 	395278	5
dca	395283	2
dce	395285	1
dch	395286	3
dcl	395289	1
dcr	395290	1
dd 	395291	42
dda	395333	19
dde	395352	18
ddh	395370	2
ddi	395372	29
ddj	395401	4
ddk	395405	15
ddl	395420	21
ddm	395441	4
ddo	395445	10
ddr	395455	1
ddu	395456	1
ddv	395457	1
ddy	395458	8
de 	395466	7561
dea	403027	49
deb	403076	18
dec	403094	32
ded	403126	11
dee	403137	19
def	403156	14
deg	403170	82
deh	403252	25
dei	403277	63
dej	403340	7
dek	403347	21
del	403368	425
dem	403793	47
den	403840	393
deo	404233	17
dep	404250	817
deq	405067	2
der	405069	296
des	405365	262
det	405627	58
deu	405685	13
dev	405698	36
dew	405734	9
dex	405743	1
dey	405744	15
dez	405759	31
df 	405790	5
dfa	405795	5
dfi	405800	2
dfj	405802	1
dfl	405803	1
dfo	405804	14
dfu	405818	2
dfy	405820	1
dg 	405821	3
dga	405824	6
dge	405830	53
dgh	405883	3
dgi	405886	2
dgo	405888	12
dgr	405900	1
dgv	405901	1
dgw	405902	2
dgy	405904	1
dh 	405905	22
dha	405927	75
dhe	406002	23
dhi	406025	20
dhl	406045	1
dhn	406046	1
dho	406047	14
dhp	406061	1
dhr	406062	4
dhu	406066	24
dhy	406090	3
di 	406093	439
dia	406532	265
dib	406797	25
dic	406822	32
did	406854	20
die	406874	57
dif	406931	4
dig	406935	28
dih	406963	4
dii	406967	15
dij	406982	24
dik	407006	33
dil	407039	55
dim	407094	73
din	407167	290
dio	407457	57
dip	407514	5
diq	407519	22
dir	407541	76
dis	407617	6425
dit	414042	23
diu	414065	13
div	414078	73
diw	414151	4
dix	414155	4
diy	414159	52
diz	414211	7
dj 	414218	16
dja	414234	40
dje	414274	42
dji	414316	26
djn	414342	1
djo	414343	21
dju	414364	12
djw	414376	1
djy	414377	1
dk 	414378	3
dka	414381	20
dkh	414401	1
dki	414402	4
dko	414406	5
dkr	414411	1
dku	414412	5
dl 	414417	5
dla	414422	33
dlc	414455	2
dle	414457	35
dli	414492	7
dlj	414499	1
dlo	414500	5
dma	414505	17
dme	414522	2
dmi	414524	76
dmn	414600	1
dmo	414601	3
dmu	414604	3
dn 	414607	4
dna	414611	8
dnc	414619	1
dnd	414620	1
dne	414621	16
dni	414637	22
dnj	414659	6
dno	414665	12
dnu	414677	1
dny	414678	17
do 	414695	4378
doa	419073	17
dob	419090	67
doc	419157	29
dod	419186	16
doe	419202	13
dof	419215	7
dog	419222	19
doh	419241	4
doi	419245	22
doj	419267	3
dok	419270	23
dol	419293	92
dom	419385	129
don	419514	249
doo	419763	11
dop	419774	10
doq	419784	2
dor	419786	261
dos	420047	153
dot	420200	12
dou	420212	107
dov	420319	62
dow	420381	42
dox	420423	1
doy	420424	8
doz	420432	8
dpa	420440	4
dpe	420444	1
dpl	420445	1
dpo	420446	1
dpu	420447	3
dq 	420450	1
dqu	420451	1
dr 	420452	16
dra	420468	214
dre	420682	138
drh	420820	1
dri	420821	108
drn	420929	2
dro	420931	224
drs	421155	1
dru	421156	21
dry	421177	8
drz	421185	1
ds 	421186	215
dsa	421401	5
dsb	421406	5
dsc	421411	18
dsd	421429	1
dse	421430	2
dsf	421432	1
dsh	421433	15
dsi	421448	8
dsj	421456	1
dsk	421457	482
dsl	421939	2
dsm	421941	1
dso	421942	18
dsp	421960	1
dsr	421961	2
dss	421963	1
dst	421964	14
dsu	421978	2
dsv	421980	4
dsw	421984	2
dt 	421986	33
dtb	422019	1
dte	422020	2
dtf	422022	1
dth	422023	2
dti	422025	1
dtj	422026	1
dtl	422027	1
dto	422028	5
dtr	422033	2
dts	422035	3
dtu	422038	1
du 	422039	261
dua	422300	27
dub	422327	46
duc	422373	32
dud	422405	12
due	422417	13
duf	422430	9
dug	422439	14
duh	422453	5
dui	422458	10
duj	422468	4
duk	422472	12
dul	422484	42
dum	422526	39
dun	422565	75
duo	422640	15
dup	422655	9
duq	422664	6
dur	422670	103
dus	422773	23
dut	422796	15
duu	422811	3
duv	422814	14
duw	422828	3
duy	422831	8
duz	422839	17
dv 	422856	1
dva	422857	7
dve	422864	9
dvi	422873	20
dvo	422893	8
dvw	422901	1
dw 	422902	2
dwa	422904	24
dwe	422928	20
dwi	422948	7
dwo	422955	7
dwy	422962	5
dy 	422967	51
dya	423018	48
dyb	423066	18
dyc	423084	1
dyd	423085	1
dye	423086	2
dyg	423088	3
dyi	423091	1
dyk	423092	5
dym	423097	7
dyn	423104	4
dyo	423108	2
dyq	423110	10
dyr	423120	4
dys	423124	3
dyt	423127	2
dyu	423129	3
dyv	423132	1
dyy	423133	1
dz 	423134	7
dza	423141	26
dzb	423167	1
dzc	423168	1
dze	423169	28
dzh	423197	30
dzi	423227	38
dzk	423265	13
dzo	423278	8
dzt	423286	16
dzu	423302	14
dzv	423316	1
dzy	423317	11
ea 	423328	340
eab	423668	10
eac	423678	66
ead	423744	70
eae	423814	8
eaf	423822	3
eag	423825	23
eah	423848	9
eai	423857	5
eak	423862	13
eal	423875	68
eam	423943	13
ean	423956	179
eao	424135	7
eap	424142	11
ear	424153	72
eas	424225	293
eat	424518	54
eau	424572	79
eav	424651	14
eaw	424665	2
eay	424667	7
eaz	424674	7
eb 	424681	25
eba	424706	119
ebb	424825	15
ebd	424840	2
ebe	424842	61
ebg	424903	1
ebi	424904	48
ebk	424952	1
ebl	424953	105
ebn	425058	2
ebo	425060	59
ebr	425119	71
ebs	425190	13
ebt	425203	1
ebu	425204	48
eby	425252	14
ebz	425266	1
ec 	425267	258
eca	425525	82
ecc	425607	6
ece	425613	49
ech	425662	167
eci	425829	93
eck	425922	57
ecl	425979	5
ecn	425984	1
eco	425985	43
ecp	426028	5
ecr	426033	5
ecs	426038	15
ect	426053	213
ecu	426266	39
ecx	426305	1
ecz	426306	5
ed 	426311	115
eda	426426	129
edb	426555	4
edc	426559	3
edd	426562	19
ede	426581	155
edf	426736	6
edg	426742	14
edh	426756	3
edi	426759	119
edj	426878	11
edk	426889	2
edl	426891	8
edm	426899	7
edn	426906	10
edo	426916	129
edr	427045	238
eds	427283	10
edt	427293	1
edu	427294	21
edv	427315	7
edw	427322	12
edy	427334	8
edz	427342	15
ee 	427357	152
eeb	427509	8
eec	427517	8
eed	427525	8
eef	427533	2
eeg	427535	4
eeh	427539	1
eej	427540	1
eek	427541	38
eel	427579	37
eem	427616	15
een	427631	381
eep	428012	4
eer	428016	39
ees	428055	17
eet	428072	18
eeu	428090	2
eev	428092	2
eew	428094	3
eez	428097	1
ef 	428098	32
efa	428130	39
efc	428169	1
efe	428170	179
eff	428349	44
efh	428393	1
efi	428394	11
efj	428405	3
efk	428408	9
efl	428417	6
efn	428423	1
efo	428424	31
efr	428455	5
efs	428460	3
eft	428463	18
efu	428481	5
efw	428486	2
efz	428488	1
eg 	428489	26
ega	428515	149
egb	428664	369
ege	429033	374
egg	429407	6
egh	429413	28
egi	429441	544
egk	429985	3
egl	429988	12
egm	430000	52
egn	430052	6
ego	430058	113
egr	430171	115
egs	430286	1
egt	430287	1
egu	430288	59
egw	430347	2
egy	430349	23
eh 	430372	111
eha	430483	35
ehb	430518	2
ehc	430520	4
ehd	430524	2
ehe	430526	14
ehg	430540	3
ehi	430543	35
ehl	430578	7
ehn	430585	4
eho	430589	27
ehp	430616	2
ehq	430618	1
ehr	430619	14
ehs	430633	4
eht	430637	4
ehu	430641	36
ehw	430677	1
ehy	430678	2
ehz	430680	1
ei 	430681	150
eia	430831	89
eib	430920	23
eic	430943	38
eid	430981	40
eie	431021	6
eif	431027	3
eig	431030	26
eih	431056	4
eij	431060	8
eik	431068	17
eil	431085	28
eim	431113	29
ein	431142	84
eio	431226	14
eip	431240	6
eir	431246	403
eis	431649	69
eit	431718	90
eiu	431808	14
eiv	431822	4
eiw	431826	5
eix	431831	22
eiy	431853	3
eiz	431856	5
ej 	431861	7
eja	431868	73
eje	431941	17
ejh	431958	1
eji	431959	26
ejl	431985	1
ejm	431986	2
ejn	431988	2
ejo	431990	72
ejr	432062	1
ejs	432063	2
ejt	432065	1
eju	432066	28
ejw	432094	1
ek 	432095	122
eka	432217	75
ekd	432292	2
eke	432294	91
ekf	432385	1
ekh	432386	26
eki	432412	43
ekk	432455	4
ekl	432459	3
ekm	432462	7
ekn	432469	6
eko	432475	37
ekp	432512	4
ekr	432516	4
eks	432520	32
ekt	432552	9
eku	432561	32
ekw	432593	11
eky	432604	8
el 	432612	1028
ela	433640	387
elb	434027	38
elc	434065	39
eld	434104	121
ele	434225	420
elf	434645	28
elg	434673	48
elh	434721	70
eli	434791	326
elj	435117	10
elk	435127	23
ell	435150	337
elm	435487	36
eln	435523	27
elo	435550	195
elp	435745	9
elq	435754	2
elr	435756	3
els	435759	70
elt	435829	37
elu	435866	47
elv	435913	29
elw	435942	8
ely	435950	20
elz	435970	1
em 	435971	166
ema	436137	197
emb	436334	104
emc	436438	6
emd	436444	3
eme	436447	720
emg	437167	3
emh	437170	2
emi	437172	113
emk	437285	4
eml	437289	7
emm	437296	13
emn	437309	11
emo	437320	73
emp	437393	43
emr	437436	4
ems	437440	36
emt	437476	3
emu	437479	21
emv	437500	3
emw	437503	1
emy	437504	10
en 	437514	1841
ena	439355	419
enb	439774	49
enc	439823	555
end	440378	243
ene	440621	375
enf	440996	28
eng	441024	389
enh	441413	60
eni	441473	627
enj	442100	31
enk	442131	41
enl	442172	15
enm	442187	11
enn	442198	85
eno	442283	140
enp	442423	5
enq	442428	7
enr	442435	29
ens	442464	342
ent	442806	1811
enu	444617	38
env	444655	19
enw	444674	14
enx	444688	2
eny	444690	28
enz	444718	70
eo 	444788	93
eoa	444881	2
eob	444883	4
eoc	444887	8
eod	444895	16
eof	444911	2
eog	444913	7
eoh	444920	2
eoj	444922	4
eok	444926	16
eol	444942	14
eom	444956	2
eon	444958	127
eop	445085	22
eoq	445107	1
eor	445108	64
eos	445172	4
eot	445176	11
eou	445187	2
eov	445189	2
eoz	445191	1
ep 	445192	27
epa	445219	877
epb	446096	2
epc	446098	26
epe	446124	288
epf	446412	1
eph	446413	18
epi	446431	29
epl	446460	5
epn	446465	4
epo	446469	41
epp	446510	30
epr	446540	1
eps	446541	5
ept	446546	11
epu	446557	65
epw	446622	3
epy	446625	2
eq 	446627	4
eqa	446631	3
eqe	446634	2
eqi	446636	2
eql	446638	1
eqo	446639	1
eqq	446640	1
equ	446641	76
er 	446717	941
era	447658	519
erb	448177	78
erc	448255	141
erd	448396	158
ere	448554	446
erf	449000	31
erg	449031	126
erh	449157	20
eri	449177	302
erj	449479	4
erk	449483	96
erl	449579	95
erm	449674	118
ern	449792	517
ero	450309	289
erp	450598	24
erq	450622	5
err	450627	362
ers	450989	251
ert	451240	252
eru	451492	81
erv	451573	59
erw	451632	36
ery	451668	49
erz	451717	43
es 	451760	1506
esa	453266	75
esb	453341	19
esc	453360	93
esd	453453	7
ese	453460	99
esf	453559	6
esg	453565	3
esh	453568	104
esi	453672	840
esj	454512	4
esk	454516	48
esl	454564	27
esm	454591	13
esn	454604	25
eso	454629	69
esp	454698	111
esq	454809	18
esr	454827	8
ess	454835	130
est	454965	1686
esu	456651	73
esv	456724	9
esw	456733	2
esx	456735	1
esy	456736	2
esz	456738	18
et 	456756	330
eta	457086	190
etc	457276	19
etd	457295	1
ete	457296	198
eth	457494	39
eti	457533	119
etj	457652	2
etk	457654	4
etl	457658	49
etm	457707	1
etn	457708	6
eto	457714	123
etp	457837	1
etr	457838	136
ets	457974	132
ett	458106	176
etu	458282	76
etv	458358	15
etw	458373	1
ety	458374	5
etz	458379	19
eu 	458398	87
eua	458485	9
eub	458494	5
euc	458499	8
eud	458507	6
eue	458513	5
euf	458518	4
eug	458522	7
eui	458529	2
euk	458531	6
eul	458537	17
eum	458554	8
eun	458562	28
eup	458590	2
euq	458592	1
eur	458593	38
eus	458631	32
eut	458663	82
euv	458745	4
euw	458749	7
eux	458756	12
euz	458768	6
ev 	458774	25
eva	458799	105
evb	458904	1
evc	458905	13
evd	458918	2
eve	458920	149
evg	459069	5
evh	459074	2
evi	459076	63
evj	459139	2
evk	459141	6
evl	459147	5
evn	459152	5
evo	459157	94
evp	459251	1
evr	459252	16
evs	459268	164
evt	459432	2
evu	459434	3
evv	459437	1
evy	459438	3
ew 	459441	91
ewa	459532	58
ewb	459590	3
ewc	459593	3
ewe	459596	21
ewf	459617	1
ewh	459618	1
ewi	459619	26
ewk	459645	1
ewl	459646	1
ewo	459647	30
ewp	459677	6
ewr	459683	1
ews	459684	19
ewt	459703	10
ewu	459713	3
ewy	459716	1
ex 	459717	23
exa	459740	33
exc	459773	12
exe	459785	12
exf	459797	2
exh	459799	2
exi	459801	13
exl	459814	1
exm	459815	3
exo	459818	6
exp	459824	3
exq	459827	2
exs	459829	1
ext	459830	12
exu	459842	2
ey 	459844	303
eya	460147	35
eyb	460182	5
eyd	460187	9
eye	460196	64
eyf	460260	2
eyh	460262	5
eyi	460267	6
eyj	460273	4
eyk	460277	9
eyl	460286	21
eym	460307	9
eyn	460316	19
eyo	460335	8
eyp	460343	2
eyr	460345	12
eys	460357	57
eyt	460414	11
eyu	460425	7
eyv	460432	6
eyy	460438	1
eyz	460439	2
ez 	460441	232
eza	460673	63
ezc	460736	3
ezd	460739	7
eze	460746	46
ezf	460792	1
ezg	460793	2
ezh	460795	45
ezi	460840	259
ezk	461099	2
ezm	461101	2
ezn	461103	23
ezo	461126	27
ezq	461153	4
ezr	461157	1
ezs	461158	3
ezu	461161	12
ezv	461173	2
ezy	461175	5
ezz	461180	13
fa 	461193	58
faa	461251	8
fab	461259	5
fac	461264	6
fad	461270	4
fae	461274	32
faf	461306	4
fag	461310	12
fah	461322	17
fai	461339	31
faj	461370	5
fak	461375	14
fal	461389	63
fam	461452	9
fan	461461	82
fao	461543	4
faq	461547	2
far	461549	116
fas	461665	21
fat	461686	45
fau	461731	11
fav	461742	1
faw	461743	3
fax	461746	16
fay	461762	31
faz	461793	24
fc 	461817	3
fca	461820	1
fch	461821	1
fct	461822	1
fd 	461823	1
fde	461824	2
fds	461826	2
fe 	461828	48
fea	461876	4
feb	461880	3
fec	461883	164
fed	462047	18
fee	462065	7
fef	462072	1
feh	462073	4
fei	462077	13
fej	462090	1
fek	462091	4
fel	462095	96
fem	462191	1
fen	462192	29
feo	462221	2
fer	462223	131
fes	462354	13
fet	462367	8
feu	462375	3
fey	462378	2
fez	462380	4
ff 	462384	18
ffa	462402	24
ffe	462426	42
ffh	462468	2
ffi	462470	17
ffl	462487	4
ffn	462491	1
ffo	462492	20
ffr	462512	4
ffs	462516	1
ffu	462517	2
fg 	462519	1
fga	462520	1
fgh	462521	1
fgo	462522	1
fgu	462523	1
fh 	462524	1
fha	462525	4
fhe	462529	2
fhi	462531	1
fho	462532	1
fi 	462533	33
fia	462566	21
fib	462587	1
fic	462588	7
fid	462595	5
fie	462600	88
fif	462688	2
fig	462690	17
fih	462707	1
fij	462708	2
fik	462710	9
fil	462719	46
fim	462765	12
fin	462777	50
fio	462827	3
fiq	462830	2
fir	462832	31
fis	462863	8
fit	462871	10
fiu	462881	1
fiv	462882	1
fix	462883	1
fiy	462884	6
fiz	462890	3
fj 	462893	1
fja	462894	11
fjd	462905	1
fje	462906	1
fji	462907	1
fjl	462908	1
fjo	462909	20
fk 	462929	3
fka	462932	7
fke	462939	1
fkh	462940	1
fko	462941	3
fl 	462944	5
fla	462949	42
fle	462991	29
fli	463020	12
flj	463032	2
fln	463034	1
flo	463035	120
flr	463155	1
flu	463156	3
fly	463159	4
fm 	463163	2
fma	463165	2
fmo	463167	1
fna	463168	2
fne	463170	1
fni	463171	3
fo 	463174	47
foa	463221	5
foc	463226	3
fod	463229	1
foe	463230	1
fof	463231	1
fog	463232	8
foh	463240	2
foi	463242	6
fok	463248	6
fol	463254	24
fom	463278	5
fon	463283	70
foo	463353	5
for	463358	220
fos	463578	9
fot	463587	6
fou	463593	42
fov	463635	3
fox	463638	6
foy	463644	1
foz	463645	4
fp 	463649	1
fpo	463650	1
fq 	463651	1
fqh	463652	1
fqu	463653	1
fr 	463654	14
fra	463668	220
fre	463888	91
fri	463979	34
fro	464013	49
fru	464062	18
fry	464080	7
fs 	464087	6
fsa	464093	4
fsb	464097	1
fse	464098	1
fsi	464099	1
fsk	464100	1
fsn	464101	1
fst	464102	3
ft 	464105	32
fta	464137	9
ftc	464146	1
fte	464147	16
fth	464163	1
fti	464164	3
ftk	464167	1
ftl	464168	3
fto	464171	4
fts	464175	1
fu 	464176	28
fua	464204	3
fuc	464207	2
fud	464209	2
fue	464211	17
fuf	464228	1
fug	464229	5
fuh	464234	1
fuj	464235	14
fuk	464249	14
ful	464263	22
fum	464285	6
fun	464291	38
fuo	464329	2
fuq	464331	2
fur	464333	29
fus	464362	10
fut	464372	12
fuu	464384	1
fuv	464385	1
fuw	464386	2
fux	464388	1
fuy	464389	1
fuz	464390	5
fvg	464395	1
fw 	464396	2
fwa	464398	3
fwe	464401	3
fwi	464404	2
fya	464406	2
fyb	464408	1
fyl	464409	14
fym	464423	1
fyn	464424	3
fyo	464427	5
fyr	464432	2
fyt	464434	1
fza	464435	1
ga 	464436	571
gaa	465007	28
gab	465035	54
gac	465089	50
gad	465139	65
gae	465204	7
gaf	465211	8
gag	465219	20
gah	465239	30
gai	465269	73
gaj	465342	7
gak	465349	9
gal	465358	215
gam	465573	79
gan	465652	344
gao	465996	36
gap	466032	18
gaq	466050	1
gar	466051	421
gas	466472	630
gat	467102	123
gau	467225	51
gav	467276	32
gaw	467308	34
gay	467342	43
gaz	467385	52
gb 	467437	6
gba	467443	28
gbe	467471	376
gbi	467847	2
gbo	467849	32
gbu	467881	8
gby	467889	4
gc 	467893	4
gca	467897	1
gch	467898	25
gci	467923	1
gco	467924	2
gd 	467926	23
gda	467949	58
gde	468007	9
gdh	468016	1
gdi	468017	9
gdo	468026	15
gds	468041	1
gdu	468042	4
gdy	468046	2
ge 	468048	255
gea	468303	15
geb	468318	12
gec	468330	4
ged	468334	14
gee	468348	11
gef	468359	3
geg	468362	4
geh	468366	5
gei	468371	15
gek	468386	1
gel	468387	88
gem	468475	381
gen	468856	587
geo	469443	53
gep	469496	5
ger	469501	135
ges	469636	48
get	469684	24
geu	469708	7
gev	469715	7
gew	469722	7
gey	469729	10
gez	469739	4
gf 	469743	1
gfa	469744	3
gfi	469747	5
gfo	469752	3
gg 	469755	6
gga	469761	55
ggb	469816	1
ggc	469817	1
ggd	469818	11
gge	469829	8
ggh	469837	4
ggi	469841	15
ggo	469856	8
ggr	469864	1
ggs	469865	2
ggu	469867	11
ggw	469878	3
ggy	469881	3
gh 	469884	132
gha	470016	168
ghb	470184	4
ghc	470188	1
ghd	470189	4
ghe	470193	70
ghg	470263	1
ghi	470264	75
ghk	470339	3
ghl	470342	17
ghm	470359	3
ghn	470362	6
gho	470368	36
ghp	470404	3
ghr	470407	13
ghs	470420	1
ght	470421	39
ghu	470460	20
ghv	470480	1
ghw	470481	12
ghy	470493	3
ghz	470496	3
gi 	470499	150
gia	470649	88
gib	470737	16
gic	470753	9
gid	470762	16
gie	470778	30
gif	470808	2
gig	470810	4
gih	470814	7
gii	470821	4
gij	470825	1
gil	470826	50
gim	470876	10
gin	470886	107
gio	470993	562
gip	471555	10
giq	471565	1
gir	471566	59
gis	471625	22
git	471647	16
giu	471663	22
giw	471685	2
giy	471687	13
giz	471700	10
gj 	471710	2
gja	471712	4
gje	471716	5
gji	471721	19
gjo	471740	2
gjs	471742	1
gju	471743	13
gk 	471756	5
gka	471761	22
gke	471783	1
gkh	471784	18
gki	471802	2
gko	471804	16
gkr	471820	2
gku	471822	8
gl 	471830	8
gla	471838	81
gld	471919	1
gle	471920	63
glg	471983	1
gli	471984	36
gll	472020	1
glo	472021	39
gls	472060	1
glu	472061	16
gly	472077	3
gm 	472080	2
gma	472082	59
gme	472141	3
gmi	472144	3
gmo	472147	2
gmu	472149	4
gmy	472153	3
gn 	472156	10
gna	472166	55
gnd	472221	1
gne	472222	35
gng	472257	4
gni	472261	18
gnj	472279	1
gno	472280	8
gnu	472288	1
gny	472289	6
go 	472295	525
goa	472820	65
gob	472885	20
goc	472905	8
god	472913	36
goe	472949	12
gof	472961	3
gog	472964	20
goh	472984	4
goi	472988	82
goj	473070	5
gok	473075	13
gol	473088	105
gom	473193	88
gon	473281	141
goo	473422	35
gop	473457	9
gor	473466	656
gos	474122	99
got	474221	34
gou	474255	82
gov	474337	228
gow	474565	9
goy	474574	17
goz	474591	30
gp 	474621	5
gpa	474626	1
gph	474627	3
gpk	474630	1
gpo	474631	3
gpu	474634	5
gpy	474639	3
gqa	474642	1
gqi	474643	3
gqr	474646	1
gqu	474647	2
gr 	474649	13
gra	474662	599
grd	475261	1
gre	475262	222
gri	475484	68
grn	475552	1
gro	475553	107
grs	475660	1
gru	475661	23
gry	475684	9
gs 	475693	69
gsa	475762	24
gsb	475786	23
gsd	475809	1
gse	475810	7
gsh	475817	14
gsi	475831	7
gsk	475838	25
gsl	475863	1
gso	475864	13
gsr	475877	1
gst	475878	25
gsu	475903	6
gsv	475909	3
gsw	475912	1
gt 	475913	11
gta	475924	11
gth	475935	4
gti	475939	2
gtl	475941	1
gto	475942	84
gtr	476026	1
gts	476027	3
gtt	476030	1
gtu	476031	3
gty	476034	3
gu 	476037	180
gua	476217	628
gub	476845	10
guc	476855	13
gud	476868	23
gue	476891	308
guf	477199	1
gug	477200	2
gui	477202	137
guj	477339	9
guk	477348	1
gul	477349	77
gum	477426	24
gun	477450	675
guo	478125	5
gup	478130	3
gur	478133	117
gus	478250	66
gut	478316	24
guu	478340	22
guv	478362	2
guw	478364	1
gux	478365	2
guy	478367	27
guz	478394	21
gv 	478415	1
gva	478416	9
gve	478425	2
gvi	478427	5
gvo	478432	3
gw 	478435	1
gwa	478436	54
gwe	478490	37
gwi	478527	10
gwl	478537	1
gwn	478538	1
gwo	478539	20
gwr	478559	1
gwu	478560	1
gwy	478561	2
gx 	478563	1
gxa	478564	2
gxe	478566	1
gxi	478567	6
gxo	478573	1
gy 	478574	8
gya	478582	27
gye	478609	39
gyg	478648	1
gyh	478649	4
gyi	478653	3
gyk	478656	6
gyl	478662	4
gym	478666	1
gyo	478667	21
gyp	478688	1
gyr	478689	4
gys	478693	2
gyu	478695	7
gyz	478702	2
gz 	478704	4
gza	478708	1
gzd	478709	1
gzh	478710	13
gzi	478723	2
gzu	478725	10
ha 	478735	492
ha1	479227	1
haa	479228	44
hab	479272	107
hac	479379	60
had	479439	95
hae	479534	50
haf	479584	61
hag	479645	64
hah	479709	458
hai	480167	198
haj	480365	29
hak	480394	70
hal	480464	289
ham	480753	384
han	481137	795
hao	481932	88
hap	482020	90
haq	482110	4
har	482114	532
has	482646	148
hat	482794	166
hau	482960	100
hav	483060	48
haw	483108	60
hax	483168	3
hay	483171	119
haz	483290	47
hb 	483337	3
hba	483340	17
hbe	483357	3
hbh	483360	2
hbi	483362	2
hbl	483364	1
hbn	483365	1
hbo	483366	3
hbr	483369	4
hbu	483373	10
hby	483383	1
hca	483384	5
hce	483389	9
hch	483398	49
hck	483447	1
hcl	483448	1
hcm	483449	1
hco	483450	4
hd 	483454	17
hda	483471	19
hde	483490	3
hdf	483493	1
hdh	483494	1
hdi	483495	6
hdj	483501	1
hdo	483502	4
hdu	483506	4
hdz	483510	1
he 	483511	218
hea	483729	78
heb	483807	27
hec	483834	15
hed	483849	27
hee	483876	24
hef	483900	10
heg	483910	16
heh	483926	12
hei	483938	84
hej	484022	2
hek	484024	25
hel	484049	162
hem	484211	67
hen	484278	212
heo	484490	50
hep	484540	18
her	484558	446
hes	485004	81
het	485085	64
heu	485149	16
hev	485165	60
hew	485225	17
hex	485242	3
hey	485245	24
hez	485269	24
hf 	485293	2
hfa	485295	1
hfi	485296	6
hg 	485302	3
hga	485305	5
hgi	485310	7
hgo	485317	6
hh 	485323	6
hha	485329	12
hhe	485341	2
hhi	485343	4
hhl	485347	1
hhm	485348	1
hhn	485349	2
hho	485351	8
hhu	485359	5
hi 	485364	1367
hia	486731	115
hib	486846	44
hic	486890	81
hid	486971	76
hie	487047	47
hif	487094	6
hig	487100	95
hih	487195	20
hii	487215	11
hij	487226	11
hik	487237	88
hil	487325	272
him	487597	158
hin	487755	361
hio	488116	68
hip	488184	59
hiq	488243	29
hir	488272	234
his	488506	116
hit	488622	155
hiu	488777	18
hiv	488795	25
hiw	488820	14
hix	488834	6
hiy	488840	71
hiz	488911	39
hj 	488950	1
hja	488951	13
hje	488964	1
hjo	488965	7
hk 	488972	7
hka	488979	28
hkb	489007	1
hke	489008	8
hkh	489016	8
hki	489024	80
hkl	489104	1
hko	489105	21
hku	489126	5
hl 	489131	8
hla	489139	69
hld	489208	1
hle	489209	26
hli	489235	19
hlk	489254	15
hlo	489269	31
hls	489300	1
hlu	489301	8
hly	489309	2
hm 	489311	10
hma	489321	47
hme	489368	9
hmf	489377	1
hmi	489378	8
hmo	489386	22
hmu	489408	11
hmy	489419	1
hn 	489420	37
hna	489457	28
hne	489485	39
hni	489524	17
hnj	489541	1
hno	489542	16
hnp	489558	1
hns	489559	25
hnu	489584	10
hny	489594	30
ho 	489624	332
hoa	489956	72
hob	490028	23
hoc	490051	30
hod	490081	38
hoe	490119	915
hof	491034	11
hog	491045	11
hoh	491056	11
hoi	491067	28
hoj	491095	14
hok	491109	35
hol	491144	124
hom	491268	88
hon	491356	288
hoo	491644	24
hop	491668	40
hoq	491708	2
hor	491710	264
hos	491974	83
hot	492057	52
hou	492109	178
hov	492287	77
how	492364	28
hoy	492392	17
hoz	492409	12
hp 	492421	3
hpa	492424	4
hpe	492428	2
hpl	492430	1
hpo	492431	2
hpp	492433	1
hpu	492434	8
hq 	492442	3
hqa	492445	2
hqe	492447	2
hqo	492449	2
hqu	492451	3
hr 	492454	48
hra	492502	103
hrb	492605	1
hre	492606	368
hrg	492974	1
hrh	492975	1
hri	492976	85
hrj	493061	1
hro	493062	22
hrp	493084	1
hrt	493085	2
hru	493087	15
hrv	493102	3
hrw	493105	1
hry	493106	4
hrz	493110	1
hs 	493111	9
hsa	493120	9
hse	493129	3
hsh	493132	9
hsi	493141	11
hsk	493152	118
hsq	493270	1
hst	493271	3
hsu	493274	4
hsz	493278	1
ht 	493279	59
hta	493338	29
htc	493367	1
hte	493368	29
hth	493397	3
hti	493400	285
htk	493685	2
htl	493687	2
htm	493689	1
htn	493690	1
hto	493691	14
htq	493705	1
htr	493706	3
hts	493709	14
htu	493723	6
htw	493729	1
hty	493730	6
htz	493736	1
hu 	493737	133
hua	493870	263
hub	494133	18
huc	494151	27
hud	494178	17
hue	494195	63
huf	494258	2
hug	494260	20
huh	494280	8
hui	494288	70
huj	494358	3
huk	494361	33
hul	494394	49
hum	494443	112
hun	494555	130
huo	494685	32
hup	494717	9
huq	494726	2
hur	494728	90
hus	494818	40
hut	494858	28
huu	494886	10
huv	494896	8
huw	494904	9
hux	494913	1
huy	494914	567
huz	495481	6
hv 	495487	1
hva	495488	15
hve	495503	2
hvi	495505	10
hvo	495515	2
hw 	495517	1
hwa	495518	55
hwe	495573	20
hwi	495593	5
hwl	495598	1
hwo	495599	1
hwy	495600	2
hy 	495602	60
hya	495662	19
hyb	495681	2
hyd	495683	5
hye	495688	5
hyg	495693	1
hyl	495694	6
hym	495700	2
hyn	495702	15
hyo	495717	16
hyp	495733	1
hyr	495734	5
hys	495739	5
hyt	495744	7
hyu	495751	2
hyy	495753	1
hza	495754	2
hze	495756	1
hzh	495757	4
hzi	495761	1
ia 	495762	2136
iaa	497898	3
iab	497901	25
iac	497926	62
iad	497988	18
iae	498006	4
iaf	498010	4
iag	498014	115
iah	498129	18
iai	498147	21
iaj	498168	4
iak	498172	18
ial	498190	72
iam	498262	66
ian	498328	483
iao	498811	75
iap	498886	33
iaq	498919	2
iar	498921	72
ias	498993	177
iat	499170	367
iau	499537	86
iav	499623	4
iaw	499627	5
iax	499632	4
iay	499636	6
iaz	499642	17
ib 	499659	29
iba	499688	264
ibb	499952	13
ibd	499965	1
ibe	499966	152
ibg	500118	2
ibh	500120	9
ibi	500129	458
ibl	500587	7
ibn	500594	5
ibo	500599	80
ibr	500679	22
ibs	500701	6
ibu	500707	44
iby	500751	1
ic 	500752	122
ica	500874	400
icc	501274	2
ice	501276	199
icf	501475	1
icg	501476	1
ich	501477	282
ici	501759	4896
ick	506655	118
icl	506773	8
icm	506781	1
icn	506782	2
ico	506784	170
icp	506954	1
ics	506955	2
ict	506957	6294
icu	513251	59
icv	513310	1
icx	513311	1
icy	513312	3
icz	513315	6
id 	513321	92
ida	513413	253
idb	513666	2
idd	513668	35
ide	513703	169
idf	513872	4
idg	513876	32
idh	513908	15
idi	513923	101
idj	514024	9
idk	514033	4
idl	514037	13
idn	514050	7
ido	514057	204
idp	514261	2
idr	514263	29
ids	514292	14
idt	514306	4
idu	514310	15
idv	514325	3
idw	514328	6
idy	514334	3
idz	514337	13
ie 	514350	219
ieb	514569	11
iec	514580	27
ied	514607	50
ief	514657	2
ieg	514659	23
ieh	514682	6
iei	514688	17
iej	514705	20
iek	514725	28
iel	514753	148
iem	514901	40
ien	514941	235
iep	515176	15
ieq	515191	3
ier	515194	237
ies	515431	100
iet	515531	50
ieu	515581	33
iev	515614	9
iew	515623	27
iex	515650	1
iey	515651	2
iez	515653	9
if 	515662	35
ifa	515697	26
ife	515723	27
iff	515750	14
ifi	515764	12
ifk	515776	1
ifl	515777	15
ifn	515792	1
ifo	515793	16
ifr	515809	5
ift	515814	12
ifu	515826	11
ig 	515837	49
iga	515886	162
igb	516048	8
igc	516056	1
igd	516057	5
ige	516062	32
igg	516094	10
igh	516104	83
igi	516187	66
igk	516253	1
igl	516254	8
igm	516262	2
ign	516264	41
igo	516305	49
igr	516354	28
igs	516382	5
igt	516387	2
igu	516389	229
igv	516618	1
igw	516619	6
igy	516625	2
igz	516627	1
ih 	516628	25
iha	516653	75
ihd	516728	1
ihe	516729	17
ihh	516746	2
ihi	516748	18
ihk	516766	1
ihl	516767	5
ihm	516772	2
ihn	516774	2
iho	516776	16
ihr	516792	1
ihs	516793	6
iht	516799	3
ihu	516802	33
ihv	516835	1
ihy	516836	4
ii 	516840	124
iib	516964	3
iic	516967	1
iid	516968	4
iig	516972	3
iih	516975	2
iii	516977	11
iik	516988	6
iil	516994	7
iim	517001	2
iin	517003	6
iip	517009	2
iir	517011	4
iis	517015	19
iit	517034	5
iiu	517039	2
iiv	517041	1
iiw	517042	13
iiy	517055	1
iiz	517056	2
ij 	517058	16
ija	517074	127
ijc	517201	2
ijd	517203	3
ije	517206	27
ijf	517233	1
ijg	517234	1
ijh	517235	2
iji	517237	21
ijk	517258	20
ijm	517278	1
ijn	517279	6
ijo	517285	389
ijr	517674	3
ijs	517677	10
iju	517687	15
ik 	517702	175
ika	517877	160
ikb	518037	1
ikc	518038	1
ikd	518039	4
ike	518043	47
ikg	518090	3
ikh	518093	76
iki	518169	85
ikj	518254	1
ikk	518255	11
ikl	518266	14
ikm	518280	4
ikn	518284	2
iko	518286	122
ikp	518408	5
ikq	518413	1
ikr	518414	6
iks	518420	63
ikt	518483	5
iku	518488	43
ikv	518531	2
ikw	518533	11
iky	518544	4
il 	518548	315
ila	518863	558
ilb	519421	14
ilc	519435	760
ild	520195	24
ile	520219	568
ilf	520787	3
ilg	520790	13
ilh	520803	45
ili	520848	287
ilj	521135	11
ilk	521146	20
ill	521166	726
ilm	521892	11
iln	521903	12
ilo	521915	136
ilp	522051	21
ilq	522072	3
ils	522075	49
ilt	522124	60
ilu	522184	30
ilv	522214	36
ilw	522250	6
ily	522256	22
ilz	522278	5
im 	522283	259
ima	522542	336
imb	522878	103
imc	522981	4
imd	522985	3
ime	522988	99
imf	523087	1
img	523088	3
imh	523091	8
imi	523099	117
imj	523216	2
imk	523218	2
iml	523220	8
imm	523228	11
imn	523239	8
imo	523247	135
imp	523382	50
imq	523432	1
imr	523433	9
ims	523442	63
imt	523505	2
imu	523507	53
imv	523560	1
imy	523561	1
in 	523562	860
ina	524422	1668
inb	526090	15
inc	526105	1482
ind	527587	290
ine	527877	328
inf	528205	9
ing	528214	794
inh	529008	330
ini	529338	284
inj	529622	49
ink	529671	31
inl	529702	17
inm	529719	3
inn	529722	83
ino	529805	342
inp	530147	5
inq	530152	8
inr	530160	5
ins	530165	757
int	530922	393
inu	531315	39
inv	531354	18
inw	531372	9
inx	531381	4
iny	531385	29
inz	531414	34
io 	531448	3144
ioa	534592	27
iob	534619	13
ioc	534632	13
iod	534645	4
ioe	534649	1
iof	534650	5
iog	534655	10
ioh	534665	2
ioi	534667	9
ioj	534676	12
iok	534688	13
iol	534701	19
iom	534720	13
ion	534733	1057
iop	535790	16
ioq	535806	3
ior	535809	49
ios	535858	114
iot	535972	19
iou	535991	37
iov	536028	9
iow	536037	9
iox	536046	3
ioy	536049	1
ioz	536050	6
ip 	536056	108
ipa	536164	3550
ipd	539714	1
ipe	539715	88
iph	539803	12
ipi	539815	1826
ipj	541641	1
ipk	541642	1
ipl	541643	5
ipm	541648	1
ipn	541649	2
ipo	541651	48
ipp	541699	21
ipr	541720	22
ips	541742	12
ipt	541754	9
ipu	541763	57
iq 	541820	22
iqa	541842	7
iqc	541849	1
iqe	541850	1
iqi	541851	7
iql	541858	1
iqo	541859	1
iqq	541860	1
iqu	541861	137
iqv	541998	1
iqw	541999	1
ir 	542000	249
ira	542249	775
irb	543024	12
irc	543036	59
ird	543095	25
ire	543120	228
irf	543348	9
irg	543357	25
irh	543382	2
iri	543384	291
irj	543675	8
irk	543683	233
irl	543916	30
irm	543946	23
irn	543969	29
iro	543998	270
irp	544268	9
irq	544277	1
irr	544278	9
irs	544287	39
irt	544326	14
iru	544340	51
irv	544391	7
irw	544398	5
iry	544403	14
irz	544417	11
is 	544428	690
isa	545118	190
isb	545308	19
isc	545327	251
isd	545578	4
ise	545582	120
isf	545702	4
isg	545706	3
ish	545709	318
isi	546027	193
isj	546220	1
isk	546221	59
isl	546280	192
ism	546472	25
isn	546497	14
iso	546511	144
isp	546655	23
isq	546678	4
isr	546682	6
iss	546688	154
ist	546842	6734
isu	553576	41
isv	553617	6
isw	553623	2
isy	553625	1
isz	553626	8
it 	553634	235
ita	553869	707
itb	554576	3
itc	554579	19
ite	554598	189
itf	554787	4
itg	554791	5
ith	554796	52
iti	554848	252
itj	555100	2
itk	555102	8
itl	555110	91
itm	555201	4
itn	555205	3
ito	555208	391
itp	555599	3
itr	555602	48
its	555650	140
itt	555790	70
itu	555860	122
itv	555982	2
itw	555984	5
ity	555989	3742
itz	559731	25
iu 	559756	133
iua	559889	10
iub	559899	9
iuc	559908	11
iud	559919	30
iug	559949	5
iui	559954	3
iuj	559957	1
iuk	559958	2
iul	559960	120
ium	560080	22
iun	560102	29
iuo	560131	2
iup	560133	7
iuq	560140	1
iur	560141	23
ius	560164	17
iut	560181	14
iuv	560195	6
iuw	560201	2
iux	560203	1
iuz	560204	2
iv 	560206	34
iva	560240	200
ivb	560440	1
ivc	560441	1
ivd	560442	2
ive	560444	192
ivg	560636	1
ivi	560637	133
ivj	560770	1
ivk	560771	6
ivl	560777	3
ivn	560780	23
ivo	560803	51
ivp	560854	1
ivr	560855	11
ivs	560866	26
ivt	560892	3
ivu	560895	5
ivy	560900	1
ivz	560901	1
iwa	560902	153
iwe	561055	7
iwi	561062	12
iwo	561074	32
iwr	561106	1
iwy	561107	1
ix 	561108	46
ixa	561154	22
ixc	561176	20
ixe	561196	19
ixh	561215	8
ixi	561223	15
ixk	561238	1
ixl	561239	2
ixm	561241	3
ixo	561244	16
ixp	561260	3
ixq	561263	3
ixt	561266	70
ixu	561336	3
iy 	561339	1767
iya	563106	334
iye	563440	96
iyi	563536	4
iyl	563540	2
iym	563542	1
iyn	563543	4
iyo	563547	27
iys	563574	20
iyt	563594	5
iyu	563599	9
iyy	563608	3
iz 	563611	70
iza	563681	93
izb	563774	7
izc	563781	4
izd	563785	2
ize	563787	44
izh	563831	73
izi	563904	49
izj	563953	1
izk	563954	7
izl	563961	5
izm	563966	5
izn	563971	5
izo	563976	35
izp	564011	4
izq	564015	1
izr	564016	6
izs	564022	5
izt	564027	3
izu	564030	44
izv	564074	12
izw	564086	1
izy	564087	2
izz	564089	6
ja 	564095	265
jaa	564360	7
jab	564367	48
jac	564415	104
jad	564519	8
jae	564527	5
jaf	564532	8
jag	564540	43
jah	564583	30
jai	564613	24
jaj	564637	7
jak	564644	32
jal	564676	86
jam	564762	76
jan	564838	174
jao	565012	10
jap	565022	28
jaq	565050	4
jar	565054	330
jas	565384	74
jat	565458	18
jau	565476	32
jav	565508	20
jaw	565528	18
jay	565546	35
jaz	565581	10
jb 	565591	1
jba	565592	6
jbe	565598	1
jbo	565599	1
jc 	565600	1
jca	565601	3
jch	565604	1
jci	565605	2
jd 	565607	4
jda	565611	2
jde	565613	3
jdi	565616	4
jdo	565620	2
jdu	565622	9
je 	565631	114
jea	565745	11
jeb	565756	14
jec	565770	7
jed	565777	14
jee	565791	2
jef	565793	32
jeg	565825	3
jeh	565828	3
jei	565831	7
jej	565838	4
jek	565842	7
jel	565849	39
jem	565888	20
jen	565908	32
jeo	565940	8
jep	565948	2
jeq	565950	8
jer	565958	76
jes	566034	68
jet	566102	8
jeu	566110	3
jev	566113	24
jew	566137	20
jez	566157	9
jfa	566166	1
jfh	566167	1
jg 	566168	2
jga	566170	3
jge	566173	1
jgi	566174	2
jgu	566176	1
jh 	566177	3
jha	566180	15
jhe	566195	5
jhk	566200	1
jhu	566201	2
ji 	566203	85
jia	566288	41
jib	566329	15
jic	566344	19
jid	566363	5
jie	566368	6
jig	566374	7
jih	566381	5
jii	566386	1
jij	566387	9
jik	566396	7
jil	566403	36
jim	566439	31
jin	566470	64
jio	566534	3
jip	566537	1
jiq	566538	5
jir	566543	20
jis	566563	5
jit	566568	16
jiu	566584	6
jiv	566590	1
jiw	566591	2
jix	566593	1
jiy	566594	4
jiz	566598	7
jj 	566605	3
jja	566608	9
jje	566617	1
jji	566618	1
jk 	566619	19
jka	566638	1
jke	566639	5
jko	566644	2
jl 	566646	4
jla	566650	1
jle	566651	1
jlo	566652	3
jlu	566655	2
jm 	566657	2
jma	566659	3
jme	566662	3
jmi	566665	2
jmo	566667	1
jn 	566668	2
jna	566670	8
jnd	566678	1
jne	566679	3
jni	566682	5
jno	566687	2
jns	566689	1
jnu	566690	1
jny	566691	1
jo 	566692	165
joa	566857	102
job	566959	370
joc	567329	15
jod	567344	1
joe	567345	8
jog	567353	4
joh	567357	48
joi	567405	14
joj	567419	4
jok	567423	6
jol	567429	14
jom	567443	14
jon	567457	85
joo	567542	1
jop	567543	1
joq	567544	1
jor	567545	67
jos	567612	244
jot	567856	5
jou	567861	24
jov	567885	9
jow	567894	6
joy	567900	7
joz	567907	3
jpu	567910	9
jr 	567919	1
jra	567920	12
jre	567932	1
jrh	567933	1
jri	567934	1
jru	567935	1
jrv	567936	1
js 	567937	2
jsa	567939	2
jsc	567941	2
jsd	567943	1
jsh	567944	3
jsi	567947	2
jsk	567949	18
jsp	567967	1
jss	567968	6
jst	567974	2
jsw	567976	1
jt 	567977	4
jtu	567981	1
ju 	567982	65
jua	568047	213
jub	568260	21
juc	568281	26
jud	568307	46
jue	568353	9
juf	568362	1
jug	568363	4
juh	568367	1
jui	568368	8
juj	568376	2
juk	568378	2
jul	568380	28
jum	568408	18
jun	568426	56
jup	568482	7
juq	568489	6
jur	568495	53
jus	568548	18
jut	568566	18
juu	568584	2
juv	568586	5
juw	568591	3
jux	568594	1
juy	568595	2
juz	568597	4
jva	568601	5
jvo	568606	1
jw 	568607	2
jwa	568609	2
jwe	568611	1
jwi	568612	2
jwk	568614	1
jx 	568615	1
jya	568616	1
jye	568617	1
jyi	568618	1
jyl	568619	2
jyv	568621	1
jz 	568622	1
jza	568623	1
ka 	568624	538
kaa	569162	17
kab	569179	482
kac	569661	15
kad	569676	46
kae	569722	37
kaf	569759	16
kag	569775	31
kah	569806	32
kai	569838	64
kaj	569902	18
kak	569920	36
kal	569956	250
kam	570206	198
kan	570404	337
kao	570741	21
kap	570762	79
kar	570841	359
kas	571200	180
kat	571380	138
kau	571518	63
kav	571581	31
kaw	571612	56
kax	571668	2
kay	571670	182
kaz	571852	183
kb 	572035	6
kba	572041	3
kbe	572044	2
kbo	572046	1
kbr	572047	1
kbu	572048	4
kby	572052	3
kc 	572055	2
kca	572057	6
kce	572063	4
kch	572067	16
kci	572083	4
kcu	572087	1
kd 	572088	3
kda	572091	14
kde	572105	3
kdi	572108	1
kdu	572109	2
kdz	572111	1
ke 	572112	275
kea	572387	6
keb	572393	22
kec	572415	13
ked	572428	31
kee	572459	21
kef	572480	10
keg	572490	7
keh	572497	9
kei	572506	16
kej	572522	2
kek	572524	9
kel	572533	71
kem	572604	32
ken	572636	143
keo	572779	10
kep	572789	24
ker	572813	115
kes	572928	64
ket	572992	48
keu	573040	4
kev	573044	7
kew	573051	3
key	573054	19
kez	573073	9
kf 	573082	4
kfa	573086	4
kfi	573090	3
kfo	573093	3
kfs	573096	1
kfu	573097	1
kg 	573098	4
kga	573102	8
kgd	573110	1
kgl	573111	1
kgn	573112	1
kgo	573113	1
kgy	573114	1
kh 	573115	58
kha	573173	367
khb	573540	2
khc	573542	5
khd	573547	4
khe	573551	63
khg	573614	3
khh	573617	1
khi	573618	75
khk	573693	3
khl	573696	32
khm	573728	12
khn	573740	24
kho	573764	254
khp	574018	2
khr	574020	13
khs	574033	19
kht	574052	27
khu	574079	69
khv	574148	13
khw	574161	18
khy	574179	5
khz	574184	1
ki 	574185	626
kia	574811	94
kib	574905	15
kic	574920	4
kid	574924	16
kie	574940	57
kif	574997	14
kig	575011	10
kih	575021	7
kii	575028	9
kij	575037	12
kik	575049	21
kil	575070	57
kim	575127	99
kin	575226	208
kio	575434	14
kip	575448	12
kir	575460	101
kis	575561	71
kit	575632	81
kiu	575713	2
kiv	575715	16
kiw	575731	3
kiy	575734	1761
kiz	577495	24
kja	577519	5
kje	577524	3
kjo	577527	2
kk 	577529	7
kka	577536	32
kke	577568	8
kkh	577576	2
kki	577578	13
kkl	577591	1
kkm	577592	1
kko	577593	11
kks	577604	1
kku	577605	9
kky	577614	1
kl 	577615	9
kla	577624	54
kle	577678	31
kli	577709	71
klj	577780	2
kll	577782	1
klo	577783	18
klu	577801	8
kly	577809	6
km 	577815	4
kma	577819	14
kmd	577833	1
kme	577834	14
kmi	577848	2
kmo	577850	5
kmp	577855	1
kmu	577856	2
kn 	577858	10
kna	577868	5
knd	577873	1
kne	577874	16
kng	577890	2
kni	577892	10
kno	577902	18
knr	577920	1
knu	577921	1
kny	577922	3
ko 	577925	205
koa	578130	54
kob	578184	25
koc	578209	25
kod	578234	13
koe	578247	4
kof	578251	6
kog	578257	25
koh	578282	26
koi	578308	14
koj	578322	3
kok	578325	44
kol	578369	138
kom	578507	692
kon	579199	150
koo	579349	12
kop	579361	63
kor	579424	112
kos	579536	87
kot	579623	200
kou	579823	90
kov	579913	189
kow	580102	21
koy	580123	412
koz	580535	26
kp 	580561	4
kpa	580565	19
kpe	580584	5
kpi	580589	5
kpo	580594	17
kpr	580611	1
kpu	580612	1
kpy	580613	1
kqa	580614	1
kr 	580615	10
kra	580625	188
kre	580813	216
kri	581029	45
krk	581074	2
krn	581076	1
kro	581077	72
krs	581149	3
krt	581152	1
kru	581153	466
kry	581619	11
krz	581630	1
ks 	581631	43
ksa	581674	42
ksb	581716	3
ksc	581719	2
ksd	581721	1
kse	581722	20
ksh	581742	31
ksi	581773	20
ksj	581793	1
ksk	581794	58
ksm	581852	35
ksn	581887	8
kso	581895	35
ksp	581930	1
kss	581931	1
kst	581932	18
ksu	581950	10
ksv	581960	3
ksy	581963	3
ksz	581966	4
kt 	581970	13
kta	581983	11
kte	581994	4
kth	581998	2
kti	582000	9
kto	582009	21
ktr	582030	3
kts	582033	2
ktt	582035	1
ktu	582036	1
kty	582037	25
ku 	582062	119
kua	582181	22
kub	582203	17
kuc	582220	11
kud	582231	16
kue	582247	2
kuf	582249	6
kug	582255	5
kuh	582260	16
kui	582276	6
kuj	582282	8
kuk	582290	24
kul	582314	72
kum	582386	71
kun	582457	199
kuo	582656	6
kup	582662	27
kur	582689	122
kus	582811	54
kut	582865	57
kuu	582922	3
kuv	582925	6
kuw	582931	2
kuy	582933	15
kuz	582948	18
kv 	582966	2
kva	582968	10
kve	582978	7
kvi	582985	10
kvo	582995	1
kw 	582996	3
kwa	582999	83
kwe	583082	17
kwi	583099	12
kwl	583111	1
kwo	583112	5
kwu	583117	8
kxe	583125	2
kxo	583127	1
ky 	583128	1512
kya	584640	11
kyc	584651	1
kye	584652	16
kyf	584668	1
kyi	584669	67
kyj	584736	2
kyk	584738	1
kyl	584739	8
kym	584747	1
kyn	584748	4
kyo	584752	18
kyp	584770	1
kyr	584771	6
kys	584777	4
kyt	584781	3
kyu	584784	7
kyy	584791	26
kyz	584817	6
kza	584823	2
kzh	584825	2
kzn	584827	1
la 	584828	1612
laa	586440	69
lab	586509	97
lac	586606	207
lad	586813	109
lae	586922	25
laf	586947	25
lag	586972	220
lah	587192	122
lai	587314	139
laj	587453	49
lak	587502	201
lal	587703	143
lam	587846	193
lan	588039	1222
lao	589261	52
lap	589313	123
laq	589436	9
lar	589445	230
las	589675	431
lat	590106	225
lau	590331	121
lav	590452	133
law	590585	85
lax	590670	26
lay	590696	305
laz	591001	42
lb 	591043	10
lba	591053	59
lbc	591112	1
lbe	591113	54
lbh	591167	1
lbi	591168	14
lbl	591182	3
lbo	591185	28
lbr	591213	8
lbt	591221	1
lbu	591222	18
lby	591240	10
lc 	591250	5
lca	591255	72
lce	591327	758
lch	592085	50
lci	592135	30
lck	592165	1
lco	592166	92
lcr	592258	2
lcs	592260	1
lcu	592261	8
lcy	592269	1
lcz	592270	1
ld 	592271	199
lda	592470	83
ldb	592553	3
lde	592556	83
ldf	592639	3
ldg	592642	1
ldh	592643	8
ldi	592651	38
ldj	592689	1
ldk	592690	2
ldo	592692	53
ldr	592745	5
lds	592750	12
ldt	592762	7
ldu	592769	10
ldw	592779	9
ldy	592788	28
ldz	592816	8
le 	592824	1173
lea	593997	145
leb	594142	55
lec	594197	40
led	594237	74
lee	594311	41
lef	594352	28
leg	594380	147
leh	594527	25
lei	594552	74
lej	594626	28
lek	594654	63
lel	594717	33
lem	594750	107
len	594857	406
leo	595263	53
lep	595316	22
leq	595338	6
ler	595344	136
les	595480	340
let	595820	110
leu	595930	45
lev	595975	54
lew	596029	20
lex	596049	35
ley	596084	165
lez	596249	50
lf 	596299	11
lfa	596310	20
lfe	596330	8
lfi	596338	15
lfj	596353	1
lfl	596354	2
lfo	596356	18
lfr	596374	10
lfs	596384	2
lft	596386	1
lfu	596387	1
lg 	596388	9
lga	596397	82
lge	596479	25
lgh	596504	5
lgi	596509	14
lgo	596523	70
lgr	596593	14
lgu	596607	11
lh 	596618	5
lha	596623	79
lhe	596702	20
lhg	596722	1
lhi	596723	15
lho	596738	83
lhr	596821	2
lhu	596823	23
li 	596846	391
lia	597237	202
lib	597439	88
lic	597527	131
lid	597658	42
lie	597700	96
lif	597796	25
lig	597821	65
lih	597886	12
lii	597898	6
lij	597904	11
lik	597915	124
lil	598039	52
lim	598091	147
lin	598238	576
lio	598814	52
lip	598866	82
liq	598948	13
lir	598961	21
lis	598982	324
lit	599306	3586
liu	602892	25
liv	602917	113
liw	603030	55
lix	603085	31
liy	603116	26
liz	603142	32
lj 	603174	9
lja	603183	26
ljc	603209	2
lje	603211	41
lji	603252	7
ljo	603259	4
lju	603263	18
lk 	603281	41
lka	603322	49
lke	603371	32
lkh	603403	18
lki	603421	21
lkl	603442	1
lkm	603443	2
lkn	603445	3
lko	603448	18
lkr	603466	21
lks	603487	1
lku	603488	6
lky	603494	2
ll 	603496	335
lla	603831	468
llb	604299	4
llc	604303	1
lld	604304	3
lle	604307	449
llg	604756	2
llh	604758	2
lli	604760	141
llj	604901	1
llk	604902	3
llm	604905	8
lln	604913	4
llo	604917	210
llr	605127	1
lls	605128	71
llt	605199	5
llu	605204	16
llw	605220	1
lly	605221	24
lm 	605245	27
lma	605272	120
lme	605392	75
lmh	605467	1
lmi	605468	46
lmn	605514	1
lmo	605515	35
lms	605550	19
lmu	605569	5
lmy	605574	3
ln 	605577	39
lna	605616	32
lnc	605648	2
lnd	605650	2
lne	605652	35
lni	605687	44
lno	605731	12
lns	605743	4
lnt	605747	1
lnu	605748	1
lny	605749	11
lo 	605760	500
loa	606260	27
lob	606287	52
loc	606339	70
lod	606409	45
loe	606454	18
lof	606472	10
log	606482	66
loh	606548	13
loi	606561	33
loj	606594	5
lok	606599	43
lol	606642	21
lom	606663	100
lon	606763	231
loo	606994	13
lop	607007	61
loq	607068	6
lor	607074	245
los	607319	210
lot	607529	90
lou	607619	130
lov	607749	172
low	607921	70
lox	607991	14
loy	608005	60
loz	608065	17
lp 	608082	6
lpa	608088	88
lpe	608176	14
lph	608190	15
lpi	608205	12
lpl	608217	1
lpn	608218	1
lpo	608219	5
lps	608224	5
lpu	608229	14
lpx	608243	1
lq 	608244	1
lqa	608245	5
lqi	608250	3
lqo	608253	3
lqu	608256	8
lr 	608264	3
lra	608267	6
lre	608273	2
lri	608275	2
lro	608277	3
lru	608280	1
ls 	608281	106
lsa	608387	25
lsb	608412	9
lsc	608421	4
lsd	608425	3
lse	608428	12
lsf	608440	1
lsg	608441	1
lsh	608442	24
lsi	608466	12
lsj	608478	1
lsk	608479	132
lsm	608611	2
lsn	608613	2
lso	608615	19
lsp	608634	1
lsr	608635	1
lss	608636	3
lst	608639	19
lsu	608658	4
lsv	608662	1
lsw	608663	1
lsz	608664	3
lt 	608667	45
lta	608712	147
ltb	608859	1
ltc	608860	2
ltd	608862	1
lte	608863	103
lth	608966	13
lti	608979	65
ltj	609044	1
ltk	609045	1
ltl	609046	1
ltn	609047	1
lto	609048	167
ltr	609215	7
lts	609222	10
ltu	609232	26
ltv	609258	1
lty	609259	5
ltz	609264	6
lu 	609270	156
lua	609426	35
lub	609461	45
luc	609506	88
lud	609594	21
lue	609615	22
luf	609637	6
lug	609643	31
luh	609674	5
lui	609679	116
luj	609795	7
luk	609802	54
lul	609856	29
lum	609885	59
lun	609944	115
luo	610059	13
lup	610072	44
luq	610116	9
lur	610125	16
lus	610141	55
lut	610196	35
luu	610231	14
luv	610245	5
luw	610250	11
lux	610261	4
luy	610265	8
luz	610273	40
lv 	610313	3
lva	610316	111
lvd	610427	3
lve	610430	64
lvi	610494	26
lvk	610520	1
lvo	610521	14
lvs	610535	2
lvu	610537	2
lw 	610539	2
lwa	610541	18
lwe	610559	7
lwi	610566	5
lwo	610571	5
lwy	610576	1
lx 	610577	4
lxa	610581	3
ly 	610584	68
lya	610652	56
lyb	610708	1
lyc	610709	2
lyd	610711	3
lye	610714	10
lyg	610724	1
lyi	610725	8
lyk	610733	8
lyl	610741	1
lym	610742	14
lyn	610756	17
lyo	610773	17
lyp	610790	2
lyq	610792	41
lyr	610833	2
lys	610835	38
lyt	610873	8
lyu	610881	30
lyv	610911	2
lyy	610913	1
lz 	610914	6
lza	610920	14
lzb	610934	3
lze	610937	14
lzh	610951	13
lzi	610964	10
ma 	610974	762
maa	611736	79
mab	611815	23
mac	611838	180
mad	612018	298
mae	612316	49
maf	612365	13
mag	612378	176
mah	612554	131
mai	612685	105
maj	612790	40
mak	612830	118
mal	612948	305
mam	613253	113
man	613366	962
mao	614328	23
map	614351	39
maq	614390	12
mar	614402	1253
mas	615655	286
mat	615941	330
mau	616271	44
mav	616315	25
maw	616340	16
max	616356	19
may	616375	146
maz	616521	73
mb 	616594	9
mba	616603	302
mbe	616905	173
mbh	617078	2
mbi	617080	93
mbj	617173	1
mbl	617174	16
mbo	617190	182
mbr	617372	62
mbs	617434	2
mbt	617436	2
mbu	617438	89
mbw	617527	7
mby	617534	7
mc 	617541	10
mca	617551	2
mcc	617553	10
mcd	617563	5
mce	617568	4
mcg	617572	1
mch	617573	24
mci	617597	5
mck	617602	6
mcl	617608	9
mcm	617617	2
mcn	617619	2
mco	617621	1
mcp	617622	5
mct	617627	1
mcu	617628	1
md 	617629	9
mda	617638	5
mdb	617643	1
mdc	617644	1
mdd	617645	1
mde	617646	12
mdf	617658	1
mdh	617659	1
mdi	617660	7
mdj	617667	2
mdo	617669	9
mdr	617678	3
mdu	617681	3
mdw	617684	1
mdz	617685	1
me 	617686	157
mea	617843	50
mec	617893	36
med	617929	96
mee	618025	319
mef	618344	3
meg	618347	37
meh	618384	24
mei	618408	79
mej	618487	17
mek	618504	16
mel	618520	154
mem	618674	10
men	618684	1212
meo	619896	8
mep	619904	1
meq	619905	3
mer	619908	265
mes	620173	139
met	620312	102
meu	620414	9
mew	620423	4
mex	620427	9
mey	620436	37
mez	620473	46
mf 	620519	3
mfa	620522	3
mfe	620525	1
mfi	620526	2
mfo	620528	11
mfr	620539	2
mfy	620541	1
mg 	620542	7
mga	620549	14
mge	620563	4
mgh	620567	4
mgi	620571	1
mgl	620572	1
mgn	620573	1
mgo	620574	3
mgs	620577	1
mgu	620578	4
mgy	620582	2
mh 	620584	7
mha	620591	28
mhe	620619	6
mhi	620625	4
mhl	620629	1
mho	620630	3
mhu	620633	4
mhw	620637	1
mhy	620638	2
mi 	620640	155
mia	620795	87
mib	620882	5
mic	620887	49
mid	620936	69
mie	621005	56
mif	621061	3
mig	621064	117
mih	621181	42
mii	621223	3
mij	621226	6
mik	621232	46
mil	621278	165
mim	621443	21
min	621464	462
mio	621926	16
mip	621942	2
miq	621944	5
mir	621949	225
mis	622174	126
mit	622300	134
miu	622434	7
mix	622441	21
miy	622462	46
miz	622508	19
mj 	622527	1
mja	622528	1
mje	622529	2
mji	622531	5
mjo	622536	3
mju	622539	3
mk 	622542	2
mka	622544	11
mke	622555	3
mkh	622558	7
mki	622565	3
mko	622568	52
mkp	622620	2
mku	622622	3
mky	622625	3
ml 	622628	6
mla	622634	16
mle	622650	7
mli	622657	16
mlj	622673	1
mln	622674	1
mlo	622675	5
mlu	622680	5
mly	622685	3
mm 	622688	8
mma	622696	89
mme	622785	43
mmi	622828	9
mmo	622837	19
mmu	622856	675
mn 	623531	20
mna	623551	26
mne	623577	13
mnf	623590	1
mng	623591	1
mni	623592	20
mno	623612	6
mns	623618	8
mnt	623626	2
mnu	623628	1
mny	623629	5
mo 	623634	169
moa	623803	21
mob	623824	11
moc	623835	45
mod	623880	24
moe	623904	19
mof	623923	3
mog	623926	32
moh	623958	20
moi	623978	24
moj	624002	10
mok	624012	29
mol	624041	83
mom	624124	20
mon	624144	520
moo	624664	25
mop	624689	9
moq	624698	1
mor	624699	366
mos	625065	180
mot	625245	70
mou	625315	215
mov	625530	29
mow	625559	3
mox	625562	4
moy	625566	19
moz	625585	20
mp 	625605	13
mpa	625618	112
mpb	625730	9
mpd	625739	3
mpe	625742	43
mpf	625785	2
mph	625787	900
mpi	626687	62
mpj	626749	1
mpk	626750	3
mpl	626753	8
mpm	626761	3
mpo	626764	156
mpr	626920	20
mps	626940	17
mpt	626957	21
mpu	626978	39
mpw	627017	2
mpy	627019	4
mq 	627023	1
mqa	627024	2
mqi	627026	1
mqu	627027	1
mr 	627028	4
mra	627032	27
mrc	627059	1
mre	627060	3
mri	627063	11
mrk	627074	2
mrl	627076	1
mro	627077	12
mrs	627089	1
mrt	627090	1
mru	627091	9
mry	627100	3
ms 	627103	60
msa	627163	17
msb	627180	4
msc	627184	1
msd	627185	6
mse	627191	7
msf	627198	2
msh	627200	47
msi	627247	12
msk	627259	106
msn	627365	1
mso	627366	13
msr	627379	1
mss	627380	1
mst	627381	19
msu	627400	5
msw	627405	1
msz	627406	1
mt 	627407	16
mta	627423	7
mte	627430	28
mth	627458	5
mti	627463	3
mtl	627466	1
mto	627467	4
mtr	627471	1
mts	627472	10
mtu	627482	2
mtw	627484	4
mty	627488	1
mu 	627489	57
mua	627546	152
mub	627698	10
muc	627708	25
mud	627733	32
mue	627765	99
muf	627864	3
mug	627867	10
muh	627877	32
mui	627909	11
muj	627920	7
muk	627927	50
mul	627977	67
mum	628044	11
mun	628055	8194
muo	636249	13
mup	636262	1
muq	636263	7
mur	636270	162
mus	636432	83
mut	636515	47
muv	636562	1
muw	636563	3
mux	636566	8
muy	636574	10
muz	636584	11
mv 	636595	2
mva	636597	1
mvi	636598	4
mvo	636602	6
mvr	636608	4
mvu	636612	1
mvy	636613	2
mw 	636615	4
mwa	636619	11
mwe	636630	6
mwi	636636	4
mwo	636640	5
mwt	636645	1
mwu	636646	1
mx 	636647	2
mxa	636649	3
mxu	636652	1
my 	636653	23
mya	636676	35
mye	636711	8
myi	636719	3
myj	636722	1
myk	636723	3
myl	636726	4
mym	636730	2
myn	636732	1
myo	636733	8
myr	636741	12
mys	636753	26
myt	636779	3
myx	636782	1
myy	636783	1
myz	636784	2
mz 	636786	3
mza	636789	5
mzd	636794	1
mzh	636795	1
mzi	636796	4
mzy	636800	1
na 	636801	5162
naa	641963	28
nab	641991	74
nac	642065	99
nad	642164	140
nae	642304	11
naf	642315	23
nag	642338	143
nah	642481	69
nai	642550	63
naj	642613	34
nak	642647	136
nal	642783	203
nam	642986	225
nan	643211	344
nao	643555	20
nap	643575	59
naq	643634	9
nar	643643	251
nas	643894	360
nat	644254	137
nau	644391	59
nav	644450	91
naw	644541	39
nax	644580	5
nay	644585	42
naz	644627	37
nb 	644664	7
nba	644671	28
nbe	644699	26
nbh	644725	2
nbi	644727	7
nbl	644734	1
nbo	644735	17
nbr	644752	9
nbs	644761	1
nbu	644762	55
nby	644817	3
nc 	644820	10
nca	644830	209
ncb	645039	1
ncd	645040	1
nce	645041	1381
nch	646422	213
nci	646635	952
nck	647587	3
ncl	647590	2
ncn	647592	1
nco	647593	182
ncr	647775	9
ncs	647784	2
nct	647786	6
ncu	647792	25
ncy	647817	362
ncz	648179	1
nd 	648180	620
nda	648800	3384
ndb	652184	6
ndc	652190	1
ndd	652191	2
nde	652193	504
ndf	652697	2
ndg	652699	3
ndh	652702	20
ndi	652722	381
ndj	653103	15
ndk	653118	2
ndl	653120	14
ndm	653134	5
ndn	653139	1
ndo	653140	266
ndp	653406	2
ndq	653408	1
ndr	653409	206
nds	653615	158
ndt	653773	3
ndu	653776	91
ndv	653867	6
ndw	653873	9
ndy	653882	29
ndz	653911	19
ne 	653930	1016
nea	654946	74
neb	655020	25
nec	655045	55
ned	655100	50
nee	655150	24
nef	655174	23
neg	655197	76
neh	655273	16
nei	655289	58
nej	655347	19
nek	655366	34
nel	655400	95
nem	655495	44
nen	655539	87
neo	655626	16
nep	655642	16
neq	655658	1
ner	655659	185
nes	655844	417
net	656261	107
neu	656368	27
nev	656395	52
new	656447	79
nex	656526	1
ney	656527	44
nez	656571	50
nf 	656621	5
nfa	656626	6
nfe	656632	10
nff	656642	1
nfi	656643	28
nfj	656671	1
nfk	656672	1
nfl	656673	2
nfo	656675	17
nfr	656692	6
nfu	656698	8
ng 	656706	1752
nga	658458	592
ngb	659050	24
ngc	659074	25
ngd	659099	36
nge	659135	260
ngf	659395	10
ngg	659405	76
ngh	659481	82
ngi	659563	86
ngj	659649	32
ngk	659681	65
ngl	659746	40
ngm	659786	14
ngn	659800	31
ngo	659831	392
ngp	660223	15
ngq	660238	4
ngr	660242	31
ngs	660273	161
ngt	660434	97
ngu	660531	203
ngv	660734	6
ngw	660740	52
ngx	660792	10
ngy	660802	34
ngz	660836	23
nh 	660859	244
nha	661103	230
nhc	661333	1
nhe	661334	45
nhh	661379	2
nhi	661381	11
nhl	661392	2
nho	661394	139
nhu	661533	26
nhy	661559	1
ni 	661560	1062
nia	662622	240
nib	662862	9
nic	662871	4997
nid	667868	41
nie	667909	85
nif	667994	19
nig	668013	22
nih	668035	12
nii	668047	23
nij	668070	37
nik	668107	128
nil	668235	82
nim	668317	44
nin	668361	227
nio	668588	213
nip	668801	29
niq	668830	17
nir	668847	25
nis	668872	271
nit	669143	295
niu	669438	15
niv	669453	9
niw	669462	7
nix	669469	3
niy	669472	113
niz	669585	44
nj 	669629	44
nja	669673	118
nje	669791	52
njg	669843	2
njh	669845	1
nji	669846	52
njo	669898	35
njr	669933	1
njs	669934	11
nju	669945	21
njw	669966	2
nk 	669968	23
nka	669991	71
nke	670062	24
nkf	670086	3
nkh	670089	27
nki	670116	32
nkj	670148	1
nkl	670149	32
nko	670181	54
nkp	670235	5
nkr	670240	2
nks	670242	7
nkt	670249	7
nku	670256	21
nkw	670277	8
nky	670285	6
nl 	670291	3
nla	670294	27
nle	670321	23
nlh	670344	1
nli	670345	19
nlj	670364	1
nlk	670365	1
nln	670366	1
nlo	670367	6
nlu	670373	6
nly	670379	1
nm 	670380	4
nma	670384	45
nmd	670429	1
nme	670430	18
nmg	670448	1
nmi	670449	5
nmk	670454	1
nmo	670455	10
nmu	670465	4
nmw	670469	2
nn 	670471	55
nna	670526	104
nnb	670630	1
nnd	670631	1
nne	670632	126
nnf	670758	1
nnh	670759	2
nni	670761	68
nnk	670829	1
nnl	670830	1
nnm	670831	2
nno	670833	28
nnr	670861	2
nns	670863	4
nnt	670867	2
nnu	670869	16
nnv	670885	1
nnw	670886	1
nny	670887	19
no 	670906	894
noa	671800	32
nob	671832	36
noc	671868	29
nod	671897	18
noe	671915	15
nof	671930	2
nog	671932	73
noh	672005	57
noi	672062	28
noj	672090	5
nok	672095	29
nol	672124	24
nom	672148	187
non	672335	135
noo	672470	25
nop	672495	104
noq	672599	2
nor	672601	684
nos	673285	139
not	673424	40
nou	673464	81
nov	673545	547
now	674092	38
nox	674130	13
noy	674143	22
noz	674165	15
np 	674180	6
npa	674186	9
npe	674195	7
nph	674202	5
npi	674207	4
npo	674211	7
npp	674218	1
npu	674219	14
npy	674233	1
nq 	674234	1
nqa	674235	5
nqi	674240	1
nqo	674241	1
nqr	674242	2
nqu	674244	44
nr 	674288	2
nra	674290	11
nre	674301	5
nrh	674306	1
nri	674307	15
nro	674322	21
nru	674343	1
nry	674344	12
ns 	674356	267
nsa	674623	62
nsb	674685	12
nsc	674697	32
nsd	674729	4
nse	674733	108
nsf	674841	4
nsg	674845	1
nsh	674846	57
nsi	674903	87
nsj	674990	1
nsk	674991	981
nsl	675972	7
nsm	675979	2
nsn	675981	2
nso	675983	97
nsp	676080	3
nss	676083	3
nst	676086	79
nsu	676165	40
nsv	676205	8
nsw	676213	11
nsy	676224	10
nsz	676234	2
nt 	676236	935
nta	677171	983
ntb	678154	1
ntc	678155	5
ntd	678160	2
nte	678162	824
ntf	678986	3
ntg	678989	22
nth	679011	43
nti	679054	346
ntj	679400	4
ntl	679404	43
ntm	679447	8
ntn	679455	2
nto	679457	1014
ntp	680471	1
ntr	680472	215
nts	680687	61
ntt	680748	1
ntu	680749	91
ntv	680840	2
ntw	680842	2
ntx	680844	1
nty	680845	3760
ntz	684605	12
nu 	684617	189
nua	684806	15
nub	684821	26
nuc	684847	21
nud	684868	4
nue	684872	106
nuf	684978	4
nug	684982	6
nuh	684988	3
nui	684991	10
nuj	685001	4
nuk	685005	21
nul	685026	44
num	685070	48
nun	685118	22
nuo	685140	7
nup	685147	9
nuq	685156	3
nur	685159	27
nus	685186	32
nut	685218	5
nuu	685223	13
nuv	685236	3
nuw	685239	4
nux	685243	3
nuy	685246	3
nuz	685249	2
nv 	685251	2
nva	685253	6
nve	685259	19
nvi	685278	29
nvo	685307	2
nvs	685309	1
nw 	685310	8
nwa	685318	19
nwe	685337	11
nwg	685348	2
nwi	685350	6
nwm	685356	1
nwo	685357	19
nwp	685376	1
nwr	685377	2
nwt	685379	1
nwy	685380	2
nx 	685382	3
nxa	685385	5
nxe	685390	1
nxi	685391	7
nxv	685398	2
ny 	685400	228
nya	685628	127
nyb	685755	4
nyd	685759	1
nye	685760	17
nyg	685777	1
nyh	685778	2
nyi	685780	34
nyj	685814	1
nyk	685815	7
nyl	685822	2
nym	685824	1
nyn	685825	1
nyo	685826	23
nyr	685849	1
nys	685850	13
nyt	685863	10
nyu	685873	21
nyv	685894	4
nyw	685898	2
nyy	685900	54
nz 	685954	22
nza	685976	113
nzb	686089	1
nzd	686090	1
nze	686091	30
nzh	686121	21
nzi	686142	24
nzn	686166	1
nzo	686167	37
nzt	686204	1
nzu	686205	8
nzw	686213	3
nzy	686216	1
oa 	686217	286
oab	686503	6
oac	686509	24
oad	686533	28
oae	686561	1
oaf	686562	1
oag	686563	4
oah	686567	8
oai	686575	23
oak	686598	13
oal	686611	29
oam	686640	14
oan	686654	57
oao	686711	76
oap	686787	18
oaq	686805	21
oar	686826	79
oas	686905	65
oat	686970	40
oau	687010	1
oav	687011	4
oax	687015	4
oay	687019	6
oaz	687025	1
ob 	687026	31
oba	687057	496
obb	687553	4
obc	687557	211
obd	687768	1
obe	687769	97
obh	687866	4
obi	687870	78
obj	687948	1
obk	687949	1
obl	687950	139
obn	688089	3
obo	688092	142
obr	688234	66
obs	688300	272
obu	688572	18
obv	688590	1
obw	688591	2
oby	688593	4
oc 	688597	72
oca	688669	213
occ	688882	12
oce	688894	27
och	688921	195
oci	689116	29
ocj	689145	1
ock	689146	98
ocl	689244	10
ocn	689254	11
oco	689265	122
ocq	689387	1
ocr	689388	7
ocs	689395	6
oct	689401	14
ocu	689415	21
ocz	689436	2
od 	689438	161
oda	689599	92
odb	689691	2
odc	689693	2
odd	689695	17
ode	689712	113
odf	689825	4
odg	689829	16
odh	689845	9
odi	689854	55
odj	689909	4
odk	689913	4
odl	689917	11
odm	689928	2
odn	689930	23
odo	689953	101
odp	690054	3
odr	690057	39
ods	690096	466
odt	690562	1
odu	690563	27
odv	690590	8
odw	690598	8
ody	690606	6
odz	690612	31
oe 	690643	933
oea	691576	1
oeb	691577	2
oec	691579	5
oed	691584	4
oeg	691588	3
oeh	691591	2
oei	691593	38
oek	691631	10
oel	691641	16
oem	691657	12
oen	691669	49
oer	691718	13
oes	691731	116
oet	691847	7
oeu	691854	1
oev	691855	4
oew	691859	1
oey	691860	1
oez	691861	1
of 	691862	1450
ofa	693312	19
ofc	693331	1
ofd	693332	2
ofe	693334	8
off	693342	17
ofi	693359	18
ofj	693377	1
ofl	693378	1
ofo	693379	12
ofr	693391	5
ofs	693396	1
oft	693397	8
ofu	693405	9
og 	693414	38
oga	693452	122
ogb	693574	12
ogd	693586	19
oge	693605	21
ogg	693626	7
ogh	693633	19
ogi	693652	33
ogl	693685	23
ogm	693708	1
ogn	693709	14
ogo	693723	145
ogr	693868	60
ogs	693928	5
ogt	693933	9
ogu	693942	44
ogv	693986	6
ogw	693992	6
ogy	693998	7
oh 	694005	31
oha	694036	45
ohb	694081	1
ohc	694082	1
ohe	694083	21
ohg	694104	2
ohh	694106	2
ohi	694108	75
ohj	694183	13
ohk	694196	6
ohl	694202	4
ohm	694206	5
ohn	694211	44
oho	694255	27
ohr	694282	7
ohs	694289	3
oht	694292	5
ohu	694297	6
ohv	694303	1
ohy	694304	2
oi 	694306	102
oia	694408	94
oib	694502	5
oic	694507	16
oie	694523	24
oig	694547	2
oii	694549	1
oij	694550	1
oik	694551	5
oil	694556	22
oim	694578	16
oin	694594	74
oio	694668	15
oip	694683	1
oir	694684	25
ois	694709	67
oit	694776	26
oiu	694802	10
oiv	694812	19
oiw	694831	15
oix	694846	12
oiy	694858	3
oiz	694861	3
oj 	694864	8
oja	694872	35
ojb	694907	3
ojd	694910	7
oje	694917	27
oji	694944	14
ojj	694958	2
ojk	694960	1
ojm	694961	1
ojn	694962	7
ojo	694969	30
ojp	694999	3
ojr	695002	1
ojs	695003	4
oju	695007	12
ojv	695019	1
ok 	695020	208
oka	695228	106
okb	695334	1
okc	695335	6
okd	695341	1
oke	695342	60
okf	695402	1
okg	695403	1
okh	695404	41
oki	695445	34
okk	695479	10
okl	695489	8
okm	695497	3
okn	695500	6
oko	695506	112
okp	695618	7
okr	695625	601
oks	696226	38
okt	696264	25
oku	696289	44
okv	696333	3
okw	696336	13
oky	696349	8
ol 	696357	236
ola	696593	286
olb	696879	11
olc	696890	25
old	696915	114
ole	697029	166
olf	697195	19
olg	697214	29
olh	697243	32
oli	697275	484
olj	697759	18
olk	697777	47
oll	697824	130
olm	697954	38
oln	697992	59
olo	698051	331
olp	698382	18
olq	698400	3
olr	698403	2
ols	698405	73
olt	698478	60
olu	698538	76
olv	698614	8
olw	698622	5
oly	698627	38
olz	698665	20
om 	698685	193
oma	698878	336
omb	699214	139
omc	699353	2
omd	699355	4
ome	699359	178
omf	699537	7
omg	699544	2
omh	699546	17
omi	699563	189
omj	699752	1
omk	699753	1
oml	699754	4
omm	699758	694
omn	700452	22
omo	700474	216
omp	700690	36
omr	700726	6
oms	700732	41
omt	700773	25
omu	700798	2997
omv	703795	1
omw	703796	1
omx	703797	1
omy	703798	10
omz	703808	3
on 	703811	3990
ona	707801	316
onb	708117	15
onc	708132	174
ond	708306	3275
one	711581	323
onf	711904	19
ong	711923	851
onh	712774	18
oni	712792	454
onj	713246	41
onk	713287	24
onl	713311	6
onm	713317	8
onn	713325	64
ono	713389	230
onp	713619	4
onq	713623	9
onr	713632	19
ons	713651	176
ont	713827	411
onu	714238	93
onv	714331	6
onw	714337	12
onx	714349	2
ony	714351	36
onz	714387	30
oo 	714417	43
oob	714460	1
ooc	714461	6
ood	714467	100
ooe	714567	2
oof	714569	2
oog	714571	7
ooi	714578	1
ook	714579	49
ool	714628	30
oom	714658	13
oon	714671	47
ooo	714718	1
oop	714719	4
ooq	714723	1
oor	714724	65
oos	714789	37
oot	714826	13
oou	714839	7
oow	714846	2
ooy	714848	2
ooz	714850	3
op 	714853	49
opa	714902	91
opb	714993	2
opc	714995	431
ope	715426	95
oph	715521	4
opi	715525	57
opj	715582	2
opk	715584	4
opl	715588	24
opm	715612	4
opn	715616	3
opo	715619	261
opp	715880	14
opr	715894	26
ops	715920	54
opt	715974	5
opu	715979	14
opy	715993	4
oq 	715997	9
oqa	716006	1
oqb	716007	1
oqc	716008	1
oqd	716009	2
oqe	716011	1
oqi	716012	1
oqo	716013	2
oqq	716015	1
oqr	716016	1
oqt	716017	1
oqu	716018	119
oqy	716137	1
or 	716138	438
ora	716576	794
orb	717370	47
orc	717417	31
ord	717448	305
ore	717753	394
orf	718147	33
org	718180	152
orh	718332	21
ori	718353	369
orj	718722	18
ork	718740	67
orl	718807	37
orm	718844	65
orn	718909	177
oro	719086	900
orp	719986	20
orq	720006	13
orr	720019	144
ors	720163	186
ort	720349	721
oru	721070	106
orv	721176	15
orw	721191	8
ory	721199	47
orz	721246	25
os 	721271	920
osa	722191	219
osb	722410	6
osc	722416	37
ose	722453	312
osf	722765	4
osg	722769	2
osh	722771	117
osi	722888	105
osj	722993	2
osk	722995	37
osl	723032	27
osm	723059	18
osn	723077	28
oso	723105	103
osp	723208	19
osq	723227	7
osr	723234	1
oss	723235	106
ost	723341	248
osu	723589	33
osv	723622	5
osw	723627	2
osy	723629	9
osz	723638	14
ot 	723652	119
ota	723771	277
otc	724048	2
otd	724050	2
ote	724052	156
otg	724208	1
oth	724209	29
oti	724238	94
otj	724332	5
otk	724337	7
otl	724344	56
otm	724400	3
otn	724403	9
oto	724412	161
otr	724573	16
ots	724589	40
ott	724629	93
otu	724722	41
otv	724763	2
otw	724765	3
oty	724768	8
otz	724776	13
ou 	724789	339
oua	725128	125
oub	725253	28
ouc	725281	48
oud	725329	45
oue	725374	96
ouf	725470	22
oug	725492	152
ouh	725644	20
oui	725664	45
ouj	725709	10
ouk	725719	47
oul	725766	96
oum	725862	56
oun	725918	4069
ouo	729987	1
oup	729988	14
ouq	730002	1
our	730003	297
ous	730300	146
out	730446	368
ouv	730814	25
ouw	730839	5
oux	730844	7
ouy	730851	7
ouz	730858	30
ov 	730888	125
ova	731013	411
ovc	731424	25
ovd	731449	8
ove	731457	399
ovg	731856	20
ovh	731876	3
ovi	731879	1517
ovk	733396	9
ovl	733405	15
ovn	733420	11
ovo	733431	281
ovq	733712	1
ovr	733713	14
ovs	733727	510
ovt	734237	2
ovu	734239	15
ovy	734254	19
ovz	734273	1
ow 	734274	116
owa	734390	58
owb	734448	3
owd	734451	7
owe	734458	56
owf	734514	1
owh	734515	5
owi	734520	342
owk	734862	4
owl	734866	15
owm	734881	2
own	734883	274
owo	735157	25
owr	735182	5
ows	735187	85
owt	735272	1
owu	735273	1
oww	735274	1
owy	735275	12
owz	735287	2
ox 	735289	30
oxa	735319	5
oxb	735324	3
oxc	735327	6
oxe	735333	1
oxf	735334	3
oxh	735337	1
oxi	735338	13
oxk	735351	1
oxo	735352	14
oxp	735366	1
oxq	735367	1
oxs	735368	1
oxt	735369	7
oxu	735376	2
oxw	735378	1
oy 	735379	428
oya	735807	135
oyb	735942	3
oyc	735945	3
oyd	735948	14
oye	735962	72
oyg	736034	5
oyh	736039	1
oyi	736040	4
oyl	736044	7
oym	736051	2
oyn	736053	8
oyo	736061	49
oyp	736110	1
oyr	736111	2
oys	736113	13
oyt	736126	2
oyu	736128	20
oyw	736148	1
oyy	736149	2
oz 	736151	35
oza	736186	71
ozc	736257	2
ozd	736259	6
oze	736265	30
ozg	736295	3
ozh	736298	31
ozi	736329	34
ozj	736363	1
ozk	736364	4
ozl	736368	7
ozm	736375	6
ozn	736381	18
ozo	736399	42
ozp	736441	1
ozs	736442	4
ozt	736446	3
ozu	736449	24
ozv	736473	2
ozy	736475	10
p1 	736485	1
p2 	736486	1
p3 	736487	1
p4 	736488	1
p5 	736489	1
p6 	736490	1
p7 	736491	1
pa 	736492	281
paa	736773	3
pab	736776	33
pac	736809	85
pad	736894	68
pae	736962	16
paf	736978	9
pag	736987	522
pah	737509	21
pai	737530	51
paj	737581	16
pak	737597	54
pal	737651	3704
pam	741355	56
pan	741411	382
pao	741793	14
pap	741807	38
paq	741845	7
par	741852	1468
pas	743320	163
pat	743483	572
pau	744055	104
pav	744159	39
paw	744198	8
pax	744206	6
pay	744212	27
paz	744239	68
pb 	744307	4
pba	744311	1
pbe	744312	9
pbu	744321	3
pc 	744324	2
pca	744326	2
pce	744328	2
pch	744330	5
pci	744335	458
pcz	744793	1
pd 	744794	3
pda	744797	1
pde	744798	3
pdl	744801	1
pdo	744802	1
pe 	744803	189
pea	744992	28
peb	745020	9
pec	745029	228
ped	745257	212
pee	745469	10
peg	745479	6
peh	745485	12
pei	745497	22
pej	745519	10
pek	745529	10
pel	745539	79
pem	745618	23
pen	745641	202
peo	745843	9
pep	745852	6
peq	745858	25
per	745883	293
pes	746176	119
pet	746295	171
peu	746466	8
pev	746474	6
pew	746480	5
pex	746485	5
pey	746490	8
pez	746498	25
pf 	746523	1
pfa	746524	3
pfo	746527	2
pfu	746529	2
pg 	746531	1
pga	746532	2
pgi	746534	1
ph 	746535	19
pha	746554	101
phe	746655	32
phi	746687	57
phl	746744	6
phn	746750	7
pho	746757	1000
phr	747757	39
pht	747796	1
phu	747797	95
phy	747892	3
pi 	747895	54
pia	747949	141
pib	748090	2
pic	748092	45
pid	748137	6
pie	748143	75
pif	748218	3
pig	748221	9
pih	748230	2
pii	748232	4
pij	748236	7
pik	748243	26
pil	748269	90
pim	748359	22
pin	748381	236
pio	748617	1685
pip	750302	5
piq	750307	6
pir	750313	143
pis	750456	43
pit	750499	121
piu	750620	127
piv	750747	6
piw	750753	1
pix	750754	6
piy	750760	5
piz	750765	5
pja	750770	1
pje	750771	2
pji	750773	1
pju	750774	1
pk 	750775	2
pka	750777	2
pkh	750779	2
pki	750781	7
pkn	750788	1
pko	750789	3
pl 	750792	6
pla	750798	159
ple	750957	47
pli	751004	24
plj	751028	3
plo	751031	27
plu	751058	11
plw	751069	1
ply	751070	6
plz	751076	4
pm 	751080	7
pma	751087	4
pme	751091	4
pmu	751095	1
pn 	751096	3
pna	751099	3
pnh	751102	1
pni	751103	6
pno	751109	21
pny	751130	2
pnz	751132	1
po 	751133	145
poa	751278	19
pob	751297	6
poc	751303	42
pod	751345	54
poe	751399	8
pog	751407	10
poh	751417	23
poi	751440	71
poj	751511	7
pok	751518	25
pol	751543	429
pom	751972	36
pon	752008	136
poo	752144	14
pop	752158	29
poq	752187	3
por	752190	263
pos	752453	130
pot	752583	83
pou	752666	20
pov	752686	30
pow	752716	337
pox	753053	3
poy	753056	3
poz	753059	17
pp 	753076	5
ppa	753081	12
ppd	753093	1
ppe	753094	67
pph	753161	4
ppi	753165	12
ppl	753177	7
ppo	753184	6
pps	753190	5
ppu	753195	27
ppv	753222	1
ppy	753223	5
pr 	753228	5
pra	753233	155
pre	753388	279
prg	753667	1
pri	753668	148
pro	753816	1443
prr	755259	1
prt	755260	2
pru	755262	36
pry	755298	2
prz	755300	5
ps 	755305	20
psa	755325	10
psb	755335	1
psc	755336	1
pse	755337	7
psh	755344	11
psi	755355	6
psk	755361	31
psl	755392	2
pso	755394	16
psr	755410	1
pst	755411	53
psu	755464	2
psw	755466	1
psy	755467	1
psz	755468	1
pt 	755469	4
pta	755473	4
pte	755477	2
ptf	755479	2
pti	755481	18
pto	755499	32
ptr	755531	1
pts	755532	3
ptu	755535	3
ptv	755538	1
pty	755539	1
pu 	755540	34
pua	755574	39
pub	755613	39
puc	755652	24
pud	755676	5
pue	755681	178
puf	755859	1
pug	755860	7
puh	755867	2
pui	755869	12
puj	755881	5
puk	755886	12
pul	755898	86
pum	755984	5
pun	755989	54
puo	756043	5
pup	756048	5
pur	756053	216
pus	756269	29
put	756298	47
puv	756345	1
puw	756346	1
pux	756347	2
puy	756349	6
puz	756355	5
pv 	756360	3
pve	756363	1
pvi	756364	1
pw 	756365	2
pwa	756367	4
pwe	756371	2
pwi	756373	1
pwl	756374	1
pwo	756375	2
pwu	756377	1
px 	756378	1
py 	756379	11
pya	756390	3
pye	756393	14
pyi	756407	4
pyl	756411	4
pyn	756415	2
pyo	756417	7
pyr	756424	12
pys	756436	3
pyt	756439	3
pyu	756442	2
pyv	756444	1
pz 	756445	1
q1 	756446	1
q2 	756447	1
q3 	756448	1
qa 	756449	21
qaa	756470	1
qab	756471	12
qac	756483	1
qad	756484	25
qaf	756509	5
qah	756514	9
qai	756523	1
qak	756524	1
qal	756525	77
qam	756602	5
qan	756607	22
qap	756629	1
qaq	756630	1
qar	756631	37
qas	756668	28
qat	756696	15
qax	756711	1
qay	756712	9
qaz	756721	14
qba	756735	4
qbi	756739	1
qbo	756740	1
qc 	756741	1
qch	756742	3
qda	756745	3
qe 	756748	2
qeh	756750	1
qel	756751	1
qen	756752	2
qeq	756754	2
qer	756756	4
qes	756760	2
qez	756762	5
qf 	756767	1
qh 	756768	2
qi 	756770	6
qia	756776	7
qib	756783	3
qic	756786	1
qih	756787	2
qil	756789	6
qim	756795	2
qin	756797	17
qio	756814	2
qip	756816	1
qiq	756817	2
qir	756819	3
qis	756822	3
qit	756825	3
qiu	756828	1
qiw	756829	1
qiy	756830	8
qiz	756838	4
ql 	756842	1
qla	756843	1
qld	756844	3
qli	756847	2
qm 	756849	1
qmo	756850	1
qna	756851	1
qo 	756852	7
qob	756859	1
qod	756860	1
qog	756861	2
qol	756863	2
qom	756865	2
qon	756867	4
qoo	756871	1
qoq	756872	1
qor	756873	18
qos	756891	5
qot	756896	1
qqa	756897	7
qqe	756904	1
qqu	756905	2
qr 	756907	2
qra	756909	4
qre	756913	1
qsh	756914	2
qsi	756916	2
qst	756918	3
qsu	756921	4
qt 	756925	1
qta	756926	1
qto	756927	4
qu 	756931	31
qua	756962	151
qub	757113	4
quc	757117	1
qud	757118	3
que	757121	352
qui	757473	412
quj	757885	1
qul	757886	5
qum	757891	3
qun	757894	4
quo	757898	9
quq	757907	1
qur	757908	19
qus	757927	8
qut	757935	4
quv	757939	3
quw	757942	6
quy	757948	10
quz	757958	1
qva	757959	1
qvv	757960	1
qwa	757961	1
qww	757962	1
qyn	757963	1
qyr	757964	1
qyz	757965	5
qzh	757970	2
ra 	757972	1734
raa	759706	29
rab	759735	136
rac	759871	270
rad	760141	540
rae	760681	38
raf	760719	65
rag	760784	211
rah	760995	186
rai	761181	499
raj	761680	123
rak	761803	149
ral	761952	418
ram	762370	293
ran	762663	1230
rao	763893	68
rap	763961	123
raq	764084	23
rar	764107	96
ras	764203	867
rat	765070	499
rau	765569	93
rav	765662	155
raw	765817	61
rax	765878	4
ray	765882	1861
raz	767743	91
rb 	767834	9
rba	767843	383
rbd	768226	1
rbe	768227	42
rbh	768269	5
rbi	768274	48
rbj	768322	1
rbl	768323	1
rbn	768324	1
rbo	768325	106
rbr	768431	2
rbu	768433	30
rby	768463	11
rc 	768474	15
rca	768489	90
rcc	768579	1
rce	768580	94
rch	768674	95
rci	768769	40
rck	768809	3
rcl	768812	50
rco	768862	59
rcr	768921	1
rcs	768922	1
rct	768923	6
rcu	768929	37
rcy	768966	2
rcz	768968	1
rd 	768969	280
rda	769249	154
rdb	769403	1
rdd	769404	3
rde	769407	218
rdf	769625	1
rdg	769626	1
rdh	769627	10
rdi	769637	138
rdj	769775	16
rdk	769791	2
rdl	769793	3
rdm	769796	2
rdo	769798	111
rdr	769909	9
rds	769918	19
rdu	769937	32
rdv	769969	1
rdw	769970	2
rdy	769972	11
rdz	769983	13
re 	769996	965
rea	770961	186
reb	771147	50
rec	771197	117
red	771314	144
ree	771458	139
ref	771597	200
reg	771797	915
reh	772712	28
rei	772740	188
rej	772928	41
rek	772969	74
rel	773043	115
rem	773158	128
ren	773286	408
reo	773694	4
rep	773698	80
req	773778	3
rer	773781	103
res	773884	1062
ret	774946	204
reu	775150	32
rev	775182	46
rew	775228	28
rex	775256	3
rey	775259	71
rez	775330	134
rf 	775464	27
rfa	775491	13
rfe	775504	11
rff	775515	1
rfh	775516	1
rfi	775517	29
rfj	775546	5
rfl	775551	2
rfo	775553	18
rfr	775571	4
rfu	775575	10
rfw	775585	1
rfy	775586	1
rg 	775587	159
rga	775746	164
rge	775910	129
rgg	776039	1
rgh	776040	50
rgi	776090	63
rgl	776153	5
rgn	776158	3
rgo	776161	70
rgr	776231	4
rgs	776235	24
rgu	776259	51
rgy	776310	6
rgz	776316	1
rh 	776317	48
rha	776365	48
rhe	776413	22
rhh	776435	1
rhi	776436	11
rhn	776447	1
rho	776448	26
rhr	776474	6
rhu	776480	6
rhw	776486	3
rhy	776489	1
ri 	776490	645
ria	777135	501
rib	777636	167
ric	777803	6490
rid	784293	114
rie	784407	181
rif	784588	20
rig	784608	83
rih	784691	11
rii	784702	14
rij	784716	38
rik	784754	101
ril	784855	76
rim	784931	130
rin	785061	481
rio	785542	1261
rip	786803	48
riq	786851	35
rir	786886	21
ris	786907	419
rit	787326	373
riu	787699	31
riv	787730	185
riw	787915	33
rix	787948	9
riy	787957	51
riz	788008	80
rj 	788088	10
rja	788098	34
rje	788132	21
rji	788153	4
rjj	788157	2
rjo	788159	8
rju	788167	7
rk 	788174	308
rka	788482	206
rkd	788688	3
rke	788691	56
rkh	788747	69
rki	788816	31
rkk	788847	1
rkl	788848	10
rkm	788858	5
rkn	788863	5
rko	788868	38
rkp	788906	2
rkr	788908	4
rks	788912	22
rkt	788934	2
rku	788936	24
rkv	788960	3
rkw	788963	3
rky	788966	1
rl 	788967	8
rla	788975	106
rlb	789081	4
rld	789085	2
rle	789087	77
rli	789164	67
rlj	789231	1
rll	789232	2
rlo	789234	65
rls	789299	9
rlt	789308	2
rlu	789310	12
rly	789322	9
rm 	789331	24
rma	789355	157
rmd	789512	1
rme	789513	109
rmh	789622	1
rmi	789623	52
rml	789675	3
rmm	789678	1
rmo	789679	67
rmp	789746	1
rms	789747	9
rmu	789756	10
rmy	789766	3
rn 	789769	233
rna	790002	195
rnb	790197	2
rnd	790199	2
rne	790201	168
rnf	790369	1
rnh	790370	5
rni	790375	75
rnj	790450	16
rnk	790466	1
rnm	790467	13
rnn	790480	1
rno	790481	229
rnq	790710	1
rns	790711	15
rnt	790726	6
rnu	790732	17
rnw	790749	6
rny	790755	25
rnz	790780	1
ro 	790781	863
roa	791644	73
rob	791717	107
roc	791824	113
rod	791937	540
roe	792477	52
rof	792529	13
rog	792542	69
roh	792611	11
roi	792622	54
roj	792676	17
rok	792693	125
rol	792818	102
rom	792920	128
ron	793048	399
roo	793447	63
rop	793510	93
roq	793603	77
ror	793680	33
ros	793713	372
rot	794085	56
rou	794141	189
rov	794330	1578
row	795908	62
rox	795970	4
roy	795974	43
roz	796017	43
rp 	796060	12
rpa	796072	20
rpc	796092	2
rpe	796094	21
rpf	796115	1
rph	796116	2
rpi	796118	12
rpo	796130	13
rpr	796143	3
rps	796146	7
rpu	796153	18
rpw	796171	1
rpy	796172	1
rq 	796173	5
rqa	796178	19
rqi	796197	8
rqo	796205	1
rqu	796206	45
rr 	796251	10
rra	796261	342
rrb	796603	1
rre	796604	224
rrh	796828	5
rri	796833	1057
rrk	797890	1
rrl	797891	2
rrn	797893	1
rro	797894	280
rrp	798174	1
rrt	798175	1
rru	798176	16
rry	798192	44
rs 	798236	104
rsa	798340	50
rsb	798390	8
rsc	798398	17
rsd	798415	5
rse	798420	58
rsf	798478	3
rsg	798481	1
rsh	798482	63
rsi	798545	41
rsj	798586	1
rsk	798587	281
rsl	798868	5
rsm	798873	1
rsn	798874	1
rso	798875	71
rsp	798946	1
rsr	798947	1
rss	798948	2
rst	798950	33
rsu	798983	22
rsv	799005	8
rsw	799013	3
rsy	799016	2
rsz	799018	6
rt 	799024	235
rta	799259	626
rtb	799885	2
rtc	799887	1
rtd	799888	2
rte	799890	414
rtf	800304	3
rth	800307	354
rti	800661	293
rtk	800954	4
rtl	800958	14
rtm	800972	257
rtn	801229	20
rto	801249	223
rtr	801472	7
rts	801479	22
rtt	801501	1
rtu	801502	38
rtv	801540	5
rtw	801545	2
rty	801547	16
rtz	801563	6
ru 	801569	210
rua	801779	33
rub	801812	39
ruc	801851	55
rud	801906	55
rue	801961	25
ruf	801986	8
rug	801994	478
ruh	802472	12
rui	802484	24
ruj	802508	23
ruk	802531	22
rul	802553	34
rum	802587	101
run	802688	152
ruo	802840	10
rup	802850	37
ruq	802887	1
rur	802888	50
rus	802938	103
rut	803041	47
ruu	803088	9
ruv	803097	9
ruw	803106	7
rux	803113	2
ruy	803115	12
ruz	803127	149
rv 	803276	2
rva	803278	61
rvd	803339	1
rve	803340	36
rvi	803376	29
rvo	803405	39
rvs	803444	1
rvv	803445	1
rvy	803446	1
rw 	803447	2
rwa	803449	41
rwe	803490	10
rwi	803500	15
rwo	803515	17
rwu	803532	1
rwy	803533	2
rx 	803535	1
rxa	803536	2
rxi	803538	1
rxo	803539	1
ry 	803540	203
rya	803743	56
ryb	803799	10
ryc	803809	6
ryd	803815	8
rye	803823	12
ryf	803835	4
ryi	803839	3
ryj	803842	1
ryk	803843	4
ryl	803847	9
rym	803856	6
ryn	803862	10
ryo	803872	24
ryp	803896	5
ryq	803901	1
rys	803902	28
ryt	803930	3
ryu	803933	12
ryv	803945	2
ryw	803947	1
ryy	803948	3
ryz	803951	4
rz 	803955	12
rza	803967	39
rzc	804006	1
rze	804007	55
rzg	804062	3
rzh	804065	19
rzi	804084	24
rzk	804108	1
rzn	804109	2
rzo	804111	22
rzp	804133	1
rzu	804134	6
rzy	804140	12
rzz	804152	1
sa 	804153	567
saa	804720	22
sab	804742	170
sac	804912	64
sad	804976	53
sae	805029	19
saf	805048	25
sag	805073	85
sah	805158	50
sai	805208	235
saj	805443	8
sak	805451	124
sal	805575	344
sam	805919	179
san	806098	2123
sao	808221	413
sap	808634	48
saq	808682	7
sar	808689	361
sas	809050	73
sat	809123	85
sau	809208	61
sav	809269	88
saw	809357	40
sax	809397	7
say	809404	66
saz	809470	3
sb 	809473	5
sba	809478	23
sbc	809501	1
sbe	809502	39
sbi	809541	3
sbj	809544	1
sbn	809545	1
sbo	809546	26
sbr	809572	5
sbt	809577	1
sbu	809578	23
sby	809601	14
sc 	809615	19
sca	809634	141
scb	809775	1
sce	809776	33
sch	809809	182
sci	809991	26
sck	810017	1
scl	810018	1
sco	810019	238
scr	810257	27
scs	810284	2
sct	810286	2
scu	810288	39
scz	810327	15
sd 	810342	15
sda	810357	21
sde	810378	12
sdi	810390	2
sdn	810392	1
sdo	810393	5
sdr	810398	4
sdu	810402	1
sdv	810403	1
se 	810404	424
sea	810828	40
seb	810868	82
sec	810950	64
sed	811014	23
see	811037	31
sef	811068	12
seg	811080	32
seh	811112	25
sei	811137	43
sej	811180	12
sek	811192	34
sel	811226	212
sem	811438	118
sen	811556	279
seo	811835	39
sep	811874	59
seq	811933	4
ser	811937	221
ses	812158	79
set	812237	112
seu	812349	77
sev	812426	71
sew	812497	7
sex	812504	19
sey	812523	36
sez	812559	1
sf 	812560	3
sfa	812563	16
sfe	812579	3
sfi	812582	14
sfj	812596	3
sfk	812599	1
sfo	812600	6
sfr	812606	2
sft	812608	1
sfu	812609	1
sg 	812610	6
sga	812616	8
sgc	812624	1
sge	812625	6
sgh	812631	1
sgo	812632	5
sgr	812637	4
sgt	812641	1
sgu	812642	2
sgy	812644	1
sh 	812645	311
sha	812956	763
shb	813719	7
shc	813726	37
shd	813763	1
she	813764	217
shf	813981	2
shg	813983	4
shh	813987	3
shi	813990	1553
shk	815543	113
shl	815656	16
shm	815672	18
shn	815690	16
sho	815706	87
shp	815793	2
shq	815795	8
shr	815803	18
shs	815821	22
sht	815843	326
shu	816169	86
shv	816255	3
shw	816258	7
shy	816265	16
si 	816281	1138
sia	817419	120
sib	817539	44
sic	817583	34
sid	817617	152
sie	817769	61
sif	817830	6
sig	817836	40
sih	817876	13
sii	817889	18
sij	817907	6
sik	817913	32
sil	817945	149
sim	818094	107
sin	818201	284
sio	818485	93
sip	818578	130
siq	818708	7
sir	818715	99
sis	818814	49
sit	818863	54
siu	818917	5
siv	818922	14
siw	818936	3
six	818939	4
siy	818943	56
siz	818999	2
sj 	819001	7
sja	819008	5
sjc	819013	1
sje	819014	8
sjl	819022	1
sjo	819023	9
sk 	819032	308
ska	819340	323
ske	819663	57
skf	819720	1
skg	819721	1
skh	819722	7
ski	819729	2131
skj	821860	3
skk	821863	1
skl	821864	2
sko	821866	494
skp	822360	1
skr	822361	40
sks	822401	1
sku	822402	37
skv	822439	3
sky	822442	1540
sl 	823982	9
sla	823991	269
sld	824260	1
sle	824261	34
slf	824295	1
slg	824296	1
sli	824297	48
slj	824345	1
slk	824346	1
sll	824347	1
slo	824348	46
slp	824394	1
slt	824395	1
slu	824396	16
sly	824412	4
sm 	824416	11
sma	824427	66
sme	824493	23
smi	824516	22
smo	824538	27
smt	824565	1
smu	824566	37
smx	824603	1
smy	824604	2
sn 	824606	12
sna	824618	33
snd	824651	1
sne	824652	32
snf	824684	1
sng	824685	1
sni	824686	30
snj	824716	7
sno	824723	97
snu	824820	3
sny	824823	4
so 	824827	239
soa	825066	40
sob	825106	20
soc	825126	34
sod	825160	20
soe	825180	20
sof	825200	12
sog	825212	25
soh	825237	7
soi	825244	10
soj	825254	1
sok	825255	38
sol	825293	128
som	825421	65
son	825486	409
soo	825895	8
sop	825903	29
soq	825932	1
sor	825933	99
sos	826032	45
sot	826077	35
sou	826112	361
sov	826473	68
sow	826541	5
sox	826546	2
soy	826548	17
soz	826565	9
sp 	826574	9
spa	826583	50
spe	826633	90
spi	826723	72
spl	826795	4
spo	826799	24
spr	826823	33
sps	826856	1
spu	826857	35
spy	826892	2
sq 	826894	2
sqa	826896	5
sqi	826901	1
sqo	826902	1
squ	826903	44
sr 	826947	16
sra	826963	20
sre	826983	21
sri	827004	9
sro	827013	75
srp	827088	1
srt	827089	1
sru	827090	6
sry	827096	2
ss 	827098	93
ssa	827191	192
ssb	827383	2
ssc	827385	1
sse	827386	201
ssf	827587	1
ssh	827588	2
ssi	827590	84
ssj	827674	2
ssk	827676	46
ssl	827722	3
ssm	827725	1
ssn	827726	2
sso	827728	103
ssp	827831	1
ssr	827832	3
sss	827835	1
sst	827836	3
ssu	827839	25
ssv	827864	1
ssw	827865	2
ssy	827867	5
st 	827872	836
sta	828708	1154
stb	829862	3
stc	829865	5
std	829870	2
ste	829872	559
stf	830431	9
stg	830440	2
sth	830442	8
sti	830450	849
stj	831299	1
stk	831300	3
stl	831303	37
stm	831340	10
stn	831350	19
sto	831369	304
stp	831673	7
str	831680	6580
sts	838260	513
stt	838773	2
stu	838775	63
stv	838838	5
stw	838843	2
sty	838845	27
stz	838872	1
su 	838873	183
sua	839056	40
sub	839096	79
suc	839175	63
sud	839238	74
sue	839312	11
suf	839323	13
sug	839336	21
suh	839357	13
sui	839370	8
suj	839378	3
suk	839381	56
sul	839437	215
sum	839652	327
sun	839979	124
suo	840103	13
sup	840116	21
suq	840137	6
sur	840143	151
sus	840294	131
sut	840425	28
suu	840453	13
suv	840466	6
suw	840472	21
suy	840493	43
suz	840536	18
sv 	840554	10
sva	840564	38
sve	840602	56
svg	840658	1
svi	840659	38
svo	840697	8
svu	840705	1
svy	840706	3
sw 	840709	8
swa	840717	29
swc	840746	1
swd	840747	1
swe	840748	9
swi	840757	24
swk	840781	1
swo	840782	5
swy	840787	16
sx 	840803	4
sy 	840807	73
sya	840880	21
syc	840901	2
syd	840903	6
sye	840909	2
syg	840911	1
syk	840912	9
syl	840921	9
sym	840930	1
syn	840931	4
syo	840935	2
syp	840937	2
syr	840939	6
sys	840945	9
syt	840954	2
syu	840956	6
syz	840962	5
sz 	840967	12
sza	840979	16
szb	840995	1
szc	840996	11
sze	841007	23
szi	841030	5
szk	841035	3
szl	841038	3
szn	841041	2
szo	841043	21
szp	841064	3
szt	841067	10
szu	841077	1
szy	841078	4
ta 	841082	1777
taa	842859	23
tab	842882	119
tac	843001	86
tad	843087	216
tae	843303	27
taf	843330	31
tag	843361	109
tah	843470	60
tai	843530	153
taj	843683	15
tak	843698	110
tal	843808	307
tam	844115	762
tan	844877	1020
tao	845897	49
tap	845946	128
taq	846074	32
tar	846106	438
tas	846544	170
tat	846714	302
tau	847016	86
tav	847102	66
taw	847168	33
tax	847201	6
tay	847207	82
taz	847289	24
tb 	847313	3
tba	847316	6
tbe	847322	2
tbi	847324	2
tbo	847326	5
tbr	847331	2
tbs	847333	1
tbu	847334	3
tby	847337	2
tc 	847339	3
tca	847342	16
tch	847358	85
tco	847443	4
tcu	847447	3
tcz	847450	1
tda	847451	8
tdi	847459	1
tdo	847460	1
te 	847461	1495
tea	848956	113
teb	849069	31
tec	849100	55
ted	849155	20
tee	849175	12
tef	849187	18
teg	849205	33
teh	849238	24
tei	849262	126
tej	849388	24
tek	849412	22
tel	849434	170
tem	849604	312
ten	849916	710
teo	850626	49
tep	850675	281
teq	850956	12
ter	850968	579
tes	851547	202
tet	851749	59
teu	851808	30
tev	851838	21
tew	851859	12
tex	851871	20
tey	851891	20
tez	851911	16
tf 	851927	3
tfa	851930	3
tfe	851933	1
tfi	851934	5
tfj	851939	2
tfl	851941	2
tfo	851943	12
tfu	851955	1
tfw	851956	1
tfy	851957	1
tg 	851958	4
tga	851962	6
tge	851968	4
tgh	851972	1
tgo	851973	20
tgr	851993	2
tgu	851995	1
th 	851996	585
tha	852581	353
thb	852934	4
thc	852938	4
thd	852942	1
the	852943	207
thf	853150	3
thg	853153	2
thi	853155	147
thl	853302	6
thm	853308	7
thn	853315	7
tho	853322	145
thp	853467	1
thr	853468	24
ths	853492	6
thu	853498	90
thv	853588	1
thw	853589	16
thy	853605	9
ti 	853614	947
tia	854561	252
tib	854813	60
tic	854873	89
tid	854962	153
tie	855115	78
tif	855193	11
tig	855204	42
tih	855246	7
tii	855253	29
tij	855282	16
tik	855298	26
til	855324	102
tim	855426	112
tin	855538	807
tio	856345	95
tip	856440	31
tiq	856471	13
tir	856484	79
tis	856563	212
tit	856775	107
tiu	856882	16
tiv	856898	57
tiw	856955	5
tix	856960	6
tiy	856966	15
tiz	856981	31
tj 	857012	2
tja	857014	6
tje	857020	7
tjh	857027	1
tji	857028	1
tjo	857029	5
tju	857034	1
tjy	857035	1
tk 	857036	1
tka	857037	16
tke	857053	5
tkh	857058	3
tki	857061	13
tkm	857074	1
tko	857075	10
tku	857085	3
tkv	857088	1
tky	857089	4
tl 	857093	13
tla	857106	512
tle	857618	68
tli	857686	33
tll	857719	2
tlo	857721	14
tlt	857735	1
tlu	857736	5
tly	857741	4
tm 	857745	1
tma	857746	29
tme	857775	258
tmi	858033	5
tmo	858038	7
tmu	858045	1
tn 	858046	9
tna	858055	61
tne	858116	12
tng	858128	3
tni	858131	10
tnj	858141	2
tnn	858143	1
tno	858144	9
tnt	858153	1
tnu	858154	1
tny	858155	3
to 	858158	1578
toa	859736	17
tob	859753	53
toc	859806	95
tod	859901	18
toe	859919	14
tof	859933	13
tog	859946	23
toh	859969	5
toi	859974	19
toj	859993	4
tok	859997	54
tol	860051	162
tom	860213	96
ton	860309	859
too	861168	18
top	861186	61
toq	861247	4
tor	861251	308
tos	861559	120
tot	861679	45
tou	861724	71
tov	861795	92
tow	861887	266
tox	862153	3
toy	862156	28
toz	862184	5
tp 	862189	1
tpa	862190	3
tpe	862193	2
tph	862195	4
tpi	862199	1
tpo	862200	4
tpu	862204	7
tqa	862211	1
tqi	862212	1
tr 	862213	8
tra	862221	469
trb	862690	1
trc	862691	1
tre	862692	282
trf	862974	1
trg	862975	1
trh	862976	1
tri	862977	6448
trk	869425	3
trn	869428	10
tro	869438	253
trp	869691	3
trr	869694	1
trt	869695	16
tru	869711	63
try	869774	15
trz	869789	12
ts 	869801	583
tsa	870384	138
tsb	870522	3
tsc	870525	5
tsd	870530	2
tse	870532	62
tsf	870594	4
tsh	870598	24
tsi	870622	175
tsj	870797	1
tsk	870798	191
tsl	870989	2
tsm	870991	4
tso	870995	38
tsp	871033	4
tsq	871037	4
tst	871041	5
tsu	871046	104
tsw	871150	1
tsy	871151	20
tsz	871171	1
tt 	871172	73
tta	871245	99
ttb	871344	1
tte	871345	115
ttf	871460	1
ttg	871461	3
tth	871464	17
tti	871481	36
ttl	871517	19
ttn	871536	1
tto	871537	99
ttr	871636	3
tts	871639	15
ttt	871654	1
ttu	871655	6
ttv	871661	2
ttw	871663	1
tty	871664	5
tu 	871669	158
tua	871827	36
tub	871863	65
tuc	871928	26
tud	871954	11
tue	871965	37
tuf	872002	5
tug	872007	16
tuh	872023	3
tui	872026	16
tuj	872042	4
tuk	872046	79
tul	872125	109
tum	872234	246
tun	872480	130
tuo	872610	8
tup	872618	40
tuq	872658	2
tur	872660	369
tus	873029	33
tut	873062	34
tuu	873096	3
tuv	873099	6
tuw	873105	4
tux	873109	13
tuy	873122	15
tuz	873137	20
tv 	873157	3
tva	873160	11
tve	873171	10
tvi	873181	17
tvo	873198	2
tvr	873200	11
tw 	873211	1
twa	873212	11
twe	873223	9
twh	873232	1
twi	873233	11
two	873244	29
twr	873273	2
tx 	873275	1
txa	873276	2
txg	873278	1
ty 	873279	7522
tya	880801	35
tyc	880836	3
tyd	880839	3
tye	880842	4
tyg	880846	1
tyi	880847	1
tyk	880848	1
tyl	880849	4
tym	880853	5
tyn	880858	22
tyo	880880	3
typ	880883	2
tyr	880885	18
tys	880903	6
tyt	880909	3
tyu	880912	18
tyv	880930	5
tyy	880935	1
tyz	880936	1
tz 	880937	16
tza	880953	26
tzb	880979	1
tzc	880980	3
tzd	880983	1
tze	880984	11
tzi	880995	42
tzo	881037	14
tzq	881051	1
tzt	881052	1
tzu	881053	5
tzw	881058	1
ua 	881059	324
uab	881383	21
uac	881404	130
uad	881534	60
uae	881594	2
uaf	881596	4
uag	881600	5
uah	881605	7
uai	881612	72
uaj	881684	18
uak	881702	13
ual	881715	95
uam	881810	46
uan	881856	623
uao	882479	11
uap	882490	45
uaq	882535	6
uar	882541	253
uas	882794	68
uat	882862	113
uau	882975	33
uav	883008	8
uax	883016	3
uay	883019	58
uaz	883077	21
ub 	883098	52
uba	883150	218
ubb	883368	11
ubc	883379	4
ubd	883383	2
ube	883385	37
ubi	883422	74
ubk	883496	4
ubl	883500	50
ubn	883550	8
ubo	883558	34
ubp	883592	1
ubr	883593	53
ubs	883646	5
ubt	883651	3
ubu	883654	29
ubv	883683	1
ubw	883684	2
uby	883686	3
uc 	883689	48
uca	883737	159
ucc	883896	6
uce	883902	79
uch	883981	156
uci	884137	62
uck	884199	34
ucl	884233	6
ucm	884239	1
uco	884240	47
ucp	884287	1
ucq	884288	1
ucr	884289	24
ucs	884313	4
uct	884317	3
ucu	884320	71
ucy	884391	1
ucz	884392	1
ud 	884393	100
uda	884493	256
udb	884749	8
udd	884757	8
ude	884765	97
udf	884862	1
udg	884863	2
udh	884865	9
udi	884874	58
udj	884932	5
udl	884937	2
udm	884939	1
udn	884940	7
udo	884947	55
udr	885002	6
uds	885008	9
udt	885017	1
udu	885018	39
udv	885057	2
udw	885059	3
udy	885062	6
udz	885068	15
ue 	885083	225
uea	885308	103
ueb	885411	147
uec	885558	13
ued	885571	29
uee	885600	11
uef	885611	3
ueg	885614	9
ueh	885623	17
uei	885640	62
uej	885702	5
uek	885707	6
uel	885713	192
uem	885905	22
uen	885927	160
ueo	886087	2
uep	886089	5
ueq	886094	2
uer	886096	177
ues	886273	87
uet	886360	58
ueu	886418	4
uev	886422	83
uex	886505	1
uey	886506	30
uez	886536	49
uf 	886585	17
ufa	886602	18
ufe	886620	11
uff	886631	23
ufi	886654	15
ufk	886669	1
ufl	886670	3
ufm	886673	1
ufo	886674	8
ufr	886682	5
ufs	886687	1
uft	886688	1
ufu	886689	8
ufw	886697	1
ufy	886698	1
ug 	886699	464
uga	887163	113
ugb	887276	2
ugd	887278	2
uge	887280	27
ugg	887307	4
ugh	887311	111
ugi	887422	31
ugl	887453	29
ugm	887482	2
ugn	887484	4
ugo	887488	31
ugq	887519	1
ugr	887520	8
ugs	887528	6
ugt	887534	6
ugu	887540	60
ugv	887600	1
ugw	887601	3
ugy	887604	3
uh 	887607	19
uha	887626	68
uhb	887694	4
uhd	887698	1
uhe	887699	8
uhi	887707	10
uhj	887717	1
uhk	887718	1
uhl	887719	4
uhm	887723	2
uhn	887725	2
uho	887727	16
uhq	887743	1
uhr	887744	2
uhs	887746	1
uht	887747	9
uhu	887756	12
uhw	887768	1
ui 	887769	246
uia	888015	110
uib	888125	11
uic	888136	21
uid	888157	21
uie	888178	29
uif	888207	1
uig	888208	12
uih	888220	8
uii	888228	1
uij	888229	10
uik	888239	6
uil	888245	109
uim	888354	42
uin	888396	110
uio	888506	8
uip	888514	24
uiq	888538	2
uir	888540	50
uis	888590	107
uit	888697	105
uiu	888802	11
uiv	888813	5
uiw	888818	1
uix	888819	19
uiy	888838	1
uiz	888839	34
uj 	888873	12
uja	888885	39
ujb	888924	1
ujd	888925	2
uje	888927	14
ujf	888941	1
ujh	888942	2
uji	888944	43
ujj	888987	3
ujm	888990	1
ujo	888991	11
ujr	889002	2
ujs	889004	1
ujt	889005	1
uju	889006	9
ujv	889015	4
ujy	889019	1
uk 	889020	89
uka	889109	75
ukb	889184	4
ukc	889188	7
ukd	889195	2
uke	889197	29
ukg	889226	1
ukh	889227	58
uki	889285	59
ukj	889344	1
ukk	889345	9
ukl	889354	10
ukm	889364	4
uko	889368	58
ukp	889426	2
ukr	889428	9
uks	889437	24
ukt	889461	9
uku	889470	128
ukw	889598	10
ul 	889608	475
ula	890083	268
ulb	890351	11
ulc	890362	43
uld	890405	24
ule	890429	144
ulf	890573	8
ulg	890581	21
ulh	890602	11
uli	890613	161
ulj	890774	4
ulk	890778	13
ull	890791	65
ulm	890856	16
uln	890872	7
ulo	890879	56
ulp	890935	10
ulq	890945	1
ulr	890946	3
uls	890949	23
ult	890972	47
ulu	891019	193
ulv	891212	3
ulw	891215	2
uly	891217	22
ulz	891239	4
um 	891243	414
uma	891657	403
umb	892060	185
umc	892245	2
umd	892247	3
ume	892250	57
umf	892307	5
umg	892312	9
umh	892321	5
umi	892326	75
umj	892401	1
umk	892402	5
uml	892407	12
umm	892419	18
umn	892437	5
umo	892442	30
ump	892472	31
umq	892503	3
umr	892506	8
ums	892514	31
umt	892545	6
umu	892551	35
umx	892586	1
umy	892587	10
umz	892597	3
un 	892600	1200
una	893800	3149
unb	896949	18
unc	896967	197
und	897164	219
une	897383	360
unf	897743	15
ung	897758	371
unh	898129	24
uni	898153	5011
unj	903164	22
unk	903186	34
unl	903220	7
unm	903227	14
unn	903241	23
uno	903264	40
unp	903304	8
unq	903312	3
unr	903315	2
uns	903317	76
unt	903393	4007
unu	907400	32
unw	907432	3
unx	907435	1
uny	907436	14
unz	907450	12
uo 	907462	10
uoa	907472	1
uob	907473	2
uoc	907475	19
uod	907494	1
uog	907495	1
uoh	907496	8
uoi	907504	7
uoj	907511	2
uok	907513	8
uol	907521	9
uom	907530	4
uon	907534	58
uop	907592	2
uor	907594	6
uos	907600	2
uot	907602	9
uov	907611	3
uoy	907614	3
uoz	907617	4
up 	907621	35
upa	907656	513
upc	908169	1
upe	908170	59
uph	908229	8
upi	908237	48
upk	908285	2
upl	908287	5
upm	908292	1
upn	908293	19
upo	908312	20
upp	908332	43
upr	908375	3
ups	908378	19
upt	908397	3
upu	908400	22
upv	908422	1
upw	908423	1
upy	908424	1
uq 	908425	8
uqa	908433	9
uqd	908442	1
uqe	908443	1
uqi	908444	4
uqm	908448	1
uqo	908449	1
uqs	908450	4
uqu	908454	45
ur 	908499	477
ura	908976	402
urb	909378	303
urc	909681	39
urd	909720	52
ure	909772	367
urf	910139	6
urg	910145	164
urh	910309	15
uri	910324	297
urj	910621	8
urk	910629	33
url	910662	30
urm	910692	34
urn	910726	76
uro	910802	142
urp	910944	6
urq	910950	5
urr	910955	48
urs	911003	63
urt	911066	89
uru	911155	195
urv	911350	19
urw	911369	6
urx	911375	1
ury	911376	32
urz	911408	14
us 	911422	310
usa	911732	121
usb	911853	4
usc	911857	34
usd	911891	5
use	911896	80
usf	911976	2
usg	911978	4
ush	911982	133
usi	912115	58
usk	912173	44
usl	912217	7
usm	912224	7
usn	912231	8
uso	912239	29
usp	912268	6
usq	912274	5
usr	912279	2
uss	912281	86
ust	912367	159
usu	912526	62
usv	912588	2
usw	912590	3
usy	912593	1
usz	912594	8
ut 	912602	139
uta	912741	177
utb	912918	1
utc	912919	8
ute	912927	88
uth	913015	324
uti	913339	114
utj	913453	2
utk	913455	5
utl	913460	70
utm	913530	1
utn	913531	19
uto	913550	137
utp	913687	1
utr	913688	22
uts	913710	43
utt	913753	50
utu	913803	116
utw	913919	1
uty	913920	2
utz	913922	4
uu 	913926	17
uub	913943	2
uud	913945	4
uuh	913949	1
uuj	913950	1
uuk	913951	3
uul	913954	18
uum	913972	1
uun	913973	27
uup	914000	1
uuq	914001	1
uur	914002	25
uus	914027	29
uut	914056	5
uv 	914061	7
uva	914068	59
uvd	914127	1
uve	914128	32
uvg	914160	1
uvh	914161	1
uvi	914162	14
uvo	914176	8
uvs	914184	5
uvu	914189	3
uvw	914192	1
uw 	914193	8
uwa	914201	65
uwe	914266	15
uwg	914281	1
uwi	914282	6
uwk	914288	1
uwo	914289	4
uwu	914293	4
uww	914297	1
ux 	914298	36
uxa	914334	6
uxc	914340	3
uxe	914343	5
uxf	914348	1
uxh	914349	1
uxi	914350	9
uxo	914359	2
uxp	914361	5
uxt	914366	15
uxu	914381	1
uxv	914382	1
uy 	914383	54
uya	914437	46
uyb	914483	6
uyc	914489	1
uye	914490	580
uyg	915070	2
uyh	915072	1
uyi	915073	7
uyk	915080	1
uyl	915081	13
uym	915094	2
uyn	915096	6
uyo	915102	31
uyq	915133	1
uyr	915134	1
uys	915135	17
uyt	915152	2
uyu	915154	51
uyz	915205	1
uz 	915206	151
uza	915357	60
uzb	915417	1
uzc	915418	6
uzd	915424	5
uze	915429	41
uzg	915470	4
uzh	915474	42
uzi	915516	38
uzk	915554	4
uzl	915558	9
uzm	915567	8
uzn	915575	11
uzo	915586	17
uzp	915603	1
uzq	915604	1
uzr	915605	1
uzs	915606	5
uzu	915611	27
uzw	915638	1
uzx	915639	1
uzy	915640	2
uzz	915642	1
va 	915643	503
vaa	916146	7
vab	916153	3
vac	916156	69
vad	916225	147
vae	916372	8
vaf	916380	1
vag	916381	18
vah	916399	6
vai	916405	54
vaj	916459	8
vak	916467	16
val	916483	455
vam	916938	9
van	916947	244
vao	917191	17
vap	917208	5
vaq	917213	1
var	917214	287
vas	917501	142
vat	917643	60
vau	917703	12
vav	917715	10
vaw	917725	2
vax	917727	2
vay	917729	21
vaz	917750	10
vb 	917760	2
vba	917762	2
vbe	917764	1
vbh	917765	1
vbr	917766	1
vc 	917767	3
vca	917770	2
vce	917772	7
vch	917779	4
vci	917783	32
vco	917815	1
vd 	917816	7
vda	917823	10
vde	917833	4
vdi	917837	10
vdo	917847	1
ve 	917848	158
vea	918006	14
veb	918020	1
vec	918021	59
ved	918080	32
vee	918112	12
vef	918124	1
veg	918125	22
veh	918147	10
vei	918157	56
vej	918213	6
vek	918219	2
vel	918221	141
vem	918362	14
ven	918376	218
veo	918594	2
ver	918596	572
ves	919168	106
vet	919274	80
veu	919354	1
vev	919355	3
vey	919358	11
vez	919369	19
vf 	919388	1
vg 	919389	2
vga	919391	3
vge	919394	2
vgg	919396	2
vgl	919398	1
vgo	919399	13
vgr	919412	14
vha	919426	4
vhe	919430	3
vhl	919433	1
vho	919434	1
vhu	919435	4
vi 	919439	75
via	919514	72
vib	919586	6
vic	919592	164
vid	919756	66
vie	919822	150
vig	919972	14
vih	919986	5
vii	919991	21
vij	920012	12
vik	920024	43
vil	920067	434
vim	920501	6
vin	920507	1515
vio	922022	7
vip	922029	3
viq	922032	3
vir	922035	46
vis	922081	177
vit	922258	99
viv	922357	31
viy	922388	4
viz	922392	11
vja	922403	1
vje	922404	4
vk 	922408	1
vka	922409	25
vkh	922434	2
vki	922436	1
vks	922437	1
vl 	922438	8
vla	922446	38
vle	922484	11
vlg	922495	2
vli	922497	12
vlj	922509	16
vlo	922525	22
vls	922547	1
vly	922548	3
vm 	922551	1
vn 	922552	4
vna	922556	5
vne	922561	3
vni	922564	25
vno	922589	4
vns	922593	2
vny	922595	15
vo 	922610	297
voa	922907	17
vob	922924	20
voc	922944	6
vod	922950	58
voe	923008	3
vog	923011	10
voh	923021	6
voi	923027	36
voj	923063	7
vok	923070	11
vol	923081	85
vom	923166	19
von	923185	41
voo	923226	18
vop	923244	2
vor	923246	75
vos	923321	39
vot	923360	14
vou	923374	24
vov	923398	4
voy	923402	9
voz	923411	14
vpa	923425	1
vpi	923426	2
vpu	923428	1
vqo	923429	1
vr 	923430	3
vra	923433	32
vrb	923465	6
vrc	923471	1
vrd	923472	1
vre	923473	21
vrg	923494	1
vrh	923495	2
vri	923497	17
vrl	923514	1
vro	923515	11
vrp	923526	1
vrs	923527	3
vrt	923530	11
vry	923541	3
vs 	923544	18
vsa	923562	4
vsb	923566	1
vsc	923567	1
vse	923568	4
vsg	923572	2
vsh	923574	9
vsi	923583	1
vsj	923584	1
vsk	923585	715
vst	924300	4
vt 	924304	3
vta	924307	1
vte	924308	1
vto	924309	8
vts	924317	5
vtt	924322	1
vu 	924323	23
vua	924346	5
vub	924351	1
vuc	924352	2
vue	924354	5
vug	924359	2
vuh	924361	1
vui	924362	1
vuk	924363	7
vul	924370	23
vum	924393	4
vun	924397	9
vuo	924406	4
vur	924410	8
vus	924418	5
vut	924423	5
vuv	924428	1
vuz	924429	3
vv 	924432	4
vva	924436	2
vve	924438	1
vvi	924439	1
vvo	924440	1
vwe	924441	1
vwi	924442	1
vwv	924443	1
vy 	924444	16
vya	924460	17
vyb	924477	2
vyc	924479	2
vye	924481	5
vyg	924486	1
vyi	924487	1
vyk	924488	2
vyl	924490	1
vym	924491	1
vyn	924492	1
vys	924493	11
vyt	924504	2
vyu	924506	5
vyy	924511	5
vyz	924516	2
vz 	924518	1
vza	924519	1
vze	924520	1
vzh	924521	1
wa 	924522	434
waa	924956	31
wab	924987	24
wac	925011	7
wad	925018	40
wae	925058	8
waf	925066	2
wag	925068	17
wah	925085	55
wai	925140	51
waj	925191	17
wak	925208	50
wal	925258	123
wam	925381	21
wan	925402	192
wao	925594	3
wap	925597	9
waq	925606	3
war	925609	196
was	925805	88
wat	925893	80
wau	925973	8
wav	925981	2
waw	925983	5
way	925988	84
waz	926072	10
wb 	926082	1
wba	926083	3
wbe	926086	3
wbk	926089	2
wbr	926091	3
wbt	926094	1
wc 	926095	1
wca	926096	2
wci	926098	1
wco	926099	1
wd 	926100	6
wda	926106	5
wde	926111	5
wdo	926116	1
wdu	926117	1
wdw	926118	1
we 	926119	65
wea	926184	12
web	926196	15
wec	926211	1
wed	926212	8
wee	926220	16
weg	926236	7
weh	926243	3
wei	926246	26
wej	926272	2
wek	926274	8
wel	926282	62
wem	926344	5
wen	926349	47
weo	926396	3
wer	926399	55
wes	926454	302
wet	926756	12
wew	926768	1
wex	926769	2
wey	926771	12
wez	926783	2
wf 	926785	5
wfi	926790	1
wfo	926791	13
wft	926804	1
wg 	926805	2
wga	926807	1
wgn	926808	2
wgr	926810	1
wgu	926811	1
wh 	926812	2
wha	926814	19
whe	926833	11
whi	926844	39
whm	926883	1
who	926884	1
wht	926885	1
why	926886	1
wi 	926887	35
wia	926922	341
wib	927263	1
wic	927264	39
wid	927303	5
wie	927308	30
wif	927338	6
wig	927344	13
wih	927357	2
wii	927359	1
wij	927360	19
wik	927379	2
wil	927381	223
wim	927604	6
win	927610	82
wio	927692	1
wip	927693	1
wir	927694	4
wis	927698	22
wit	927720	14
wiw	927734	4
wiy	927738	3
wk 	927741	4
wka	927745	8
wke	927753	6
wkf	927759	1
wki	927760	3
wkn	927763	1
wko	927764	2
wku	927766	2
wl 	927768	6
wla	927774	18
wle	927792	7
wlf	927799	1
wlg	927800	1
wli	927801	4
wll	927805	1
wln	927806	1
wlo	927807	6
wls	927813	1
wlv	927814	1
wlx	927815	1
wm 	927816	3
wma	927819	5
wme	927824	1
wn 	927825	262
wna	928087	3
wnd	928090	4
wne	928094	5
wng	928099	2
wnh	928101	1
wni	928102	1
wnl	928103	2
wnm	928105	1
wno	928106	1
wns	928107	16
wnt	928123	1
wny	928124	1
wo 	928125	45
wob	928170	1
woc	928171	2
wod	928173	21
woe	928194	2
wog	928196	1
woi	928197	15
woj	928212	16
wok	928228	2
wol	928230	35
wom	928265	2
won	928267	41
woo	928308	93
woq	928401	1
wor	928402	47
wos	928449	4
wot	928453	5
wou	928458	6
wow	928464	2
woy	928466	1
woz	928467	1
wp 	928468	3
wpd	928471	1
wpo	928472	6
wq 	928478	1
wr 	928479	6
wra	928485	12
wrd	928497	9
wre	928506	23
wri	928529	7
wrl	928536	1
wro	928537	4
wrt	928541	1
wrx	928542	1
wry	928543	1
wrz	928544	1
ws 	928545	14
wsa	928559	4
wsc	928563	3
wsh	928566	9
wsi	928575	1
wsk	928576	94
wsl	928670	3
wsm	928673	1
wsn	928674	1
wso	928675	8
wst	928683	5
wsx	928688	1
wt 	928689	4
wta	928693	2
wtc	928695	1
wth	928696	2
wtj	928698	1
wto	928699	11
wu 	928710	10
wua	928720	5
wub	928725	1
wud	928726	4
wue	928730	1
wuh	928731	3
wuj	928734	2
wuk	928736	1
wul	928737	5
wum	928742	3
wun	928745	3
wur	928748	6
wus	928754	7
wut	928761	5
wuw	928766	1
wux	928767	1
wuz	928768	3
wv 	928771	2
ww 	928773	1
wwa	928774	5
wwo	928779	1
wx 	928780	1
wy 	928781	13
wya	928794	3
wyd	928797	18
wye	928815	6
wyh	928821	1
wyn	928822	8
wyo	928830	4
wyr	928834	5
wys	928839	4
wyt	928843	3
wyz	928846	2
wza	928848	3
wzj	928851	1
xa 	928852	90
xaa	928942	2
xab	928944	6
xac	928950	7
xad	928957	5
xae	928962	1
xag	928963	2
xai	928965	20
xak	928985	3
xal	928988	11
xam	928999	6
xan	929005	39
xap	929044	3
xaq	929047	1
xar	929048	8
xas	929056	7
xat	929063	3
xav	929066	8
xax	929074	1
xay	929075	10
xbi	929085	1
xbo	929086	2
xbu	929088	1
xby	929089	1
xca	929090	27
xce	929117	2
xch	929119	5
xci	929124	3
xco	929127	19
xcu	929146	4
xe 	929150	15
xeb	929165	1
xec	929166	1
xed	929167	2
xei	929169	8
xek	929177	2
xel	929179	5
xem	929184	3
xen	929187	5
xep	929192	1
xer	929193	5
xes	929198	1
xeu	929199	1
xew	929200	1
xex	929201	1
xey	929202	5
xf 	929207	1
xfi	929208	1
xfo	929209	6
xg 	929215	1
xga	929216	1
xgh	929217	1
xha	929218	3
xho	929221	2
xhu	929223	10
xi 	929233	22
xia	929255	24
xic	929279	19
xie	929298	7
xig	929305	2
xii	929307	7
xil	929314	7
xim	929321	5
xin	929326	31
xio	929357	7
xiq	929364	1
xir	929365	2
xis	929367	4
xit	929371	4
xiu	929375	1
xiv	929376	2
xix	929378	5
xiz	929383	2
xj 	929385	1
xjo	929386	1
xko	929387	1
xku	929388	2
xla	929390	1
xle	929391	2
xlo	929393	1
xma	929394	2
xme	929396	3
xmi	929399	1
xmo	929400	1
xo 	929401	14
xoa	929415	1
xoc	929416	23
xoj	929439	1
xol	929440	2
xom	929442	2
xon	929444	15
xop	929459	1
xor	929460	6
xos	929466	1
xot	929467	5
xou	929472	2
xox	929474	5
xpa	929479	9
xpe	929488	4
xqu	929492	6
xru	929498	1
xs 	929499	1
xsh	929500	1
xsm	929501	1
xsw	929502	1
xta	929503	28
xte	929531	25
xti	929556	5
xtl	929561	50
xto	929611	11
xtr	929622	4
xu 	929626	1
xua	929627	9
xub	929636	1
xuc	929637	1
xud	929638	2
xuk	929640	1
xul	929641	1
xum	929642	2
xun	929644	4
xuo	929648	2
xup	929650	2
xur	929652	1
xus	929653	1
xut	929654	1
xuy	929655	9
xuz	929664	1
xv 	929665	1
xvd	929666	1
xve	929667	2
xvi	929669	4
xwa	929673	1
xwe	929674	1
xx 	929675	1
xxa	929676	1
xxi	929677	3
xyl	929680	4
xz 	929684	1
ya 	929685	676
yaa	930361	2
yab	930363	63
yac	930426	38
yad	930464	21
yae	930485	2
yaf	930487	5
yag	930492	43
yah	930535	147
yai	930682	61
yaj	930743	1
yak	930744	53
yal	930797	66
yam	930863	114
yan	930977	359
yao	931336	13
yap	931349	27
yaq	931376	1
yar	931377	107
yas	931484	50
yat	931534	154
yau	931688	24
yav	931712	15
yaw	931727	13
yax	931740	4
yay	931744	19
yaz	931763	37
yb 	931800	4
yba	931804	18
ybb	931822	1
ybe	931823	23
ybi	931846	14
ybk	931860	2
ybn	931862	4
ybo	931866	5
ybr	931871	4
ybu	931875	8
yby	931883	6
yca	931889	3
yce	931892	5
ych	931897	20
yci	931917	1
yck	931918	9
yco	931927	1
ycr	931928	1
ycu	931929	2
ycy	931931	1
ycz	931932	1
yd 	931933	15
yda	931948	25
ydd	931973	20
yde	931993	13
ydf	932006	1
ydg	932007	2
ydh	932009	1
ydi	932010	11
ydl	932021	1
ydm	932022	2
ydn	932024	2
ydo	932026	5
ydr	932031	1
yds	932032	5
ydu	932037	3
ydv	932040	1
ye 	932041	163
yea	932204	5
yeb	932209	4
yec	932213	8
yed	932221	9
yee	932230	2
yef	932232	2
yeg	932234	19
yeh	932253	15
yei	932268	8
yej	932276	1
yek	932277	6
yel	932283	42
yem	932325	9
yen	932334	622
yeo	932956	51
yep	933007	3
yeq	933010	2
yer	933012	53
yes	933065	55
yet	933120	31
yeu	933151	3
yev	933154	100
yew	933254	2
yey	933256	8
yez	933264	1
yf 	933265	5
yfa	933270	9
yfi	933279	7
yfo	933286	3
yg 	933289	1
yga	933290	7
ygd	933297	2
yge	933299	3
ygg	933302	11
ygh	933313	4
ygi	933317	6
ygk	933323	1
ygl	933324	1
ygo	933325	5
ygu	933330	5
yh 	933335	3
yha	933338	19
yhe	933357	2
yhi	933359	1
yho	933360	2
yhu	933362	3
yi 	933365	123
yia	933488	2
yib	933490	2
yic	933492	3
yid	933495	6
yif	933501	1
yig	933502	5
yih	933507	1
yik	933508	1
yil	933509	10
yim	933519	6
yin	933525	37
yir	933562	13
yis	933575	5
yit	933580	8
yiv	933588	4
yiw	933592	1
yiy	933593	1
yiz	933594	4
yj 	933598	3
yja	933601	8
yjs	933609	1
yk 	933610	11
yka	933621	20
yke	933641	1
ykh	933642	16
yki	933658	5
ykj	933663	2
ykk	933665	2
ykl	933667	3
yko	933670	18
yks	933688	8
ykt	933696	4
yku	933700	3
ykv	933703	1
yl 	933704	19
yla	933723	33
yld	933756	7
yle	933763	16
ylg	933779	1
ylh	933780	2
yli	933782	20
ylk	933802	16
yll	933818	12
ylo	933830	30
ylq	933860	1
yls	933861	7
ylt	933868	2
ylu	933870	2
ylv	933872	7
yly	933879	2
ylz	933881	2
ym 	933883	6
yma	933889	48
ymb	933937	2
yme	933939	8
ymg	933947	1
ymi	933948	6
ymk	933954	3
ymm	933957	1
ymn	933958	1
ymo	933959	13
ymp	933972	2
ymr	933974	2
yms	933976	14
ymu	933990	2
ymv	933992	3
ymy	933995	4
yn 	933999	61
yna	934060	27
ync	934087	1
ynd	934088	4
yne	934092	45
yng	934137	7
ynh	934144	3
yni	934147	12
ynk	934159	4
ynl	934163	1
ynn	934164	2
yno	934166	9
yns	934175	46
ynt	934221	4
ynu	934225	3
ynw	934228	1
yny	934229	4
yo 	934233	112
yoa	934345	7
yob	934352	6
yoc	934358	5
yod	934363	11
yog	934374	10
yoh	934384	3
yoi	934387	4
yoj	934391	2
yok	934393	36
yol	934429	23
yom	934452	14
yon	934466	1835
yoo	936301	3
yop	936304	3
yoq	936307	2
yor	936309	47
yos	936356	36
yot	936392	30
you	936422	20
yov	936442	22
yow	936464	3
yoy	936467	1
yoz	936468	7
ypa	936475	9
ype	936484	3
yph	936487	1
ypi	936488	3
ypo	936491	6
ypr	936497	1
yps	936498	4
ypu	936502	1
yq 	936503	52
yqb	936555	1
yqo	936556	5
yqs	936561	1
yqu	936562	1
yr 	936563	32
yra	936595	41
yrd	936636	3
yre	936639	22
yrg	936661	6
yrh	936667	8
yri	936675	10
yrk	936685	1
yrl	936686	1
yrm	936687	1
yrn	936688	2
yro	936690	10
yrr	936700	3
yrs	936703	14
yrt	936717	2
yru	936719	2
yrv	936721	1
yry	936722	5
yrz	936727	2
ys 	936729	40
ysa	936769	14
ysb	936783	2
yse	936785	8
ysh	936793	54
ysi	936847	11
ysk	936858	158
ysl	937016	19
ysn	937035	1
yso	937036	18
ysp	937054	1
ysr	937055	1
yss	937056	5
yst	937061	26
ysu	937087	8
ysv	937095	2
ysw	937097	1
ysy	937098	21
ysz	937119	3
yt 	937122	10
yta	937132	23
ytc	937155	1
yte	937156	7
yth	937163	13
yti	937176	11
ytj	937187	1
ytk	937188	2
ytl	937190	1
ytm	937191	1
ytn	937192	2
yto	937194	12
ytr	937206	1
yts	937207	13
ytu	937220	7
ytv	937227	1
ytz	937228	2
yu 	937230	56
yua	937286	12
yub	937298	15
yuc	937313	26
yud	937339	2
yue	937341	6
yuf	937347	2
yug	937349	14
yuh	937363	1
yui	937364	1
yuk	937365	23
yul	937388	16
yum	937404	21
yun	937425	32
yup	937457	6
yuq	937463	3
yur	937466	43
yus	937509	20
yut	937529	23
yuw	937552	1
yux	937553	1
yuy	937554	5
yuz	937559	14
yva	937573	11
yvd	937584	1
yve	937585	2
yvi	937587	11
yvk	937598	2
yvn	937600	1
yvo	937601	1
yvu	937602	1
yvy	937603	4
yw 	937607	1
ywa	937608	6
ywi	937614	1
ywo	937615	3
yxa	937618	2
yxo	937620	1
yy 	937621	88
yya	937709	16
yye	937725	2
yyi	937727	7
yyl	937734	1
yym	937735	1
yyn	937736	3
yyq	937739	2
yyr	937741	1
yys	937742	3
yyu	937745	3
yz 	937748	4
yza	937752	8
yzb	937760	1
yze	937761	1
yzg	937762	2
yzh	937764	3
yzi	937767	2
yzl	937769	2
yzn	937771	1
yzo	937772	1
yzr	937773	2
yzs	937775	1
yzu	937776	1
yzy	937777	10
za 	937787	260
zaa	938047	6
zab	938053	43
zac	938096	43
zad	938139	17
zae	938156	2
zaf	938158	9
zag	938167	31
zah	938198	29
zai	938227	22
zaj	938249	7
zak	938256	36
zal	938292	101
zam	938393	61
zan	938454	111
zao	938565	10
zap	938575	60
zaq	938635	10
zar	938645	171
zas	938816	47
zat	938863	46
zau	938909	17
zav	938926	36
zaw	938962	18
zax	938980	4
zay	938984	13
zaz	938997	11
zb 	939008	1
zba	939009	4
zbe	939013	6
zbi	939019	1
zbo	939020	6
zbu	939026	5
zca	939031	8
zce	939039	3
zci	939042	2
zco	939044	6
zcu	939050	2
zcz	939052	12
zd 	939064	4
zda	939068	9
zde	939077	9
zdi	939086	7
zdn	939093	2
zdo	939095	4
zdr	939099	4
zdu	939103	4
zdv	939107	1
zdy	939108	1
ze 	939109	66
zea	939175	18
zeb	939193	10
zec	939203	6
zed	939209	3
zee	939212	5
zef	939217	3
zeg	939220	23
zeh	939243	4
zei	939247	29
zej	939276	3
zek	939279	12
zel	939291	62
zem	939353	30
zen	939383	67
zeo	939450	1
zep	939451	2
zeq	939453	5
zer	939458	67
zes	939525	42
zet	939567	14
zeu	939581	5
zev	939586	11
zew	939597	9
zey	939606	5
zez	939611	4
zfu	939615	1
zg 	939616	2
zga	939618	12
zge	939630	1
zgh	939631	3
zgi	939634	4
zgo	939638	4
zgr	939642	2
zh 	939644	12
zha	939656	70
zhb	939726	1
zhd	939727	6
zhe	939733	49
zhg	939782	3
zhh	939785	1
zhi	939786	77
zhk	939863	1
zhl	939864	2
zhm	939866	3
zhn	939869	38
zho	939907	85
zhp	939992	1
zhs	939993	44
zht	940037	1
zhu	940038	22
zhy	940060	14
zhz	940074	3
zi 	940077	108
zia	940185	57
zib	940242	5
zic	940247	13
zid	940260	9
zie	940269	23
zif	940292	2
zig	940294	12
zih	940306	5
zii	940311	8
zij	940319	2
zik	940321	2
zil	940323	43
zim	940366	23
zin	940389	125
zio	940514	21
zip	940535	6
ziq	940541	2
zir	940543	218
zis	940761	8
zit	940769	17
ziu	940786	3
ziv	940789	4
ziw	940793	1
ziy	940794	10
ziz	940804	34
zj 	940838	1
zja	940839	1
zje	940840	2
zjo	940842	1
zka	940843	9
zki	940852	16
zko	940868	7
zkr	940875	4
zku	940879	3
zl 	940882	2
zla	940884	18
zle	940902	4
zli	940906	7
zlo	940913	7
zlu	940920	7
zly	940927	5
zm 	940932	3
zma	940935	16
zmb	940951	1
zme	940952	5
zmi	940957	4
zmo	940961	2
zn 	940963	1
zna	940964	23
zne	940987	14
zni	941001	21
znj	941022	2
zno	941024	24
zny	941048	2
zo 	941050	63
zoa	941113	6
zob	941119	11
zoc	941130	6
zod	941136	4
zoe	941140	4
zof	941144	1
zog	941145	2
zoh	941147	1
zoi	941148	4
zoj	941152	1
zok	941153	3
zol	941156	26
zom	941182	14
zon	941196	124
zoo	941320	7
zop	941327	6
zoq	941333	6
zor	941339	28
zos	941367	9
zot	941376	9
zou	941385	27
zov	941412	37
zow	941449	23
zoy	941472	4
zoz	941476	3
zpa	941479	1
zpe	941480	2
zpi	941482	1
zpr	941483	3
zpu	941486	3
zqa	941489	1
zqu	941490	9
zra	941499	8
zre	941507	6
zri	941513	3
zrn	941516	1
zro	941517	2
zsa	941519	4
zsi	941523	1
zsk	941524	19
zta	941543	5
zte	941548	5
zth	941553	1
zti	941554	1
ztl	941555	1
zto	941556	2
ztr	941558	2
ztu	941560	1
ztw	941561	16
zty	941577	3
zu 	941580	85
zua	941665	6
zub	941671	7
zuc	941678	7
zud	941685	1
zue	941686	7
zuf	941693	1
zug	941694	6
zuh	941700	2
zui	941702	7
zuj	941709	1
zuk	941710	6
zul	941716	34
zum	941750	28
zun	941778	27
zuo	941805	4
zup	941809	34
zuq	941843	1
zur	941844	26
zus	941870	2
zut	941872	1
zuu	941873	10
zuw	941883	1
zuy	941884	5
zuz	941889	1
zv 	941890	1
zva	941891	6
zve	941897	10
zvi	941907	8
zvo	941915	13
zvy	941928	1
zwa	941929	4
zwe	941933	3
zwi	941936	1
zwo	941937	2
zxu	941939	1
zy 	941940	5
zya	941945	7
zyb	941952	3
zyc	941955	10
zyd	941965	1
zye	941966	5
zyg	941971	3
zyk	941974	1
zyl	941975	9
zyn	941984	16
zyo	942000	5
zyr	942005	6
zys	942011	7
zyt	942018	1
zyu	942019	2
zyv	942021	2
zyw	942023	1
zyz	942024	2
zz 	942026	2
zza	942028	15
zze	942043	1
zzi	942044	7
zzo	942051	6
zzu	942057	1
