ad-02	5
ad-03	4
ad-04	3
ad-05	2
ad-06	1
ad-07	6
ad-08	7
ad.02	5
ad.03	4
ad.04	3
ad.05	2
ad.06	1
ad.07	6
ad.08	7
ae-aj	13
ae-az	14
ae-du	10
ae-fu	12
ae-rk	9
ae-sh	11
ae-uq	8
ae.01	14
ae.01.101	15
ae.01.102	16
ae.01.103	17
ae.02	13
ae.02.401	21
ae.02.402	31
ae.02.403	32
ae.03	10
ae.03.100	38
ae.03.200	35
ae.03.300	42
ae.03.400	40
ae.03.500	39
ae.03.600	34
ae.03.700	41
ae.03.800	36
ae.03.900	37
ae.04	12
ae.04.701	18
ae.04.702	19
ae.05	9
ae.05.601	25
ae.06	11
ae.06.301	29
ae.06.302	20
ae.06.303	30
ae.06.304	22
ae.06.305	24
ae.06.306	28
ae.06.307	23
ae.06.308	33
ae.06.309	27
ae.07	8
ae.07.501	26
af-bal	69
af-bam	68
af-bdg	71
af-bds	72
af-bgl	70
af-day	75
af-fra	67
af-fyb	66
af-gha	65
af-gho	64
af-hel	63
af-her	62
af-jow	61
af-kab	60
af-kan	59
af-kap	58
af-kdz	56
af-kho	73
af-knr	57
af-lag	55
af-log	54
af-nan	53
af-nim	52
af-nur	74
af-pan	76
af-par	48
af-pia	50
af-pka	49
af-sam	47
af-sar	46
af-tak	45
af-uru	51
af-war	44
af-zab	43
af.01	72
af.01.1101	85
af.01.1102	90
af.01.1103	87
af.01.1104	458
af.01.1105	104
af.01.1106	99
af.01.1107	86
af.01.1108	81
af.01.1109	77
af.01.1110	84
af.01.1111	89
af.01.1112	93
af.01.1113	94
af.01.1114	79
af.01.1115	80
af.01.1116	82
af.01.1117	83
af.01.1118	88
af.01.1119	91
af.01.1120	92
af.01.1121	95
af.01.1122	96
af.01.1123	97
af.01.1124	98
af.01.1125	100
af.01.1126	101
af.01.1127	102
af.01.1128	103
af.02	71
af.02.1901	111
af.02.1902	105
af.02.1903	110
af.02.1904	107
af.02.1905	106
af.02.1906	109
af.02.1907	108
af.03	70
af.03.1301	455
af.03.1302	124
af.03.1303	115
af.03.1304	117
af.03.1305	125
af.03.1306	120
af.03.1307	112
af.03.1308	121
af.03.1309	123
af.03.1310	114
af.03.1311	113
af.03.1312	116
af.03.1313	118
af.03.1314	119
af.03.1315	122
af.05	68
af.05.2801	454
af.05.2802	459
af.05.2803	126
af.05.2804	130
af.05.2805	127
af.05.2806	129
af.05.2807	128
af.06	67
af.06.2101	453
af.06.2102	132
af.06.2103	134
af.06.2104	137
af.06.2105	133
af.06.2106	135
af.06.2107	131
af.06.2108	139
af.06.2109	136
af.06.2110	140
af.06.2111	138
af.07	66
af.07.1801	149
af.07.1802	150
af.07.1803	142
af.07.1804	151
af.07.1805	148
af.07.1806	144
af.07.1807	146
af.07.1808	154
af.07.1809	145
af.07.1810	152
af.07.1811	141
af.07.1812	143
af.07.1813	147
af.07.1814	153
af.08	65
af.08.601	160
af.08.602	158
af.08.603	163
af.08.604	167
af.08.605	156
af.08.606	164
af.08.607	162
af.08.608	165
af.08.609	78
af.08.610	166
af.08.611	155
af.08.612	161
af.08.613	168
af.08.614	157
af.08.615	159
af.08.616	172
af.08.617	169
af.08.618	170
af.08.619	171
af.09	64
af.09.2701	173
af.09.2702	180
af.09.2703	182
af.09.2704	179
af.09.2705	181
af.09.2706	178
af.09.2707	177
af.09.2708	174
af.09.2709	176
af.09.2710	175
af.10	63
af.10.2301	186
af.10.2302	189
af.10.2303	185
af.10.2304	187
af.10.2305	183
af.10.2306	472
af.10.2307	193
af.10.2308	188
af.10.2309	190
af.10.2310	184
af.10.2311	461
af.10.2312	192
af.10.2313	191
af.11	62
af.11.2001	471
af.11.2002	199
af.11.2003	204
af.11.2004	206
af.11.2005	200
af.11.2006	202
af.11.2007	198
af.11.2008	201
af.11.2009	197
af.11.2010	208
af.11.2011	194
af.11.2012	205
af.11.2013	196
af.11.2014	207
af.11.2015	195
af.11.2016	203
af.13	60
af.13.101	450
af.13.102	211
af.13.103	217
af.13.104	215
af.13.105	220
af.13.106	214
af.13.107	221
af.13.108	219
af.13.109	210
af.13.110	209
af.13.111	216
af.13.112	456
af.13.113	213
af.13.114	218
af.13.115	212
af.14	58
af.14.201	226
af.14.202	223
af.14.203	225
af.14.204	227
af.14.205	228
af.14.206	222
af.14.207	224
af.17	54
af.17.501	236
af.17.502	232
af.17.503	231
af.17.504	234
af.17.505	235
af.17.506	230
af.17.507	233
af.18	53
af.18.801	246
af.18.802	258
af.18.803	245
af.18.804	256
af.18.805	248
af.18.806	240
af.18.807	254
af.18.808	242
af.18.809	255
af.18.810	237
af.18.811	253
af.18.812	243
af.18.813	257
af.18.814	252
af.18.815	251
af.18.816	244
af.18.817	238
af.18.818	247
af.18.819	250
af.18.820	241
af.18.821	239
af.18.822	249
af.19	52
af.19.2201	262
af.19.2202	260
af.19.2203	259
af.19.2204	452
af.19.2205	261
af.23	59
af.23.2401	473
af.23.2402	265
af.23.2403	229
af.23.2404	263
af.23.2405	267
af.23.2406	266
af.23.2407	269
af.23.2408	272
af.23.2409	273
af.23.2410	274
af.23.2411	275
af.23.2412	264
af.23.2413	268
af.23.2414	270
af.23.2415	271
af.23.2416	276
af.24	56
af.24.1401	451
af.24.1402	279
af.24.1403	281
af.24.1404	465
af.24.1405	277
af.24.1406	280
af.24.1407	278
af.26	45
af.26.1201	296
af.26.1202	283
af.26.1203	290
af.26.1204	285
af.26.1205	297
af.26.1206	288
af.26.1207	291
af.26.1208	295
af.26.1209	284
af.26.1210	298
af.26.1211	286
af.26.1212	293
af.26.1213	282
af.26.1214	287
af.26.1215	289
af.26.1216	292
af.26.1217	294
af.27	44
af.27.401	303
af.27.402	302
af.27.403	300
af.27.404	468
af.27.405	464
af.27.406	299
af.27.407	304
af.27.408	469
af.27.409	301
af.28	43
af.28.2501	457
af.28.2502	311
af.28.2503	305
af.28.2504	307
af.28.2505	309
af.28.2506	314
af.28.2507	313
af.28.2508	306
af.28.2509	312
af.28.2510	308
af.28.2511	310
af.29	49
af.29.2901	326
af.29.2902	332
af.29.2903	316
af.29.2904	328
af.29.2905	329
af.29.2906	318
af.29.2907	322
af.29.2908	325
af.29.2909	315
af.29.2910	317
af.29.2911	323
af.29.2912	333
af.29.2913	321
af.29.2914	324
af.29.2915	320
af.29.2916	319
af.29.2917	327
af.29.2918	330
af.29.2919	331
af.30	69
af.30.1601	470
af.30.1602	462
af.30.1603	344
af.30.1604	343
af.30.1605	338
af.30.1606	474
af.30.1607	334
af.30.1608	336
af.30.1609	463
af.30.1610	341
af.30.1611	335
af.30.1612	337
af.30.1613	339
af.30.1614	340
af.30.1615	342
af.31	61
af.31.1701	355
af.31.1702	350
af.31.1703	346
af.31.1704	352
af.31.1705	353
af.31.1706	345
af.31.1707	351
af.31.1708	347
af.31.1709	348
af.31.1710	349
af.31.1711	354
af.32	47
af.32.1501	356
af.32.1502	360
af.32.1503	357
af.32.1504	358
af.32.1505	362
af.32.1506	361
af.32.1507	359
af.33	46
af.33.3101	367
af.33.3102	366
af.33.3103	365
af.33.3104	363
af.33.3105	369
af.33.3106	368
af.33.3107	364
af.34	57
af.34.1001	370
af.34.1002	378
af.34.1003	371
af.34.1004	374
af.34.1005	380
af.34.1006	376
af.34.1007	382
af.34.1008	383
af.34.1009	372
af.34.1010	375
af.34.1011	379
af.34.1012	373
af.34.1013	381
af.34.1014	377
af.34.1015	467
af.35	55
af.35.901	387
af.35.902	388
af.35.903	384
af.35.904	386
af.35.905	385
af.36	50
af.36.701	392
af.36.702	399
af.36.703	397
af.36.704	398
af.36.705	389
af.36.706	394
af.36.707	391
af.36.708	390
af.36.709	395
af.36.710	396
af.36.711	393
af.37	73
af.37.3201	403
af.37.3202	402
af.37.3203	466
af.37.3204	410
af.37.3205	405
af.37.3206	404
af.37.3207	411
af.37.3208	406
af.37.3209	408
af.37.3210	400
af.37.3211	401
af.37.3212	407
af.37.3213	409
af.38	74
af.38.3001	417
af.38.3002	414
af.38.3003	419
af.38.3004	415
af.38.3005	412
af.38.3006	418
af.38.3007	413
af.38.3008	416
af.39	51
af.39.2601	424
af.39.2602	420
af.39.2603	422
af.39.2604	423
af.39.2605	421
af.40	48
af.40.301	426
af.40.302	427
af.40.303	429
af.40.304	432
af.40.305	433
af.40.306	431
af.40.307	460
af.40.308	425
af.40.309	428
af.40.310	430
af.41	75
af.41.3401	440
af.41.3402	435
af.41.3403	436
af.41.3404	437
af.41.3405	438
af.41.3406	434
af.41.3407	439
af.41.3408	441
af.41.3409	442
af.42	76
af.42.3301	444
af.42.3302	445
af.42.3303	446
af.42.3304	447
af.42.3305	449
af.42.3306	443
af.42.3307	448
ag-03	480
ag-04	479
ag-05	478
ag-06	477
ag-07	476
ag-08	475
ag-10	482
ag-11	481
ag.01	482
ag.03	480
ag.04	479
ag.05	478
ag.06	477
ag.07	476
ag.08	475
ag.09	481
ai.11205389	483
ai.11205392	484
ai.11205393	485
ai.11205396	486
ai.11205433	487
ai.11205436	488
ai.11205437	489
ai.11205438	490
ai.11205439	491
ai.11205440	492
ai.11205441	493
ai.11205442	494
ai.11205443	495
ai.11205444	496
al-01	497
al-02	503
al-03	499
al-04	504
al-05	500
al-06	501
al-07	502
al-08	505
al-09	498
al-10	506
al-11	507
al-12	508
al.40	497
al.40.10944368	509
al.40.10944369	510
al.40.10944370	511
al.40.10944371	512
al.40.10944372	513
al.41	498
al.41.10944373	514
al.41.10944374	515
al.41.10944375	516
al.41.10944376	517
al.42	503
al.42.10944377	518
al.42.10944378	519
al.42.10944379	520
al.43	499
al.43.10944380	521
al.43.10944381	522
al.43.10944382	523
al.43.10944383	524
al.43.10944384	525
al.43.10944385	526
al.43.10944386	527
al.44	504
al.44.10944387	528
al.44.10944388	529
al.44.10944389	530
al.44.10944390	531
al.44.10944391	532
al.44.10944392	533
al.45	500
al.45.10944393	534
al.45.10944394	535
al.45.10944395	536
al.45.10944396	537
al.45.10944397	538
al.45.10944398	539
al.45.10944399	540
al.46	501
al.46.10944400	541
al.46.10944401	542
al.46.10944402	543
al.46.10944403	544
al.46.10944404	545
al.46.10944405	546
al.47	502
al.47.10944406	547
al.47.10944407	548
al.47.10944408	549
al.48	505
al.48.10944409	550
al.48.10944410	551
al.48.10944411	552
al.49	506
al.49.10944412	553
al.49.10944413	554
al.49.10944414	555
al.49.10944415	556
al.49.10944416	557
al.50	507
al.50.10944417	558
al.50.10944418	559
al.50.10944419	560
al.50.10944420	561
al.50.10944421	562
al.51	508
al.51.10944422	563
al.51.10944423	564
al.51.10944424	565
al.51.10944425	566
al.51.10944426	567
al.51.10944427	568
al.51.10944428	569
am-ag	574
am-ar	570
am-av	575
am-er	573
am-gr	576
am-kt	577
am-lo	578
am-sh	579
am-su	571
am-tv	580
am-vd	572
am.01	574
am.01.13156510	625
am.01.13156511	626
am.01.13156512	627
am.01.13156513	628
am.01.13156514	629
am.01.13156515	630
am.01.13156516	631
am.01.13156517	632
am.02	570
am.02.13133028	594
am.02.13133029	595
am.02.13133030	596
am.02.13133031	597
am.02.13133032	598
am.03	575
am.03.13156552	644
am.03.13156553	645
am.03.13156554	646
am.03.13156555	647
am.03.13156556	648
am.03.13156557	649
am.03.13156558	650
am.03.13156559	651
am.04	576
am.04.13156120	599
am.04.13156121	600
am.04.13156122	601
am.04.13156123	602
am.04.13156124	603
am.05	577
am.05.13156540	633
am.05.13156542	634
am.05.13156543	635
am.05.13156544	636
am.05.13156545	637
am.05.13156546	638
am.05.13156547	639
am.05.13156548	640
am.05.13156549	641
am.05.13156550	642
am.05.13156551	643
am.06	578
am.06.13156275	608
am.06.13156276	609
am.06.13156277	610
am.06.13156278	611
am.06.13156279	612
am.06.13156280	613
am.06.13156281	614
am.06.13156282	615
am.06.13156283	616
am.06.13156284	617
am.06.13156285	618
am.07	579
am.07.13156473	619
am.07.13156474	620
am.07.13156475	621
am.07.13156476	622
am.07.13156477	623
am.07.13156478	624
am.08	571
am.08.13133004	582
am.08.13133005	583
am.08.13133006	584
am.08.13133007	585
am.08.13133008	586
am.08.13133009	587
am.08.13133010	588
am.09	580
am.09.13156180	604
am.09.13156181	605
am.09.13156182	606
am.09.13156183	607
am.10	572
am.10.13133019	589
am.10.13133022	590
am.10.13133023	591
am.10.13133025	592
am.10.13133026	593
am.11	573
am.11.13156594	652
am.11.13156595	653
am.11.13156596	654
am.11.13156597	655
am.11.13156598	656
am.11.13156599	657
am.11.13156600	658
am.11.13156601	659
am.11.13156602	660
am.11.13156603	661
am.11.13156604	662
am.11.616205	581
ao-bgo	672
ao-bgu	679
ao-bie	678
ao-cab	671
ao-ccu	684
ao-cnn	676
ao-cno	670
ao-cus	677
ao-hua	675
ao-hui	674
ao-lno	664
ao-lsu	663
ao-lua	669
ao-mal	668
ao-mox	665
ao-nam	673
ao-uig	667
ao-zai	666
ao.01	679
ao.01.10440258	843
ao.01.3347937	791
ao.01.3348578	799
ao.01.3349225	808
ao.01.3349404	812
ao.01.3351267	828
ao.01.3351597	833
ao.01.3351661	835
ao.01.3351758	836
ao.01.3351785	838
ao.02	678
ao.02.3346941	779
ao.02.3348077	794
ao.02.3349078	804
ao.02.3349148	805
ao.02.3349179	806
ao.02.3349514	813
ao.02.3349722	815
ao.02.3350370	819
ao.02.3351012	823
ao.02.3351013	824
ao.02.3351882	839
ao.02.9212598	841
ao.03	671
ao.03.2240660	731
ao.03.2243267	751
ao.03.2243457	755
ao.03.2243645	758
ao.05	670
ao.05.10450082	846
ao.05.2238485	712
ao.05.2240384	728
ao.05.2240905	735
ao.05.2240974	736
ao.05.2241967	743
ao.05.2242801	747
ao.05.2243535	756
ao.05.2243811	759
ao.05.2243916	762
ao.06	677
ao.06.3345496	764
ao.06.3346014	770
ao.06.3346113	771
ao.06.3346558	775
ao.06.3346597	776
ao.06.3346659	777
ao.06.3347070	783
ao.06.3347989	792
ao.06.3348792	801
ao.06.3349321	811
ao.06.3350385	820
ao.06.3351905	840
ao.07	676
ao.07.3346850	778
ao.07.3347028	782
ao.07.3348986	802
ao.07.3349045	803
ao.07.3349237	809
ao.07.3351306	829
ao.08	675
ao.08.3345667	766
ao.08.3345909	768
ao.08.3345923	769
ao.08.3347110	784
ao.08.3347852	789
ao.08.3347879	790
ao.08.3348093	795
ao.08.3348311	798
ao.08.3348773	800
ao.08.3351497	832
ao.08.3351782	837
ao.09	674
ao.09.10449850	845
ao.09.3346496	773
ao.09.3346556	774
ao.09.3347423	786
ao.09.3347760	788
ao.09.3348075	793
ao.09.3348165	796
ao.09.3348286	797
ao.09.3349647	814
ao.09.3349949	816
ao.09.3349996	817
ao.09.3350009	818
ao.09.3351021	826
ao.09.3351379	830
ao.12	668
ao.12.2238814	714
ao.12.2239335	721
ao.12.2239696	724
ao.12.2239711	725
ao.12.2239859	727
ao.12.2240685	732
ao.12.2240688	733
ao.12.2242475	746
ao.12.2242997	748
ao.12.2243120	749
ao.12.3346489	772
ao.12.3347614	787
ao.12.3350771	821
ao.12.3350916	822
ao.13	673
ao.13.3345516	765
ao.13.3345788	767
ao.13.3347017	781
ao.13.3351015	825
ao.13.3351646	834
ao.14	665
ao.14.875997	691
ao.14.876125	693
ao.14.876129	694
ao.14.876176	695
ao.14.876198	696
ao.14.876232	697
ao.14.876631	700
ao.14.876723	701
ao.15	667
ao.15.2236567	704
ao.15.2236985	707
ao.15.2237127	708
ao.15.2237144	709
ao.15.2237499	710
ao.15.2238174	711
ao.15.2238826	715
ao.15.2239067	719
ao.15.2239352	722
ao.15.2239731	726
ao.15.2241498	739
ao.15.2243355	752
ao.15.2243441	754
ao.15.2243631	757
ao.15.2243908	760
ao.15.2243921	763
ao.16	666
ao.16.2236714	705
ao.16.2236966	706
ao.16.2239000	717
ao.16.2239019	718
ao.16.2239519	723
ao.16.2241620	740
ao.17	664
ao.17.145723	686
ao.17.145775	687
ao.17.145897	688
ao.17.2236396	702
ao.17.2240415	729
ao.17.2241628	741
ao.17.2241665	742
ao.17.2242051	744
ao.17.2242427	745
ao.18	663
ao.18.145530	685
ao.18.3351386	831
ao.18.875968	690
ao.18.876307	699
ao.19	672
ao.19.2238950	716
ao.19.2239093	720
ao.19.2241454	737
ao.19.2241484	738
ao.19.2243420	753
ao.19.2243911	761
ao.20	669
ao.20.10401828	842
ao.20.10440865	844
ao.20.2236499	703
ao.20.2238564	713
ao.20.2240445	730
ao.20.2240756	734
ao.20.2243171	750
ao.cbg	680
ao.cbg.3347005	780
ao.cbg.3347352	785
ao.cbg.3349195	807
ao.cbg.3349243	810
ao.cbg.3351214	827
ao.cub	683
ao.cub.875819	689
ao.cub.876017	692
ao.cub.876291	698
ao.icb	681
ao.mle	682
ar-a	860
ar-b	852
ar-c	849
ar-d	858
ar-e	850
ar-f	864
ar-g	855
ar-h	869
ar-j	859
ar-k	870
ar-l	865
ar-m	863
ar-n	847
ar-p	848
ar-q	862
ar-r	861
ar-s	856
ar-t	853
ar-u	868
ar-v	854
ar-w	851
ar-x	867
ar-y	866
ar-z	857
ar.01	852
ar.01.06007	1356
ar.01.06014	1221
ar.01.06021	1352
ar.01.06028	1019
ar.01.06035	1017
ar.01.06042	1016
ar.01.06049	1015
ar.01.06056	1336
ar.01.06063	1014
ar.01.06070	1013
ar.01.06077	1012
ar.01.06084	953
ar.01.06091	1010
ar.01.06098	1009
ar.01.06105	1326
ar.01.06112	1325
ar.01.06119	1006
ar.01.06126	1004
ar.01.06134	1002
ar.01.06140	999
ar.01.06147	1306
ar.01.06154	1305
ar.01.06161	998
ar.01.06168	997
ar.01.06175	1281
ar.01.06182	1274
ar.01.06189	1273
ar.01.06196	1272
ar.01.06203	1271
ar.01.06210	1294
ar.01.06218	996
ar.01.06224	995
ar.01.06231	1303
ar.01.06238	989
ar.01.06245	986
ar.01.06252	985
ar.01.06260	983
ar.01.06266	982
ar.01.06270	1360
ar.01.06274	979
ar.01.06277	1361
ar.01.06280	977
ar.01.06287	1247
ar.01.06294	1246
ar.01.06301	975
ar.01.06308	973
ar.01.06315	972
ar.01.06322	1240
ar.01.06329	971
ar.01.06336	970
ar.01.06343	966
ar.01.06351	1234
ar.01.06357	965
ar.01.06364	964
ar.01.06371	963
ar.01.06385	1226
ar.01.06392	1225
ar.01.06399	1218
ar.01.06406	1213
ar.01.06408	1362
ar.01.06410	1363
ar.01.06412	954
ar.01.06413	1198
ar.01.06420	1359
ar.01.06427	932
ar.01.06434	951
ar.01.06441	949
ar.01.06448	1189
ar.01.06455	948
ar.01.06462	1183
ar.01.06466	1379
ar.01.06469	1178
ar.01.06476	942
ar.01.06483	941
ar.01.06490	940
ar.01.06497	939
ar.01.06505	938
ar.01.06511	937
ar.01.06515	1378
ar.01.06518	936
ar.01.06525	935
ar.01.06532	929
ar.01.06539	928
ar.01.06547	927
ar.01.06553	1335
ar.01.06560	924
ar.01.06568	923
ar.01.06574	922
ar.01.06581	921
ar.01.06588	1149
ar.01.06595	1146
ar.01.06602	1142
ar.01.06609	1141
ar.01.06616	1138
ar.01.06623	1137
ar.01.06630	915
ar.01.06638	913
ar.01.06644	934
ar.01.06648	933
ar.01.06651	1127
ar.01.06655	957
ar.01.06658	908
ar.01.06665	1121
ar.01.06672	907
ar.01.06679	1101
ar.01.06686	1099
ar.01.06693	906
ar.01.06700	1095
ar.01.06707	904
ar.01.06714	1092
ar.01.06721	1093
ar.01.06728	903
ar.01.06735	902
ar.01.06742	901
ar.01.06749	898
ar.01.06756	896
ar.01.06760	1358
ar.01.06763	1072
ar.01.06770	889
ar.01.06778	886
ar.01.06784	883
ar.01.06791	881
ar.01.06798	1054
ar.01.06805	879
ar.01.06812	878
ar.01.06819	1047
ar.01.06826	1043
ar.01.06833	1042
ar.01.06840	877
ar.01.06847	1364
ar.01.06854	1027
ar.01.06861	873
ar.01.06868	1365
ar.01.06875	1023
ar.01.06882	871
ar.02	870
ar.02.10007	1349
ar.02.10014	1348
ar.02.10021	1347
ar.02.10028	1343
ar.02.10035	1332
ar.02.10042	1317
ar.02.10049	1312
ar.02.10056	1262
ar.02.10063	1253
ar.02.10070	1192
ar.02.10077	1144
ar.02.10084	1130
ar.02.10091	1065
ar.02.10098	1063
ar.02.10105	1049
ar.02.10112	1030
ar.03	869
ar.03.22007	1351
ar.03.22014	1008
ar.03.22021	1280
ar.03.22028	1295
ar.03.22036	1263
ar.03.22039	1372
ar.03.22043	1254
ar.03.22049	1244
ar.03.22056	974
ar.03.22063	1243
ar.03.22070	1207
ar.03.22077	945
ar.03.22084	943
ar.03.22091	1170
ar.03.22098	1163
ar.03.22105	1150
ar.03.22112	1148
ar.03.22119	910
ar.03.22126	909
ar.03.22133	1122
ar.03.22140	899
ar.03.22147	1078
ar.03.22154	885
ar.03.22161	880
ar.03.22168	874
ar.04	868
ar.04.26007	1327
ar.04.26014	1266
ar.04.26021	1259
ar.04.26028	1255
ar.04.26035	1252
ar.04.26042	1251
ar.04.26049	1249
ar.04.26056	1193
ar.04.26063	1166
ar.04.26070	1143
ar.04.26077	1117
ar.04.26084	1107
ar.04.26091	1058
ar.04.26098	1053
ar.04.26105	1052
ar.05	867
ar.05.14007	1321
ar.05.14014	1310
ar.05.14021	1282
ar.05.14028	1268
ar.05.14035	1232
ar.05.14042	1229
ar.05.14049	1204
ar.05.14056	1201
ar.05.14063	1167
ar.05.14070	1161
ar.05.14077	1132
ar.05.14084	1129
ar.05.14091	1125
ar.05.14098	1112
ar.05.14105	1110
ar.05.14112	1109
ar.05.14119	1108
ar.05.14126	1090
ar.05.14133	1083
ar.05.14140	1080
ar.05.14147	1064
ar.05.14154	1056
ar.05.14161	1051
ar.05.14168	1046
ar.05.14175	1041
ar.05.14182	1036
ar.06	851
ar.06.18007	1011
ar.06.18014	1007
ar.06.18021	1000
ar.06.18028	992
ar.06.18035	990
ar.06.18042	987
ar.06.18049	984
ar.06.18056	976
ar.06.18063	967
ar.06.18070	962
ar.06.18077	956
ar.06.18084	955
ar.06.18091	947
ar.06.18098	931
ar.06.18105	930
ar.06.18112	925
ar.06.18119	917
ar.06.18126	905
ar.06.18133	900
ar.06.18140	893
ar.06.18147	892
ar.06.18154	891
ar.06.18161	888
ar.06.18168	887
ar.06.18175	884
ar.07	849
ar.07.02001	1391
ar.07.02002	1393
ar.07.02003	1383
ar.07.02004	1385
ar.07.02005	1386
ar.07.02006	1392
ar.07.02007	1395
ar.07.02008	1384
ar.07.02009	1394
ar.07.02010	1396
ar.07.02011	1397
ar.07.02012	1382
ar.07.02013	1389
ar.07.02014	1390
ar.07.02015	1398
ar.08	850
ar.08.30008	994
ar.08.30015	991
ar.08.30021	1264
ar.08.30028	981
ar.08.30035	1373
ar.08.30042	980
ar.08.30049	961
ar.08.30056	960
ar.08.30063	1374
ar.08.30070	950
ar.08.30077	920
ar.08.30084	918
ar.08.30088	1375
ar.08.30091	882
ar.08.30098	876
ar.08.30105	1024
ar.08.30113	872
ar.09	848
ar.09.34007	1328
ar.09.34014	978
ar.09.34021	952
ar.09.34028	1165
ar.09.34035	916
ar.09.34042	914
ar.09.34049	912
ar.09.34056	911
ar.09.34063	1120
ar.10	866
ar.10.38007	1284
ar.10.38014	1261
ar.10.38021	1316
ar.10.38028	1210
ar.10.38035	1182
ar.10.38042	1376
ar.10.38049	1115
ar.10.38056	1089
ar.10.38063	1071
ar.10.38070	1068
ar.10.38077	1067
ar.10.38084	1055
ar.10.38094	1050
ar.10.38098	1040
ar.10.38105	1031
ar.10.38112	1022
ar.11	865
ar.11.42007	1340
ar.11.42014	1319
ar.11.42021	1307
ar.11.42028	1299
ar.11.42035	1277
ar.11.42042	1267
ar.11.42049	1293
ar.11.42056	1292
ar.11.42063	1291
ar.11.42070	1216
ar.11.42077	1212
ar.11.42084	1180
ar.11.42091	1179
ar.11.42098	1181
ar.11.42105	1168
ar.11.42112	1126
ar.11.42119	1123
ar.11.42126	1119
ar.11.42133	1116
ar.11.42140	1048
ar.11.42147	1044
ar.11.42154	1034
ar.12	864
ar.12.46007	1342
ar.12.46014	1311
ar.12.46021	1301
ar.12.46028	1239
ar.12.46035	1224
ar.12.46042	1288
ar.12.46049	1257
ar.12.46056	1026
ar.12.46063	1245
ar.12.46070	1102
ar.12.46077	1241
ar.12.46084	1236
ar.12.46091	1230
ar.12.46098	1228
ar.12.46105	1208
ar.12.46112	1233
ar.12.46119	1087
ar.12.46126	1091
ar.13	863
ar.13.50007	1308
ar.13.50014	1248
ar.13.50021	1222
ar.13.50028	1215
ar.13.50035	1199
ar.13.50042	1191
ar.13.50049	1187
ar.13.50056	1186
ar.13.50063	1173
ar.13.50070	1171
ar.13.50077	1169
ar.13.50084	1104
ar.13.50091	1085
ar.13.50098	1073
ar.13.50105	1070
ar.13.50112	1062
ar.13.50119	1039
ar.13.50126	1038
ar.14	847
ar.14.54007	1018
ar.14.54014	1005
ar.14.54021	1003
ar.14.54028	1001
ar.14.54035	993
ar.14.54042	988
ar.14.54049	969
ar.14.54056	959
ar.14.54063	958
ar.14.54070	946
ar.14.54077	944
ar.14.54084	926
ar.14.54091	919
ar.14.54098	897
ar.14.54105	895
ar.14.54112	890
ar.14.54119	875
ar.15	862
ar.15.58007	1350
ar.15.58014	1346
ar.15.58021	1300
ar.15.58028	1283
ar.15.58035	1278
ar.15.58042	1286
ar.15.58049	1211
ar.15.58056	1196
ar.15.58063	1177
ar.15.58070	1174
ar.15.58077	1160
ar.15.58084	1155
ar.15.58091	1140
ar.15.58098	1134
ar.15.58105	1135
ar.15.58112	1021
ar.16	861
ar.16.62007	1357
ar.16.62014	1338
ar.16.62021	1333
ar.16.62028	1279
ar.16.62035	1260
ar.16.62042	1231
ar.16.62049	1151
ar.16.62056	1154
ar.16.62063	1136
ar.16.62070	1133
ar.16.62077	1088
ar.16.62084	1033
ar.16.62091	1028
ar.17	860
ar.17.66007	1344
ar.17.66014	1323
ar.17.66021	1322
ar.17.66028	1315
ar.17.66035	1297
ar.17.66042	1289
ar.17.66049	1237
ar.17.66056	1242
ar.17.66063	1219
ar.17.66070	1205
ar.17.66077	1320
ar.17.66084	1380
ar.17.66091	1190
ar.17.66098	1185
ar.17.66105	1175
ar.17.66112	1162
ar.17.66119	1158
ar.17.66126	1145
ar.17.66133	1106
ar.17.66140	1097
ar.17.66147	1096
ar.17.66154	1086
ar.17.66161	1061
ar.18	859
ar.18.70007	1354
ar.18.70014	1345
ar.18.70021	1318
ar.18.70028	1309
ar.18.70035	1298
ar.18.70042	1287
ar.18.70049	1209
ar.18.70056	1203
ar.18.70063	1152
ar.18.70070	1131
ar.18.70077	1118
ar.18.70084	1103
ar.18.70091	1076
ar.18.70098	1066
ar.18.70105	1059
ar.18.70112	1037
ar.18.70119	1032
ar.18.70126	1029
ar.18.70133	1020
ar.19	858
ar.19.74007	1337
ar.19.74014	1329
ar.19.74021	1128
ar.19.74028	1296
ar.19.74035	1235
ar.19.74042	1223
ar.19.74049	1200
ar.19.74056	1381
ar.19.74063	1074
ar.20	857
ar.20.78007	1270
ar.20.78014	1265
ar.20.78021	1214
ar.20.78028	1195
ar.20.78035	1194
ar.20.78042	1172
ar.20.78049	1113
ar.21	856
ar.21.82007	1330
ar.21.82014	1304
ar.21.82021	1302
ar.21.82028	1276
ar.21.82035	1250
ar.21.82042	1238
ar.21.82049	968
ar.21.82056	1206
ar.21.82063	1197
ar.21.82070	1188
ar.21.82077	1153
ar.21.82084	1098
ar.21.82091	1084
ar.21.82098	894
ar.21.82105	1082
ar.21.82112	1081
ar.21.82119	1079
ar.21.82126	1075
ar.21.82133	1025
ar.22	855
ar.22.86007	1355
ar.22.86014	1353
ar.22.86021	1341
ar.22.86028	1339
ar.22.86035	1334
ar.22.86042	1331
ar.22.86049	1313
ar.22.86056	1275
ar.22.86063	1285
ar.22.86070	1256
ar.22.86077	1227
ar.22.86084	1217
ar.22.86091	1202
ar.22.86098	1164
ar.22.86105	1176
ar.22.86112	1159
ar.22.86119	1156
ar.22.86126	1147
ar.22.86133	1139
ar.22.86140	1124
ar.22.86147	1111
ar.22.86154	1105
ar.22.86161	1100
ar.22.86168	1094
ar.22.86175	1077
ar.22.86182	1060
ar.22.86189	1057
ar.23	854
ar.23.94007	1069
ar.23.94011	1399
ar.23.94014	1035
ar.23.94021	1388
ar.23.94028	1387
ar.24	853
ar.24.90007	1324
ar.24.90014	1269
ar.24.90021	1290
ar.24.90028	1258
ar.24.90035	1220
ar.24.90042	1377
ar.24.90049	1367
ar.24.90056	1184
ar.24.90063	1371
ar.24.90070	1157
ar.24.90077	1114
ar.24.90084	1314
ar.24.90091	1368
ar.24.90098	1366
ar.24.90105	1369
ar.24.90112	1045
ar.24.90119	1370
as.010	1402
as.010.5881191	1407
as.010.5881213	1408
as.010.5881281	1409
as.010.5881500	1412
as.010.7267973	1414
as.020	1403
as.020.7267965	1413
as.020.8181800	1415
as.020.8181801	1416
as.020.8181803	1417
as.020.8198683	1418
as.030	1404
as.040	1401
as.050	1400
as.050.5881074	1405
as.050.5881085	1406
as.050.5881380	1410
as.050.5881381	1411
at-1	1427
at-2	1426
at-3	1425
at-4	1424
at-5	1423
at-6	1422
at-7	1421
at-8	1420
at-9	1419
at.01	1427
at.01.101	1504
at.01.102	1457
at.01.103	1505
at.01.104	1495
at.01.105	1487
at.01.106	1470
at.01.107	1464
at.01.108	1463
at.01.109	1462
at.02	1426
at.02.201	1483
at.02.202	1440
at.02.203	1493
at.02.204	1484
at.02.205	1451
at.02.206	1447
at.02.207	1441
at.02.208	1437
at.02.209	1430
at.02.210	1515
at.03	1425
at.03.301	1480
at.03.302	1452
at.03.303	1516
at.03.304	1432
at.03.305	1514
at.03.306	1513
at.03.307	1509
at.03.308	1501
at.03.309	1500
at.03.310	1492
at.03.311	1491
at.03.312	1482
at.03.313	1481
at.03.314	1473
at.03.315	1469
at.03.316	1468
at.03.317	1467
at.03.318	1465
at.03.319	1453
at.03.320	1449
at.03.321	1443
at.03.322	1436
at.03.323	1433
at.03.325	1428
at.04	1424
at.04.401	1471
at.04.402	1445
at.04.403	1517
at.04.404	1511
at.04.405	1506
at.04.406	1502
at.04.407	1499
at.04.408	1496
at.04.409	1486
at.04.410	1472
at.04.411	1461
at.04.412	1459
at.04.413	1458
at.04.414	1450
at.04.415	1446
at.04.416	1442
at.04.417	1439
at.04.418	1434
at.05	1423
at.05.501	1456
at.05.502	1494
at.05.503	1455
at.05.504	1454
at.05.505	1444
at.05.506	1429
at.06	1422
at.06.601	1498
at.06.603	1508
at.06.606	1497
at.06.610	1477
at.06.611	1476
at.06.612	1474
at.06.614	1466
at.06.616	1438
at.06.617	1435
at.06.620	1518
at.06.621	1519
at.06.622	1520
at.06.623	1521
at.07	1421
at.07.701	1488
at.07.702	1490
at.07.703	1489
at.07.704	1485
at.07.705	1479
at.07.706	1478
at.07.707	1475
at.07.708	1460
at.07.709	1448
at.08	1420
at.08.801	1512
at.08.802	1510
at.08.803	1507
at.08.804	1503
at.09	1419
at.09.900	1431
au-act	1529
au-nsw	1528
au-nt	1524
au-qld	1527
au-sa	1523
au-tas	1526
au-vic	1525
au-wa	1522
au.01	1529
au.02	1528
au.02.10050	1561
au.02.10130	2049
au.02.10250	1892
au.02.10300	1893
au.02.10470	1894
au.02.10500	2067
au.02.10550	1896
au.02.10600	1897
au.02.10650	1898
au.02.10750	1899
au.02.10800	1900
au.02.10850	1901
au.02.10900	1558
au.02.10950	1902
au.02.11150	1903
au.02.11200	1904
au.02.11250	1557
au.02.11300	1905
au.02.11350	1556
au.02.11400	1906
au.02.11450	1907
au.02.11500	1555
au.02.11520	1908
au.02.11570	2059
au.02.11600	1909
au.02.11650	2060
au.02.11700	1910
au.02.11720	1911
au.02.11730	1912
au.02.11750	1913
au.02.11800	1914
au.02.12000	1915
au.02.12150	1916
au.02.12350	1917
au.02.12380	2061
au.02.12700	1575
au.02.12730	2062
au.02.12750	1576
au.02.12850	1577
au.02.12870	2063
au.02.12900	1578
au.02.12930	2064
au.02.12950	1579
au.02.13010	1580
au.02.13310	1581
au.02.13340	1582
au.02.13450	1918
au.02.13510	1919
au.02.13550	1920
au.02.13660	1921
au.02.13800	1922
au.02.13850	1923
au.02.13910	2053
au.02.14000	1553
au.02.14100	1924
au.02.14170	2054
au.02.14200	1925
au.02.14300	1926
au.02.14350	1927
au.02.14400	1928
au.02.14500	1929
au.02.14550	1930
au.02.14600	1931
au.02.14650	1552
au.02.14700	1932
au.02.14750	1933
au.02.14850	1551
au.02.14870	1934
au.02.14900	1935
au.02.14920	1936
au.02.14950	1937
au.02.15050	1550
au.02.15240	2055
au.02.15270	1938
au.02.15300	1939
au.02.15350	1940
au.02.15520	2056
au.02.15560	2057
au.02.15650	1941
au.02.15700	1548
au.02.15750	1942
au.02.15800	1943
au.02.15850	1944
au.02.15900	1945
au.02.15950	1946
au.02.15990	2058
au.02.16100	1947
au.02.16150	1547
au.02.16200	1948
au.02.16260	1949
au.02.16350	1546
au.02.16380	1950
au.02.16400	1545
au.02.16490	2044
au.02.16550	1544
au.02.16610	1951
au.02.16700	1952
au.02.16900	1953
au.02.16950	1543
au.02.17000	1954
au.02.17040	2041
au.02.17080	2050
au.02.17100	1955
au.02.17150	1956
au.02.17200	1562
au.02.17310	1542
au.02.17350	1541
au.02.17400	1540
au.02.17420	1895
au.02.17550	1583
au.02.17620	1584
au.02.17640	1957
au.02.17650	1958
au.02.17750	1959
au.02.17850	1960
au.02.17900	1961
au.02.17950	1539
au.02.18020	1962
au.02.18050	1963
au.02.18100	1964
au.02.18200	1965
au.02.18230	2051
au.02.18250	1966
au.02.18350	1967
au.02.18400	1968
au.02.18450	1969
au.02.18500	1970
au.02.18710	1971
au.03	1524
au.03.70200	1889
au.03.70420	1890
au.03.70540	1588
au.03.70620	1891
au.03.70700	1589
au.03.71000	1614
au.03.71150	2068
au.03.71300	1615
au.03.71700	2069
au.03.72200	1616
au.03.72300	1617
au.03.72330	1618
au.03.72800	1619
au.03.73600	1620
au.03.74050	1621
au.03.74550	1622
au.03.74560	1623
au.03.74660	1624
au.03.74680	2066
au.04	1527
au.04.30250	1767
au.04.30300	1559
au.04.30370	1768
au.04.30410	1769
au.04.30450	1770
au.04.30760	1771
au.04.30900	1772
au.04.31000	1773
au.04.31750	1774
au.04.31820	1775
au.04.31900	1776
au.04.31950	1777
au.04.32080	1778
au.04.32250	1779
au.04.32260	1567
au.04.32270	1780
au.04.32310	1781
au.04.32330	1782
au.04.32450	1783
au.04.32500	1784
au.04.32600	1785
au.04.32750	1786
au.04.32770	1787
au.04.32810	2042
au.04.33100	1788
au.04.33200	1789
au.04.33220	1790
au.04.33360	1791
au.04.33430	1792
au.04.33610	1793
au.04.33620	1794
au.04.33800	1795
au.04.33830	1796
au.04.33960	1797
au.04.33980	1798
au.04.34420	1799
au.04.34530	2065
au.04.34570	1800
au.04.34580	1801
au.04.34590	1802
au.04.34710	1803
au.04.34770	1804
au.04.34800	1805
au.04.34830	1806
au.04.34860	1563
au.04.34880	2045
au.04.35010	1590
au.04.35250	1591
au.04.35300	1592
au.04.35600	1593
au.04.35670	1594
au.04.35740	2046
au.04.35760	1595
au.04.35780	1596
au.04.35790	1597
au.04.35800	1598
au.04.36070	1599
au.04.36150	1600
au.04.36250	1601
au.04.36300	1602
au.04.36370	2047
au.04.36510	1603
au.04.36580	1604
au.04.36630	1605
au.04.36660	1606
au.04.36720	1607
au.04.36820	2048
au.04.36910	1608
au.04.36950	1609
au.04.36960	1610
au.04.37010	1611
au.04.37300	1612
au.04.37310	1613
au.04.37340	1625
au.04.37400	1626
au.04.37550	1627
au.04.37570	1628
au.04.37600	1629
au.05	1523
au.05.40070	1852
au.05.40120	1853
au.05.40220	1854
au.05.40250	1855
au.05.40310	1856
au.05.40430	1857
au.05.40520	1858
au.05.40700	1536
au.05.40910	1859
au.05.41010	1860
au.05.41060	1861
au.05.41140	1862
au.05.41190	1863
au.05.41330	1630
au.05.41560	1864
au.05.41750	1631
au.05.41830	1632
au.05.41960	1633
au.05.42030	1634
au.05.42110	1635
au.05.42250	1636
au.05.42600	1637
au.05.42750	1638
au.05.43080	1639
au.05.43220	1640
au.05.43360	1641
au.05.43650	1643
au.05.43710	1644
au.05.43790	1645
au.05.43920	1646
au.05.44000	1647
au.05.44060	1648
au.05.44210	1649
au.05.44340	1650
au.05.44550	1651
au.05.44620	1652
au.05.44830	1653
au.05.45040	1654
au.05.45090	1655
au.05.45120	1656
au.05.45290	1657
au.05.45340	1658
au.05.45400	1659
au.05.45540	1660
au.05.45680	1661
au.05.45890	1662
au.05.46090	1663
au.05.46300	1664
au.05.46450	1665
au.05.46510	1666
au.05.46670	1667
au.05.46860	1668
au.05.46970	1669
au.05.47140	1670
au.05.47290	1671
au.05.47490	1672
au.05.47630	1673
au.05.47700	1674
au.05.47800	1675
au.05.47910	1676
au.05.47980	1677
au.05.48050	1678
au.05.48130	1679
au.05.48260	1680
au.05.48340	1681
au.05.48410	1530
au.05.48540	1682
au.05.48640	1642
au.05.48750	1683
au.05.48830	1684
au.06	1526
au.06.60210	1873
au.06.60410	1568
au.06.60610	1569
au.06.60810	1570
au.06.61010	1571
au.06.61210	1572
au.06.61410	1573
au.06.61510	1574
au.06.61610	1874
au.06.61810	1875
au.06.62010	1876
au.06.62210	1877
au.06.62410	1878
au.06.62610	1879
au.06.62810	1880
au.06.63010	1881
au.06.63210	1882
au.06.63410	1883
au.06.63610	1884
au.06.63810	1885
au.06.64010	1886
au.06.64210	1887
au.06.64610	1888
au.06.64810	2038
au.06.65010	2039
au.06.65210	2040
au.06.65410	1585
au.06.65610	1586
au.06.65810	1587
au.07	1525
au.07.20110	1736
au.07.20260	1737
au.07.20570	1560
au.07.20660	1738
au.07.20740	1739
au.07.20830	1740
au.07.20910	1741
au.07.21010	1742
au.07.21110	1743
au.07.21180	1744
au.07.21270	1745
au.07.21370	1746
au.07.21450	1747
au.07.21610	1748
au.07.21670	1749
au.07.21750	1750
au.07.21830	1751
au.07.21890	1554
au.07.22110	1752
au.07.22170	1753
au.07.22250	1754
au.07.22310	1755
au.07.22410	1756
au.07.22490	1757
au.07.22620	1758
au.07.22670	1759
au.07.22750	1760
au.07.22830	1761
au.07.22910	1762
au.07.22980	1763
au.07.23110	1764
au.07.23190	1765
au.07.23270	1766
au.07.23350	1972
au.07.23430	1973
au.07.23670	1974
au.07.23810	1975
au.07.23940	1976
au.07.24130	1977
au.07.24210	1978
au.07.24250	1979
au.07.24330	1980
au.07.24410	1981
au.07.24600	1982
au.07.24650	1983
au.07.24780	1549
au.07.24850	1984
au.07.24900	1985
au.07.24970	1986
au.07.25060	1987
au.07.25150	1988
au.07.25250	1989
au.07.25340	1990
au.07.25430	1991
au.07.25490	1992
au.07.25620	1993
au.07.25710	1994
au.07.25810	1995
au.07.25900	1996
au.07.25990	1997
au.07.26080	1998
au.07.26170	1999
au.07.26260	2000
au.07.26350	2001
au.07.26430	2002
au.07.26490	2003
au.07.26610	2004
au.07.26670	2005
au.07.26700	2006
au.07.26730	2007
au.07.26810	2008
au.07.26890	2009
au.07.26980	2010
au.07.27070	2011
au.07.27170	2012
au.07.27260	2013
au.07.27350	1538
au.07.27450	2014
au.07.27630	2015
au.08	1522
au.08.50080	1865
au.08.50210	1866
au.08.50250	1867
au.08.50280	1537
au.08.50350	1868
au.08.50420	1869
au.08.50490	1870
au.08.50560	1871
au.08.50630	1872
au.08.50770	1685
au.08.50840	1686
au.08.50910	1687
au.08.50980	1564
au.08.51080	1565
au.08.51120	1566
au.08.51190	1688
au.08.51260	1689
au.08.51310	1690
au.08.51330	1691
au.08.51400	1692
au.08.51470	1693
au.08.51540	1694
au.08.51610	1695
au.08.51680	1696
au.08.51750	1697
au.08.51820	1698
au.08.51890	1699
au.08.51960	1700
au.08.52030	1701
au.08.52100	1702
au.08.52170	1703
au.08.52240	1704
au.08.52310	1705
au.08.52380	1706
au.08.52450	1707
au.08.52520	1708
au.08.52590	1709
au.08.52660	1710
au.08.52730	1711
au.08.52800	1712
au.08.52870	1713
au.08.52940	1714
au.08.53010	1535
au.08.53080	1715
au.08.53150	1716
au.08.53220	1717
au.08.53290	1534
au.08.53360	1718
au.08.53430	1719
au.08.53570	1720
au.08.53640	1721
au.08.53710	1722
au.08.53780	1723
au.08.53800	2052
au.08.53920	1724
au.08.53990	1725
au.08.54060	1726
au.08.54130	1727
au.08.54170	1728
au.08.54200	1729
au.08.54280	1730
au.08.54310	2043
au.08.54340	1731
au.08.54410	1732
au.08.54480	1533
au.08.54550	1733
au.08.54620	1734
au.08.54690	1735
au.08.54760	1807
au.08.54830	1808
au.08.54900	1809
au.08.54970	1810
au.08.55040	1811
au.08.55110	1812
au.08.55180	1813
au.08.55250	1814
au.08.55320	1815
au.08.55390	1816
au.08.55460	1817
au.08.55530	1818
au.08.55600	1819
au.08.55670	1820
au.08.55740	1821
au.08.55810	1822
au.08.55880	1823
au.08.55950	1824
au.08.56090	1825
au.08.56160	1826
au.08.56230	1827
au.08.56300	1828
au.08.56370	1829
au.08.56460	1830
au.08.56580	1831
au.08.56620	1832
au.08.56730	1833
au.08.56790	1834
au.08.56860	1835
au.08.56930	1836
au.08.57000	1837
au.08.57080	1532
au.08.57140	1838
au.08.57210	1531
au.08.57280	1839
au.08.57350	1840
au.08.57420	1841
au.08.57490	1842
au.08.57630	1843
au.08.57700	1844
au.08.57770	1845
au.08.57840	1846
au.08.57910	1847
au.08.57980	1848
au.08.58050	1849
au.08.58190	1850
au.08.58260	1851
au.08.58330	2016
au.08.58400	2017
au.08.58470	2018
au.08.58510	2019
au.08.58540	2020
au.08.58570	2021
au.08.58610	2022
au.08.58680	2023
au.08.58760	2024
au.08.58820	2025
au.08.58890	2026
au.08.59030	2027
au.08.59100	2028
au.08.59170	2029
au.08.59250	2030
au.08.59310	2031
au.08.59320	2032
au.08.59330	2033
au.08.59340	2034
au.08.59350	2035
au.08.59360	2036
au.08.59370	2037
ax.211	2070
ax.211.478	2083
ax.212	2071
ax.212.043	2088
ax.212.060	2087
ax.212.065	2086
ax.212.076	2085
ax.212.170	2084
ax.212.417	2078
ax.212.438	2077
ax.212.736	2076
ax.212.771	2074
ax.213	2072
ax.213.035	2082
ax.213.062	2081
ax.213.295	2079
ax.213.318	2080
ax.213.766	2075
ax.213.941	2073
az-abs	2144
az-aga	2148
az-agc	2110
az-agm	2111
az-ags	2146
az-agu	2145
az-ast	2108
az-ba	2143
az-bab	2176
az-bal	2141
az-bar	2142
az-bey	2089
az-bil	2096
az-cab	2106
az-cal	2107
az-cul	2163
az-das	2140
az-fuz	2105
az-ga	2149
az-gad	2147
az-gor	2135
az-goy	2138
az-gyg	2131
az-hac	2159
az-imi	2104
az-ism	2137
az-kal	2133
az-kan	2178
az-kur	2127
az-la	2113
az-lac	2102
az-lan	2101
az-ler	2100
az-mas	2099
az-mi	2150
az-na	2151
az-nef	2097
az-nv	2179
az-nx	2098
az-ogu	2121
az-ord	2161
az-qab	2128
az-qax	2136
az-qaz	2134
az-qba	2130
az-qbi	2103
az-qob	2152
az-qus	2129
az-sa	2154
az-sab	2094
az-sad	2165
az-sah	2160
az-sak	2125
az-sal	2093
az-sar	2162
az-sat	2095
az-sbn	2139
az-siy	2155
az-skr	2126
az-sm	2156
az-smi	2124
az-smx	2153
az-sr	2112
az-sus	2092
az-tar	2115
az-tov	2123
az-uca	2122
az-xa	2116
az-xac	2132
az-xci	2109
az-xiz	2157
az-xvd	2117
az-yar	2091
az-ye	2158
az-yev	2120
az-zan	2090
az-zaq	2119
az-zar	2118
az.01	2144
az.01.585638	2172
az.01.585882	2173
az.02	2110
az.03	2111
az.04	2146
az.05	2148
az.06	2145
az.07	2112
az.08	2108
az.09	2143
az.09.585039	2167
az.09.585320	2168
az.09.585328	2169
az.09.585358	2170
az.09.586209	2174
az.09.586342	2175
az.09.7669203	2177
az.09.8572651	2180
az.10	2141
az.11	2142
az.12	2089
az.13	2096
az.14	2106
az.15	2107
az.16	2140
az.17	2139
az.18	2105
az.19	2147
az.20	2149
az.21	2135
az.21.585038	2166
az.22	2138
az.23	2159
az.24	2104
az.25	2137
az.26	2133
az.27	2127
az.28	2102
az.29	2101
az.30	2113
az.31	2100
az.32	2099
az.33	2150
az.34	2151
az.35	2098
az.35.147212	2160
az.35.147365	2161
az.35.147997	2162
az.35.148132	2163
az.35.148412	2164
az.35.409387	2165
az.35.7669114	2176
az.35.8014931	2178
az.35.8411069	2179
az.36	2097
az.37	2121
az.38	2128
az.39	2136
az.40	2134
az.41	2152
az.42	2130
az.43	2103
az.44	2129
az.45	2095
az.46	2094
az.47	2125
az.48	2154
az.49	2093
az.50	2124
az.51	2126
az.52	2153
az.53	2155
az.54	2156
az.55	2092
az.56	2114
az.57	2115
az.57.585509	2171
az.58	2123
az.59	2122
az.60	2132
az.61	2116
az.62	2131
az.63	2157
az.64	2109
az.65	2117
az.66	2091
az.67	2120
az.68	2158
az.69	2090
az.70	2119
az.71	2118
ba-bih	2181
ba-brc	2183
ba-srp	2182
ba.01	2181
ba.01.3343704	2186
ba.01.3343706	2187
ba.01.3343716	2188
ba.01.3343722	2189
ba.01.3343726	2190
ba.01.3343731	2191
ba.01.3343733	2192
ba.01.3343736	2193
ba.01.3343737	2194
ba.01.3343740	2195
ba.02	2182
ba.02.11169977	2200
ba.02.11170599	2201
ba.02.3294911	2184
ba.02.3294915	2185
ba.02.3344087	2196
ba.02.3344090	2197
ba.02.3344099	2198
ba.02.3344119	2199
ba.brc	2183
bb-01	2212
bb-02	2211
bb-03	2210
bb-04	2209
bb-05	2208
bb-06	2207
bb-07	2206
bb-08	2205
bb-09	2204
bb-10	2203
bb-11	2202
bb.01	2212
bb.02	2211
bb.03	2210
bb.04	2209
bb.05	2208
bb.06	2207
bb.07	2206
bb.08	2205
bb.09	2204
bb.10	2203
bb.11	2202
bd-01	2267
bd-02	2281
bd-03	2233
bd-04	2259
bd-05	2275
bd-06	2222
bd-07	2279
bd-08	2260
bd-09	2261
bd-10	2266
bd-11	2268
bd-12	2271
bd-13	2247
bd-14	2225
bd-15	2249
bd-16	2264
bd-17	2252
bd-18	2244
bd-19	2230
bd-20	2258
bd-21	2241
bd-22	2273
bd-23	2270
bd-24	2232
bd-25	2278
bd-26	2245
bd-27	2276
bd-28	2228
bd-29	2265
bd-30	2221
bd-31	2262
bd-32	2227
bd-33	2282
bd-34	2242
bd-35	2251
bd-36	2254
bd-37	2272
bd-38	2257
bd-39	2269
bd-40	2250
bd-41	2240
bd-42	2246
bd-43	2274
bd-44	2236
bd-45	2234
bd-46	2226
bd-47	2263
bd-48	2231
bd-49	2238
bd-50	2283
bd-51	2280
bd-52	2223
bd-53	2248
bd-54	2235
bd-55	2229
bd-56	2284
bd-57	2239
bd-58	2277
bd-59	2237
bd-60	2256
bd-61	2255
bd-62	2253
bd-63	2243
bd-64	2224
bd-a	2217
bd-b	2215
bd-c	2214
bd-d	2216
bd-e	2213
bd-f	2219
bd-g	2218
bd-h	2220
bd.81	2214
bd.81.3026	2247
bd.81.3029	2249
bd.81.3033	2244
bd.81.3035	2252
bd.81.3048	2245
bd.81.3054	2254
bd.81.3056	2282
bd.81.3059	2251
bd.81.3067	2250
bd.81.3068	2246
bd.81.3082	2248
bd.81.3086	2253
bd.81.3093	2243
bd.82	2216
bd.82.4001	2275
bd.82.4018	2271
bd.82.4041	2273
bd.82.4044	2270
bd.82.4047	2276
bd.82.4050	2221
bd.82.4055	2272
bd.82.4057	2269
bd.82.4065	2274
bd.82.4087	2277
bd.83	2213
bd.83.5010	2233
bd.83.5038	2232
bd.83.5064	2231
bd.83.5069	2236
bd.83.5070	2234
bd.83.5076	2238
bd.83.5081	2235
bd.83.5088	2237
bd.84	2215
bd.84.2003	2267
bd.84.2012	2259
bd.84.2013	2261
bd.84.2015	2266
bd.84.2019	2260
bd.84.2022	2268
bd.84.2030	2264
bd.84.2046	2265
bd.84.2051	2262
bd.84.2075	2263
bd.84.2084	2284
bd.85	2217
bd.85.1004	2281
bd.85.1006	2222
bd.85.1009	2279
bd.85.1042	2278
bd.85.1078	2280
bd.85.1079	2283
bd.86	2218
bd.86.6036	2258
bd.86.6058	2257
bd.86.6090	2255
bd.86.6091	2256
bd.87	2219
bd.87.5527	2225
bd.87.5532	2230
bd.87.5549	2228
bd.87.5552	2227
bd.87.5573	2226
bd.87.5577	2223
bd.87.5585	2229
bd.87.5594	2224
bd.h	2220
bd.h.3039	2241
bd.h.3061	2242
bd.h.3072	2240
bd.h.3089	2239
be-bru	2285
be-van	2295
be-vbr	2296
be-vlg	2287
be-vli	2292
be-vov	2289
be-vwv	2288
be-wal	2286
be-wbr	2297
be-wht	2294
be-wlg	2293
be-wlx	2291
be-wna	2290
be.bru	2285
be.bru.bru	2298
be.vlg	2287
be.vlg.van	2295
be.vlg.vbr	2296
be.vlg.vli	2292
be.vlg.vov	2289
be.vlg.vwv	2288
be.wal	2286
be.wal.wbr	2297
be.wal.wht	2294
be.wal.wlg	2293
be.wal.wlx	2291
be.wal.wna	2290
bf-01	2299
bf-02	2300
bf-03	2301
bf-04	2302
bf-05	2303
bf-06	2304
bf-07	2305
bf-08	2306
bf-09	2307
bf-10	2308
bf-11	2309
bf-12	2310
bf-13	2311
bf-bal	2342
bf-bam	2341
bf-ban	2343
bf-baz	2340
bf-bgr	2339
bf-blg	2338
bf-blk	2337
bf-com	2330
bf-gan	2336
bf-gna	2335
bf-gou	2334
bf-hou	2333
bf-iob	2344
bf-kad	2332
bf-ken	2331
bf-kmd	2345
bf-kmp	2346
bf-kop	2347
bf-kos	2329
bf-kot	2328
bf-kow	2348
bf-ler	2349
bf-lor	2350
bf-mou	2327
bf-nam	2326
bf-nao	2325
bf-nay	2351
bf-nou	2352
bf-oub	2324
bf-oud	2323
bf-pas	2322
bf-pon	2321
bf-sen	2318
bf-sis	2317
bf-smt	2319
bf-sng	2320
bf-som	2316
bf-sor	2315
bf-tap	2314
bf-tui	2353
bf-yag	2354
bf-yat	2313
bf-zir	2355
bf-zon	2356
bf-zou	2312
bf.01	2299
bf.01.45	2342
bf.01.46	2343
bf.01.58	2329
bf.01.63	2327
bf.01.66	2351
bf.01.73	2315
bf.02	2300
bf.02.55	2330
bf.02.61	2349
bf.03	2301
bf.03.53	2332
bf.04	2302
bf.04.28	2328
bf.04.49	2338
bf.04.59	2347
bf.05	2303
bf.05.15	2341
bf.05.64	2326
bf.05.70	2319
bf.06	2304
bf.06.19	2337
bf.06.36	2320
bf.06.72	2317
bf.06.77	2355
bf.07	2305
bf.07.44	2312
bf.07.47	2340
bf.07.65	2325
bf.08	2306
bf.08.21	2335
bf.08.42	2314
bf.08.50	2334
bf.08.56	2345
bf.08.57	2346
bf.09	2307
bf.09.51	2333
bf.09.54	2331
bf.09.74	2353
bf.10	2308
bf.10.34	2322
bf.10.62	2350
bf.10.76	2313
bf.10.78	2356
bf.11	2309
bf.11.20	2336
bf.11.60	2348
bf.11.68	2324
bf.12	2310
bf.12.33	2323
bf.12.40	2316
bf.12.71	2318
bf.12.75	2354
bf.13	2311
bf.13.48	2339
bf.13.52	2344
bf.13.67	2352
bf.13.69	2321
bg-01	2372
bg-02	2371
bg-03	2360
bg-04	2382
bg-05	2383
bg-06	2359
bg-07	2373
bg-08	2361
bg-09	2374
bg-10	2375
bg-11	2368
bg-12	2358
bg-13	2367
bg-14	2366
bg-15	2365
bg-16	2364
bg-17	2357
bg-18	2363
bg-19	2377
bg-20	2378
bg-21	2379
bg-22	2370
bg-23	2362
bg-24	2380
bg-25	2381
bg-26	2369
bg-27	2376
bg-28	2384
bg.38	2372
bg.38.blg01	2619
bg.38.blg02	2616
bg.38.blg03	2611
bg.38.blg11	2557
bg.38.blg13	2551
bg.38.blg28	2523
bg.38.blg33	2475
bg.38.blg37	2460
bg.38.blg40	2450
bg.38.blg42	2448
bg.38.blg44	2441
bg.38.blg49	2426
bg.38.blg52	2537
bg.38.blg53	2390
bg.39	2371
bg.39.bgs01	2622
bg.39.bgs04	2594
bg.39.bgs06	2555
bg.39.bgs08	2545
bg.39.bgs09	2542
bg.39.bgs12	2503
bg.39.bgs13	2500
bg.39.bgs15	2493
bg.39.bgs17	2471
bg.39.bgs18	2456
bg.39.bgs21	2434
bg.39.bgs23	2423
bg.39.bgs27	2630
bg.40	2361
bg.40.dob03	2621
bg.40.dob12	2564
bg.40.dob15	2631
bg.40.dob17	2540
bg.40.dob20	2520
bg.40.dob27	2417
bg.40.dob28	2415
bg.40.dob29	2445
bg.41	2373
bg.41.gab05	2566
bg.41.gab12	2575
bg.41.gab29	2446
bg.41.gab35	2410
bg.42	2370
bg.42.sof46	2649
bg.43	2369
bg.43.hkv09	2582
bg.43.hkv11	2547
bg.43.hkv17	2506
bg.43.hkv18	2645
bg.43.hkv19	2498
bg.43.hkv28	2420
bg.43.hkv29	2442
bg.43.hkv30	2432
bg.43.hkv32	2414
bg.43.hkv33	2536
bg.43.hkv34	2535
bg.44	2374
bg.44.krz02	2625
bg.44.krz08	2571
bg.44.krz14	2532
bg.44.krz15	2521
bg.44.krz16	2517
bg.44.krz21	2496
bg.44.krz35	2589
bg.45	2375
bg.45.knl04	2609
bg.45.knl05	2610
bg.45.knl27	2530
bg.45.knl29	2516
bg.45.knl31	2492
bg.45.knl38	2459
bg.45.knl41	2449
bg.45.knl48	2431
bg.45.knl50	2413
bg.46	2368
bg.46.lov02	2626
bg.46.lov17	2514
bg.46.lov18	2511
bg.46.lov19	2508
bg.46.lov33	2416
bg.46.lov34	2412
bg.46.lov36	2405
bg.46.lov38	2392
bg.47	2358
bg.47.mon02	2612
bg.47.mon04	2603
bg.47.mon07	2595
bg.47.mon11	2396
bg.47.mon12	2393
bg.47.mon14	2563
bg.47.mon24	2512
bg.47.mon26	2502
bg.47.mon29	2499
bg.47.mon36	2587
bg.47.mon38	2391
bg.48	2367
bg.48.paz03	2618
bg.48.paz04	2613
bg.48.paz06	2600
bg.48.paz08	2402
bg.48.paz14	2515
bg.48.paz19	2479
bg.48.paz20	2482
bg.48.paz21	2476
bg.48.paz24	2463
bg.48.paz29	2447
bg.48.paz32	2427
bg.48.paz39	2422
bg.49	2366
bg.49.per08	2597
bg.49.per19	2387
bg.49.per22	2525
bg.49.per32	2477
bg.49.per36	2464
bg.49.per51	2411
bg.50	2365
bg.50.pvn03	2617
bg.50.pvn08	2553
bg.50.pvn10	2579
bg.50.pvn11	2578
bg.50.pvn16	2513
bg.50.pvn21	2490
bg.50.pvn23	2478
bg.50.pvn24	2474
bg.50.pvn27	2469
bg.50.pvn37	2588
bg.50.pvn39	2531
bg.51	2364
bg.51.pdv01	2624
bg.51.pdv07	2596
bg.51.pdv12	2546
bg.51.pdv13	2543
bg.51.pdv15	2509
bg.51.pdv17	2637
bg.51.pdv22	2473
bg.51.pdv23	2466
bg.51.pdv25	2462
bg.51.pdv26	2633
bg.51.pdv28	2453
bg.51.pdv33	2425
bg.51.pdv37	2534
bg.51.pdv39	2635
bg.51.pdv40	2634
bg.51.pdv41	2636
bg.51.pdv42	2648
bg.51.pdv43	2647
bg.52	2357
bg.52.raz11	2388
bg.52.raz14	2549
bg.52.raz16	2519
bg.52.raz17	2510
bg.52.raz26	2461
bg.52.raz29	2451
bg.52.raz36	2533
bg.53	2363
bg.53.rse03	2605
bg.53.rse04	2593
bg.53.rse05	2400
bg.53.rse08	2572
bg.53.rse13	2548
bg.53.rse27	2455
bg.53.rse33	2437
bg.53.rse37	2409
bg.54	2376
bg.54.shu07	2401
bg.54.shu10	2394
bg.54.shu11	2565
bg.54.shu18	2544
bg.54.shu19	2541
bg.54.shu21	2491
bg.54.shu22	2488
bg.54.shu23	2468
bg.54.shu25	2435
bg.54.shu30	2444
bg.55	2377
bg.55.sls01	2628
bg.55.sls07	2561
bg.55.sls10	2573
bg.55.sls15	2539
bg.55.sls31	2443
bg.55.sls32	2440
bg.55.sls34	2407
bg.56	2378
bg.56.slv11	2526
bg.56.slv16	2489
bg.56.slv20	2439
bg.56.slv24	2406
bg.57	2379
bg.57.sml02	2620
bg.57.sml05	2607
bg.57.sml09	2584
bg.57.sml10	2577
bg.57.sml11	2385
bg.57.sml16	2505
bg.57.sml18	2494
bg.57.sml27	2457
bg.57.sml31	2436
bg.57.sml38	2590
bg.58	2362
bg.58.sfo06	2601
bg.58.sfo07	2604
bg.58.sfo09	2560
bg.58.sfo10	2559
bg.58.sfo16	2576
bg.58.sfo17	2569
bg.58.sfo18	2567
bg.58.sfo20	2550
bg.58.sfo24	2529
bg.58.sfo25	2528
bg.58.sfo26	2527
bg.58.sfo34	2643
bg.58.sfo39	2452
bg.58.sfo43	2418
bg.58.sfo45	2438
bg.58.sfo47	2433
bg.58.sfo54	2642
bg.58.sfo55	2641
bg.58.sfo56	2638
bg.58.sfo57	2639
bg.58.sfo58	2640
bg.58.sfo59	2580
bg.59	2380
bg.59.szr04	2599
bg.59.szr07	2554
bg.59.szr12	2538
bg.59.szr22	2495
bg.59.szr23	2484
bg.59.szr24	2481
bg.59.szr27	2465
bg.59.szr31	2430
bg.59.szr36	2586
bg.59.szr37	2552
bg.59.szr38	2644
bg.60	2381
bg.60.tgv02	2627
bg.60.tgv22	2486
bg.60.tgv23	2485
bg.60.tgv24	2470
bg.60.tgv35	2408
bg.61	2360
bg.61.var01	2623
bg.61.var02	2629
bg.61.var04	2614
bg.61.var05	2592
bg.61.var06	2404
bg.61.var08	2399
bg.61.var09	2395
bg.61.var13	2562
bg.61.var14	2583
bg.61.var16	2574
bg.61.var24	2467
bg.61.var26	2421
bg.62	2382
bg.62.vtr04	2403
bg.62.vtr06	2558
bg.62.vtr13	2570
bg.62.vtr14	2386
bg.62.vtr20	2507
bg.62.vtr22	2480
bg.62.vtr26	2472
bg.62.vtr28	2419
bg.62.vtr31	2428
bg.62.vtr32	2424
bg.63	2383
bg.63.vid01	2615
bg.63.vid03	2602
bg.63.vid06	2598
bg.63.vid09	2398
bg.63.vid15	2556
bg.63.vid16	2581
bg.63.vid22	2518
bg.63.vid25	2504
bg.63.vid30	2487
bg.63.vid33	2454
bg.63.vid37	2585
bg.64	2359
bg.64.vrc05	2606
bg.64.vrc08	2591
bg.64.vrc10	2397
bg.64.vrc20	2524
bg.64.vrc21	2522
bg.64.vrc27	2501
bg.64.vrc28	2497
bg.64.vrc31	2483
bg.64.vrc32	2458
bg.64.vrc35	2632
bg.65	2384
bg.65.jam03	2608
bg.65.jam07	2568
bg.65.jam22	2429
bg.65.jam25	2646
bg.65.jam26	2389
bh-13	2651
bh-14	2652
bh-15	2650
bh-17	2653
bh.15	2650
bh.16	2651
bh.17	2652
bh.19	2653
bi-bb	2660
bi-bl	2668
bi-bm	2667
bi-br	2655
bi-ca	2659
bi-ci	2661
bi-gi	2657
bi-ki	2665
bi-kr	2670
bi-ky	2663
bi-ma	2654
bi-mu	2656
bi-mw	2671
bi-my	2664
bi-ng	2662
bi-rm	2669
bi-rt	2666
bi-ry	2658
bi.09	2660
bi.09.7670587	2673
bi.09.8303259	2710
bi.09.9072887	2716
bi.09.9072888	2717
bi.09.9171822	2745
bi.10	2655
bi.10.7670605	2691
bi.10.9157454	2723
bi.10.9171804	2727
bi.10.9171811	2734
bi.10.9171812	2735
bi.10.9171840	2758
bi.11	2659
bi.11.7670593	2679
bi.11.9072894	2722
bi.11.9171816	2739
bi.11.9171834	2755
bi.11.9171837	2757
bi.12	2661
bi.12.7670588	2674
bi.12.7670604	2690
bi.12.7670607	2693
bi.12.7670613	2698
bi.12.8334579	2711
bi.12.9072889	2718
bi.13	2657
bi.13.424739	2672
bi.13.7670589	2675
bi.13.7670596	2682
bi.13.7670597	2683
bi.13.7670601	2687
bi.13.7670610	2696
bi.13.7670611	2697
bi.13.7670823	2705
bi.13.7670931	2706
bi.13.7670933	2707
bi.13.7874080	2709
bi.13.8692994	2713
bi.13.9171802	2725
bi.13.9171813	2736
bi.13.9171814	2737
bi.13.9171842	2760
bi.13.9171843	2761
bi.13.9171845	2763
bi.13.9171852	2767
bi.13.9171861	2772
bi.13.9171866	2774
bi.13.9171872	2778
bi.13.9171878	2780
bi.13.9171879	2781
bi.15	2663
bi.15.7670599	2685
bi.15.7670600	2686
bi.15.7732510	2708
bi.15.8692984	2712
bi.15.9072885	2714
bi.15.9171817	2740
bi.15.9171830	2751
bi.15.9171831	2752
bi.15.9171868	2776
bi.16	2665
bi.16.7670591	2677
bi.16.7670618	2703
bi.16.9072886	2715
bi.16.9072890	2719
bi.16.9171827	2749
bi.16.9171870	2777
bi.16.9171886	2784
bi.17	2654
bi.17.7670603	2689
bi.17.9072891	2720
bi.17.9171810	2733
bi.17.9171820	2743
bi.17.9171823	2746
bi.17.9171854	2768
bi.18	2664
bi.18.7670595	2681
bi.18.7670598	2684
bi.18.7670609	2695
bi.18.9171829	2750
bi.18.9171832	2753
bi.18.9171882	2782
bi.18.9171884	2783
bi.19	2662
bi.19.7670590	2676
bi.19.7670594	2680
bi.19.7670614	2699
bi.19.7670617	2702
bi.19.7670822	2704
bi.19.9171858	2770
bi.19.9171863	2773
bi.19.9171867	2775
bi.19.9171874	2779
bi.20	2666
bi.20.9072892	2721
bi.20.9171819	2742
bi.20.9171833	2754
bi.20.9171836	2756
bi.20.9171847	2764
bi.20.9171849	2765
bi.21	2658
bi.21.11819937	2787
bi.21.7670616	2701
bi.21.9171841	2759
bi.21.9171844	2762
bi.21.9171851	2766
bi.21.9171856	2769
bi.21.9171859	2771
bi.22	2656
bi.22.7670602	2688
bi.22.7670615	2700
bi.22.9171818	2741
bi.22.9171826	2748
bi.22.9179822	2785
bi.24	2667
bi.24.12237756	2788
bi.24.12237757	2789
bi.24.12237758	2790
bi.25	2668
bi.25.7670608	2694
bi.25.9171805	2728
bi.25.9171806	2729
bi.25.9171807	2730
bi.25.9171808	2731
bi.25.9171809	2732
bi.25.9171815	2738
bi.25.9171821	2744
bi.25.9171825	2747
bi.26	2669
bi.26.7670592	2678
bi.26.7670606	2692
bi.26.9158023	2724
bi.26.9171803	2726
bi.26.9881326	2786
bj-ak	2796
bj-al	2797
bj-aq	2795
bj-bo	2794
bj-co	2798
bj-do	2800
bj-ko	2799
bj-li	2801
bj-mo	2793
bj-ou	2792
bj-pl	2802
bj-zo	2791
bj.07	2797
bj.07.10344468	2872
bj.07.10344469	2873
bj.07.7668935	2818
bj.07.7874155	2841
bj.07.7874170	2846
bj.07.7911056	2847
bj.08	2796
bj.08.10344466	2870
bj.08.10344467	2871
bj.08.7668910	2810
bj.08.7668916	2811
bj.08.7668918	2812
bj.08.7669273	2830
bj.08.7874156	2842
bj.08.7874157	2843
bj.08.7874158	2844
bj.09	2795
bj.09.7668936	2819
bj.09.7668937	2820
bj.09.7668938	2821
bj.09.7874152	2839
bj.09.7874154	2840
bj.09.8260655	2856
bj.09.8260656	2857
bj.09.8260657	2858
bj.10	2794
bj.10.7669265	2826
bj.10.7669268	2827
bj.10.7669269	2828
bj.10.7669270	2829
bj.10.7669349	2832
bj.10.7669352	2833
bj.10.7669355	2834
bj.10.7669357	2835
bj.11	2798
bj.11.7874167	2845
bj.11.8260647	2848
bj.11.8260648	2849
bj.11.8260649	2850
bj.11.8260650	2851
bj.11.8260651	2852
bj.12	2799
bj.12.10344472	2875
bj.12.10344473	2876
bj.12.10344474	2877
bj.12.10344475	2878
bj.12.10344476	2879
bj.12.2391090	2803
bj.13	2800
bj.13.10344470	2874
bj.13.7669263	2825
bj.13.7669275	2831
bj.13.8260658	2859
bj.14	2801
bj.14.7874113	2838
bj.15	2793
bj.15.7668924	2813
bj.15.7668926	2814
bj.15.8335018	2861
bj.15.8335019	2862
bj.15.9166075	2868
bj.15.9166076	2869
bj.16	2792
bj.16.7668892	2804
bj.16.7668898	2805
bj.16.7668900	2806
bj.16.7668939	2822
bj.16.7668940	2823
bj.16.7668941	2824
bj.16.8693304	2864
bj.16.9063965	2865
bj.16.9063966	2866
bj.17	2802
bj.17.7670840	2836
bj.17.7670841	2837
bj.17.8334580	2860
bj.17.8335162	2863
bj.17.9063970	2867
bj.18	2791
bj.18.7668907	2807
bj.18.7668908	2808
bj.18.7668909	2809
bj.18.7668931	2815
bj.18.7668932	2816
bj.18.7668934	2817
bj.18.8260652	2853
bj.18.8260653	2854
bj.18.8260654	2855
bm.01	2890
bm.02	2888
bm.03	2889
bm.04	2887
bm.05	2886
bm.06	2885
bm.07	2884
bm.08	2883
bm.09	2882
bm.10	2881
bm.11	2880
bn-be	2894
bn-bm	2893
bn-te	2892
bn-tu	2891
bn.01	2894
bn.01.13602676	2913
bn.01.13602680	2914
bn.01.13602684	2915
bn.01.13602694	2916
bn.01.13602696	2917
bn.01.13602697	2918
bn.01.13602704	2919
bn.01.13602705	2920
bn.02	2893
bn.02.11821300	2896
bn.02.11821301	2897
bn.02.11821302	2898
bn.02.11821303	2899
bn.02.11821304	2900
bn.02.11821305	2901
bn.02.11821306	2902
bn.02.11821307	2903
bn.02.11821309	2904
bn.02.11821310	2905
bn.02.11821313	2906
bn.02.11821315	2907
bn.02.11821317	2908
bn.02.11821318	2909
bn.02.11821319	2910
bn.02.11821320	2911
bn.02.11821322	2912
bn.02.13626465	2933
bn.02.13626526	2934
bn.03	2892
bn.03.13603165	2921
bn.03.13603174	2922
bn.03.13603197	2923
bn.03.13603198	2924
bn.03.13603207	2925
bn.04	2891
bn.04.10630196	2895
bn.04.13606570	2926
bn.04.13606571	2927
bn.04.13606572	2928
bn.04.13606584	2929
bn.04.13606590	2930
bn.04.13606591	2931
bn.04.13606598	2932
bo-b	2943
bo-c	2941
bo-h	2942
bo-l	2940
bo-n	2938
bo-o	2939
bo-p	2937
bo-s	2936
bo-t	2935
bo.01	2942
bo.01.0101	2974
bo.01.0102	3033
bo.01.0103	2946
bo.01.0104	2953
bo.01.0105	3007
bo.01.0106	2947
bo.01.0107	2980
bo.01.0108	3031
bo.01.0109	2959
bo.01.0110	2995
bo.02	2941
bo.02.0301	3024
bo.02.0302	3029
bo.02.0303	3034
bo.02.0304	3016
bo.02.0305	3041
bo.02.0306	3038
bo.02.0307	3028
bo.02.0308	3010
bo.02.0309	2968
bo.02.0310	3021
bo.02.0311	2956
bo.02.0312	3026
bo.02.0313	2987
bo.02.0314	2970
bo.02.7576102	3045
bo.02.8335405	3046
bo.03	2943
bo.03.0801	3025
bo.03.0802	2952
bo.03.0804	2948
bo.03.0805	2985
bo.03.0806	2989
bo.03.0807	2993
bo.03.0808	3003
bo.03.3915596	3011
bo.04	2940
bo.04.0201	2983
bo.04.0202	2975
bo.04.0203	2973
bo.04.0204	3030
bo.04.0205	2984
bo.04.0206	3000
bo.04.0207	3014
bo.04.0208	3005
bo.04.0209	2997
bo.04.0210	3004
bo.04.0211	2957
bo.04.0212	2996
bo.04.0213	3039
bo.04.0214	2978
bo.04.0215	3002
bo.04.0216	3032
bo.04.0217	2992
bo.04.0218	3008
bo.04.11184247	3049
bo.04.11184248	3050
bo.05	2939
bo.05.0401	3023
bo.05.0402	3036
bo.05.0404	2965
bo.05.0405	2998
bo.05.0406	2971
bo.05.0407	2972
bo.05.0408	3001
bo.05.0410	2961
bo.05.0411	2955
bo.05.0413	2964
bo.05.10400355	3047
bo.05.10400859	3048
bo.05.11184249	3051
bo.05.11184250	3052
bo.05.3922026	3027
bo.05.3923586	3037
bo.06	2938
bo.06.0901	2982
bo.06.0902	2990
bo.06.0903	2994
bo.06.0904	3044
bo.06.3915598	3012
bo.07	2937
bo.07.0501	2954
bo.07.0502	2967
bo.07.0503	2966
bo.07.0504	3019
bo.07.0505	3020
bo.07.0506	2981
bo.07.0507	3043
bo.07.0508	2960
bo.07.0509	2979
bo.07.0510	2958
bo.07.0512	2969
bo.07.0514	3017
bo.07.0515	2986
bo.07.11184251	3053
bo.07.3911502	2999
bo.07.3915603	3013
bo.08	2936
bo.08.0701	3042
bo.08.0702	2949
bo.08.0703	2950
bo.08.0704	3006
bo.08.0705	2944
bo.08.0706	2962
bo.08.0707	3018
bo.08.0708	2951
bo.08.0709	3015
bo.08.0711	2977
bo.08.0712	2945
bo.08.0713	2991
bo.08.11184252	3054
bo.08.11184253	3055
bo.08.3904660	2963
bo.09	2935
bo.09.0601	3022
bo.09.0602	3040
bo.09.0603	3009
bo.09.0604	3035
bo.09.0605	2988
bo.09.0606	2976
bq-bo	3056
bq-sa	3057
bq-se	3058
bq.bo	3056
bq.sb	3057
bq.se	3058
br-ac	3084
br-al	3067
br-am	3083
br-ap	3066
br-ba	3080
br-ce	3065
br-df	3078
br-es	3079
br-go	3077
br-ma	3064
br-mg	3074
br-ms	3075
br-mt	3076
br-pa	3063
br-pb	3062
br-pe	3061
br-pi	3060
br-pr	3073
br-rj	3072
br-rn	3059
br-ro	3085
br-rr	3082
br-rs	3071
br-sc	3070
br-se	3068
br-sp	3069
br-to	3081
br.01	3084
br.01.1200013	3550
br.01.1200054	3551
br.01.1200104	3552
br.01.1200138	3553
br.01.1200179	3554
br.01.1200203	3555
br.01.1200252	3556
br.01.1200302	8448
br.01.1200328	3557
br.01.1200336	3558
br.01.1200344	8449
br.01.1200351	3559
br.01.1200385	3560
br.01.1200393	3561
br.01.1200401	3562
br.01.1200427	3563
br.01.1200435	8450
br.01.1200450	3564
br.01.1200500	8451
br.01.1200609	3565
br.01.1200708	3566
br.01.1200807	3567
br.02	3067
br.02.2700102	3192
br.02.2700201	3190
br.02.2700300	3188
br.02.2700409	4893
br.02.2700508	3345
br.02.2700607	4894
br.02.2700706	3180
br.02.2700805	4895
br.02.2700904	8545
br.02.2701001	4896
br.02.2701100	4897
br.02.2701209	8579
br.02.2701308	4898
br.02.2701357	4899
br.02.2701407	4900
br.02.2701506	8580
br.02.2701605	3346
br.02.2701704	4901
br.02.2701803	4902
br.02.2701902	4903
br.02.2702009	4904
br.02.2702108	4905
br.02.2702207	4906
br.02.2702306	3438
br.02.2702355	8581
br.02.2702405	3164
br.02.2702504	4907
br.02.2702553	8582
br.02.2702603	3162
br.02.2702702	4908
br.02.2702801	4909
br.02.2702900	8583
br.02.2703007	4910
br.02.2703106	8546
br.02.2703205	3230
br.02.2703304	4911
br.02.2703403	8541
br.02.2703502	4912
br.02.2703601	4913
br.02.2703700	4914
br.02.2703759	3479
br.02.2703809	4915
br.02.2703908	4916
br.02.2704005	3138
br.02.2704104	4917
br.02.2704203	3136
br.02.2704302	4918
br.02.2704401	3134
br.02.2704500	4919
br.02.2704609	4920
br.02.2704708	4921
br.02.2704807	8584
br.02.2704906	4922
br.02.2705002	3131
br.02.2705101	4923
br.02.2705200	4924
br.02.2705309	4925
br.02.2705408	4926
br.02.2705507	4927
br.02.2705606	4928
br.02.2705705	3120
br.02.2705804	8542
br.02.2705903	4929
br.02.2706000	4930
br.02.2706109	4931
br.02.2706208	4932
br.02.2706307	3117
br.02.2706406	3116
br.02.2706422	4933
br.02.2706448	4934
br.02.2706505	4935
br.02.2706604	4936
br.02.2706703	3211
br.02.2706802	4937
br.02.2706901	4938
br.02.2707008	4939
br.02.2707107	3111
br.02.2707206	8585
br.02.2707305	4940
br.02.2707404	4941
br.02.2707503	3208
br.02.2707602	4942
br.02.2707701	4943
br.02.2707800	4944
br.02.2707909	4945
br.02.2708006	3101
br.02.2708105	4946
br.02.2708204	3202
br.02.2708303	8470
br.02.2708402	8586
br.02.2708501	4947
br.02.2708600	8434
br.02.2708709	4948
br.02.2708808	3347
br.02.2708907	4949
br.02.2708956	8587
br.02.2709004	4950
br.02.2709103	4951
br.02.2709152	4952
br.02.2709202	3091
br.02.2709301	4953
br.02.2709400	4954
br.03	3066
br.03.1600055	8457
br.03.1600105	3767
br.03.1600154	8458
br.03.1600204	3768
br.03.1600212	3769
br.03.1600238	8459
br.03.1600253	3770
br.03.1600279	8461
br.03.1600303	3772
br.03.1600402	3773
br.03.1600501	3774
br.03.1600535	8460
br.03.1600550	3775
br.03.1600600	3776
br.03.1600709	3777
br.03.1600808	3771
br.04	3083
br.04.1300029	3568
br.04.1300060	3569
br.04.1300086	3570
br.04.1300102	3571
br.04.1300144	3572
br.04.1300201	3573
br.04.1300300	3574
br.04.1300409	3575
br.04.1300508	3576
br.04.1300607	3577
br.04.1300631	3578
br.04.1300680	3579
br.04.1300706	3580
br.04.1300805	3581
br.04.1300839	3582
br.04.1300904	8548
br.04.1301001	3583
br.04.1301100	3584
br.04.1301159	3585
br.04.1301209	8452
br.04.1301308	3586
br.04.1301407	3587
br.04.1301506	3588
br.04.1301605	3589
br.04.1301654	3590
br.04.1301704	3591
br.04.1301803	3592
br.04.1301852	3593
br.04.1301902	3594
br.04.1301951	3595
br.04.1302009	3596
br.04.1302108	3597
br.04.1302207	3598
br.04.1302306	3599
br.04.1302405	3267
br.04.1302504	3600
br.04.1302553	3601
br.04.1302603	3602
br.04.1302702	3603
br.04.1302801	3604
br.04.1302900	3605
br.04.1303007	3606
br.04.1303106	3607
br.04.1303205	3608
br.04.1303304	3609
br.04.1303403	3610
br.04.1303502	3611
br.04.1303536	3612
br.04.1303569	3613
br.04.1303601	3614
br.04.1303700	3272
br.04.1303809	3615
br.04.1303908	3616
br.04.1303957	3617
br.04.1304005	3618
br.04.1304062	3619
br.04.1304104	8549
br.04.1304203	3620
br.04.1304237	3621
br.04.1304260	3622
br.04.1304302	3623
br.04.1304401	3624
br.05	3080
br.05.2900108	4994
br.05.2900207	4995
br.05.2900306	4996
br.05.2900355	4997
br.05.2900405	4998
br.05.2900504	4999
br.05.2900603	5000
br.05.2900702	3261
br.05.2900801	5001
br.05.2900900	5002
br.05.2901007	5003
br.05.2901106	5004
br.05.2901155	5005
br.05.2901205	5006
br.05.2901304	5007
br.05.2901353	5008
br.05.2901403	5009
br.05.2901502	5010
br.05.2901601	5011
br.05.2901700	5012
br.05.2901809	5013
br.05.2901908	5014
br.05.2901957	5015
br.05.2902005	5016
br.05.2902054	5017
br.05.2902104	5018
br.05.2902203	8594
br.05.2902252	5019
br.05.2902302	5020
br.05.2902401	5021
br.05.2902500	5022
br.05.2902609	5023
br.05.2902658	5024
br.05.2902708	5025
br.05.2902807	5026
br.05.2902906	5027
br.05.2903003	8471
br.05.2903102	5028
br.05.2903201	3247
br.05.2903235	5029
br.05.2903276	3494
br.05.2903300	5030
br.05.2903409	3348
br.05.2903508	5031
br.05.2903607	5032
br.05.2903706	5033
br.05.2903805	5034
br.05.2903904	5035
br.05.2903953	5036
br.05.2904001	5037
br.05.2904050	5038
br.05.2904100	5039
br.05.2904209	5040
br.05.2904308	3349
br.05.2904407	5041
br.05.2904506	5042
br.05.2904605	5043
br.05.2904704	5044
br.05.2904753	5045
br.05.2904803	5046
br.05.2904852	5047
br.05.2904902	5048
br.05.2905008	5049
br.05.2905107	5050
br.05.2905156	5051
br.05.2905206	5052
br.05.2905305	5053
br.05.2905404	5054
br.05.2905503	5055
br.05.2905602	5056
br.05.2905701	5057
br.05.2905800	5058
br.05.2905909	5059
br.05.2906006	5060
br.05.2906105	5061
br.05.2906204	5062
br.05.2906303	5063
br.05.2906402	5064
br.05.2906501	3243
br.05.2906600	5065
br.05.2906709	5066
br.05.2906808	5067
br.05.2906824	5068
br.05.2906857	5069
br.05.2906873	5070
br.05.2906899	5071
br.05.2906907	5072
br.05.2907004	5073
br.05.2907103	5074
br.05.2907202	5075
br.05.2907301	5076
br.05.2907400	5077
br.05.2907509	5078
br.05.2907558	5079
br.05.2907608	5080
br.05.2907707	8595
br.05.2907806	5081
br.05.2907905	5082
br.05.2908002	5083
br.05.2908101	5084
br.05.2908200	5085
br.05.2908309	5086
br.05.2908408	5087
br.05.2908507	5088
br.05.2908606	5089
br.05.2908705	5090
br.05.2908804	5091
br.05.2908903	5092
br.05.2909000	5093
br.05.2909109	5094
br.05.2909208	5095
br.05.2909307	5096
br.05.2909406	5097
br.05.2909505	5098
br.05.2909604	5099
br.05.2909703	5100
br.05.2909802	5101
br.05.2909901	5102
br.05.2910008	5103
br.05.2910057	3350
br.05.2910107	3351
br.05.2910206	5104
br.05.2910305	5105
br.05.2910404	5106
br.05.2910503	5107
br.05.2910602	5108
br.05.2910701	5109
br.05.2910727	5110
br.05.2910750	5111
br.05.2910776	5112
br.05.2910800	5113
br.05.2910859	5114
br.05.2910909	5115
br.05.2911006	5116
br.05.2911105	5117
br.05.2911204	5118
br.05.2911253	5119
br.05.2911303	5120
br.05.2911402	8497
br.05.2911501	5121
br.05.2911600	5122
br.05.2911659	5123
br.05.2911709	5124
br.05.2911808	5125
br.05.2911857	5126
br.05.2911907	3352
br.05.2912004	5127
br.05.2912103	5128
br.05.2912202	5129
br.05.2912301	5130
br.05.2912400	5131
br.05.2912509	5132
br.05.2912608	5133
br.05.2912707	5134
br.05.2912806	5135
br.05.2912905	5136
br.05.2913002	5137
br.05.2913101	5138
br.05.2913200	5139
br.05.2913309	5140
br.05.2913408	5141
br.05.2913457	5142
br.05.2913507	5143
br.05.2913606	5144
br.05.2913705	5145
br.05.2913804	5146
br.05.2913903	5147
br.05.2914000	5148
br.05.2914109	5149
br.05.2914208	5150
br.05.2914307	5151
br.05.2914406	5152
br.05.2914505	5153
br.05.2914604	5154
br.05.2914653	5155
br.05.2914703	5156
br.05.2914802	5157
br.05.2914901	5158
br.05.2915007	5159
br.05.2915106	5160
br.05.2915205	5161
br.05.2915304	5162
br.05.2915353	5163
br.05.2915403	5164
br.05.2915502	5165
br.05.2915601	5166
br.05.2915700	5167
br.05.2915809	5168
br.05.2915908	5169
br.05.2916005	5170
br.05.2916104	5171
br.05.2916203	5172
br.05.2916302	5173
br.05.2916401	5174
br.05.2916500	8596
br.05.2916609	5175
br.05.2916708	5176
br.05.2916807	5177
br.05.2916856	5178
br.05.2916906	5179
br.05.2917003	5180
br.05.2917102	5181
br.05.2917201	5182
br.05.2917300	3353
br.05.2917334	5183
br.05.2917359	5184
br.05.2917409	5185
br.05.2917508	5186
br.05.2917607	5187
br.05.2917706	5188
br.05.2917805	5189
br.05.2917904	5190
br.05.2918001	5191
br.05.2918100	5192
br.05.2918209	5193
br.05.2918308	5194
br.05.2918357	5195
br.05.2918407	5196
br.05.2918456	5197
br.05.2918506	5198
br.05.2918555	5199
br.05.2918605	5200
br.05.2918704	5201
br.05.2918753	3354
br.05.2918803	5202
br.05.2918902	5203
br.05.2919009	5204
br.05.2919058	5205
br.05.2919108	5206
br.05.2919157	5207
br.05.2919207	5208
br.05.2919306	5209
br.05.2919405	5210
br.05.2919504	5211
br.05.2919553	8424
br.05.2919603	5212
br.05.2919702	5213
br.05.2919801	5214
br.05.2919900	8597
br.05.2919926	5215
br.05.2919959	5216
br.05.2920007	5217
br.05.2920106	5218
br.05.2920205	5219
br.05.2920304	5220
br.05.2920403	5221
br.05.2920452	5222
br.05.2920502	5223
br.05.2920601	5224
br.05.2920700	5225
br.05.2920809	5226
br.05.2920908	5227
br.05.2921005	5228
br.05.2921054	5229
br.05.2921104	5230
br.05.2921203	5231
br.05.2921302	8532
br.05.2921401	5232
br.05.2921450	5233
br.05.2921500	5234
br.05.2921609	5235
br.05.2921708	5236
br.05.2921807	5237
br.05.2921906	5238
br.05.2922003	5239
br.05.2922052	5240
br.05.2922102	5241
br.05.2922201	5242
br.05.2922250	3355
br.05.2922300	5243
br.05.2922409	5244
br.05.2922508	5245
br.05.2922607	3356
br.05.2922656	3357
br.05.2922706	5246
br.05.2922730	5247
br.05.2922755	5248
br.05.2922805	5249
br.05.2922854	5250
br.05.2922904	5251
br.05.2923001	3358
br.05.2923035	5252
br.05.2923050	5253
br.05.2923100	5254
br.05.2923209	3359
br.05.2923308	5255
br.05.2923357	5256
br.05.2923407	5257
br.05.2923506	5258
br.05.2923605	5259
br.05.2923704	5260
br.05.2923803	5261
br.05.2923902	5262
br.05.2924009	8598
br.05.2924058	5263
br.05.2924108	5264
br.05.2924207	5265
br.05.2924306	5266
br.05.2924405	5267
br.05.2924504	5268
br.05.2924603	5269
br.05.2924652	5270
br.05.2924678	5271
br.05.2924702	5272
br.05.2924801	5273
br.05.2924900	5274
br.05.2925006	5275
br.05.2925105	3360
br.05.2925204	5276
br.05.2925253	5277
br.05.2925303	5278
br.05.2925402	5279
br.05.2925501	8503
br.05.2925600	5280
br.05.2925709	5281
br.05.2925758	3361
br.05.2925808	5282
br.05.2925907	5283
br.05.2925931	5284
br.05.2925956	5285
br.05.2926004	5286
br.05.2926103	5287
br.05.2926202	5288
br.05.2926301	5289
br.05.2926400	5290
br.05.2926509	5291
br.05.2926608	5292
br.05.2926657	5293
br.05.2926707	5294
br.05.2926806	5295
br.05.2926905	5296
br.05.2927002	8599
br.05.2927101	8600
br.05.2927200	5297
br.05.2927309	5298
br.05.2927408	5299
br.05.2927507	5300
br.05.2927606	5301
br.05.2927705	5302
br.05.2927804	5303
br.05.2927903	5304
br.05.2928000	5305
br.05.2928059	5306
br.05.2928109	3362
br.05.2928208	3363
br.05.2928307	5307
br.05.2928406	5308
br.05.2928505	5309
br.05.2928604	5310
br.05.2928703	5311
br.05.2928802	5312
br.05.2928901	5313
br.05.2928950	5314
br.05.2929008	5315
br.05.2929057	5316
br.05.2929107	5317
br.05.2929206	5318
br.05.2929255	5319
br.05.2929305	5320
br.05.2929354	5321
br.05.2929370	5322
br.05.2929404	5323
br.05.2929503	5324
br.05.2929602	5325
br.05.2929701	5326
br.05.2929750	5327
br.05.2929800	5328
br.05.2929909	5329
br.05.2930006	5330
br.05.2930105	5331
br.05.2930154	5332
br.05.2930204	5333
br.05.2930303	5334
br.05.2930402	5335
br.05.2930501	3453
br.05.2930600	5336
br.05.2930709	5337
br.05.2930758	5338
br.05.2930766	5339
br.05.2930774	5340
br.05.2930808	8472
br.05.2930907	5341
br.05.2931004	5342
br.05.2931053	5343
br.05.2931103	5344
br.05.2931202	5345
br.05.2931301	5346
br.05.2931350	5347
br.05.2931400	5348
br.05.2931509	5349
br.05.2931608	5350
br.05.2931707	5351
br.05.2931806	3364
br.05.2931905	5352
br.05.2932002	5353
br.05.2932101	5354
br.05.2932200	5355
br.05.2932309	5356
br.05.2932408	5357
br.05.2932457	3365
br.05.2932507	3366
br.05.2932606	5358
br.05.2932705	5359
br.05.2932804	5360
br.05.2932903	5361
br.05.2933000	5362
br.05.2933059	5363
br.05.2933109	5364
br.05.2933158	5365
br.05.2933174	5366
br.05.2933208	5367
br.05.2933257	5368
br.05.2933307	5369
br.05.2933406	5370
br.05.2933455	5371
br.05.2933505	5372
br.05.2933604	5373
br.06	3065
br.06.2300101	4308
br.06.2300150	4309
br.06.2300200	4310
br.06.2300309	8645
br.06.2300408	3191
br.06.2300507	4311
br.06.2300606	4312
br.06.2300705	4313
br.06.2300754	4348
br.06.2300804	4315
br.06.2300903	3441
br.06.2301000	4316
br.06.2301109	8558
br.06.2301208	3189
br.06.2301257	8559
br.06.2301307	3187
br.06.2301406	4317
br.06.2301505	4318
br.06.2301604	3185
br.06.2301703	3184
br.06.2301802	3183
br.06.2301851	8560
br.06.2301901	3182
br.06.2301950	4319
br.06.2302008	3181
br.06.2302057	4320
br.06.2302107	3179
br.06.2302206	4321
br.06.2302305	4322
br.06.2302404	3178
br.06.2302503	3176
br.06.2302602	4323
br.06.2302701	3175
br.06.2302800	3174
br.06.2302909	3173
br.06.2303006	4324
br.06.2303105	3172
br.06.2303204	3171
br.06.2303303	3170
br.06.2303402	4325
br.06.2303501	4326
br.06.2303600	4327
br.06.2303659	4328
br.06.2303709	4329
br.06.2303808	3168
br.06.2303907	4330
br.06.2303931	4331
br.06.2303956	4332
br.06.2304004	3167
br.06.2304103	3166
br.06.2304202	3165
br.06.2304236	8561
br.06.2304251	4333
br.06.2304269	4334
br.06.2304277	8562
br.06.2304285	4335
br.06.2304301	3163
br.06.2304350	8563
br.06.2304400	4336
br.06.2304459	4337
br.06.2304509	3160
br.06.2304608	4338
br.06.2304657	8564
br.06.2304707	8538
br.06.2304806	4339
br.06.2304905	4340
br.06.2304954	4341
br.06.2305001	3159
br.06.2305100	4342
br.06.2305209	8543
br.06.2305233	4343
br.06.2305266	4344
br.06.2305308	3157
br.06.2305332	4345
br.06.2305357	4346
br.06.2305407	3156
br.06.2305506	3155
br.06.2305605	3154
br.06.2305654	4347
br.06.2305704	3153
br.06.2305803	3152
br.06.2305902	3151
br.06.2306009	3150
br.06.2306108	8565
br.06.2306207	3149
br.06.2306256	8566
br.06.2306306	3147
br.06.2306405	4314
br.06.2306504	8567
br.06.2306553	4349
br.06.2306603	3146
br.06.2306702	3145
br.06.2306801	8568
br.06.2306900	3144
br.06.2307007	3143
br.06.2307106	3142
br.06.2307205	3141
br.06.2307254	4350
br.06.2307304	3140
br.06.2307403	3139
br.06.2307502	3137
br.06.2307601	3135
br.06.2307635	8569
br.06.2307650	4351
br.06.2307700	3133
br.06.2307809	4352
br.06.2307908	4353
br.06.2308005	3132
br.06.2308104	3130
br.06.2308203	3129
br.06.2308302	3128
br.06.2308351	8570
br.06.2308377	4354
br.06.2308401	3127
br.06.2308500	3126
br.06.2308609	3125
br.06.2308708	4355
br.06.2308807	4356
br.06.2308906	4357
br.06.2309003	3123
br.06.2309102	4358
br.06.2309201	8571
br.06.2309300	3121
br.06.2309409	4359
br.06.2309458	8544
br.06.2309508	4360
br.06.2309607	4361
br.06.2309706	3119
br.06.2309805	3118
br.06.2309904	4362
br.06.2310001	8572
br.06.2310100	4363
br.06.2310209	4364
br.06.2310258	4365
br.06.2310308	3115
br.06.2310407	4366
br.06.2310506	3114
br.06.2310605	4367
br.06.2310704	3113
br.06.2310803	3112
br.06.2310852	4368
br.06.2310902	4369
br.06.2310951	4370
br.06.2311009	4371
br.06.2311108	3109
br.06.2311207	4372
br.06.2311231	8573
br.06.2311264	4373
br.06.2311306	3107
br.06.2311355	3442
br.06.2311405	3106
br.06.2311504	4374
br.06.2311603	3443
br.06.2311702	3105
br.06.2311801	3104
br.06.2311900	3103
br.06.2311959	4375
br.06.2312007	4376
br.06.2312106	3102
br.06.2312205	3100
br.06.2312304	3099
br.06.2312403	4377
br.06.2312502	4378
br.06.2312601	4379
br.06.2312700	3098
br.06.2312809	8574
br.06.2312908	3097
br.06.2313005	3096
br.06.2313104	8575
br.06.2313203	3095
br.06.2313252	4380
br.06.2313302	3094
br.06.2313351	4381
br.06.2313401	3093
br.06.2313500	4382
br.06.2313559	4383
br.06.2313609	3089
br.06.2313708	3088
br.06.2313757	4384
br.06.2313807	4385
br.06.2313906	4386
br.06.2313955	8576
br.06.2314003	3087
br.06.2314102	3086
br.07	3078
br.07.5300108	8495
br.08	3079
br.08.3200102	6202
br.08.3200136	6203
br.08.3200169	6204
br.08.3200201	8509
br.08.3200300	6205
br.08.3200359	6206
br.08.3200409	6207
br.08.3200508	6208
br.08.3200607	6209
br.08.3200706	6210
br.08.3200805	6211
br.08.3200904	6212
br.08.3201001	6213
br.08.3201100	6214
br.08.3201159	6215
br.08.3201209	6216
br.08.3201308	6217
br.08.3201407	6218
br.08.3201506	8425
br.08.3201605	6219
br.08.3201704	6220
br.08.3201803	6221
br.08.3201902	6222
br.08.3202009	6223
br.08.3202108	6224
br.08.3202207	6225
br.08.3202256	8426
br.08.3202306	6226
br.08.3202405	6227
br.08.3202454	6228
br.08.3202504	6229
br.08.3202553	6230
br.08.3202603	6231
br.08.3202652	6232
br.08.3202702	6233
br.08.3202801	6234
br.08.3202900	6235
br.08.3203007	6236
br.08.3203056	6237
br.08.3203106	6238
br.08.3203130	6239
br.08.3203163	6240
br.08.3203205	6241
br.08.3203304	6242
br.08.3203320	6243
br.08.3203346	6244
br.08.3203353	6245
br.08.3203403	6246
br.08.3203502	6247
br.08.3203601	6248
br.08.3203700	6249
br.08.3203809	6250
br.08.3203908	6251
br.08.3204005	6252
br.08.3204054	6253
br.08.3204104	6254
br.08.3204203	6255
br.08.3204252	6256
br.08.3204302	6257
br.08.3204351	6258
br.08.3204401	6259
br.08.3204500	8475
br.08.3204559	8476
br.08.3204609	6260
br.08.3204658	6261
br.08.3204708	6262
br.08.3204807	3375
br.08.3204906	6263
br.08.3204955	6264
br.08.3205002	6265
br.08.3205010	6266
br.08.3205036	6267
br.08.3205069	6268
br.08.3205101	6269
br.08.3205150	6270
br.08.3205176	6271
br.08.3205200	6272
br.08.3205309	6273
br.11	3075
br.11.5000203	7990
br.11.5000252	7991
br.11.5000609	7992
br.11.5000708	7993
br.11.5000807	7994
br.11.5000856	7995
br.11.5000906	7996
br.11.5001003	7997
br.11.5001102	7998
br.11.5001243	7999
br.11.5001508	8000
br.11.5001904	8001
br.11.5002001	8002
br.11.5002100	8003
br.11.5002159	8004
br.11.5002209	8005
br.11.5002308	8006
br.11.5002407	8007
br.11.5002605	8008
br.11.5002704	8009
br.11.5002803	8010
br.11.5002902	8011
br.11.5002951	8012
br.11.5003108	8013
br.11.5003157	8014
br.11.5003207	8015
br.11.5003256	8016
br.11.5003306	8017
br.11.5003454	8018
br.11.5003488	8019
br.11.5003504	8020
br.11.5003702	8021
br.11.5003751	8022
br.11.5003801	8023
br.11.5003900	3269
br.11.5004007	8024
br.11.5004106	8025
br.11.5004304	8026
br.11.5004403	8027
br.11.5004502	8028
br.11.5004601	8029
br.11.5004700	8030
br.11.5004809	8031
br.11.5004908	8032
br.11.5005004	8536
br.11.5005103	8033
br.11.5005152	8034
br.11.5005202	8035
br.11.5005251	8036
br.11.5005400	8037
br.11.5005608	8038
br.11.5005681	8039
br.11.5005707	8040
br.11.5005806	8041
br.11.5006002	8042
br.11.5006200	8043
br.11.5006259	8044
br.11.5006275	8655
br.11.5006309	8045
br.11.5006358	8046
br.11.5006408	8047
br.11.5006606	8048
br.11.5006903	8049
br.11.5007109	8050
br.11.5007208	8051
br.11.5007307	8052
br.11.5007406	8053
br.11.5007505	8054
br.11.5007554	8055
br.11.5007695	8056
br.11.5007703	8057
br.11.5007802	8058
br.11.5007901	8488
br.11.5007935	8059
br.11.5007950	8060
br.11.5007976	8061
br.11.5008008	8062
br.11.5008305	8063
br.11.5008404	8064
br.13	3064
br.13.2100055	3280
br.13.2100105	3906
br.13.2100154	3907
br.13.2100204	3908
br.13.2100303	3909
br.13.2100402	3910
br.13.2100436	3911
br.13.2100477	3281
br.13.2100501	3912
br.13.2100550	3913
br.13.2100600	3914
br.13.2100709	3915
br.13.2100808	3916
br.13.2100832	3917
br.13.2100873	3918
br.13.2100907	3919
br.13.2100956	3920
br.13.2101004	3921
br.13.2101103	3922
br.13.2101202	3923
br.13.2101251	3924
br.13.2101301	3925
br.13.2101350	3926
br.13.2101400	3927
br.13.2101509	3282
br.13.2101608	3928
br.13.2101707	3929
br.13.2101731	3930
br.13.2101772	3931
br.13.2101806	3932
br.13.2101905	3933
br.13.2101939	3934
br.13.2101970	3935
br.13.2102002	3936
br.13.2102036	3937
br.13.2102077	3938
br.13.2102101	3939
br.13.2102150	3940
br.13.2102200	3941
br.13.2102309	3942
br.13.2102325	3943
br.13.2102358	3944
br.13.2102374	3945
br.13.2102408	3946
br.13.2102507	3947
br.13.2102556	3948
br.13.2102606	3949
br.13.2102705	3950
br.13.2102754	3951
br.13.2102804	3952
br.13.2102903	3953
br.13.2103000	3954
br.13.2103109	3955
br.13.2103125	3956
br.13.2103158	3957
br.13.2103174	3958
br.13.2103208	3283
br.13.2103257	3959
br.13.2103307	3960
br.13.2103406	3961
br.13.2103505	3962
br.13.2103554	3284
br.13.2103604	3963
br.13.2103703	3964
br.13.2103752	3965
br.13.2103802	3966
br.13.2103901	3967
br.13.2104008	3968
br.13.2104057	3969
br.13.2104073	3970
br.13.2104081	3971
br.13.2104099	3972
br.13.2104107	3973
br.13.2104206	3974
br.13.2104305	3975
br.13.2104404	3976
br.13.2104503	3285
br.13.2104552	3977
br.13.2104602	3978
br.13.2104628	3979
br.13.2104651	3980
br.13.2104677	3981
br.13.2104701	3982
br.13.2104800	3983
br.13.2104909	3984
br.13.2105005	3985
br.13.2105104	3986
br.13.2105153	3987
br.13.2105203	3988
br.13.2105302	3989
br.13.2105351	3990
br.13.2105401	3991
br.13.2105427	3992
br.13.2105450	3993
br.13.2105476	3994
br.13.2105500	3995
br.13.2105609	3996
br.13.2105658	3997
br.13.2105708	3998
br.13.2105807	3999
br.13.2105906	4000
br.13.2105922	4001
br.13.2105948	4002
br.13.2105963	4003
br.13.2105989	4004
br.13.2106003	4005
br.13.2106102	4006
br.13.2106201	4007
br.13.2106300	4008
br.13.2106326	4009
br.13.2106359	4010
br.13.2106375	4011
br.13.2106409	4012
br.13.2106508	4013
br.13.2106607	4014
br.13.2106631	4015
br.13.2106672	4016
br.13.2106706	4017
br.13.2106755	4018
br.13.2106805	4019
br.13.2106904	3286
br.13.2107001	4020
br.13.2107100	4021
br.13.2107209	3287
br.13.2107258	4022
br.13.2107308	4023
br.13.2107357	4024
br.13.2107407	4025
br.13.2107456	4026
br.13.2107506	4027
br.13.2107605	4028
br.13.2107704	4029
br.13.2107803	4030
br.13.2107902	4031
br.13.2108009	4032
br.13.2108058	4033
br.13.2108108	4034
br.13.2108207	4035
br.13.2108256	4036
br.13.2108306	4037
br.13.2108405	4038
br.13.2108454	4039
br.13.2108504	4040
br.13.2108603	4041
br.13.2108702	4042
br.13.2108801	4043
br.13.2108900	4044
br.13.2109007	4045
br.13.2109056	4046
br.13.2109106	4047
br.13.2109205	4048
br.13.2109239	4049
br.13.2109270	4050
br.13.2109304	4051
br.13.2109403	4052
br.13.2109452	4053
br.13.2109502	4054
br.13.2109551	4055
br.13.2109601	4056
br.13.2109700	4057
br.13.2109759	4058
br.13.2109809	4059
br.13.2109908	4060
br.13.2110005	3288
br.13.2110039	3289
br.13.2110104	4061
br.13.2110203	3290
br.13.2110237	4062
br.13.2110278	4063
br.13.2110302	4064
br.13.2110401	4065
br.13.2110500	4066
br.13.2110609	4067
br.13.2110658	4068
br.13.2110708	4069
br.13.2110807	4070
br.13.2110856	4071
br.13.2110906	4072
br.13.2111003	4073
br.13.2111029	4074
br.13.2111052	3291
br.13.2111078	4075
br.13.2111102	4076
br.13.2111201	4077
br.13.2111250	4078
br.13.2111300	4079
br.13.2111409	4080
br.13.2111508	4081
br.13.2111532	4082
br.13.2111573	4083
br.13.2111607	4084
br.13.2111631	8465
br.13.2111672	8466
br.13.2111706	4085
br.13.2111722	4086
br.13.2111748	4087
br.13.2111763	4088
br.13.2111789	4089
br.13.2111805	4090
br.13.2111904	4091
br.13.2111953	4092
br.13.2112001	4093
br.13.2112100	4094
br.13.2112209	4095
br.13.2112233	4096
br.13.2112274	4097
br.13.2112308	4098
br.13.2112407	4099
br.13.2112456	4100
br.13.2112506	3090
br.13.2112605	4101
br.13.2112704	4102
br.13.2112803	4103
br.13.2112852	4104
br.13.2112902	4105
br.13.2113009	4106
br.13.2114007	4107
br.14	3076
br.14.5100102	8065
br.14.5100201	3497
br.14.5100250	8066
br.14.5100300	8067
br.14.5100359	3496
br.14.5100409	8068
br.14.5100508	8069
br.14.5100607	8070
br.14.5100805	8071
br.14.5101001	8072
br.14.5101209	8073
br.14.5101258	8074
br.14.5101308	8075
br.14.5101407	8416
br.14.5101605	8076
br.14.5101704	8077
br.14.5101803	8078
br.14.5101852	3492
br.14.5101902	8079
br.14.5102504	3502
br.14.5102603	8080
br.14.5102637	8081
br.14.5102678	8082
br.14.5102686	8083
br.14.5102694	8084
br.14.5102702	8085
br.14.5102793	8639
br.14.5102850	8086
br.14.5103007	8087
br.14.5103056	8088
br.14.5103106	3489
br.14.5103205	8089
br.14.5103254	8417
br.14.5103304	8090
br.14.5103353	8091
br.14.5103361	8420
br.14.5103379	8092
br.14.5103403	8093
br.14.5103437	3501
br.14.5103452	8094
br.14.5103502	8095
br.14.5103601	8096
br.14.5103700	8097
br.14.5103809	8098
br.14.5103858	8099
br.14.5103908	8100
br.14.5103957	8101
br.14.5104104	8489
br.14.5104203	8102
br.14.5104500	8103
br.14.5104526	8646
br.14.5104542	8647
br.14.5104559	8439
br.14.5104609	8104
br.14.5104807	8105
br.14.5104906	8106
br.14.5105002	8107
br.14.5105101	8108
br.14.5105150	8109
br.14.5105176	8110
br.14.5105200	8111
br.14.5105234	3500
br.14.5105259	8490
br.14.5105309	3221
br.14.5105507	8112
br.14.5105580	8437
br.14.5105606	8491
br.14.5105622	3499
br.14.5105903	8435
br.14.5106000	8113
br.14.5106109	8114
br.14.5106158	8115
br.14.5106174	3471
br.14.5106182	8116
br.14.5106190	8438
br.14.5106208	8117
br.14.5106216	8118
br.14.5106224	8492
br.14.5106232	8119
br.14.5106240	8120
br.14.5106257	8121
br.14.5106265	8640
br.14.5106273	8122
br.14.5106281	8422
br.14.5106299	8123
br.14.5106307	8124
br.14.5106315	3470
br.14.5106372	8125
br.14.5106422	8493
br.14.5106455	8126
br.14.5106505	8127
br.14.5106653	8128
br.14.5106703	8129
br.14.5106752	8418
br.14.5106778	8130
br.14.5106802	8131
br.14.5106828	8132
br.14.5106851	8133
br.14.5107008	8134
br.14.5107040	8135
br.14.5107065	8136
br.14.5107107	8137
br.14.5107156	8138
br.14.5107180	3462
br.14.5107198	8139
br.14.5107206	8140
br.14.5107248	8141
br.14.5107263	8142
br.14.5107297	3420
br.14.5107305	8143
br.14.5107354	3436
br.14.5107404	8144
br.14.5107578	8415
br.14.5107602	8145
br.14.5107701	8146
br.14.5107743	8423
br.14.5107750	8147
br.14.5107768	8436
br.14.5107776	8641
br.14.5107792	8421
br.14.5107800	8148
br.14.5107859	3457
br.14.5107875	8149
br.14.5107883	3454
br.14.5107909	8150
br.14.5107925	8494
br.14.5107941	8151
br.14.5107958	8152
br.14.5108006	8153
br.14.5108055	8154
br.14.5108105	8155
br.14.5108204	8156
br.14.5108303	8157
br.14.5108352	8419
br.14.5108402	8158
br.14.5108501	8159
br.14.5108600	8160
br.14.5108808	8161
br.14.5108857	3421
br.14.5108907	3422
br.14.5108956	8162
br.15	3074
br.15.3100104	5374
br.15.3100203	5375
br.15.3100302	5376
br.15.3100401	5377
br.15.3100500	5378
br.15.3100609	5379
br.15.3100708	5380
br.15.3100807	5381
br.15.3100906	5382
br.15.3101003	5383
br.15.3101102	5384
br.15.3101201	5385
br.15.3101300	5386
br.15.3101409	5387
br.15.3101508	3367
br.15.3101607	5388
br.15.3101631	5389
br.15.3101706	5390
br.15.3101805	5391
br.15.3101904	5392
br.15.3102001	5393
br.15.3102050	5394
br.15.3102100	5395
br.15.3102209	5396
br.15.3102308	5397
br.15.3102407	5398
br.15.3102506	5399
br.15.3102605	5400
br.15.3102704	5401
br.15.3102803	5402
br.15.3102852	5403
br.15.3102902	5404
br.15.3103009	5405
br.15.3103108	5406
br.15.3103207	3368
br.15.3103306	5407
br.15.3103405	5408
br.15.3103504	5409
br.15.3103603	5410
br.15.3103702	5411
br.15.3103751	5412
br.15.3103801	5413
br.15.3103900	5414
br.15.3104007	5415
br.15.3104106	5416
br.15.3104205	5417
br.15.3104304	5418
br.15.3104403	5419
br.15.3104452	5420
br.15.3104502	5421
br.15.3104601	5422
br.15.3104700	5423
br.15.3104809	8473
br.15.3104908	5424
br.15.3105004	5425
br.15.3105103	5426
br.15.3105202	5427
br.15.3105301	5428
br.15.3105400	5429
br.15.3105509	5430
br.15.3105608	5431
br.15.3105707	5432
br.15.3105905	5433
br.15.3106002	5434
br.15.3106101	8601
br.15.3106200	5435
br.15.3106309	5436
br.15.3106408	5437
br.15.3106507	5438
br.15.3106606	5439
br.15.3106655	5440
br.15.3106705	5441
br.15.3106804	5442
br.15.3106903	5443
br.15.3107000	5444
br.15.3107109	5445
br.15.3107208	5446
br.15.3107307	5447
br.15.3107406	5448
br.15.3107505	5449
br.15.3107604	5450
br.15.3107703	5451
br.15.3107802	5452
br.15.3107901	5453
br.15.3108008	5454
br.15.3108107	5455
br.15.3108206	5456
br.15.3108255	5457
br.15.3108305	5458
br.15.3108404	5459
br.15.3108503	5460
br.15.3108552	5461
br.15.3108602	5462
br.15.3108701	5463
br.15.3108800	5464
br.15.3108909	5465
br.15.3109006	5466
br.15.3109105	5467
br.15.3109204	8443
br.15.3109253	5468
br.15.3109303	5469
br.15.3109402	5470
br.15.3109451	5471
br.15.3109501	5472
br.15.3109600	5473
br.15.3109709	5474
br.15.3109808	5475
br.15.3109907	5476
br.15.3110004	5477
br.15.3110103	5478
br.15.3110202	5479
br.15.3110301	5480
br.15.3110400	5481
br.15.3110509	5482
br.15.3110608	5483
br.15.3110707	5484
br.15.3110806	5485
br.15.3110905	5486
br.15.3111002	5487
br.15.3111101	5488
br.15.3111150	5489
br.15.3111200	5490
br.15.3111309	5491
br.15.3111408	5492
br.15.3111507	5493
br.15.3111606	5494
br.15.3111705	5495
br.15.3111804	5496
br.15.3111903	5497
br.15.3112000	8533
br.15.3112059	5498
br.15.3112109	5499
br.15.3112208	5500
br.15.3112307	5501
br.15.3112406	5502
br.15.3112505	5503
br.15.3112604	5504
br.15.3112653	5505
br.15.3112703	5506
br.15.3112802	5507
br.15.3112901	5508
br.15.3113008	5509
br.15.3113107	5510
br.15.3113206	5511
br.15.3113305	5512
br.15.3113404	5513
br.15.3113503	5514
br.15.3113602	5515
br.15.3113701	5516
br.15.3113800	5517
br.15.3113909	5518
br.15.3114006	5519
br.15.3114105	5520
br.15.3114204	5521
br.15.3114303	5522
br.15.3114402	5523
br.15.3114501	5524
br.15.3114550	5525
br.15.3114600	5526
br.15.3114709	5527
br.15.3114808	5528
br.15.3114907	5529
br.15.3115003	5530
br.15.3115102	5531
br.15.3115201	5532
br.15.3115300	5533
br.15.3115359	5534
br.15.3115409	5535
br.15.3115458	5536
br.15.3115474	5537
br.15.3115508	5538
br.15.3115607	5539
br.15.3115706	5540
br.15.3115805	5541
br.15.3115904	5542
br.15.3116001	5543
br.15.3116100	5544
br.15.3116159	5545
br.15.3116209	5546
br.15.3116308	5547
br.15.3116407	5548
br.15.3116506	5549
br.15.3116605	5550
br.15.3116704	5551
br.15.3116803	5552
br.15.3116902	5553
br.15.3117009	5554
br.15.3117108	5555
br.15.3117207	5556
br.15.3117306	5557
br.15.3117405	5558
br.15.3117504	3237
br.15.3117603	5559
br.15.3117702	5560
br.15.3117801	5561
br.15.3117836	5562
br.15.3117876	5563
br.15.3117900	5564
br.15.3118007	5565
br.15.3118106	5566
br.15.3118205	5567
br.15.3118304	5568
br.15.3118403	5569
br.15.3118502	3369
br.15.3118601	5570
br.15.3118700	5571
br.15.3118809	5572
br.15.3118908	5573
br.15.3119005	5574
br.15.3119104	5575
br.15.3119203	5576
br.15.3119302	5577
br.15.3119401	5578
br.15.3119500	5579
br.15.3119609	5580
br.15.3119708	5581
br.15.3119807	5582
br.15.3119906	5583
br.15.3119955	5584
br.15.3120003	5585
br.15.3120102	5586
br.15.3120151	5587
br.15.3120201	5588
br.15.3120300	5589
br.15.3120409	5590
br.15.3120508	5591
br.15.3120607	5592
br.15.3120706	5593
br.15.3120805	5594
br.15.3120839	5595
br.15.3120870	5596
br.15.3120904	5597
br.15.3121001	5598
br.15.3121100	5599
br.15.3121209	5600
br.15.3121258	5601
br.15.3121308	5602
br.15.3121407	5603
br.15.3121506	5604
br.15.3121605	8474
br.15.3121704	5605
br.15.3121803	5606
br.15.3121902	5607
br.15.3122009	5608
br.15.3122108	5609
br.15.3122207	5610
br.15.3122306	5611
br.15.3122355	5612
br.15.3122405	5613
br.15.3122454	5614
br.15.3122470	5615
br.15.3122504	5616
br.15.3122603	5617
br.15.3122702	5618
br.15.3122801	5619
br.15.3122900	5620
br.15.3123007	5621
br.15.3123106	5622
br.15.3123205	5623
br.15.3123304	5624
br.15.3123403	5625
br.15.3123502	5626
br.15.3123528	5627
br.15.3123601	5628
br.15.3123700	5629
br.15.3123809	5630
br.15.3123858	5631
br.15.3123908	5632
br.15.3124005	5633
br.15.3124104	5634
br.15.3124203	5635
br.15.3124302	5636
br.15.3124401	5637
br.15.3124500	5638
br.15.3124609	5639
br.15.3124708	5640
br.15.3124807	5641
br.15.3124906	5642
br.15.3125002	5643
br.15.3125101	5644
br.15.3125200	5645
br.15.3125309	5646
br.15.3125408	5647
br.15.3125507	5648
br.15.3125606	5649
br.15.3125705	5650
br.15.3125804	5651
br.15.3125903	5652
br.15.3125952	5653
br.15.3126000	5654
br.15.3126109	5655
br.15.3126208	5656
br.15.3126307	5657
br.15.3126406	5658
br.15.3126505	5659
br.15.3126604	5660
br.15.3126703	5661
br.15.3126752	5662
br.15.3126802	5663
br.15.3126901	5664
br.15.3126950	5665
br.15.3127008	5666
br.15.3127057	5667
br.15.3127073	5668
br.15.3127107	5669
br.15.3127206	5670
br.15.3127305	5671
br.15.3127339	5672
br.15.3127354	5673
br.15.3127370	5674
br.15.3127388	5675
br.15.3127404	5676
br.15.3127503	5677
br.15.3127602	8504
br.15.3127701	5678
br.15.3127800	5679
br.15.3127909	5680
br.15.3128006	5681
br.15.3128105	5682
br.15.3128204	5683
br.15.3128253	5684
br.15.3128303	5685
br.15.3128402	5686
br.15.3128501	5687
br.15.3128600	5688
br.15.3128709	5689
br.15.3128808	3370
br.15.3128907	3371
br.15.3129004	5690
br.15.3129103	5691
br.15.3129202	5692
br.15.3129301	5693
br.15.3129400	5694
br.15.3129509	5695
br.15.3129608	5696
br.15.3129657	5697
br.15.3129707	5698
br.15.3129806	5699
br.15.3129905	5700
br.15.3130002	5701
br.15.3130051	5702
br.15.3130101	5703
br.15.3130200	5704
br.15.3130309	5705
br.15.3130408	5706
br.15.3130507	5707
br.15.3130556	5708
br.15.3130606	5709
br.15.3130655	5710
br.15.3130705	5711
br.15.3130804	5712
br.15.3130903	5713
br.15.3131000	5714
br.15.3131109	5715
br.15.3131158	5716
br.15.3131208	8505
br.15.3131307	5717
br.15.3131406	5718
br.15.3131505	5719
br.15.3131604	5720
br.15.3131703	5721
br.15.3131802	5722
br.15.3131901	5723
br.15.3132008	5724
br.15.3132107	5725
br.15.3132206	5726
br.15.3132305	5727
br.15.3132404	5728
br.15.3132503	5729
br.15.3132602	5730
br.15.3132701	5731
br.15.3132800	5732
br.15.3132909	5733
br.15.3133006	5734
br.15.3133105	5735
br.15.3133204	5736
br.15.3133303	5737
br.15.3133402	5738
br.15.3133501	5739
br.15.3133600	5740
br.15.3133709	5741
br.15.3133758	5742
br.15.3133808	5743
br.15.3133907	5744
br.15.3134004	5745
br.15.3134103	5746
br.15.3134202	5747
br.15.3134301	5748
br.15.3134400	5749
br.15.3134509	5750
br.15.3134608	5751
br.15.3134707	5752
br.15.3134806	5753
br.15.3134905	5754
br.15.3135001	5755
br.15.3135050	5756
br.15.3135076	5757
br.15.3135100	5758
br.15.3135209	5759
br.15.3135308	5760
br.15.3135357	5761
br.15.3135407	5762
br.15.3135456	5763
br.15.3135506	5764
br.15.3135605	5765
br.15.3135704	5766
br.15.3135803	5767
br.15.3135902	5768
br.15.3136009	5769
br.15.3136108	5770
br.15.3136207	5771
br.15.3136306	5772
br.15.3136405	5773
br.15.3136504	5774
br.15.3136520	5775
br.15.3136553	5776
br.15.3136579	5777
br.15.3136603	5778
br.15.3136652	5779
br.15.3136702	3225
br.15.3136801	5780
br.15.3136900	5781
br.15.3136959	5782
br.15.3137007	5783
br.15.3137106	5784
br.15.3137205	5785
br.15.3137304	5786
br.15.3137403	5787
br.15.3137502	5788
br.15.3137536	5789
br.15.3137601	5790
br.15.3137700	5791
br.15.3137809	5792
br.15.3137908	5793
br.15.3138005	5794
br.15.3138104	5795
br.15.3138203	5796
br.15.3138302	5797
br.15.3138351	5798
br.15.3138401	5799
br.15.3138500	5800
br.15.3138609	5801
br.15.3138625	5802
br.15.3138658	5803
br.15.3138674	5804
br.15.3138682	5805
br.15.3138708	5806
br.15.3138807	5807
br.15.3138906	5808
br.15.3139003	8506
br.15.3139102	5809
br.15.3139201	5810
br.15.3139250	5811
br.15.3139300	5812
br.15.3139409	5813
br.15.3139508	5814
br.15.3139607	5815
br.15.3139706	5816
br.15.3139805	3219
br.15.3139904	5817
br.15.3140001	5818
br.15.3140100	5819
br.15.3140159	5820
br.15.3140209	5821
br.15.3140308	5822
br.15.3140407	5823
br.15.3140506	5824
br.15.3140530	5825
br.15.3140555	5826
br.15.3140605	5827
br.15.3140704	5828
br.15.3140803	3218
br.15.3140852	5829
br.15.3140902	5830
br.15.3141009	5831
br.15.3141108	5832
br.15.3141207	5833
br.15.3141306	5834
br.15.3141405	5835
br.15.3141504	5836
br.15.3141603	5837
br.15.3141702	5838
br.15.3141801	5839
br.15.3141900	5840
br.15.3142007	5841
br.15.3142106	5842
br.15.3142205	5843
br.15.3142254	5844
br.15.3142304	5845
br.15.3142403	5846
br.15.3142502	5847
br.15.3142601	5848
br.15.3142700	5849
br.15.3142809	5850
br.15.3142908	5851
br.15.3143005	5852
br.15.3143104	5853
br.15.3143153	5854
br.15.3143203	5855
br.15.3143302	5856
br.15.3143401	8602
br.15.3143450	5857
br.15.3143500	5858
br.15.3143609	5859
br.15.3143708	5860
br.15.3143807	5861
br.15.3143906	5862
br.15.3144003	5863
br.15.3144102	5864
br.15.3144201	5865
br.15.3144300	5866
br.15.3144359	5867
br.15.3144375	5868
br.15.3144409	5869
br.15.3144508	5870
br.15.3144607	5871
br.15.3144656	5872
br.15.3144672	5873
br.15.3144706	5874
br.15.3144805	5875
br.15.3144904	5876
br.15.3145000	5877
br.15.3145059	5878
br.15.3145109	5879
br.15.3145208	5880
br.15.3145307	5881
br.15.3145356	5882
br.15.3145372	5883
br.15.3145406	5884
br.15.3145455	5885
br.15.3145505	5886
br.15.3145604	5887
br.15.3145703	5888
br.15.3145802	5889
br.15.3145851	5890
br.15.3145877	5891
br.15.3145901	5892
br.15.3146008	3214
br.15.3146107	5893
br.15.3146206	5894
br.15.3146255	5895
br.15.3146305	5896
br.15.3146404	5897
br.15.3146503	5898
br.15.3146552	5899
br.15.3146602	5900
br.15.3146701	5901
br.15.3146750	5902
br.15.3146909	5903
br.15.3147006	5904
br.15.3147105	5905
br.15.3147204	5906
br.15.3147303	5907
br.15.3147402	5908
br.15.3147501	5909
br.15.3147600	5910
br.15.3147709	5911
br.15.3147808	5912
br.15.3147907	5913
br.15.3147956	5914
br.15.3148004	5915
br.15.3148103	5916
br.15.3148202	3372
br.15.3148301	5917
br.15.3148400	5918
br.15.3148509	5919
br.15.3148608	5920
br.15.3148707	5921
br.15.3148756	5922
br.15.3148806	5923
br.15.3148905	5924
br.15.3149002	5925
br.15.3149101	5926
br.15.3149150	5927
br.15.3149200	5928
br.15.3149309	5929
br.15.3149408	5930
br.15.3149507	5931
br.15.3149606	5932
br.15.3149705	5933
br.15.3149804	5934
br.15.3149903	5935
br.15.3149952	5936
br.15.3150000	5937
br.15.3150109	5938
br.15.3150158	5939
br.15.3150208	5940
br.15.3150307	5941
br.15.3150406	5942
br.15.3150505	5943
br.15.3150539	5944
br.15.3150570	5945
br.15.3150604	5946
br.15.3150703	5947
br.15.3150802	5948
br.15.3150901	5949
br.15.3151008	5950
br.15.3151107	5951
br.15.3151206	5952
br.15.3151305	5953
br.15.3151404	5954
br.15.3151503	5955
br.15.3151602	5956
br.15.3151701	5957
br.15.3151800	5958
br.15.3151909	5959
br.15.3152006	5960
br.15.3152105	5961
br.15.3152131	5962
br.15.3152170	5963
br.15.3152204	5964
br.15.3152303	5965
br.15.3152402	5966
br.15.3152501	5967
br.15.3152600	5968
br.15.3152709	5969
br.15.3152808	8507
br.15.3152907	5970
br.15.3153004	5971
br.15.3153103	5972
br.15.3153202	5973
br.15.3153301	5974
br.15.3153400	5975
br.15.3153509	5976
br.15.3153608	5977
br.15.3153707	5978
br.15.3153806	5979
br.15.3153905	5980
br.15.3154002	5981
br.15.3154101	5982
br.15.3154150	5983
br.15.3154200	5984
br.15.3154309	5985
br.15.3154408	5986
br.15.3154457	5987
br.15.3154507	5988
br.15.3154606	5989
br.15.3154705	5990
br.15.3154804	5991
br.15.3154903	5992
br.15.3155009	5993
br.15.3155108	5994
br.15.3155207	5995
br.15.3155306	5996
br.15.3155405	5997
br.15.3155504	5998
br.15.3155603	5999
br.15.3155702	6000
br.15.3155801	6001
br.15.3155900	6002
br.15.3156007	6003
br.15.3156106	6004
br.15.3156205	6005
br.15.3156304	6006
br.15.3156403	6007
br.15.3156452	6008
br.15.3156502	6009
br.15.3156601	6010
br.15.3156700	6011
br.15.3156809	6012
br.15.3156908	6013
br.15.3157005	6014
br.15.3157104	6015
br.15.3157203	6016
br.15.3157252	6017
br.15.3157278	6018
br.15.3157302	3373
br.15.3157336	6019
br.15.3157377	6020
br.15.3157401	6021
br.15.3157500	6022
br.15.3157609	6023
br.15.3157658	6024
br.15.3157708	6025
br.15.3157807	6026
br.15.3157906	6027
br.15.3158003	6028
br.15.3158102	6029
br.15.3158201	6030
br.15.3158300	6031
br.15.3158409	6032
br.15.3158508	6033
br.15.3158607	6034
br.15.3158706	6035
br.15.3158805	6036
br.15.3158904	6037
br.15.3158953	6038
br.15.3159001	6039
br.15.3159100	6040
br.15.3159209	6041
br.15.3159308	6042
br.15.3159357	6043
br.15.3159407	6044
br.15.3159506	6045
br.15.3159605	6046
br.15.3159704	6047
br.15.3159803	6048
br.15.3159902	6049
br.15.3160009	6050
br.15.3160108	6051
br.15.3160207	6052
br.15.3160306	6053
br.15.3160405	6054
br.15.3160454	6055
br.15.3160504	6056
br.15.3160603	6057
br.15.3160702	6058
br.15.3160801	6059
br.15.3160900	3374
br.15.3160959	6060
br.15.3161007	6061
br.15.3161056	6062
br.15.3161106	8508
br.15.3161205	8514
br.15.3161304	6063
br.15.3161403	6064
br.15.3161502	6065
br.15.3161601	6066
br.15.3161650	6067
br.15.3161700	6068
br.15.3161809	6069
br.15.3161908	6070
br.15.3162005	6071
br.15.3162104	6072
br.15.3162203	6073
br.15.3162252	6074
br.15.3162302	6075
br.15.3162401	6076
br.15.3162450	6077
br.15.3162500	6078
br.15.3162559	6079
br.15.3162575	6080
br.15.3162609	6081
br.15.3162658	6082
br.15.3162708	6083
br.15.3162807	6084
br.15.3162906	6085
br.15.3162922	6086
br.15.3162948	6087
br.15.3162955	6088
br.15.3163003	6089
br.15.3163102	6090
br.15.3163201	6091
br.15.3163300	6092
br.15.3163409	6093
br.15.3163508	6094
br.15.3163607	6095
br.15.3163706	6096
br.15.3163805	6097
br.15.3163904	6098
br.15.3164001	6099
br.15.3164100	6100
br.15.3164209	6101
br.15.3164308	6102
br.15.3164407	6103
br.15.3164431	6104
br.15.3164472	6105
br.15.3164506	6106
br.15.3164605	6107
br.15.3164704	6108
br.15.3164803	6109
br.15.3164902	6110
br.15.3165008	6111
br.15.3165107	6112
br.15.3165206	6113
br.15.3165305	6114
br.15.3165404	6115
br.15.3165503	6116
br.15.3165537	6117
br.15.3165552	6118
br.15.3165560	6119
br.15.3165578	6120
br.15.3165602	6121
br.15.3165701	6122
br.15.3165800	6123
br.15.3165909	6124
br.15.3166006	6125
br.15.3166105	6126
br.15.3166204	6127
br.15.3166303	6128
br.15.3166402	6129
br.15.3166501	6130
br.15.3166600	6131
br.15.3166709	6132
br.15.3166808	6133
br.15.3166907	6134
br.15.3166956	6135
br.15.3167004	6136
br.15.3167103	6137
br.15.3167202	6138
br.15.3167301	6139
br.15.3167400	6140
br.15.3167509	6141
br.15.3167608	6142
br.15.3167707	6143
br.15.3167806	6144
br.15.3167905	6145
br.15.3168002	6146
br.15.3168051	6147
br.15.3168101	6148
br.15.3168200	6149
br.15.3168309	6150
br.15.3168408	6151
br.15.3168507	6152
br.15.3168606	6153
br.15.3168705	6154
br.15.3168804	6155
br.15.3168903	6156
br.15.3169000	6157
br.15.3169059	6158
br.15.3169109	6159
br.15.3169208	6160
br.15.3169307	6161
br.15.3169356	6162
br.15.3169406	6163
br.15.3169505	6164
br.15.3169604	6165
br.15.3169703	6166
br.15.3169802	6167
br.15.3169901	6168
br.15.3170008	6169
br.15.3170057	6170
br.15.3170107	6171
br.15.3170206	6172
br.15.3170305	6173
br.15.3170404	6174
br.15.3170438	6175
br.15.3170479	6176
br.15.3170503	6177
br.15.3170529	6178
br.15.3170578	6179
br.15.3170602	6180
br.15.3170651	6181
br.15.3170701	6182
br.15.3170750	6183
br.15.3170800	6184
br.15.3170909	6185
br.15.3171006	6186
br.15.3171030	6187
br.15.3171071	6188
br.15.3171105	6189
br.15.3171154	6190
br.15.3171204	6191
br.15.3171303	6192
br.15.3171402	6193
br.15.3171501	6194
br.15.3171600	6195
br.15.3171709	6196
br.15.3171808	6197
br.15.3171907	6198
br.15.3172004	6199
br.15.3172103	6200
br.15.3172202	6201
br.16	3063
br.16.1500107	3636
br.16.1500131	3637
br.16.1500206	3638
br.16.1500305	3639
br.16.1500347	3640
br.16.1500404	3641
br.16.1500503	8455
br.16.1500602	8456
br.16.1500701	3642
br.16.1500800	3643
br.16.1500859	3644
br.16.1500909	3645
br.16.1500958	3646
br.16.1501006	8550
br.16.1501105	3647
br.16.1501204	3648
br.16.1501253	3649
br.16.1501303	3650
br.16.1501402	3651
br.16.1501451	3652
br.16.1501501	3653
br.16.1501576	3654
br.16.1501600	3655
br.16.1501709	3177
br.16.1501725	3656
br.16.1501758	3657
br.16.1501782	3658
br.16.1501808	3659
br.16.1501907	3660
br.16.1501956	3661
br.16.1502004	3662
br.16.1502103	3663
br.16.1502152	3664
br.16.1502202	3665
br.16.1502301	3666
br.16.1502400	3169
br.16.1502509	3667
br.16.1502608	3668
br.16.1502707	3669
br.16.1502756	3670
br.16.1502764	3671
br.16.1502772	3672
br.16.1502806	3673
br.16.1502855	3674
br.16.1502905	3675
br.16.1502939	3676
br.16.1502954	3677
br.16.1503002	3678
br.16.1503044	3679
br.16.1503077	3680
br.16.1503093	3681
br.16.1503101	3682
br.16.1503200	3683
br.16.1503309	3684
br.16.1503408	8551
br.16.1503457	3685
br.16.1503507	3686
br.16.1503606	3148
br.16.1503705	3687
br.16.1503754	3688
br.16.1503804	3689
br.16.1503903	3690
br.16.1504000	3691
br.16.1504059	3692
br.16.1504109	3693
br.16.1504208	3694
br.16.1504307	3695
br.16.1504406	3696
br.16.1504422	3697
br.16.1504455	3698
br.16.1504505	3699
br.16.1504604	3700
br.16.1504703	3701
br.16.1504752	8651
br.16.1504802	3702
br.16.1504901	3703
br.16.1504950	3704
br.16.1504976	3705
br.16.1505007	3706
br.16.1505031	3707
br.16.1505064	3708
br.16.1505106	3709
br.16.1505205	3710
br.16.1505304	3711
br.16.1505403	3712
br.16.1505437	3713
br.16.1505486	3714
br.16.1505494	3715
br.16.1505502	3716
br.16.1505536	3717
br.16.1505551	3718
br.16.1505601	3719
br.16.1505635	3720
br.16.1505650	3721
br.16.1505700	3722
br.16.1505809	3723
br.16.1505908	3724
br.16.1506005	3725
br.16.1506104	3726
br.16.1506112	3727
br.16.1506138	3273
br.16.1506161	3728
br.16.1506187	3729
br.16.1506195	3730
br.16.1506203	3731
br.16.1506302	3732
br.16.1506351	3733
br.16.1506401	3274
br.16.1506500	3734
br.16.1506559	3275
br.16.1506583	3735
br.16.1506609	3736
br.16.1506708	3737
br.16.1506807	3738
br.16.1506906	3739
br.16.1507003	3740
br.16.1507102	3741
br.16.1507151	3742
br.16.1507201	3743
br.16.1507300	3744
br.16.1507409	3745
br.16.1507458	3746
br.16.1507466	3747
br.16.1507474	3748
br.16.1507508	3749
br.16.1507607	3276
br.16.1507706	3750
br.16.1507755	3751
br.16.1507805	3752
br.16.1507904	3753
br.16.1507953	3754
br.16.1507961	3755
br.16.1507979	3756
br.16.1508001	3757
br.16.1508035	3758
br.16.1508050	3759
br.16.1508084	3760
br.16.1508100	3761
br.16.1508126	3762
br.16.1508159	3763
br.16.1508209	3764
br.16.1508308	8552
br.16.1508357	3765
br.16.1508407	3766
br.17	3062
br.17.2500106	8517
br.17.2500205	4533
br.17.2500304	4534
br.17.2500403	4535
br.17.2500502	4536
br.17.2500536	4537
br.17.2500577	4538
br.17.2500601	3320
br.17.2500700	4539
br.17.2500734	8527
br.17.2500775	3321
br.17.2500809	4540
br.17.2500908	4541
br.17.2501005	4542
br.17.2501104	3186
br.17.2501153	4543
br.17.2501203	4544
br.17.2501302	4545
br.17.2501351	4546
br.17.2501401	4547
br.17.2501500	4548
br.17.2501534	4549
br.17.2501575	4550
br.17.2501609	4551
br.17.2501708	4552
br.17.2501807	4553
br.17.2501906	4554
br.17.2502003	4555
br.17.2502052	4556
br.17.2502102	4557
br.17.2502151	4558
br.17.2502201	4559
br.17.2502300	4560
br.17.2502409	4561
br.17.2502508	3322
br.17.2502607	4562
br.17.2502706	4563
br.17.2502805	4564
br.17.2502904	4565
br.17.2503001	4566
br.17.2503100	4567
br.17.2503209	4568
br.17.2503308	3323
br.17.2503407	4569
br.17.2503506	4570
br.17.2503555	4571
br.17.2503605	4572
br.17.2503704	3324
br.17.2503753	4573
br.17.2503803	4574
br.17.2503902	4575
br.17.2504009	4576
br.17.2504033	4577
br.17.2504074	4578
br.17.2504108	4579
br.17.2504157	4580
br.17.2504207	4581
br.17.2504306	4582
br.17.2504355	4583
br.17.2504405	3325
br.17.2504504	4584
br.17.2504603	4585
br.17.2504702	4586
br.17.2504801	4587
br.17.2504850	4588
br.17.2504900	3326
br.17.2505006	4589
br.17.2505105	4590
br.17.2505204	4591
br.17.2505238	4592
br.17.2505279	3327
br.17.2505303	4593
br.17.2505352	4594
br.17.2505402	4595
br.17.2505501	4596
br.17.2505600	4597
br.17.2505709	4598
br.17.2505808	4599
br.17.2505907	4600
br.17.2506004	4601
br.17.2506103	4602
br.17.2506202	3328
br.17.2506251	4603
br.17.2506301	4604
br.17.2506400	4605
br.17.2506509	8469
br.17.2506608	3329
br.17.2506707	4606
br.17.2506806	4607
br.17.2506905	4608
br.17.2507002	4609
br.17.2507101	4610
br.17.2507200	4611
br.17.2507309	4612
br.17.2507408	4613
br.17.2507507	4614
br.17.2507606	4615
br.17.2507705	4616
br.17.2507804	4617
br.17.2507903	4618
br.17.2508000	4619
br.17.2508109	3330
br.17.2508208	4620
br.17.2508307	3331
br.17.2508406	4621
br.17.2508505	4622
br.17.2508554	4623
br.17.2508604	4624
br.17.2508703	4625
br.17.2508802	4626
br.17.2508901	3332
br.17.2509008	4627
br.17.2509057	4628
br.17.2509107	4629
br.17.2509156	4630
br.17.2509206	4631
br.17.2509305	3333
br.17.2509339	4632
br.17.2509370	4633
br.17.2509396	4634
br.17.2509404	4635
br.17.2509503	4636
br.17.2509602	4637
br.17.2509701	3124
br.17.2509800	4638
br.17.2509909	4639
br.17.2510006	4640
br.17.2510105	4641
br.17.2510204	4642
br.17.2510303	4643
br.17.2510402	4644
br.17.2510501	4645
br.17.2510600	4646
br.17.2510659	4647
br.17.2510709	4648
br.17.2510808	4649
br.17.2510907	3439
br.17.2511004	8528
br.17.2511103	4650
br.17.2511202	4651
br.17.2511301	8577
br.17.2511400	4652
br.17.2511509	4653
br.17.2511608	4654
br.17.2511707	4655
br.17.2511806	4656
br.17.2511905	4657
br.17.2512002	3334
br.17.2512036	4658
br.17.2512077	4659
br.17.2512101	3335
br.17.2512200	8498
br.17.2512309	4660
br.17.2512408	4661
br.17.2512507	4662
br.17.2512606	4663
br.17.2512705	4664
br.17.2512721	4665
br.17.2512747	4666
br.17.2512754	4667
br.17.2512762	4668
br.17.2512788	4669
br.17.2512804	4670
br.17.2512903	3336
br.17.2513000	4671
br.17.2513109	4672
br.17.2513158	4673
br.17.2513208	4674
br.17.2513307	4675
br.17.2513356	4676
br.17.2513406	4677
br.17.2513505	4678
br.17.2513604	4679
br.17.2513653	4680
br.17.2513703	3337
br.17.2513802	4681
br.17.2513851	4682
br.17.2513901	4683
br.17.2513927	4684
br.17.2513943	4685
br.17.2513968	4686
br.17.2513984	8499
br.17.2514008	4687
br.17.2514107	4688
br.17.2514206	4689
br.17.2514305	4690
br.17.2514404	4691
br.17.2514453	4692
br.17.2514503	4693
br.17.2514552	4694
br.17.2514602	3338
br.17.2514651	4695
br.17.2514701	4696
br.17.2514800	4697
br.17.2514909	4698
br.17.2515005	4699
br.17.2515104	4700
br.17.2515203	4701
br.17.2515302	4702
br.17.2515401	4703
br.17.2515500	4704
br.17.2515609	4705
br.17.2515708	4706
br.17.2515807	4707
br.17.2515906	4708
br.17.2515930	8518
br.17.2515971	4709
br.17.2516003	4710
br.17.2516102	8529
br.17.2516151	4711
br.17.2516201	3339
br.17.2516300	4712
br.17.2516409	4713
br.17.2516508	4714
br.17.2516607	4715
br.17.2516706	4716
br.17.2516755	4717
br.17.2516805	3340
br.17.2516904	4718
br.17.2517001	4719
br.17.2517100	4720
br.17.2517209	4721
br.17.2517407	3341
br.18	3073
br.18.4100103	6932
br.18.4100202	6933
br.18.4100301	6934
br.18.4100400	6935
br.18.4100459	6936
br.18.4100509	6937
br.18.4100608	6938
br.18.4100707	6939
br.18.4100806	6940
br.18.4100905	6941
br.18.4101002	6942
br.18.4101051	6943
br.18.4101101	6944
br.18.4101150	6945
br.18.4101200	6946
br.18.4101309	6947
br.18.4101408	6948
br.18.4101507	6949
br.18.4101606	6950
br.18.4101655	6951
br.18.4101705	6952
br.18.4101804	6953
br.18.4101853	6954
br.18.4101903	6955
br.18.4102000	6956
br.18.4102109	6957
br.18.4102208	6958
br.18.4102307	6959
br.18.4102406	6960
br.18.4102505	6961
br.18.4102604	6962
br.18.4102703	6963
br.18.4102752	6964
br.18.4102802	6965
br.18.4102901	6966
br.18.4103008	6967
br.18.4103024	6968
br.18.4103040	6969
br.18.4103057	6970
br.18.4103107	6971
br.18.4103156	6972
br.18.4103206	6973
br.18.4103222	6974
br.18.4103305	6975
br.18.4103354	6976
br.18.4103370	6977
br.18.4103404	6978
br.18.4103453	6979
br.18.4103479	6980
br.18.4103503	6981
br.18.4103602	6982
br.18.4103701	6983
br.18.4103800	6984
br.18.4103909	6985
br.18.4103958	6986
br.18.4104006	6987
br.18.4104055	6988
br.18.4104105	6989
br.18.4104204	6990
br.18.4104253	6991
br.18.4104303	6992
br.18.4104402	6993
br.18.4104428	6994
br.18.4104451	6995
br.18.4104501	6996
br.18.4104600	6997
br.18.4104659	6998
br.18.4104709	6999
br.18.4104808	7000
br.18.4104907	7001
br.18.4105003	7002
br.18.4105102	7003
br.18.4105201	7004
br.18.4105300	7005
br.18.4105409	7006
br.18.4105508	7007
br.18.4105607	7008
br.18.4105706	7009
br.18.4105805	7010
br.18.4105904	7011
br.18.4106001	7012
br.18.4106100	7013
br.18.4106209	7014
br.18.4106308	7015
br.18.4106407	7016
br.18.4106456	7017
br.18.4106506	7018
br.18.4106555	7019
br.18.4106571	7020
br.18.4106605	7021
br.18.4106704	7022
br.18.4106803	7023
br.18.4106852	7024
br.18.4106902	7025
br.18.4107009	7026
br.18.4107108	7027
br.18.4107124	7028
br.18.4107157	7029
br.18.4107207	7030
br.18.4107256	7031
br.18.4107306	7032
br.18.4107405	7033
br.18.4107504	7034
br.18.4107520	7035
br.18.4107538	7036
br.18.4107546	7037
br.18.4107553	7038
br.18.4107603	7039
br.18.4107652	7040
br.18.4107702	7041
br.18.4107736	7042
br.18.4107751	7043
br.18.4107801	7044
br.18.4107850	7045
br.18.4107900	7046
br.18.4108007	7047
br.18.4108106	7048
br.18.4108205	7049
br.18.4108304	7050
br.18.4108320	7051
br.18.4108403	7052
br.18.4108452	7053
br.18.4108502	7054
br.18.4108551	7055
br.18.4108601	7056
br.18.4108650	7057
br.18.4108700	7058
br.18.4108809	7059
br.18.4108908	7060
br.18.4108957	7061
br.18.4109005	7062
br.18.4109104	7063
br.18.4109203	7064
br.18.4109302	7065
br.18.4109401	7066
br.18.4109500	7067
br.18.4109609	7068
br.18.4109658	7069
br.18.4109708	7070
br.18.4109757	7071
br.18.4109807	7072
br.18.4109906	7073
br.18.4110003	7074
br.18.4110052	8523
br.18.4110078	7075
br.18.4110102	7076
br.18.4110201	7077
br.18.4110300	7078
br.18.4110409	7079
br.18.4110508	7080
br.18.4110607	7081
br.18.4110656	7082
br.18.4110706	7083
br.18.4110805	7084
br.18.4110904	7085
br.18.4110953	7086
br.18.4111001	7087
br.18.4111100	7088
br.18.4111209	7089
br.18.4111258	7090
br.18.4111308	7091
br.18.4111407	3390
br.18.4111506	3391
br.18.4111555	7092
br.18.4111605	7093
br.18.4111704	7094
br.18.4111803	7095
br.18.4111902	7096
br.18.4112009	7097
br.18.4112108	7098
br.18.4112207	7099
br.18.4112306	7100
br.18.4112405	7101
br.18.4112504	7102
br.18.4112603	7103
br.18.4112702	7104
br.18.4112751	7105
br.18.4112801	7106
br.18.4112900	7107
br.18.4112959	7108
br.18.4113007	7109
br.18.4113106	7110
br.18.4113205	7111
br.18.4113254	7112
br.18.4113304	7113
br.18.4113403	7114
br.18.4113429	7115
br.18.4113452	7116
br.18.4113502	7117
br.18.4113601	7118
br.18.4113700	7119
br.18.4113734	7120
br.18.4113759	7121
br.18.4113809	3392
br.18.4113908	7122
br.18.4114005	7123
br.18.4114104	7124
br.18.4114203	7125
br.18.4114302	7126
br.18.4114351	7127
br.18.4114401	7128
br.18.4114500	7129
br.18.4114609	7130
br.18.4114708	7131
br.18.4114807	7132
br.18.4114906	7133
br.18.4115002	7134
br.18.4115101	7135
br.18.4115200	7136
br.18.4115309	7137
br.18.4115358	7138
br.18.4115408	7139
br.18.4115457	7140
br.18.4115507	7141
br.18.4115606	7142
br.18.4115705	7143
br.18.4115739	7144
br.18.4115754	7145
br.18.4115804	7146
br.18.4115853	7147
br.18.4115903	7148
br.18.4116000	7149
br.18.4116059	7150
br.18.4116109	7151
br.18.4116208	7152
br.18.4116307	7153
br.18.4116406	7154
br.18.4116505	7155
br.18.4116604	7156
br.18.4116703	7157
br.18.4116802	7158
br.18.4116901	7159
br.18.4116950	7160
br.18.4117008	7161
br.18.4117057	7162
br.18.4117107	7163
br.18.4117206	7164
br.18.4117214	7165
br.18.4117222	7166
br.18.4117255	7167
br.18.4117271	7168
br.18.4117297	7169
br.18.4117305	8482
br.18.4117404	7170
br.18.4117453	7171
br.18.4117503	7172
br.18.4117602	7173
br.18.4117701	7174
br.18.4117800	7175
br.18.4117909	7176
br.18.4118006	7177
br.18.4118105	7178
br.18.4118204	7179
br.18.4118303	7180
br.18.4118402	7181
br.18.4118451	7182
br.18.4118501	7183
br.18.4118600	7184
br.18.4118709	7185
br.18.4118808	7186
br.18.4118857	7187
br.18.4118907	7188
br.18.4119004	7189
br.18.4119103	7190
br.18.4119152	7191
br.18.4119202	7192
br.18.4119251	7193
br.18.4119301	8520
br.18.4119400	7194
br.18.4119509	7195
br.18.4119608	7196
br.18.4119657	7197
br.18.4119707	3393
br.18.4119806	7198
br.18.4119905	7199
br.18.4119954	7200
br.18.4120002	7201
br.18.4120101	7202
br.18.4120150	7203
br.18.4120200	7204
br.18.4120309	7205
br.18.4120333	7206
br.18.4120358	7207
br.18.4120408	7208
br.18.4120507	7209
br.18.4120606	7210
br.18.4120655	7211
br.18.4120705	7212
br.18.4120804	7213
br.18.4120853	7214
br.18.4120903	7215
br.18.4121000	7216
br.18.4121109	7217
br.18.4121208	7218
br.18.4121257	7219
br.18.4121307	7220
br.18.4121356	7221
br.18.4121406	3206
br.18.4121505	7222
br.18.4121604	7223
br.18.4121703	7224
br.18.4121752	7225
br.18.4121802	7226
br.18.4121901	7227
br.18.4122008	7228
br.18.4122107	7229
br.18.4122156	7230
br.18.4122172	7231
br.18.4122206	7232
br.18.4122305	7233
br.18.4122404	7234
br.18.4122503	7235
br.18.4122602	7236
br.18.4122651	7237
br.18.4122701	7238
br.18.4122800	7239
br.18.4122909	7240
br.18.4123006	7241
br.18.4123105	7242
br.18.4123204	3394
br.18.4123303	3395
br.18.4123402	3396
br.18.4123501	7243
br.18.4123600	7244
br.18.4123709	7245
br.18.4123808	7246
br.18.4123824	7247
br.18.4123857	7248
br.18.4123907	7249
br.18.4123956	7250
br.18.4124004	3397
br.18.4124020	7251
br.18.4124053	7252
br.18.4124103	7253
br.18.4124202	7254
br.18.4124301	3398
br.18.4124400	7255
br.18.4124509	7256
br.18.4124608	7257
br.18.4124707	7258
br.18.4124806	3440
br.18.4124905	7259
br.18.4125001	7260
br.18.4125100	7261
br.18.4125209	7262
br.18.4125308	7263
br.18.4125357	7264
br.18.4125407	3399
br.18.4125456	3400
br.18.4125506	7265
br.18.4125555	7266
br.18.4125605	7267
br.18.4125704	7268
br.18.4125753	7269
br.18.4125803	7270
br.18.4125902	7271
br.18.4126009	7272
br.18.4126108	7273
br.18.4126207	7274
br.18.4126256	7275
br.18.4126272	7276
br.18.4126306	7277
br.18.4126355	3401
br.18.4126405	7278
br.18.4126504	7279
br.18.4126603	7280
br.18.4126652	7281
br.18.4126678	7282
br.18.4126702	7283
br.18.4126801	7284
br.18.4126900	7285
br.18.4127007	7286
br.18.4127106	8483
br.18.4127205	7287
br.18.4127304	7288
br.18.4127403	7289
br.18.4127502	7290
br.18.4127601	7291
br.18.4127700	7292
br.18.4127809	7293
br.18.4127858	3402
br.18.4127882	7294
br.18.4127908	7295
br.18.4127957	7296
br.18.4127965	7297
br.18.4128005	7298
br.18.4128104	7299
br.18.4128203	7300
br.18.4128302	7301
br.18.4128401	7302
br.18.4128500	7303
br.18.4128534	7304
br.18.4128559	7305
br.18.4128609	7306
br.18.4128625	7307
br.18.4128633	7308
br.18.4128658	7309
br.18.4128708	7310
br.18.4128807	7311
br.20	3060
br.20.2200053	4108
br.20.2200103	4109
br.20.2200202	8515
br.20.2200251	4110
br.20.2200277	4111
br.20.2200301	4112
br.20.2200400	3495
br.20.2200459	4113
br.20.2200509	4114
br.20.2200608	4115
br.20.2200707	4116
br.20.2200806	4117
br.20.2200905	4118
br.20.2200954	8649
br.20.2201002	4119
br.20.2201051	4120
br.20.2201101	8556
br.20.2201150	4121
br.20.2201176	4122
br.20.2201200	4123
br.20.2201309	4124
br.20.2201408	4125
br.20.2201507	8526
br.20.2201556	4126
br.20.2201572	4127
br.20.2201606	3292
br.20.2201705	4128
br.20.2201739	4129
br.20.2201770	4130
br.20.2201804	4131
br.20.2201903	4132
br.20.2201919	4133
br.20.2201929	4134
br.20.2201945	4135
br.20.2201960	4136
br.20.2201988	4137
br.20.2202000	4138
br.20.2202026	4139
br.20.2202059	4140
br.20.2202075	4141
br.20.2202083	4142
br.20.2202091	4143
br.20.2202109	4144
br.20.2202117	4145
br.20.2202133	4146
br.20.2202174	4147
br.20.2202208	4148
br.20.2202251	4149
br.20.2202307	4150
br.20.2202406	4151
br.20.2202455	4152
br.20.2202505	4153
br.20.2202539	4154
br.20.2202554	3293
br.20.2202604	4155
br.20.2202653	4156
br.20.2202703	4157
br.20.2202711	4158
br.20.2202729	4159
br.20.2202737	4160
br.20.2202752	4161
br.20.2202778	4162
br.20.2202802	4163
br.20.2202851	4164
br.20.2202901	4165
br.20.2203008	4166
br.20.2203107	4167
br.20.2203206	3234
br.20.2203230	4168
br.20.2203255	4169
br.20.2203271	3294
br.20.2203305	4170
br.20.2203354	3295
br.20.2203404	4171
br.20.2203420	4172
br.20.2203453	4173
br.20.2203503	4174
br.20.2203602	4175
br.20.2203701	4176
br.20.2203750	4177
br.20.2203800	4178
br.20.2203859	4179
br.20.2203909	8467
br.20.2204006	4180
br.20.2204105	4181
br.20.2204154	4182
br.20.2204204	4183
br.20.2204303	3296
br.20.2204352	4184
br.20.2204402	4185
br.20.2204501	4186
br.20.2204550	4187
br.20.2204600	4188
br.20.2204659	4189
br.20.2204709	4190
br.20.2204808	4191
br.20.2204907	4192
br.20.2205003	4193
br.20.2205102	4194
br.20.2205151	4195
br.20.2205201	4196
br.20.2205250	4197
br.20.2205276	3297
br.20.2205300	3298
br.20.2205359	4198
br.20.2205409	4199
br.20.2205458	4200
br.20.2205508	4201
br.20.2205516	4202
br.20.2205524	4203
br.20.2205532	4204
br.20.2205540	4205
br.20.2205557	4206
br.20.2205565	4207
br.20.2205573	4208
br.20.2205581	4209
br.20.2205599	4210
br.20.2205607	4211
br.20.2205706	4212
br.20.2205805	4213
br.20.2205854	4214
br.20.2205904	4215
br.20.2205953	4216
br.20.2206001	4217
br.20.2206050	4218
br.20.2206100	4219
br.20.2206209	4220
br.20.2206308	4221
br.20.2206357	4222
br.20.2206407	4223
br.20.2206506	4224
br.20.2206605	4225
br.20.2206654	8557
br.20.2206670	4226
br.20.2206696	4227
br.20.2206704	4228
br.20.2206720	8650
br.20.2206753	4229
br.20.2206803	4230
br.20.2206902	4231
br.20.2206951	4232
br.20.2207009	4233
br.20.2207108	4234
br.20.2207207	4235
br.20.2207306	4236
br.20.2207355	4237
br.20.2207405	4238
br.20.2207504	4239
br.20.2207553	4240
br.20.2207603	3299
br.20.2207702	4241
br.20.2207751	4242
br.20.2207777	4243
br.20.2207793	3468
br.20.2207801	4244
br.20.2207850	4245
br.20.2207900	4246
br.20.2207934	3300
br.20.2207959	4247
br.20.2208007	4248
br.20.2208106	4249
br.20.2208205	4250
br.20.2208304	4251
br.20.2208403	4252
br.20.2208502	4253
br.20.2208551	4254
br.20.2208601	4255
br.20.2208650	4256
br.20.2208700	4257
br.20.2208809	4258
br.20.2208858	4259
br.20.2208874	4260
br.20.2208908	4261
br.20.2209005	4262
br.20.2209104	4263
br.20.2209153	3301
br.20.2209203	4264
br.20.2209302	4265
br.20.2209351	4266
br.20.2209377	4267
br.20.2209401	4268
br.20.2209450	4269
br.20.2209500	4270
br.20.2209559	4271
br.20.2209609	3302
br.20.2209658	4272
br.20.2209708	4273
br.20.2209757	4274
br.20.2209807	4275
br.20.2209856	4276
br.20.2209872	8496
br.20.2209906	4277
br.20.2209955	4278
br.20.2209971	4279
br.20.2210003	4280
br.20.2210052	4281
br.20.2210102	4282
br.20.2210201	3303
br.20.2210300	4283
br.20.2210359	4284
br.20.2210375	4285
br.20.2210383	4286
br.20.2210391	4287
br.20.2210409	4288
br.20.2210508	4289
br.20.2210607	4290
br.20.2210623	4291
br.20.2210631	4292
br.20.2210656	4293
br.20.2210706	3304
br.20.2210805	4294
br.20.2210904	4295
br.20.2210938	4296
br.20.2210953	4297
br.20.2210979	4298
br.20.2211001	4299
br.20.2211100	4300
br.20.2211209	4301
br.20.2211308	4302
br.20.2211357	4303
br.20.2211407	4304
br.20.2211506	4305
br.20.2211605	4306
br.20.2211704	4307
br.21	3072
br.21.3300100	6274
br.21.3300159	6275
br.21.3300209	6276
br.21.3300225	3376
br.21.3300233	3377
br.21.3300258	6277
br.21.3300308	6278
br.21.3300407	6279
br.21.3300456	6280
br.21.3300506	6281
br.21.3300605	6282
br.21.3300704	6283
br.21.3300803	6284
br.21.3300902	6285
br.21.3300936	6286
br.21.3300951	6287
br.21.3301009	6288
br.21.3301108	8603
br.21.3301157	6289
br.21.3301207	8477
br.21.3301306	6290
br.21.3301405	3378
br.21.3301504	6291
br.21.3301603	8478
br.21.3301702	6292
br.21.3301801	6293
br.21.3301850	6294
br.21.3301876	6295
br.21.3301900	6296
br.21.3302007	6297
br.21.3302056	6298
br.21.3302106	6299
br.21.3302205	6300
br.21.3302254	6301
br.21.3302270	6302
br.21.3302304	6303
br.21.3302403	6304
br.21.3302452	6305
br.21.3302502	6306
br.21.3302601	6307
br.21.3302700	6308
br.21.3302809	6309
br.21.3302858	3475
br.21.3302908	6310
br.21.3303005	6311
br.21.3303104	6312
br.21.3303203	6313
br.21.3303302	6314
br.21.3303401	6315
br.21.3303500	3472
br.21.3303609	6316
br.21.3303708	6317
br.21.3303807	6318
br.21.3303856	6319
br.21.3303906	6320
br.21.3303955	6321
br.21.3304003	6322
br.21.3304102	6323
br.21.3304110	6324
br.21.3304128	6325
br.21.3304144	6326
br.21.3304151	6327
br.21.3304201	6328
br.21.3304300	6329
br.21.3304409	6330
br.21.3304508	6331
br.21.3304524	6332
br.21.3304557	6333
br.21.3304607	6334
br.21.3304706	6335
br.21.3304755	6336
br.21.3304805	6337
br.21.3304904	6338
br.21.3305000	6339
br.21.3305109	6340
br.21.3305133	6341
br.21.3305158	6342
br.21.3305208	6343
br.21.3305307	6344
br.21.3305406	6345
br.21.3305505	6346
br.21.3305554	6347
br.21.3305604	6348
br.21.3305703	6349
br.21.3305752	6350
br.21.3305802	6351
br.21.3305901	6352
br.21.3306008	6353
br.21.3306107	6354
br.21.3306156	6355
br.21.3306206	6356
br.21.3306305	6357
br.22	3059
br.22.2400109	4387
br.22.2400208	4388
br.22.2400307	4389
br.22.2400406	4390
br.22.2400505	3305
br.22.2400604	4391
br.22.2400703	4392
br.22.2400802	3306
br.22.2400901	4393
br.22.2401008	4394
br.22.2401107	4395
br.22.2401206	4396
br.22.2401305	4397
br.22.2401404	4398
br.22.2401453	4399
br.22.2401503	4400
br.22.2401602	4401
br.22.2401651	4402
br.22.2401701	3307
br.22.2401800	4403
br.22.2401859	4404
br.22.2401909	8468
br.22.2402006	4405
br.22.2402105	4406
br.22.2402204	4407
br.22.2402303	4408
br.22.2402402	3308
br.22.2402501	4409
br.22.2402600	4410
br.22.2402709	4411
br.22.2402808	4412
br.22.2402907	4413
br.22.2403004	4414
br.22.2403103	4415
br.22.2403202	4416
br.22.2403251	4417
br.22.2403301	4418
br.22.2403400	3309
br.22.2403509	8442
br.22.2403608	4419
br.22.2403707	4420
br.22.2403756	4421
br.22.2403806	4422
br.22.2403905	4423
br.22.2404002	4424
br.22.2404101	4425
br.22.2404200	4426
br.22.2404309	4427
br.22.2404408	4428
br.22.2404507	4429
br.22.2404606	4430
br.22.2404705	4431
br.22.2404804	4432
br.22.2404853	4433
br.22.2404903	4434
br.22.2405009	3310
br.22.2405108	4435
br.22.2405207	4436
br.22.2405306	4437
br.22.2405405	4438
br.22.2405504	4439
br.22.2405603	4440
br.22.2405702	4441
br.22.2405801	4442
br.22.2405900	4443
br.22.2406007	4444
br.22.2406106	3311
br.22.2406155	8441
br.22.2406205	4445
br.22.2406304	4446
br.22.2406403	4447
br.22.2406502	4448
br.22.2406601	4449
br.22.2406700	4450
br.22.2406809	4451
br.22.2406908	4452
br.22.2407005	4453
br.22.2407104	4454
br.22.2407203	4455
br.22.2407252	4456
br.22.2407302	4457
br.22.2407401	4458
br.22.2407500	3312
br.22.2407609	4459
br.22.2407708	4460
br.22.2407807	4461
br.22.2407906	4462
br.22.2408003	3313
br.22.2408102	4463
br.22.2408201	3314
br.22.2408300	4464
br.22.2408409	4465
br.22.2408508	4466
br.22.2408607	4467
br.22.2408706	3315
br.22.2408805	4468
br.22.2408904	4469
br.22.2408953	4470
br.22.2409100	4471
br.22.2409209	4472
br.22.2409308	3316
br.22.2409332	4473
br.22.2409407	4474
br.22.2409506	4475
br.22.2409605	4476
br.22.2409704	4477
br.22.2409803	4478
br.22.2409902	4479
br.22.2410009	4480
br.22.2410108	4481
br.22.2410207	4482
br.22.2410256	4483
br.22.2410306	4484
br.22.2410405	3317
br.22.2410504	4485
br.22.2410603	4486
br.22.2410702	4487
br.22.2410801	4488
br.22.2410900	4489
br.22.2411007	4490
br.22.2411056	4491
br.22.2411106	4492
br.22.2411205	4493
br.22.2411403	4494
br.22.2411429	4495
br.22.2411502	4496
br.22.2411601	4497
br.22.2411700	4498
br.22.2411809	4499
br.22.2411908	4500
br.22.2412005	4501
br.22.2412104	4502
br.22.2412203	4503
br.22.2412302	4504
br.22.2412401	4505
br.22.2412500	4506
br.22.2412559	4507
br.22.2412609	4508
br.22.2412708	8516
br.22.2412807	4509
br.22.2412906	3318
br.22.2413003	8513
br.22.2413102	4510
br.22.2413201	4511
br.22.2413300	4512
br.22.2413359	4513
br.22.2413409	4514
br.22.2413508	4515
br.22.2413557	4516
br.22.2413607	4517
br.22.2413706	4518
br.22.2413805	4519
br.22.2413904	4520
br.22.2414001	4521
br.22.2414100	4522
br.22.2414159	4523
br.22.2414209	4524
br.22.2414308	4525
br.22.2414407	3319
br.22.2414456	4526
br.22.2414506	4527
br.22.2414605	4528
br.22.2414704	8440
br.22.2414753	4529
br.22.2414803	4530
br.22.2414902	4531
br.22.2415008	4532
br.23	3071
br.23.4300034	3498
br.23.4300059	8408
br.23.4300109	7592
br.23.4300208	7593
br.23.4300307	7594
br.23.4300406	7595
br.23.4300455	7596
br.23.4300471	8642
br.23.4300505	7597
br.23.4300554	8535
br.23.4300570	7598
br.23.4300604	7599
br.23.4300638	7600
br.23.4300646	7601
br.23.4300661	7602
br.23.4300703	7603
br.23.4300802	3249
br.23.4300851	7604
br.23.4300877	7605
br.23.4300901	7606
br.23.4301008	7607
br.23.4301057	7608
br.23.4301073	8390
br.23.4301107	7609
br.23.4301206	7610
br.23.4301305	8635
br.23.4301404	7611
br.23.4301503	8394
br.23.4301552	7612
br.23.4301602	8391
br.23.4301636	7613
br.23.4301651	7614
br.23.4301701	8389
br.23.4301750	7615
br.23.4301800	7616
br.23.4301859	7617
br.23.4301875	7618
br.23.4301909	7619
br.23.4301925	7620
br.23.4301958	7621
br.23.4302006	3409
br.23.4302055	7622
br.23.4302105	3493
br.23.4302154	7623
br.23.4302204	7624
br.23.4302220	8396
br.23.4302238	8400
br.23.4302253	7625
br.23.4302303	7626
br.23.4302352	7627
br.23.4302378	7628
br.23.4302402	7629
br.23.4302451	3410
br.23.4302501	7630
br.23.4302584	8397
br.23.4302600	7631
br.23.4302659	7632
br.23.4302709	7633
br.23.4302808	7634
br.23.4302907	7635
br.23.4303004	7636
br.23.4303103	7637
br.23.4303202	7638
br.23.4303301	3446
br.23.4303400	7639
br.23.4303509	7640
br.23.4303558	7641
br.23.4303608	7642
br.23.4303673	7643
br.23.4303707	7644
br.23.4303806	3491
br.23.4303905	3246
br.23.4304002	7645
br.23.4304101	7646
br.23.4304200	7647
br.23.4304309	7648
br.23.4304358	7649
br.23.4304408	7650
br.23.4304507	8636
br.23.4304606	7651
br.23.4304614	3490
br.23.4304622	8643
br.23.4304630	7652
br.23.4304655	3271
br.23.4304663	7653
br.23.4304671	7654
br.23.4304689	7655
br.23.4304697	7656
br.23.4304705	3241
br.23.4304713	7657
br.23.4304804	8637
br.23.4304853	7658
br.23.4304903	7659
br.23.4304952	8410
br.23.4305009	7660
br.23.4305108	7661
br.23.4305116	7662
br.23.4305124	7663
br.23.4305132	7664
br.23.4305157	3411
br.23.4305173	7665
br.23.4305207	7666
br.23.4305306	7667
br.23.4305355	7668
br.23.4305371	7669
br.23.4305405	7670
br.23.4305439	7671
br.23.4305447	7672
br.23.4305454	7673
br.23.4305504	7674
br.23.4305587	7675
br.23.4305603	7676
br.23.4305702	7677
br.23.4305801	8388
br.23.4305835	3488
br.23.4305850	7678
br.23.4305871	7679
br.23.4305900	7680
br.23.4305934	3487
br.23.4305959	7681
br.23.4305975	7682
br.23.4306007	7683
br.23.4306056	7684
br.23.4306072	7685
br.23.4306106	8398
br.23.4306130	3486
br.23.4306205	7686
br.23.4306304	3412
br.23.4306320	3413
br.23.4306353	7687
br.23.4306379	7688
br.23.4306403	7689
br.23.4306429	7690
br.23.4306452	7691
br.23.4306502	7692
br.23.4306551	7693
br.23.4306601	7694
br.23.4306700	7695
br.23.4306734	7696
br.23.4306759	7697
br.23.4306767	7698
br.23.4306809	7699
br.23.4306908	7700
br.23.4306924	7701
br.23.4306932	7702
br.23.4306957	7703
br.23.4306973	7704
br.23.4307005	3485
br.23.4307054	8407
br.23.4307104	3231
br.23.4307203	7705
br.23.4307302	7706
br.23.4307401	8413
br.23.4307450	7707
br.23.4307500	8403
br.23.4307559	7708
br.23.4307609	7709
br.23.4307708	7710
br.23.4307807	7711
br.23.4307815	7712
br.23.4307831	7713
br.23.4307864	7714
br.23.4307906	7715
br.23.4308003	7716
br.23.4308052	7717
br.23.4308078	7718
br.23.4308102	7719
br.23.4308201	7720
br.23.4308250	7721
br.23.4308300	7722
br.23.4308409	7723
br.23.4308433	3484
br.23.4308458	8399
br.23.4308508	7724
br.23.4308607	3483
br.23.4308656	7725
br.23.4308706	7726
br.23.4308805	7727
br.23.4308854	7728
br.23.4308904	7729
br.23.4309001	7730
br.23.4309050	7731
br.23.4309100	7732
br.23.4309126	7733
br.23.4309159	7734
br.23.4309209	7735
br.23.4309258	7736
br.23.4309308	7737
br.23.4309407	7738
br.23.4309506	7739
br.23.4309555	7740
br.23.4309571	7741
br.23.4309605	7742
br.23.4309654	7743
br.23.4309704	7744
br.23.4309753	7745
br.23.4309803	8412
br.23.4309902	7746
br.23.4309951	8406
br.23.4310009	7747
br.23.4310108	7748
br.23.4310207	8395
br.23.4310306	7749
br.23.4310330	7750
br.23.4310363	3482
br.23.4310405	8521
br.23.4310413	7751
br.23.4310439	7752
br.23.4310462	7753
br.23.4310504	7754
br.23.4310538	7755
br.23.4310553	7756
br.23.4310579	7757
br.23.4310603	7758
br.23.4310652	3481
br.23.4310702	7759
br.23.4310751	7760
br.23.4310801	7761
br.23.4310850	7762
br.23.4310876	8402
br.23.4310900	3480
br.23.4311007	7763
br.23.4311106	3414
br.23.4311122	7764
br.23.4311130	7765
br.23.4311155	7766
br.23.4311205	7767
br.23.4311239	3478
br.23.4311254	7768
br.23.4311270	7769
br.23.4311304	3223
br.23.4311403	3477
br.23.4311429	7770
br.23.4311502	7771
br.23.4311601	7772
br.23.4311627	7773
br.23.4311643	7774
br.23.4311700	7775
br.23.4311718	7776
br.23.4311734	7777
br.23.4311759	7778
br.23.4311775	7779
br.23.4311791	3476
br.23.4311809	7780
br.23.4311908	7781
br.23.4311981	7782
br.23.4312005	7783
br.23.4312054	3415
br.23.4312104	7784
br.23.4312138	7785
br.23.4312153	7786
br.23.4312179	3448
br.23.4312203	7787
br.23.4312252	7788
br.23.4312302	7789
br.23.4312351	7790
br.23.4312377	7791
br.23.4312385	3416
br.23.4312401	3474
br.23.4312427	3417
br.23.4312443	7792
br.23.4312450	7793
br.23.4312476	7794
br.23.4312500	7795
br.23.4312609	7796
br.23.4312617	7797
br.23.4312625	7798
br.23.4312658	7799
br.23.4312674	7800
br.23.4312708	7801
br.23.4312757	7802
br.23.4312807	7803
br.23.4312906	7804
br.23.4312955	3418
br.23.4313003	3473
br.23.4313011	3419
br.23.4313037	7805
br.23.4313060	7806
br.23.4313086	7807
br.23.4313102	7808
br.23.4313201	7809
br.23.4313300	7810
br.23.4313334	7811
br.23.4313359	7812
br.23.4313375	7813
br.23.4313391	7814
br.23.4313409	8638
br.23.4313425	7815
br.23.4313441	7816
br.23.4313466	8387
br.23.4313490	7817
br.23.4313508	7818
br.23.4313607	7819
br.23.4313656	7820
br.23.4313706	3469
br.23.4313805	7821
br.23.4313904	7822
br.23.4313953	7823
br.23.4314001	7824
br.23.4314027	7825
br.23.4314035	7826
br.23.4314050	7827
br.23.4314068	7828
br.23.4314076	7829
br.23.4314100	7830
br.23.4314134	3467
br.23.4314159	7831
br.23.4314175	8392
br.23.4314209	7832
br.23.4314308	7833
br.23.4314407	3212
br.23.4314423	7834
br.23.4314456	7835
br.23.4314464	8414
br.23.4314472	7836
br.23.4314498	7837
br.23.4314506	8393
br.23.4314548	8652
br.23.4314555	7838
br.23.4314605	7839
br.23.4314704	7840
br.23.4314753	7841
br.23.4314779	7842
br.23.4314787	3466
br.23.4314803	7843
br.23.4314902	7844
br.23.4315008	7845
br.23.4315057	7846
br.23.4315073	7847
br.23.4315107	7848
br.23.4315131	7849
br.23.4315149	7850
br.23.4315156	3465
br.23.4315172	7851
br.23.4315206	7852
br.23.4315305	7853
br.23.4315313	3464
br.23.4315321	7854
br.23.4315354	7855
br.23.4315404	7856
br.23.4315453	3463
br.23.4315503	7857
br.23.4315552	7858
br.23.4315602	3203
br.23.4315701	7859
br.23.4315750	7860
br.23.4315800	3461
br.23.4315909	7861
br.23.4315958	3447
br.23.4316006	7862
br.23.4316105	7863
br.23.4316204	7864
br.23.4316303	7865
br.23.4316402	7866
br.23.4316428	7867
br.23.4316436	7868
br.23.4316451	8401
br.23.4316477	7869
br.23.4316501	3460
br.23.4316600	7870
br.23.4316709	7871
br.23.4316733	8411
br.23.4316758	7872
br.23.4316808	7873
br.23.4316907	8487
br.23.4316956	7874
br.23.4316972	3459
br.23.4317004	7875
br.23.4317103	7876
br.23.4317202	7877
br.23.4317251	7878
br.23.4317301	7879
br.23.4317400	3458
br.23.4317509	7880
br.23.4317558	7881
br.23.4317608	7882
br.23.4317707	7883
br.23.4317756	7884
br.23.4317806	7885
br.23.4317905	7886
br.23.4317954	7887
br.23.4318002	7888
br.23.4318051	7889
br.23.4318101	7890
br.23.4318200	3201
br.23.4318309	8444
br.23.4318408	7891
br.23.4318424	7892
br.23.4318432	7893
br.23.4318440	7894
br.23.4318457	7895
br.23.4318465	7896
br.23.4318481	7897
br.23.4318499	7898
br.23.4318507	7899
br.23.4318606	7900
br.23.4318614	3270
br.23.4318622	7901
br.23.4318705	7902
br.23.4318804	7903
br.23.4318903	3445
br.23.4319000	7904
br.23.4319109	7905
br.23.4319125	7906
br.23.4319158	3456
br.23.4319208	7907
br.23.4319307	7908
br.23.4319356	7909
br.23.4319364	3455
br.23.4319372	7910
br.23.4319406	7911
br.23.4319505	7912
br.23.4319604	7913
br.23.4319703	7914
br.23.4319711	7915
br.23.4319737	7916
br.23.4319752	7917
br.23.4319802	7918
br.23.4319901	7919
br.23.4320008	7920
br.23.4320107	7921
br.23.4320206	7922
br.23.4320230	7923
br.23.4320263	7924
br.23.4320305	7925
br.23.4320321	7926
br.23.4320354	7927
br.23.4320404	7928
br.23.4320453	7929
br.23.4320503	7930
br.23.4320552	7931
br.23.4320578	7932
br.23.4320602	7933
br.23.4320651	7934
br.23.4320677	7935
br.23.4320701	3452
br.23.4320800	3196
br.23.4320859	7936
br.23.4320909	8409
br.23.4321006	7937
br.23.4321105	7938
br.23.4321204	7939
br.23.4321303	7940
br.23.4321329	7941
br.23.4321352	7942
br.23.4321402	7943
br.23.4321436	3451
br.23.4321451	3450
br.23.4321469	8405
br.23.4321477	7944
br.23.4321493	7945
br.23.4321501	7946
br.23.4321600	7947
br.23.4321626	7948
br.23.4321634	7949
br.23.4321667	7950
br.23.4321709	7951
br.23.4321808	7952
br.23.4321832	7953
br.23.4321857	7954
br.23.4321907	7955
br.23.4321956	7956
br.23.4322004	7957
br.23.4322103	7958
br.23.4322152	7959
br.23.4322186	7960
br.23.4322202	7961
br.23.4322251	7962
br.23.4322301	7963
br.23.4322327	7964
br.23.4322343	7965
br.23.4322350	7966
br.23.4322376	7967
br.23.4322400	7968
br.23.4322509	7969
br.23.4322525	7970
br.23.4322533	7971
br.23.4322541	7972
br.23.4322558	7973
br.23.4322608	7974
br.23.4322707	7975
br.23.4322806	7976
br.23.4322855	7977
br.23.4322905	7978
br.23.4323002	7979
br.23.4323101	7980
br.23.4323200	8404
br.23.4323309	7981
br.23.4323358	7982
br.23.4323408	7983
br.23.4323457	7984
br.23.4323507	7985
br.23.4323606	7986
br.23.4323705	7987
br.23.4323754	7988
br.23.4323770	3449
br.23.4323804	7989
br.24	3085
br.24.1100015	3503
br.24.1100023	3504
br.24.1100031	3505
br.24.1100049	3506
br.24.1100056	3507
br.24.1100064	3508
br.24.1100072	3509
br.24.1100080	3510
br.24.1100098	3511
br.24.1100106	3268
br.24.1100114	8445
br.24.1100122	3512
br.24.1100130	3513
br.24.1100148	3514
br.24.1100155	3515
br.24.1100189	3516
br.24.1100205	3517
br.24.1100254	3518
br.24.1100262	3519
br.24.1100288	3520
br.24.1100296	3521
br.24.1100304	3522
br.24.1100320	3523
br.24.1100338	8547
br.24.1100346	3524
br.24.1100379	3525
br.24.1100403	3526
br.24.1100452	3527
br.24.1100502	3528
br.24.1100601	3529
br.24.1100700	3530
br.24.1100809	3531
br.24.1100908	3532
br.24.1100924	3533
br.24.1100940	3534
br.24.1101005	8446
br.24.1101104	3535
br.24.1101203	3536
br.24.1101302	8447
br.24.1101401	3537
br.24.1101435	3538
br.24.1101450	3539
br.24.1101468	3540
br.24.1101476	3541
br.24.1101484	3542
br.24.1101492	3543
br.24.1101500	3544
br.24.1101559	3545
br.24.1101609	3546
br.24.1101708	3547
br.24.1101757	3548
br.24.1101807	3549
br.25	3082
br.25.1400027	3625
br.25.1400050	8522
br.25.1400100	3626
br.25.1400159	3627
br.25.1400175	3628
br.25.1400209	8453
br.25.1400233	3629
br.25.1400282	8524
br.25.1400308	3630
br.25.1400407	3631
br.25.1400456	3632
br.25.1400472	8454
br.25.1400506	3633
br.25.1400605	3634
br.25.1400704	3635
br.26	3070
br.26.4200051	7312
br.26.4200101	7313
br.26.4200200	7314
br.26.4200309	7315
br.26.4200408	7316
br.26.4200507	7317
br.26.4200556	7318
br.26.4200606	7319
br.26.4200705	7320
br.26.4200754	7321
br.26.4200804	7322
br.26.4200903	7323
br.26.4201000	7324
br.26.4201109	7325
br.26.4201208	7326
br.26.4201257	7327
br.26.4201273	7328
br.26.4201307	7329
br.26.4201406	7330
br.26.4201505	7331
br.26.4201604	7332
br.26.4201653	7333
br.26.4201703	7334
br.26.4201802	7335
br.26.4201901	8534
br.26.4201950	7336
br.26.4202008	7337
br.26.4202057	7338
br.26.4202073	7339
br.26.4202081	7340
br.26.4202099	7341
br.26.4202107	7342
br.26.4202131	7343
br.26.4202156	7344
br.26.4202206	7345
br.26.4202305	7346
br.26.4202404	7347
br.26.4202438	7348
br.26.4202453	7349
br.26.4202503	7350
br.26.4202537	7351
br.26.4202578	7352
br.26.4202602	7353
br.26.4202701	7354
br.26.4202800	7355
br.26.4202859	7356
br.26.4202875	7357
br.26.4202909	7358
br.26.4203006	7359
br.26.4203105	7360
br.26.4203154	7361
br.26.4203204	7362
br.26.4203253	7363
br.26.4203303	7364
br.26.4203402	7365
br.26.4203501	3403
br.26.4203600	7366
br.26.4203709	7367
br.26.4203808	7368
br.26.4203907	7369
br.26.4203956	7370
br.26.4204004	7371
br.26.4204103	7372
br.26.4204152	7373
br.26.4204178	7374
br.26.4204194	7375
br.26.4204202	7376
br.26.4204251	7377
br.26.4204301	3236
br.26.4204350	7378
br.26.4204400	7379
br.26.4204459	7380
br.26.4204509	7381
br.26.4204558	3404
br.26.4204608	3405
br.26.4204707	7382
br.26.4204756	7383
br.26.4204806	7384
br.26.4204905	7385
br.26.4205001	7386
br.26.4205100	7387
br.26.4205159	7388
br.26.4205175	7389
br.26.4205191	7390
br.26.4205209	7391
br.26.4205308	7392
br.26.4205357	7393
br.26.4205407	7394
br.26.4205431	7395
br.26.4205456	7396
br.26.4205506	7397
br.26.4205555	7398
br.26.4205605	7399
br.26.4205704	7400
br.26.4205803	7401
br.26.4205902	7402
br.26.4206009	7403
br.26.4206108	7404
br.26.4206207	7405
br.26.4206306	7406
br.26.4206405	7407
br.26.4206504	7408
br.26.4206603	7409
br.26.4206652	7410
br.26.4206702	7411
br.26.4206751	7412
br.26.4206801	7413
br.26.4206900	7414
br.26.4207007	7415
br.26.4207106	7416
br.26.4207205	7417
br.26.4207304	7418
br.26.4207403	7419
br.26.4207502	7420
br.26.4207577	7421
br.26.4207601	7422
br.26.4207650	7423
br.26.4207684	7424
br.26.4207700	7425
br.26.4207759	7426
br.26.4207809	7427
br.26.4207858	7428
br.26.4207908	7429
br.26.4208005	7430
br.26.4208104	7431
br.26.4208203	7432
br.26.4208302	3227
br.26.4208401	7433
br.26.4208450	7434
br.26.4208500	7435
br.26.4208609	7436
br.26.4208708	7437
br.26.4208807	7438
br.26.4208906	7439
br.26.4208955	7440
br.26.4209003	7441
br.26.4209102	7442
br.26.4209151	7443
br.26.4209177	7444
br.26.4209201	7445
br.26.4209300	7446
br.26.4209409	7447
br.26.4209458	7448
br.26.4209508	7449
br.26.4209607	7450
br.26.4209706	7451
br.26.4209805	7452
br.26.4209854	7453
br.26.4209904	7454
br.26.4210001	7455
br.26.4210035	7456
br.26.4210050	7457
br.26.4210100	7458
br.26.4210209	7459
br.26.4210308	7460
br.26.4210407	7461
br.26.4210506	7462
br.26.4210555	7463
br.26.4210605	7464
br.26.4210704	7465
br.26.4210803	7466
br.26.4210852	7467
br.26.4210902	7468
br.26.4211009	7469
br.26.4211058	7470
br.26.4211108	7471
br.26.4211207	7472
br.26.4211256	7473
br.26.4211306	7474
br.26.4211405	7475
br.26.4211454	7476
br.26.4211504	7477
br.26.4211603	7478
br.26.4211652	7479
br.26.4211702	7480
br.26.4211751	7481
br.26.4211801	7482
br.26.4211850	7483
br.26.4211876	7484
br.26.4211892	7485
br.26.4211900	7486
br.26.4212007	7487
br.26.4212056	7488
br.26.4212106	7489
br.26.4212205	7490
br.26.4212239	3406
br.26.4212254	7491
br.26.4212270	3407
br.26.4212304	7492
br.26.4212403	7493
br.26.4212502	7494
br.26.4212601	7495
br.26.4212650	8654
br.26.4212700	7496
br.26.4212809	7497
br.26.4212908	7498
br.26.4213005	7499
br.26.4213104	7500
br.26.4213153	7501
br.26.4213203	7502
br.26.4213302	7503
br.26.4213351	7504
br.26.4213401	7505
br.26.4213500	7506
br.26.4213609	7507
br.26.4213708	7508
br.26.4213807	7509
br.26.4213906	7510
br.26.4214003	7511
br.26.4214102	7512
br.26.4214151	7513
br.26.4214201	7514
br.26.4214300	7515
br.26.4214409	7516
br.26.4214508	8484
br.26.4214607	7517
br.26.4214706	7518
br.26.4214805	7519
br.26.4214904	7520
br.26.4215000	7521
br.26.4215059	7522
br.26.4215075	7523
br.26.4215109	7524
br.26.4215208	7525
br.26.4215307	8485
br.26.4215356	7526
br.26.4215406	7527
br.26.4215455	7528
br.26.4215505	7529
br.26.4215554	7530
br.26.4215604	7531
br.26.4215653	7532
br.26.4215679	7533
br.26.4215687	7534
br.26.4215695	7535
br.26.4215703	7536
br.26.4215752	7537
br.26.4215802	7538
br.26.4215901	7539
br.26.4216008	7540
br.26.4216057	7541
br.26.4216107	7542
br.26.4216206	7543
br.26.4216255	7544
br.26.4216305	7545
br.26.4216354	7546
br.26.4216404	7547
br.26.4216503	7548
br.26.4216602	7549
br.26.4216701	7550
br.26.4216800	7551
br.26.4216909	3408
br.26.4217006	7552
br.26.4217105	7553
br.26.4217154	7554
br.26.4217204	7555
br.26.4217253	7556
br.26.4217303	7557
br.26.4217402	7558
br.26.4217501	7559
br.26.4217550	7560
br.26.4217600	7561
br.26.4217709	7562
br.26.4217758	7563
br.26.4217808	8486
br.26.4217907	7564
br.26.4217956	7565
br.26.4218004	8634
br.26.4218103	7566
br.26.4218202	7567
br.26.4218251	7568
br.26.4218301	7569
br.26.4218350	7570
br.26.4218400	7571
br.26.4218509	7572
br.26.4218608	7573
br.26.4218707	7574
br.26.4218756	7575
br.26.4218806	7576
br.26.4218855	7577
br.26.4218905	7578
br.26.4218954	7579
br.26.4219002	7580
br.26.4219101	7581
br.26.4219150	7582
br.26.4219176	7583
br.26.4219200	7584
br.26.4219309	7585
br.26.4219358	7586
br.26.4219408	7587
br.26.4219507	7588
br.26.4219606	7589
br.26.4219705	7590
br.26.4219853	7591
br.26.4220000	8653
br.27	3069
br.27.3500105	3266
br.27.3500204	6358
br.27.3500303	3265
br.27.3500402	3264
br.27.3500501	6359
br.27.3500550	6360
br.27.3500600	3263
br.27.3500709	3262
br.27.3500758	6361
br.27.3500808	3260
br.27.3500907	6362
br.27.3501004	3259
br.27.3501103	3258
br.27.3501152	6363
br.27.3501202	3257
br.27.3501301	3256
br.27.3501400	3255
br.27.3501509	6364
br.27.3501608	3254
br.27.3501707	6365
br.27.3501806	3253
br.27.3501905	3252
br.27.3502002	3250
br.27.3502101	6366
br.27.3502200	6367
br.27.3502309	6368
br.27.3502408	8604
br.27.3502507	6369
br.27.3502606	6370
br.27.3502705	6371
br.27.3502754	6372
br.27.3502804	6373
br.27.3502903	6374
br.27.3503000	6375
br.27.3503109	6376
br.27.3503158	6377
br.27.3503208	6378
br.27.3503307	6379
br.27.3503356	6380
br.27.3503406	8479
br.27.3503505	6381
br.27.3503604	6382
br.27.3503703	6383
br.27.3503802	6384
br.27.3503901	6385
br.27.3503950	6386
br.27.3504008	3379
br.27.3504107	6387
br.27.3504206	6388
br.27.3504305	6389
br.27.3504404	6390
br.27.3504503	6391
br.27.3504602	6392
br.27.3504701	6393
br.27.3504800	6394
br.27.3504909	6395
br.27.3505005	6396
br.27.3505104	8510
br.27.3505203	6397
br.27.3505302	6398
br.27.3505351	6399
br.27.3505401	6400
br.27.3505500	6401
br.27.3505609	6402
br.27.3505708	6403
br.27.3505807	6404
br.27.3505906	6405
br.27.3506003	6406
br.27.3506102	6407
br.27.3506201	6408
br.27.3506300	6409
br.27.3506359	6410
br.27.3506409	6411
br.27.3506508	6412
br.27.3506607	6413
br.27.3506706	6414
br.27.3506805	6415
br.27.3506904	6416
br.27.3507001	6417
br.27.3507100	6418
br.27.3507159	6419
br.27.3507209	6420
br.27.3507308	6421
br.27.3507407	6422
br.27.3507456	6423
br.27.3507506	6424
br.27.3507605	6425
br.27.3507704	6426
br.27.3507753	6427
br.27.3507803	6428
br.27.3507902	6429
br.27.3508009	6430
br.27.3508108	6431
br.27.3508207	6432
br.27.3508306	6433
br.27.3508405	6434
br.27.3508504	6435
br.27.3508603	6436
br.27.3508702	6437
br.27.3508801	6438
br.27.3508900	6439
br.27.3509007	6440
br.27.3509106	6441
br.27.3509205	6442
br.27.3509254	6443
br.27.3509304	6444
br.27.3509403	6445
br.27.3509452	6446
br.27.3509502	8605
br.27.3509601	3244
br.27.3509700	6447
br.27.3509809	6448
br.27.3509908	6449
br.27.3509957	6450
br.27.3510005	6451
br.27.3510104	6452
br.27.3510153	6453
br.27.3510203	6454
br.27.3510302	6455
br.27.3510401	6456
br.27.3510500	6457
br.27.3510609	6458
br.27.3510708	6459
br.27.3510807	6460
br.27.3510906	6461
br.27.3511003	6462
br.27.3511102	6463
br.27.3511201	6464
br.27.3511300	6465
br.27.3511409	6466
br.27.3511508	6467
br.27.3511607	6468
br.27.3511706	3238
br.27.3511904	6469
br.27.3512001	6470
br.27.3512100	6471
br.27.3512209	6472
br.27.3512308	6473
br.27.3512407	6474
br.27.3512506	8606
br.27.3512605	6475
br.27.3512704	8607
br.27.3512803	6476
br.27.3512902	8608
br.27.3513009	6477
br.27.3513108	6478
br.27.3513207	6479
br.27.3513306	6480
br.27.3513405	6481
br.27.3513504	6482
br.27.3513603	6483
br.27.3513702	6484
br.27.3513801	6485
br.27.3513850	6486
br.27.3513900	3380
br.27.3514007	6487
br.27.3514106	6488
br.27.3514205	6489
br.27.3514304	6490
br.27.3514403	6491
br.27.3514502	6492
br.27.3514601	6493
br.27.3514700	6494
br.27.3514809	6495
br.27.3514908	6496
br.27.3514924	6497
br.27.3514957	6498
br.27.3515004	6499
br.27.3515103	6500
br.27.3515129	6501
br.27.3515152	6502
br.27.3515186	6503
br.27.3515194	6504
br.27.3515202	6505
br.27.3515301	6506
br.27.3515350	6507
br.27.3515400	6508
br.27.3515509	6509
br.27.3515608	6510
br.27.3515657	6511
br.27.3515707	6512
br.27.3515806	6513
br.27.3515905	6514
br.27.3516002	6515
br.27.3516101	6516
br.27.3516200	8609
br.27.3516309	6517
br.27.3516408	6518
br.27.3516507	6519
br.27.3516606	6520
br.27.3516705	8610
br.27.3516804	6521
br.27.3516853	6522
br.27.3516903	6523
br.27.3517000	6524
br.27.3517109	6525
br.27.3517208	6526
br.27.3517307	6527
br.27.3517406	6528
br.27.3517505	6529
br.27.3517604	6530
br.27.3517703	6531
br.27.3517802	3381
br.27.3517901	6532
br.27.3518008	6533
br.27.3518107	6534
br.27.3518206	6535
br.27.3518305	6536
br.27.3518404	6537
br.27.3518503	6538
br.27.3518602	6539
br.27.3518701	6540
br.27.3518800	6541
br.27.3518859	6542
br.27.3518909	6543
br.27.3519006	6544
br.27.3519055	6545
br.27.3519071	6546
br.27.3519105	8480
br.27.3519204	6547
br.27.3519253	6548
br.27.3519303	6549
br.27.3519402	6550
br.27.3519501	6551
br.27.3519600	6552
br.27.3519709	6553
br.27.3519808	6554
br.27.3519907	6555
br.27.3520004	6556
br.27.3520103	3382
br.27.3520202	6557
br.27.3520301	6558
br.27.3520400	6559
br.27.3520426	6560
br.27.3520442	6561
br.27.3520509	6562
br.27.3520608	6563
br.27.3520707	6564
br.27.3520806	6565
br.27.3520905	6566
br.27.3521002	6567
br.27.3521101	6568
br.27.3521150	6569
br.27.3521200	8481
br.27.3521309	6570
br.27.3521408	6571
br.27.3521507	6572
br.27.3521606	6573
br.27.3521705	6574
br.27.3521804	6575
br.27.3521903	6576
br.27.3522000	6577
br.27.3522109	6578
br.27.3522158	6579
br.27.3522208	6580
br.27.3522307	6581
br.27.3522406	6582
br.27.3522505	6583
br.27.3522604	8611
br.27.3522653	6584
br.27.3522703	6585
br.27.3522802	6586
br.27.3522901	6587
br.27.3523008	6588
br.27.3523107	6589
br.27.3523206	6590
br.27.3523305	6591
br.27.3523404	6592
br.27.3523503	6593
br.27.3523602	6594
br.27.3523701	3226
br.27.3523800	6595
br.27.3523909	6596
br.27.3524006	6597
br.27.3524105	6598
br.27.3524204	6599
br.27.3524303	6600
br.27.3524402	6601
br.27.3524501	6602
br.27.3524600	6603
br.27.3524709	6604
br.27.3524808	6605
br.27.3524907	6606
br.27.3525003	6607
br.27.3525102	8612
br.27.3525201	8613
br.27.3525300	6608
br.27.3525409	6609
br.27.3525508	6610
br.27.3525607	6611
br.27.3525706	3383
br.27.3525805	6612
br.27.3525854	6613
br.27.3525904	6614
br.27.3526001	6615
br.27.3526100	6616
br.27.3526209	6617
br.27.3526308	6618
br.27.3526407	6619
br.27.3526506	6620
br.27.3526605	6621
br.27.3526704	6622
br.27.3526803	6623
br.27.3526902	6624
br.27.3527009	3222
br.27.3527108	6625
br.27.3527207	6626
br.27.3527256	6627
br.27.3527306	6628
br.27.3527405	8614
br.27.3527504	6629
br.27.3527603	3384
br.27.3527702	6630
br.27.3527801	3385
br.27.3527900	3386
br.27.3528007	6631
br.27.3528106	6632
br.27.3528205	6633
br.27.3528304	6634
br.27.3528403	6635
br.27.3528502	6636
br.27.3528601	6637
br.27.3528700	6638
br.27.3528809	6639
br.27.3528858	6640
br.27.3528908	6641
br.27.3529005	6642
br.27.3529104	6643
br.27.3529203	6644
br.27.3529302	6645
br.27.3529401	6646
br.27.3529500	6647
br.27.3529609	6648
br.27.3529658	6649
br.27.3529708	6650
br.27.3529807	6651
br.27.3529906	6652
br.27.3530003	6653
br.27.3530102	6654
br.27.3530201	6655
br.27.3530300	6656
br.27.3530409	6657
br.27.3530508	6658
br.27.3530607	6659
br.27.3530706	8615
br.27.3530805	6660
br.27.3530904	6661
br.27.3531001	6662
br.27.3531100	6663
br.27.3531209	6664
br.27.3531308	6665
br.27.3531407	6666
br.27.3531506	6667
br.27.3531605	6668
br.27.3531704	6669
br.27.3531803	6670
br.27.3531902	6671
br.27.3532009	6672
br.27.3532058	6673
br.27.3532108	6674
br.27.3532157	6675
br.27.3532207	6676
br.27.3532306	6677
br.27.3532405	6678
br.27.3532504	6679
br.27.3532603	6680
br.27.3532702	6681
br.27.3532801	6682
br.27.3532827	6683
br.27.3532843	3387
br.27.3532868	3388
br.27.3532900	6684
br.27.3533007	6685
br.27.3533106	6686
br.27.3533205	6687
br.27.3533254	6688
br.27.3533304	6689
br.27.3533403	8616
br.27.3533502	6690
br.27.3533601	6691
br.27.3533700	6692
br.27.3533809	6693
br.27.3533908	6694
br.27.3534005	6695
br.27.3534104	6696
br.27.3534203	6697
br.27.3534302	6698
br.27.3534401	6699
br.27.3534500	6700
br.27.3534609	6701
br.27.3534708	6702
br.27.3534757	6703
br.27.3534807	6704
br.27.3534906	6705
br.27.3535002	6706
br.27.3535101	6707
br.27.3535200	6708
br.27.3535309	6709
br.27.3535408	6710
br.27.3535507	6711
br.27.3535606	6712
br.27.3535705	6713
br.27.3535804	6714
br.27.3535903	6715
br.27.3536000	6716
br.27.3536109	6717
br.27.3536208	6718
br.27.3536257	6719
br.27.3536307	3213
br.27.3536406	6720
br.27.3536505	6721
br.27.3536570	8617
br.27.3536604	6722
br.27.3536703	6723
br.27.3536802	6724
br.27.3536901	6725
br.27.3537008	6726
br.27.3537107	8618
br.27.3537156	6727
br.27.3537206	6728
br.27.3537305	8619
br.27.3537404	6729
br.27.3537503	6730
br.27.3537602	6731
br.27.3537701	6732
br.27.3537800	6733
br.27.3537909	6734
br.27.3538006	6735
br.27.3538105	6736
br.27.3538204	6737
br.27.3538303	6738
br.27.3538501	6739
br.27.3538600	6740
br.27.3538709	8620
br.27.3538808	6741
br.27.3538907	6742
br.27.3539004	6743
br.27.3539103	6744
br.27.3539202	8621
br.27.3539301	6745
br.27.3539400	8622
br.27.3539509	6746
br.27.3539608	6747
br.27.3539707	6748
br.27.3539806	6749
br.27.3539905	6750
br.27.3540002	6751
br.27.3540101	6752
br.27.3540200	6753
br.27.3540259	6754
br.27.3540309	8623
br.27.3540408	6755
br.27.3540507	6756
br.27.3540606	6757
br.27.3540705	6758
br.27.3540754	6759
br.27.3540804	6760
br.27.3540853	6761
br.27.3540903	6762
br.27.3541000	8624
br.27.3541059	6763
br.27.3541109	6764
br.27.3541208	8625
br.27.3541307	6765
br.27.3541406	8626
br.27.3541505	6766
br.27.3541604	6767
br.27.3541653	6768
br.27.3541703	6769
br.27.3541802	6770
br.27.3541901	6771
br.27.3542008	6772
br.27.3542107	6773
br.27.3542206	6774
br.27.3542305	6775
br.27.3542404	6776
br.27.3542503	6777
br.27.3542602	6778
br.27.3542701	6779
br.27.3542800	6780
br.27.3542909	6781
br.27.3543006	6782
br.27.3543105	6783
br.27.3543204	6784
br.27.3543238	6785
br.27.3543253	6786
br.27.3543303	6787
br.27.3543402	6788
br.27.3543501	6789
br.27.3543600	6790
br.27.3543709	6791
br.27.3543808	6792
br.27.3543907	6793
br.27.3544004	6794
br.27.3544103	6795
br.27.3544202	8627
br.27.3544251	6796
br.27.3544301	6797
br.27.3544400	6798
br.27.3544509	6799
br.27.3544608	6800
br.27.3544707	6801
br.27.3544806	8511
br.27.3544905	6802
br.27.3545001	6803
br.27.3545100	6804
br.27.3545159	3389
br.27.3545209	6805
br.27.3545308	6806
br.27.3545407	6807
br.27.3545506	6808
br.27.3545605	6809
br.27.3545704	6810
br.27.3545803	6811
br.27.3546009	6812
br.27.3546108	6813
br.27.3546207	8628
br.27.3546256	6814
br.27.3546306	6815
br.27.3546405	6816
br.27.3546504	6817
br.27.3546603	6818
br.27.3546702	6819
br.27.3546801	6820
br.27.3546900	6821
br.27.3547007	6822
br.27.3547106	6823
br.27.3547205	6824
br.27.3547304	6825
br.27.3547403	6826
br.27.3547502	6827
br.27.3547601	6828
br.27.3547650	6829
br.27.3547700	6830
br.27.3547809	6831
br.27.3547908	6832
br.27.3548005	6833
br.27.3548054	6834
br.27.3548104	6835
br.27.3548203	6836
br.27.3548302	6837
br.27.3548401	6838
br.27.3548500	6839
br.27.3548609	6840
br.27.3548708	8629
br.27.3548807	6841
br.27.3548906	6842
br.27.3549003	8512
br.27.3549102	8630
br.27.3549201	6843
br.27.3549250	6844
br.27.3549300	6845
br.27.3549409	6846
br.27.3549508	6847
br.27.3549607	6848
br.27.3549706	6849
br.27.3549805	6850
br.27.3549904	6851
br.27.3549953	6852
br.27.3550001	6853
br.27.3550100	6854
br.27.3550209	6855
br.27.3550308	8631
br.27.3550407	3200
br.27.3550506	6856
br.27.3550605	6857
br.27.3550704	6858
br.27.3550803	6859
br.27.3550902	6860
br.27.3551009	3199
br.27.3551108	6861
br.27.3551207	6862
br.27.3551306	6863
br.27.3551405	6864
br.27.3551504	6865
br.27.3551603	6866
br.27.3551702	3198
br.27.3551801	6867
br.27.3551900	6868
br.27.3552007	6869
br.27.3552106	6870
br.27.3552205	6871
br.27.3552304	6872
br.27.3552403	6873
br.27.3552502	6874
br.27.3552551	6875
br.27.3552601	6876
br.27.3552700	6877
br.27.3552809	6878
br.27.3552908	6879
br.27.3553005	6880
br.27.3553104	6881
br.27.3553203	6882
br.27.3553302	6883
br.27.3553401	6884
br.27.3553500	6885
br.27.3553609	6886
br.27.3553658	6887
br.27.3553708	6888
br.27.3553807	6889
br.27.3553856	6890
br.27.3553906	6891
br.27.3553955	6892
br.27.3554003	6893
br.27.3554102	6894
br.27.3554201	3195
br.27.3554300	6895
br.27.3554409	6896
br.27.3554508	6897
br.27.3554607	6898
br.27.3554656	6899
br.27.3554706	6900
br.27.3554755	6901
br.27.3554805	6902
br.27.3554904	6903
br.27.3554953	6904
br.27.3555000	6905
br.27.3555109	6906
br.27.3555208	6907
br.27.3555307	6908
br.27.3555356	6909
br.27.3555406	6910
br.27.3555505	6911
br.27.3555604	6912
br.27.3555703	6913
br.27.3555802	6914
br.27.3555901	6915
br.27.3556008	6916
br.27.3556107	6917
br.27.3556206	6918
br.27.3556305	6919
br.27.3556354	6920
br.27.3556404	6921
br.27.3556453	6922
br.27.3556503	6923
br.27.3556602	8632
br.27.3556701	6924
br.27.3556800	6925
br.27.3556909	6926
br.27.3556958	6927
br.27.3557006	6928
br.27.3557105	8633
br.27.3557154	6929
br.27.3557204	6930
br.27.3557303	6931
br.28	3068
br.28.2800100	3251
br.28.2800209	3248
br.28.2800308	4955
br.28.2800407	4956
br.28.2800506	4957
br.28.2800605	4958
br.28.2800670	4959
br.28.2800704	4960
br.28.2801009	3245
br.28.2801108	3242
br.28.2801207	3444
br.28.2801306	4961
br.28.2801405	3240
br.28.2801504	4962
br.28.2801603	3239
br.28.2801702	4963
br.28.2801900	3235
br.28.2802007	4964
br.28.2802106	4965
br.28.2802205	8588
br.28.2802304	3233
br.28.2802403	3232
br.28.2802502	4966
br.28.2802601	8589
br.28.2802700	4967
br.28.2802809	4968
br.28.2802908	4969
br.28.2803005	3229
br.28.2803104	3228
br.28.2803203	4970
br.28.2803302	4971
br.28.2803401	8590
br.28.2803500	3224
br.28.2803609	4972
br.28.2803708	3220
br.28.2803807	4973
br.28.2803906	4974
br.28.2804003	4975
br.28.2804102	4976
br.28.2804201	3217
br.28.2804300	4977
br.28.2804409	3122
br.28.2804458	4978
br.28.2804508	3216
br.28.2804607	3215
br.28.2804706	4979
br.28.2804805	4980
br.28.2804904	8531
br.28.2805000	8591
br.28.2805109	4981
br.28.2805208	3210
br.28.2805307	4982
br.28.2805406	3110
br.28.2805505	3209
br.28.2805604	3108
br.28.2805703	3207
br.28.2805802	3205
br.28.2805901	4983
br.28.2806008	3204
br.28.2806107	4984
br.28.2806206	4985
br.28.2806305	4986
br.28.2806404	4987
br.28.2806503	4988
br.28.2806602	4989
br.28.2806701	4990
br.28.2806800	8592
br.28.2806909	8644
br.28.2807006	8593
br.28.2807105	3197
br.28.2807204	4991
br.28.2807303	4992
br.28.2807402	3194
br.28.2807501	3193
br.28.2807600	4993
br.29	3077
br.29.5200050	8163
br.29.5200100	8164
br.29.5200134	8165
br.29.5200159	8166
br.29.5200175	3423
br.29.5200209	8167
br.29.5200258	8168
br.29.5200308	8169
br.29.5200506	8170
br.29.5200555	8171
br.29.5200605	3424
br.29.5200803	8172
br.29.5200829	8173
br.29.5200852	8174
br.29.5200902	8175
br.29.5201108	8431
br.29.5201207	8176
br.29.5201306	8177
br.29.5201405	8178
br.29.5201454	8179
br.29.5201504	8180
br.29.5201603	8181
br.29.5201702	8182
br.29.5201801	8183
br.29.5202155	8184
br.29.5202353	8185
br.29.5202502	8186
br.29.5202601	3425
br.29.5202809	8187
br.29.5203104	3426
br.29.5203203	8188
br.29.5203302	8189
br.29.5203401	8190
br.29.5203500	8191
br.29.5203559	8192
br.29.5203575	8193
br.29.5203609	8194
br.29.5203807	8195
br.29.5203906	8196
br.29.5203939	8197
br.29.5203962	8198
br.29.5204003	8199
br.29.5204102	8200
br.29.5204201	8201
br.29.5204250	8202
br.29.5204300	8203
br.29.5204409	8204
br.29.5204508	8205
br.29.5204557	8206
br.29.5204607	8207
br.29.5204656	8208
br.29.5204706	8209
br.29.5204805	8210
br.29.5204854	8433
br.29.5204904	8211
br.29.5204953	8212
br.29.5205000	8213
br.29.5205059	8214
br.29.5205109	8215
br.29.5205208	8216
br.29.5205307	8217
br.29.5205406	8428
br.29.5205455	8218
br.29.5205471	3427
br.29.5205497	8219
br.29.5205513	8220
br.29.5205521	8221
br.29.5205703	8222
br.29.5205802	8223
br.29.5205901	8224
br.29.5206206	8225
br.29.5206305	8226
br.29.5206404	8227
br.29.5206503	8228
br.29.5206602	8229
br.29.5206701	8230
br.29.5206800	8231
br.29.5206909	8232
br.29.5207105	8233
br.29.5207253	8234
br.29.5207352	8235
br.29.5207402	8236
br.29.5207501	8237
br.29.5207535	8238
br.29.5207600	8239
br.29.5207808	8240
br.29.5207907	8241
br.29.5208004	8242
br.29.5208103	8243
br.29.5208152	3437
br.29.5208301	3428
br.29.5208400	8244
br.29.5208509	8245
br.29.5208608	8246
br.29.5208707	8247
br.29.5208806	8248
br.29.5208905	8249
br.29.5209101	8250
br.29.5209150	8251
br.29.5209200	8252
br.29.5209291	8253
br.29.5209408	8254
br.29.5209457	8255
br.29.5209606	8256
br.29.5209705	8257
br.29.5209804	8258
br.29.5209903	8259
br.29.5209937	8260
br.29.5209952	8261
br.29.5210000	8262
br.29.5210109	8263
br.29.5210158	8427
br.29.5210208	8264
br.29.5210307	8265
br.29.5210406	8266
br.29.5210562	8267
br.29.5210604	8268
br.29.5210802	8429
br.29.5210901	8269
br.29.5211008	8270
br.29.5211206	8271
br.29.5211305	8272
br.29.5211404	8273
br.29.5211503	8274
br.29.5211602	8275
br.29.5211701	8276
br.29.5211800	8277
br.29.5211909	8278
br.29.5212006	8279
br.29.5212055	8280
br.29.5212105	8281
br.29.5212204	8282
br.29.5212253	8430
br.29.5212303	8283
br.29.5212501	8284
br.29.5212600	8285
br.29.5212709	8286
br.29.5212808	8287
br.29.5212907	8288
br.29.5212956	8289
br.29.5213004	8290
br.29.5213053	8291
br.29.5213087	8292
br.29.5213103	8293
br.29.5213400	8294
br.29.5213509	8295
br.29.5213707	8296
br.29.5213756	8297
br.29.5213772	8298
br.29.5213806	8299
br.29.5213855	8300
br.29.5213905	8301
br.29.5214002	8302
br.29.5214051	8303
br.29.5214101	8304
br.29.5214408	8305
br.29.5214507	8306
br.29.5214606	8307
br.29.5214705	8308
br.29.5214804	8309
br.29.5214838	8310
br.29.5214861	8311
br.29.5214879	8312
br.29.5214903	8313
br.29.5215009	8314
br.29.5215207	8315
br.29.5215231	8316
br.29.5215256	8317
br.29.5215306	8318
br.29.5215405	8319
br.29.5215504	8320
br.29.5215603	8321
br.29.5215652	8322
br.29.5215702	8323
br.29.5215801	8324
br.29.5215900	8325
br.29.5216007	8326
br.29.5216304	8327
br.29.5216403	8328
br.29.5216452	8329
br.29.5216809	8330
br.29.5216908	8331
br.29.5217104	8332
br.29.5217203	8537
br.29.5217302	8333
br.29.5217401	8334
br.29.5217609	8335
br.29.5217708	8336
br.29.5218003	8337
br.29.5218052	8338
br.29.5218102	8339
br.29.5218300	8340
br.29.5218391	8341
br.29.5218508	8342
br.29.5218607	8343
br.29.5218706	8344
br.29.5218789	8345
br.29.5218805	8346
br.29.5218904	8347
br.29.5219001	8348
br.29.5219100	3429
br.29.5219209	8349
br.29.5219258	8350
br.29.5219308	8351
br.29.5219357	8352
br.29.5219407	8353
br.29.5219456	8354
br.29.5219506	8355
br.29.5219605	8356
br.29.5219704	8357
br.29.5219712	8358
br.29.5219738	8359
br.29.5219753	3430
br.29.5219803	3431
br.29.5219902	3432
br.29.5220009	8360
br.29.5220058	8361
br.29.5220108	8362
br.29.5220157	8363
br.29.5220207	8364
br.29.5220264	8365
br.29.5220280	8366
br.29.5220405	8367
br.29.5220454	3433
br.29.5220504	3434
br.29.5220603	8432
br.29.5220686	3435
br.29.5220702	8368
br.29.5221007	8369
br.29.5221080	8370
br.29.5221197	8371
br.29.5221304	8372
br.29.5221403	8373
br.29.5221452	8374
br.29.5221502	8375
br.29.5221551	8376
br.29.5221577	8377
br.29.5221601	8378
br.29.5221700	8379
br.29.5221809	8380
br.29.5221858	8381
br.29.5221908	8382
br.29.5222005	8383
br.29.5222054	8384
br.29.5222203	8385
br.29.5222302	8386
br.30	3061
br.30.2600054	4722
br.30.2600104	4723
br.30.2600203	4724
br.30.2600302	4725
br.30.2600401	4726
br.30.2600500	4727
br.30.2600609	4728
br.30.2600708	4729
br.30.2600807	4730
br.30.2600906	4731
br.30.2601003	4732
br.30.2601052	8519
br.30.2601102	3342
br.30.2601201	4733
br.30.2601300	4734
br.30.2601409	4735
br.30.2601508	4736
br.30.2601607	4737
br.30.2601706	4738
br.30.2601805	4739
br.30.2601904	4740
br.30.2602001	4741
br.30.2602100	4742
br.30.2602209	4743
br.30.2602308	4744
br.30.2602407	4745
br.30.2602506	4746
br.30.2602605	4747
br.30.2602704	8648
br.30.2602803	4748
br.30.2602902	4749
br.30.2603009	4750
br.30.2603108	4751
br.30.2603207	4752
br.30.2603306	4753
br.30.2603405	4754
br.30.2603454	4755
br.30.2603504	4756
br.30.2603603	4757
br.30.2603702	4758
br.30.2603801	4759
br.30.2603900	4760
br.30.2603926	4761
br.30.2604007	4762
br.30.2604106	4763
br.30.2604155	4764
br.30.2604205	4765
br.30.2604304	8530
br.30.2604403	4766
br.30.2604502	4767
br.30.2604601	4768
br.30.2604700	3343
br.30.2604809	4769
br.30.2604908	4770
br.30.2605004	4771
br.30.2605103	4772
br.30.2605152	4773
br.30.2605202	4774
br.30.2605301	4775
br.30.2605400	4776
br.30.2605459	3161
br.30.2605509	8578
br.30.2605608	8500
br.30.2605707	4777
br.30.2605806	4778
br.30.2605905	4779
br.30.2606002	4780
br.30.2606101	4781
br.30.2606200	4782
br.30.2606309	4783
br.30.2606408	4784
br.30.2606507	4785
br.30.2606606	4786
br.30.2606705	4787
br.30.2606804	4788
br.30.2606903	4789
br.30.2607000	4790
br.30.2607109	4791
br.30.2607208	4792
br.30.2607307	4793
br.30.2607406	4794
br.30.2607505	4795
br.30.2607604	4796
br.30.2607653	8539
br.30.2607703	4797
br.30.2607752	4798
br.30.2607802	4799
br.30.2607901	4800
br.30.2607950	4801
br.30.2608008	4802
br.30.2608057	4803
br.30.2608107	4804
br.30.2608206	4805
br.30.2608255	4806
br.30.2608305	4807
br.30.2608404	4808
br.30.2608453	4809
br.30.2608503	4810
br.30.2608602	4811
br.30.2608701	4812
br.30.2608750	4813
br.30.2608800	4814
br.30.2608909	4815
br.30.2609006	4816
br.30.2609105	4817
br.30.2609154	4818
br.30.2609204	4819
br.30.2609303	4820
br.30.2609402	4821
br.30.2609501	4822
br.30.2609600	4823
br.30.2609709	4824
br.30.2609808	4825
br.30.2609907	4826
br.30.2610004	4827
br.30.2610103	4828
br.30.2610202	4829
br.30.2610301	4830
br.30.2610400	4831
br.30.2610509	4832
br.30.2610608	4833
br.30.2610707	8501
br.30.2610806	4834
br.30.2610905	4835
br.30.2611002	4836
br.30.2611101	4837
br.30.2611200	4838
br.30.2611309	4839
br.30.2611408	4840
br.30.2611507	4841
br.30.2611533	4842
br.30.2611606	4843
br.30.2611705	4844
br.30.2611804	4845
br.30.2611903	4846
br.30.2612000	4847
br.30.2612109	4848
br.30.2612208	4849
br.30.2612307	4850
br.30.2612406	4851
br.30.2612455	4852
br.30.2612471	4853
br.30.2612505	4854
br.30.2612554	4855
br.30.2612604	4856
br.30.2612703	4857
br.30.2612802	4858
br.30.2612901	3344
br.30.2613008	4859
br.30.2613107	4860
br.30.2613206	8502
br.30.2613305	4861
br.30.2613404	4862
br.30.2613503	4863
br.30.2613602	4864
br.30.2613701	4865
br.30.2613800	4866
br.30.2613909	4867
br.30.2614006	8540
br.30.2614105	4868
br.30.2614204	4869
br.30.2614303	4870
br.30.2614402	4871
br.30.2614501	4872
br.30.2614600	4873
br.30.2614709	4874
br.30.2614808	4875
br.30.2614857	4876
br.30.2615003	4877
br.30.2615102	4878
br.30.2615201	4879
br.30.2615300	3092
br.30.2615409	4880
br.30.2615508	4881
br.30.2615607	4882
br.30.2615706	4883
br.30.2615805	4884
br.30.2615904	4885
br.30.2616001	4886
br.30.2616100	4887
br.30.2616183	4888
br.30.2616209	4889
br.30.2616308	4890
br.30.2616407	4891
br.30.2616506	4892
br.31	3081
br.31.1700251	3778
br.31.1700301	3779
br.31.1700350	3780
br.31.1700400	3781
br.31.1700707	3782
br.31.1701002	3783
br.31.1701051	3784
br.31.1701101	3785
br.31.1701309	3786
br.31.1701903	3787
br.31.1702000	3788
br.31.1702109	3789
br.31.1702158	3790
br.31.1702208	3791
br.31.1702307	3792
br.31.1702406	3793
br.31.1702554	3794
br.31.1702703	3795
br.31.1702901	3796
br.31.1703008	3797
br.31.1703057	3798
br.31.1703073	3799
br.31.1703107	3800
br.31.1703206	3801
br.31.1703305	3802
br.31.1703602	3803
br.31.1703701	3804
br.31.1703800	3805
br.31.1703826	3806
br.31.1703842	3807
br.31.1703867	3808
br.31.1703883	3809
br.31.1703891	3810
br.31.1703909	3811
br.31.1704105	3812
br.31.1704600	3813
br.31.1705102	3814
br.31.1705508	3815
br.31.1705557	3816
br.31.1705607	3817
br.31.1706001	3818
br.31.1706100	3819
br.31.1706258	3820
br.31.1706506	3821
br.31.1707009	3822
br.31.1707108	3823
br.31.1707207	3824
br.31.1707306	3825
br.31.1707405	3826
br.31.1707553	3827
br.31.1707652	3828
br.31.1707702	3829
br.31.1708205	3830
br.31.1708254	3831
br.31.1708304	3832
br.31.1709005	3833
br.31.1709302	3158
br.31.1709500	3834
br.31.1709807	8525
br.31.1710508	3835
br.31.1710706	3836
br.31.1710904	3837
br.31.1711100	3838
br.31.1711506	3839
br.31.1711803	3840
br.31.1711902	8553
br.31.1711951	3841
br.31.1712009	3842
br.31.1712157	3843
br.31.1712405	3844
br.31.1712454	3845
br.31.1712504	3846
br.31.1712702	3847
br.31.1712801	3848
br.31.1713205	3849
br.31.1713304	3850
br.31.1713601	8462
br.31.1713700	3851
br.31.1713809	3852
br.31.1713957	3853
br.31.1714203	8463
br.31.1714302	3854
br.31.1714880	3855
br.31.1715002	3856
br.31.1715101	3857
br.31.1715150	3858
br.31.1715259	3859
br.31.1715507	3860
br.31.1715705	3861
br.31.1715754	3862
br.31.1716109	3863
br.31.1716208	3864
br.31.1716307	3277
br.31.1716505	3865
br.31.1716604	3866
br.31.1716653	3867
br.31.1716703	3868
br.31.1717008	3869
br.31.1717206	3870
br.31.1717503	3871
br.31.1717800	3872
br.31.1717909	3873
br.31.1718006	3874
br.31.1718204	3875
br.31.1718303	3876
br.31.1718402	8554
br.31.1718451	3877
br.31.1718501	3878
br.31.1718550	3879
br.31.1718659	3880
br.31.1718709	3881
br.31.1718758	3882
br.31.1718808	3883
br.31.1718840	3884
br.31.1718865	3278
br.31.1718881	3279
br.31.1718899	3885
br.31.1718907	3886
br.31.1719004	3887
br.31.1720002	3888
br.31.1720101	3889
br.31.1720150	3890
br.31.1720200	3891
br.31.1720259	3892
br.31.1720309	3893
br.31.1720499	8464
br.31.1720655	3894
br.31.1720804	3895
br.31.1720853	3896
br.31.1720903	3897
br.31.1720937	3898
br.31.1720978	3899
br.31.1721000	3900
br.31.1721109	3901
br.31.1721208	3902
br.31.1721257	3903
br.31.1721307	8555
br.31.1722081	3904
br.31.1722107	3905
bs-ak	8668
bs-bi	8667
bs-bp	8669
bs-by	8658
bs-ce	8672
bs-ci	8666
bs-ck	8673
bs-co	8670
bs-cs	8671
bs-eg	8674
bs-ex	8665
bs-fp	8664
bs-gc	8675
bs-hi	8663
bs-ht	8676
bs-in	8662
bs-li	8661
bs-mc	8677
bs-mg	8660
bs-mi	8678
bs-ne	8681
bs-no	8679
bs-np	8659
bs-ns	8680
bs-rc	8682
bs-ri	8657
bs-sa	8684
bs-se	8685
bs-so	8683
bs-ss	8656
bs-sw	8686
bs-wg	8687
bs.05	8667
bs.06	8666
bs.10	8665
bs.13	8662
bs.15	8661
bs.16	8660
bs.18	8657
bs.22	8663
bs.23	8659
bs.24	8668
bs.25	8664
bs.32	8658
bs.35	8656
bs.36	8669
bs.37	8670
bs.38	8671
bs.39	8672
bs.40	8673
bs.41	8674
bs.42	8675
bs.43	8676
bs.44	8677
bs.45	8678
bs.46	8679
bs.47	8680
bs.48	8681
bs.49	8682
bs.50	8683
bs.51	8684
bs.52	8685
bs.53	8686
bs.54	8687
bt-11	8696
bt-12	8689
bt-13	8693
bt-14	8699
bt-15	8703
bt-21	8691
bt-22	8690
bt-23	8698
bt-24	8705
bt-31	8692
bt-32	8704
bt-33	8688
bt-34	8701
bt-41	8702
bt-42	8695
bt-43	8697
bt-44	8694
bt-45	8700
bt-ga	8706
bt-ty	8707
bt.05	8688
bt.06	8689
bt.06.7647113	8718
bt.06.7647116	8719
bt.06.7647631	8724
bt.07	8691
bt.07.7647804	8728
bt.07.7647805	8729
bt.08	8690
bt.08.7646448	8710
bt.08.7646449	8711
bt.08.7646456	8712
bt.08.7647632	8725
bt.09	8692
bt.10	8693
bt.11	8694
bt.12	8695
bt.13	8696
bt.13.7647816	8733
bt.14	8697
bt.14.7646634	8713
bt.14.7646635	8714
bt.14.7646636	8715
bt.15	8698
bt.16	8699
bt.17	8700
bt.18	8701
bt.18.7647112	8717
bt.18.7647118	8720
bt.18.7647122	8721
bt.18.7647813	8732
bt.19	8702
bt.19.1252424	8708
bt.19.7647111	8716
bt.19.7647125	8722
bt.19.7647130	8723
bt.20	8703
bt.20.11287732	8734
bt.21	8704
bt.21.7647633	8726
bt.21.7647634	8727
bt.22	8705
bt.22.7646447	8709
bt.22.7647808	8730
bt.22.7647809	8731
bt.23	8706
bt.24	8707
bw-ce	8744
bw-ch	8743
bw-fr	8745
bw-ga	8746
bw-gh	8742
bw-jw	8747
bw-kg	8741
bw-kl	8740
bw-kw	8739
bw-lo	8748
bw-ne	8737
bw-nw	8738
bw-se	8736
bw-so	8735
bw-sp	8749
bw-st	8750
bw.01	8744
bw.01.11819282	8757
bw.01.11819291	8766
bw.01.11819294	8769
bw.01.11819295	8770
bw.01.7670706	8753
bw.01.7670708	8754
bw.01.7670709	8755
bw.01.7670710	8756
bw.03	8742
bw.03.11819300	8775
bw.04	8741
bw.04.11819283	8758
bw.04.11819286	8761
bw.04.11819290	8765
bw.05	8740
bw.05.7670705	8752
bw.06	8739
bw.06.11819293	8768
bw.06.11819298	8773
bw.08	8737
bw.08.11819299	8774
bw.09	8736
bw.09.11819287	8762
bw.09.7670702	8751
bw.10	8735
bw.10.11819288	8763
bw.10.11819289	8764
bw.10.11819292	8767
bw.10.11819297	8772
bw.11	8738
bw.11.11819284	8759
bw.11.11819296	8771
bw.12	8743
bw.12.11819285	8760
bw.13	8745
bw.14	8746
bw.15	8747
bw.16	8748
bw.17	8749
bw.18	8750
by-br	8782
by-hm	8779
by-ho	8781
by-hr	8780
by-ma	8777
by-mi	8778
by-vi	8776
by.01	8782
by.01.618911	8785
by.01.621276	8802
by.01.622998	8821
by.01.623548	8824
by.01.625538	8846
by.01.625765	8848
by.01.625820	8849
by.01.627146	8865
by.01.627709	8872
by.01.627799	8875
by.01.627807	8876
by.01.628532	8883
by.01.628882	8888
by.01.629630	8898
by.01.630155	8904
by.01.630420	8908
by.01.828881	8912
by.01.828883	8913
by.02	8781
by.02.618803	8783
by.02.618814	8784
by.02.619597	8788
by.02.620212	8794
by.02.621073	8801
by.02.622738	8818
by.02.622799	8819
by.02.623580	8825
by.02.624197	8833
by.02.624798	8836
by.02.624894	8839
by.02.625906	8850
by.02.626189	8856
by.02.626914	8862
by.02.627360	8870
by.02.627748	8873
by.02.628280	8880
by.02.629017	8890
by.02.629389	8893
by.02.629562	8897
by.02.629645	8900
by.02.828879	8911
by.02.828892	8918
by.02.828894	8919
by.02.828895	8920
by.02.828897	8921
by.02.828898	8922
by.02.828900	8923
by.02.828901	8924
by.03	8780
by.03.618930	8786
by.03.619978	8789
by.03.620067	8791
by.03.621044	8800
by.03.621711	8807
by.03.621752	8810
by.03.622114	8814
by.03.623940	8828
by.03.624062	8830
by.03.624498	8834
by.03.624920	8840
by.03.626079	8853
by.03.626938	8863
by.03.627794	8874
by.03.628034	8877
by.03.628657	8886
by.03.630208	8906
by.03.828847	8910
by.03.828902	8925
by.03.828903	8926
by.03.828904	8927
by.03.828905	8928
by.03.828906	8929
by.04	8779
by.04.619008	8787
by.04.620745	8798
by.04.621599	8805
by.04.623628	8826
by.04.623778	8827
by.04.624196	8832
by.04.624936	8841
by.04.626161	8855
by.04.628577	8884
by.05	8778
by.05.620025	8790
by.05.620178	8793
by.05.620482	8796
by.05.621281	8803
by.05.621460	8804
by.05.621664	8806
by.05.621728	8808
by.05.621740	8809
by.05.622968	8820
by.05.624699	8835
by.05.624858	8837
by.05.625025	8842
by.05.625140	8845
by.05.625717	8847
by.05.625971	8851
by.05.626463	8857
by.05.626951	8864
by.05.627213	8868
by.05.628641	8885
by.05.629270	8891
by.05.629799	8901
by.05.630193	8905
by.05.828907	8930
by.05.828908	8931
by.05.828910	8932
by.05.828913	8933
by.05.828914	8934
by.05.828915	8935
by.05.828916	8936
by.05.829413	8939
by.06	8777
by.06.621846	8811
by.06.622033	8813
by.06.624028	8829
by.06.624891	8838
by.06.625072	8843
by.06.626490	8858
by.06.626545	8859
by.06.626626	8860
by.06.626807	8861
by.06.627199	8866
by.06.627204	8867
by.06.627271	8869
by.06.627380	8871
by.06.628237	8879
by.06.628386	8881
by.06.629346	8892
by.06.629396	8894
by.06.629443	8896
by.06.630046	8902
by.06.630244	8907
by.06.7874038	8940
by.06.828843	8909
by.06.828917	8937
by.06.828919	8938
by.07	8776
by.07.620133	8792
by.07.620254	8795
by.07.620539	8797
by.07.620831	8799
by.07.621985	8812
by.07.622178	8815
by.07.622261	8816
by.07.622691	8817
by.07.623176	8822
by.07.623283	8823
by.07.624077	8831
by.07.625131	8844
by.07.626065	8852
by.07.626141	8854
by.07.628152	8878
by.07.628404	8882
by.07.628789	8887
by.07.629003	8889
by.07.629398	8895
by.07.629639	8899
by.07.630135	8903
by.07.828887	8914
by.07.828888	8915
by.07.828889	8916
by.07.828891	8917
bz-bz	8946
bz-cy	8945
bz-czl	8944
bz-ow	8943
bz-sc	8942
bz-tol	8941
bz.01	8946
bz.02	8945
bz.03	8944
bz.04	8943
bz.04.6942862	8947
bz.05	8942
bz.05.9252696	8948
bz.06	8941
ca-ab	8949
ca-bc	8950
ca-mb	8951
ca-nb	8952
ca-nl	8961
ca-ns	8954
ca-nt	8953
ca-nu	8955
ca-on	8956
ca-pe	8957
ca-qc	8958
ca-sk	8959
ca-yt	8960
ca.01	8949
ca.01.4801003	9072
ca.01.4801006	9542
ca.01.4801008	9053
ca.01.4801009	9754
ca.01.4801014	9604
ca.01.4801018	9608
ca.01.4802001	9064
ca.01.4802002	9725
ca.01.4802004	9629
ca.01.4802006	9774
ca.01.4802008	9635
ca.01.4802009	9757
ca.01.4802011	9055
ca.01.4802012	9543
ca.01.4802013	9609
ca.01.4802014	9713
ca.01.4802016	9744
ca.01.4802018	9586
ca.01.4802019	9551
ca.01.4802021	9302
ca.01.4802022	9640
ca.01.4802023	9777
ca.01.4802029	9568
ca.01.4802031	9057
ca.01.4802034	9562
ca.01.4802036	9619
ca.01.4802038	9701
ca.01.4802039	9672
ca.01.4803001	9021
ca.01.4803002	9673
ca.01.4803003	9172
ca.01.4803004	9670
ca.01.4803006	9798
ca.01.4803008	9799
ca.01.4803011	9296
ca.01.4803014	9671
ca.01.4803016	9575
ca.01.4803018	9305
ca.01.4803019	9598
ca.01.4803021	9546
ca.01.4803022	9599
ca.01.4803024	9595
ca.01.4803026	9589
ca.01.4804001	9284
ca.01.4804004	9422
ca.01.4804006	9794
ca.01.4804011	9659
ca.01.4804012	9423
ca.01.4804014	9603
ca.01.4804016	9758
ca.01.4804019	9759
ca.01.4804020	9424
ca.01.4804021	9760
ca.01.4804022	9761
ca.01.4805001	9484
ca.01.4805002	9717
ca.01.4805004	9762
ca.01.4805006	9615
ca.01.4805008	9764
ca.01.4805009	9765
ca.01.4805011	9665
ca.01.4805012	9496
ca.01.4805018	9605
ca.01.4805019	9746
ca.01.4805021	9763
ca.01.4805022	9735
ca.01.4805026	9623
ca.01.4805031	9435
ca.01.4805034	9614
ca.01.4805036	9617
ca.01.4805038	9626
ca.01.4805041	9197
ca.01.4805042	9736
ca.01.4805044	9737
ca.01.4805046	9738
ca.01.4805048	9579
ca.01.4805049	9574
ca.01.4806001	9290
ca.01.4806006	9668
ca.01.4806008	9797
ca.01.4806009	9674
ca.01.4806011	9675
ca.01.4806012	9678
ca.01.4806014	9299
ca.01.4806016	9540
ca.01.4806017	9571
ca.01.4806019	9613
ca.01.4806021	9550
ca.01.4806022	9553
ca.01.4806024	9748
ca.01.4806026	9554
ca.01.4806028	9280
ca.01.4806029	9600
ca.01.4806031	9646
ca.01.4806032	9596
ca.01.4806034	9563
ca.01.4806036	9661
ca.01.4807001	9297
ca.01.4807002	9616
ca.01.4807004	9557
ca.01.4807006	9739
ca.01.4807008	9752
ca.01.4807011	9058
ca.01.4807012	9581
ca.01.4807014	9621
ca.01.4807016	9632
ca.01.4807019	9059
ca.01.4807021	9642
ca.01.4807022	9766
ca.01.4807024	9767
ca.01.4807026	9602
ca.01.4807027	9703
ca.01.4807028	9694
ca.01.4807029	9730
ca.01.4807031	9111
ca.01.4807032	9753
ca.01.4807036	9801
ca.01.4807038	9802
ca.01.4807039	9685
ca.01.4807042	9686
ca.01.4807044	9679
ca.01.4807046	9745
ca.01.4807048	9688
ca.01.4807049	9303
ca.01.4807051	9803
ca.01.4807052	9804
ca.01.4807054	9689
ca.01.4807056	9805
ca.01.4808001	9363
ca.01.4808002	9792
ca.01.4808004	9793
ca.01.4808005	9731
ca.01.4808006	9658
ca.01.4808008	9666
ca.01.4808009	9667
ca.01.4808011	9569
ca.01.4808012	9590
ca.01.4808013	9705
ca.01.4808022	9201
ca.01.4808023	9706
ca.01.4808024	9591
ca.01.4808025	9707
ca.01.4808026	9592
ca.01.4808027	9693
ca.01.4808028	9676
ca.01.4808029	9593
ca.01.4808031	9559
ca.01.4808032	9776
ca.01.4808034	9778
ca.01.4808038	9344
ca.01.4808039	9641
ca.01.4808042	9639
ca.01.4808044	9633
ca.01.4809002	9035
ca.01.4809005	9734
ca.01.4809010	9800
ca.01.4809015	9684
ca.01.4810001	9052
ca.01.4810002	9625
ca.01.4810003	9768
ca.01.4810004	9769
ca.01.4810006	9770
ca.01.4810009	9743
ca.01.4810011	9558
ca.01.4810012	9771
ca.01.4810014	9772
ca.01.4810016	8984
ca.01.4810018	9611
ca.01.4810019	9610
ca.01.4810021	9780
ca.01.4810022	9565
ca.01.4810026	9056
ca.01.4810028	9580
ca.01.4810031	9749
ca.01.4810034	9755
ca.01.4810036	9063
ca.01.4810038	9756
ca.01.4810039	9556
ca.01.4810041	9781
ca.01.4810042	9631
ca.01.4810044	9782
ca.01.4810046	9779
ca.01.4810048	9062
ca.01.4810051	9742
ca.01.4810052	9584
ca.01.4810056	9620
ca.01.4810058	9214
ca.01.4810059	9784
ca.01.4810061	9637
ca.01.4810062	9785
ca.01.4810064	9638
ca.01.4810066	9618
ca.01.4810068	9169
ca.01.4811001	9065
ca.01.4811002	9572
ca.01.4811003	9687
ca.01.4811004	9733
ca.01.4811005	9721
ca.01.4811006	9722
ca.01.4811007	9544
ca.01.4811008	9695
ca.01.4811009	9696
ca.01.4811011	9570
ca.01.4811012	9224
ca.01.4811013	9573
ca.01.4811016	9560
ca.01.4811018	9627
ca.01.4811019	9628
ca.01.4811020	9719
ca.01.4811021	9775
ca.01.4811022	9723
ca.01.4811023	9716
ca.01.4811024	9660
ca.01.4811026	9773
ca.01.4811031	9630
ca.01.4811032	9001
ca.01.4811034	9325
ca.01.4811038	9699
ca.01.4811039	9700
ca.01.4811041	9702
ca.01.4811042	9712
ca.01.4811044	9714
ca.01.4811045	9751
ca.01.4811046	9783
ca.01.4811048	9588
ca.01.4811049	9561
ca.01.4811052	9446
ca.01.4811056	9566
ca.01.4811059	9448
ca.01.4811061	9541
ca.01.4811062	9545
ca.01.4811064	9601
ca.01.4811065	9582
ca.01.4811066	9583
ca.01.4811068	9643
ca.01.4811069	9644
ca.01.4812002	9576
ca.01.4812004	9287
ca.01.4812009	9669
ca.01.4812011	9682
ca.01.4812012	9750
ca.01.4812013	9732
ca.01.4812014	9060
ca.01.4812016	9555
ca.01.4812018	9564
ca.01.4812020	9698
ca.01.4812022	9417
ca.01.4812024	9740
ca.01.4812026	9741
ca.01.4812029	9624
ca.01.4812037	9538
ca.01.4812038	9806
ca.01.4813001	9203
ca.01.4813002	9577
ca.01.4813003	9680
ca.01.4813005	9710
ca.01.4813006	9711
ca.01.4813007	9709
ca.01.4813008	9690
ca.01.4813009	9692
ca.01.4813010	9681
ca.01.4813011	9677
ca.01.4813012	9747
ca.01.4813013	9697
ca.01.4813014	9552
ca.01.4813015	9597
ca.01.4813016	9715
ca.01.4813017	9718
ca.01.4813018	9051
ca.01.4813019	9606
ca.01.4813028	9304
ca.01.4813029	9514
ca.01.4813030	9634
ca.01.4813031	9547
ca.01.4813032	9786
ca.01.4813033	9607
ca.01.4813036	9061
ca.01.4813044	9050
ca.01.4813045	9720
ca.01.4813046	9549
ca.01.4813047	9726
ca.01.4813048	9650
ca.01.4813049	9727
ca.01.4813051	9728
ca.01.4813053	9729
ca.01.4813055	9708
ca.01.4813057	9683
ca.01.4813061	9691
ca.01.4814003	9518
ca.01.4814019	9594
ca.01.4814024	9548
ca.01.4814028	9171
ca.01.4815007	9539
ca.01.4815013	9181
ca.01.4815015	9285
ca.01.4815023	9587
ca.01.4815027	9704
ca.01.4815030	9724
ca.01.4815032	9173
ca.01.4815033	9180
ca.01.4815035	9647
ca.01.4815037	9168
ca.01.4815045	9298
ca.01.4816037	9511
ca.01.4816051	9170
ca.01.4817021	9645
ca.01.4817024	9578
ca.01.4817026	9312
ca.01.4817027	9286
ca.01.4817029	9651
ca.01.4817031	9294
ca.01.4817033	9292
ca.01.4817039	9795
ca.01.4817062	9288
ca.01.4817064	9796
ca.01.4817076	9293
ca.01.4817078	9652
ca.01.4817093	9653
ca.01.4817095	9425
ca.01.4817097	9654
ca.01.4818002	9648
ca.01.4818005	9649
ca.01.4818015	9291
ca.01.4818018	9636
ca.01.4819006	9054
ca.01.4819008	9789
ca.01.4819009	9612
ca.01.4819011	9622
ca.01.4819012	9567
ca.01.4819014	9655
ca.01.4819038	9662
ca.01.4819041	9300
ca.01.4819042	9663
ca.01.4819044	9790
ca.01.4819046	9585
ca.01.4819048	9787
ca.01.4819049	8993
ca.01.4819054	9301
ca.01.4819056	9791
ca.01.4819058	9664
ca.01.4819059	9399
ca.01.4819066	9289
ca.01.4819068	9656
ca.01.4819071	9295
ca.01.4819072	9788
ca.01.4819074	9657
ca.02	8950
ca.02.5901	9369
ca.02.5903	9367
ca.02.5905	9372
ca.02.5907	9376
ca.02.5909	9116
ca.02.5915	9138
ca.02.5917	9020
ca.02.5919	9066
ca.02.5921	9374
ca.02.5923	9365
ca.02.5924	9533
ca.02.5926	9530
ca.02.5927	9348
ca.02.5929	9452
ca.02.5931	9429
ca.02.5933	9461
ca.02.5935	9368
ca.02.5937	9375
ca.02.5939	9042
ca.02.5941	9022
ca.02.5943	9373
ca.02.5945	9027
ca.02.5947	9415
ca.02.5949	9371
ca.02.5951	9366
ca.02.5953	9370
ca.02.5955	9328
ca.02.5957	9532
ca.02.5959	9531
ca.03	8951
ca.03.11153049	9537
ca.03.12088765	9812
ca.03.12088766	9813
ca.03.12088767	9814
ca.03.12088768	9815
ca.03.12088769	9816
ca.03.12088770	9817
ca.03.5883398	8966
ca.03.5884145	8968
ca.03.5886869	8974
ca.03.5887047	8978
ca.03.5909350	9005
ca.03.5917773	9026
ca.03.5925083	9040
ca.03.5928075	9045
ca.03.5935342	9073
ca.03.5938127	9075
ca.03.5943543	9080
ca.03.5946153	9085
ca.03.5948173	9092
ca.03.5950217	9100
ca.03.5953379	9110
ca.03.5961067	9122
ca.03.5961416	9123
ca.03.5964094	9129
ca.03.5964715	9130
ca.03.5966926	9140
ca.03.5969882	9149
ca.03.5970302	9150
ca.03.5972962	9159
ca.03.5990627	9184
ca.03.5994865	9198
ca.03.6014442	9200
ca.03.6060360	9234
ca.03.6060804	9236
ca.03.6062676	9239
ca.03.6069089	9253
ca.03.6076808	9266
ca.03.6078726	9276
ca.03.6079284	9279
ca.03.6090358	9313
ca.03.6100811	9330
ca.03.6105291	9337
ca.03.6105529	9339
ca.03.6111530	9347
ca.03.6121677	9379
ca.03.6121732	9380
ca.03.6122576	9382
ca.03.6125861	9384
ca.03.6126541	9386
ca.03.6127181	9389
ca.03.6127585	9390
ca.03.6127818	9393
ca.03.6127874	9394
ca.03.6147482	9412
ca.03.6154185	9427
ca.03.6155131	9430
ca.03.6155186	9432
ca.03.6155764	9436
ca.03.6155865	9437
ca.03.6156288	9438
ca.03.6156605	9439
ca.03.6156971	9440
ca.03.6158376	9447
ca.03.6160992	9456
ca.03.6165405	9460
ca.03.6170648	9470
ca.03.6174040	9480
ca.03.6174050	9481
ca.03.6179507	9494
ca.03.6180469	9499
ca.03.6180732	9500
ca.03.6184198	9513
ca.04	8952
ca.04.1301	9401
ca.04.1302	9029
ca.04.1303	9451
ca.04.1304	9358
ca.04.1305	9194
ca.04.1306	8965
ca.04.1307	9493
ca.04.1308	9187
ca.04.1309	9315
ca.04.1310	9519
ca.04.1311	9023
ca.04.1312	9536
ca.04.1313	9535
ca.04.1314	9526
ca.04.1315	9534
ca.05	8961
ca.05.1001105	10307
ca.05.1001113	10308
ca.05.1001120	10406
ca.05.1001126	10427
ca.05.1001131	10309
ca.05.1001136	9105
ca.05.1001140	10429
ca.05.1001144	10431
ca.05.1001149	10433
ca.05.1001169	10411
ca.05.1001174	10409
ca.05.1001178	10310
ca.05.1001181	10410
ca.05.1001186	10434
ca.05.1001192	10432
ca.05.1001197	10319
ca.05.1001207	10428
ca.05.1001219	10437
ca.05.1001225	10438
ca.05.1001228	10435
ca.05.1001240	10320
ca.05.1001254	10439
ca.05.1001263	10321
ca.05.1001267	10436
ca.05.1001270	10442
ca.05.1001274	10322
ca.05.1001277	10444
ca.05.1001281	10445
ca.05.1001285	10447
ca.05.1001289	10448
ca.05.1001298	10449
ca.05.1001308	10440
ca.05.1001312	10450
ca.05.1001316	10451
ca.05.1001325	10453
ca.05.1001328	10327
ca.05.1001332	10441
ca.05.1001335	10456
ca.05.1001343	10454
ca.05.1001347	10457
ca.05.1001352	10458
ca.05.1001361	10455
ca.05.1001365	10328
ca.05.1001370	10459
ca.05.1001375	10460
ca.05.1001379	10330
ca.05.1001385	10461
ca.05.1001394	10407
ca.05.1001396	10462
ca.05.1001409	10316
ca.05.1001426	10464
ca.05.1001429	10466
ca.05.1001434	10467
ca.05.1001437	10317
ca.05.1001446	9002
ca.05.1001456	10318
ca.05.1001461	10331
ca.05.1001464	10469
ca.05.1001469	10332
ca.05.1001472	10333
ca.05.1001485	10334
ca.05.1001494	10412
ca.05.1001504	10413
ca.05.1001505	10414
ca.05.1001507	10415
ca.05.1001509	10470
ca.05.1001511	10329
ca.05.1001512	10471
ca.05.1001517	10473
ca.05.1001519	10335
ca.05.1001542	10468
ca.05.1001551	10446
ca.05.1001557	10323
ca.05.1001559	10324
ca.05.1002002	10452
ca.05.1002005	10325
ca.05.1002008	10326
ca.05.1002011	10474
ca.05.1002012	10311
ca.05.1002013	10476
ca.05.1002014	10314
ca.05.1002015	10463
ca.05.1002017	10477
ca.05.1002018	10336
ca.05.1002019	10478
ca.05.1002021	10480
ca.05.1002023	10475
ca.05.1002024	10312
ca.05.1002025	10313
ca.05.1002027	10482
ca.05.1002030	10338
ca.05.1002033	10483
ca.05.1002034	10337
ca.05.1002036	10484
ca.05.1002037	10485
ca.05.1002039	10486
ca.05.1002040	10487
ca.05.1002041	10488
ca.05.1002055	10490
ca.05.1003002	10492
ca.05.1003003	10343
ca.05.1003004	10493
ca.05.1003005	10491
ca.05.1003008	10341
ca.05.1003010	10430
ca.05.1003011	10315
ca.05.1003012	10443
ca.05.1003018	10479
ca.05.1003019	10496
ca.05.1003020	10494
ca.05.1003026	10498
ca.05.1003028	10344
ca.05.1003032	10345
ca.05.1003033	10346
ca.05.1003034	10347
ca.05.1003045	10499
ca.05.1004013	10348
ca.05.1004017	10495
ca.05.1004018	10417
ca.05.1004019	10418
ca.05.1004020	10500
ca.05.1004021	10349
ca.05.1004033	9019
ca.05.1004037	10497
ca.05.1004042	10503
ca.05.1005004	10350
ca.05.1005005	10351
ca.05.1005006	10352
ca.05.1005008	10502
ca.05.1005009	10505
ca.05.1005011	10506
ca.05.1005012	10507
ca.05.1005014	10353
ca.05.1005015	10509
ca.05.1005017	10510
ca.05.1005018	10354
ca.05.1005020	10420
ca.05.1005022	10512
ca.05.1005023	10422
ca.05.1005024	10419
ca.05.1005025	10501
ca.05.1005028	10504
ca.05.1005030	10513
ca.05.1005033	10465
ca.05.1005035	10514
ca.05.1006003	10515
ca.05.1006009	10516
ca.05.1006011	10517
ca.05.1006012	10508
ca.05.1006015	10519
ca.05.1006017	10520
ca.05.1006019	10521
ca.05.1006021	10518
ca.05.1006022	10523
ca.05.1006026	10423
ca.05.1006028	10358
ca.05.1006031	10472
ca.05.1007013	10524
ca.05.1007015	10525
ca.05.1007016	10526
ca.05.1007020	10527
ca.05.1007022	10360
ca.05.1007023	10361
ca.05.1007025	10529
ca.05.1007026	10530
ca.05.1007027	10531
ca.05.1007032	10532
ca.05.1007036	10534
ca.05.1007037	10528
ca.05.1007039	10535
ca.05.1007040	10536
ca.05.1007041	10538
ca.05.1007042	10540
ca.05.1007043	10537
ca.05.1007044	10362
ca.05.1007046	10363
ca.05.1007047	10364
ca.05.1007048	10365
ca.05.1007049	10366
ca.05.1007050	10367
ca.05.1007054	10541
ca.05.1007057	10368
ca.05.1007060	10369
ca.05.1007067	10481
ca.05.1008004	10416
ca.05.1008006	10339
ca.05.1008011	10542
ca.05.1008024	10370
ca.05.1008029	10371
ca.05.1008032	10372
ca.05.1008033	10373
ca.05.1008035	9472
ca.05.1008037	10543
ca.05.1008038	10545
ca.05.1008039	10374
ca.05.1008040	10546
ca.05.1008043	10376
ca.05.1008044	10340
ca.05.1008045	10547
ca.05.1008047	10377
ca.05.1008048	10378
ca.05.1008049	10548
ca.05.1008053	10379
ca.05.1008054	10380
ca.05.1008055	10381
ca.05.1008056	10382
ca.05.1008059	10383
ca.05.1008060	10549
ca.05.1008061	10384
ca.05.1008062	10385
ca.05.1008063	10489
ca.05.1008064	10342
ca.05.1008066	10550
ca.05.1008069	10551
ca.05.1008070	10552
ca.05.1008071	10386
ca.05.1008072	10387
ca.05.1008073	10553
ca.05.1008075	10388
ca.05.1008076	10389
ca.05.1008077	10554
ca.05.1008078	10390
ca.05.1008079	10391
ca.05.1008091	10555
ca.05.1008092	10392
ca.05.1008093	10557
ca.05.1008095	10558
ca.05.1008096	10559
ca.05.1008098	10511
ca.05.1008099	10421
ca.05.1009004	10355
ca.05.1009007	10356
ca.05.1009008	10357
ca.05.1009010	10556
ca.05.1009011	10522
ca.05.1009012	10560
ca.05.1009013	9387
ca.05.1009015	10393
ca.05.1009016	10394
ca.05.1009017	10562
ca.05.1009018	10395
ca.05.1009019	10396
ca.05.1009020	10424
ca.05.1009022	10359
ca.05.1009023	10533
ca.05.1009024	10563
ca.05.1009026	10397
ca.05.1009028	10398
ca.05.1009029	10399
ca.05.1009030	10544
ca.05.1009032	10375
ca.05.1009034	10564
ca.05.1009035	10400
ca.05.1009037	10565
ca.05.1009039	10566
ca.05.1009042	10561
ca.05.1009048	10567
ca.05.1010002	10401
ca.05.1010003	10426
ca.05.1010004	10568
ca.05.1010005	10570
ca.05.1010006	10571
ca.05.1010007	10572
ca.05.1010009	10573
ca.05.1010010	10402
ca.05.1010011	10403
ca.05.1010012	10574
ca.05.1010013	10575
ca.05.1010022	10576
ca.05.1010025	10405
ca.05.1010032	10569
ca.05.1010034	10577
ca.05.1011010	10425
ca.05.1011015	10404
ca.05.1011020	10539
ca.05.1011030	10578
ca.05.1011035	10408
ca.07	8954
ca.07.1201	9409
ca.07.1202	9517
ca.07.1203	9076
ca.07.1204	9357
ca.07.1205	8969
ca.07.1206	9238
ca.07.1207	9193
ca.07.1208	9151
ca.07.1209	9146
ca.07.1210	9039
ca.07.1211	9068
ca.07.1212	9336
ca.07.1213	9143
ca.07.1214	8971
ca.07.1215	9178
ca.07.1216	9381
ca.07.1217	9018
ca.07.1218	9479
ca.08	8956
ca.08.3501	9475
ca.08.3502	9474
ca.08.3506	9529
ca.08.3507	9473
ca.08.3509	9215
ca.08.3510	9118
ca.08.3511	9225
ca.08.3512	9156
ca.08.3513	9354
ca.08.3514	9316
ca.08.3515	9334
ca.08.3516	9182
ca.08.3518	9083
ca.08.3519	9520
ca.08.3520	9527
ca.08.3521	9329
ca.08.3522	9079
ca.08.3523	9491
ca.08.3524	9147
ca.08.3525	9148
ca.08.3526	9308
ca.08.3528	9144
ca.08.3529	8999
ca.08.3530	9487
ca.08.3531	9333
ca.08.3532	9322
ca.08.3534	9090
ca.08.3536	9030
ca.08.3537	9097
ca.08.3538	9213
ca.08.3539	9261
ca.08.3540	9166
ca.08.3541	9008
ca.08.3542	9139
ca.08.3543	9414
ca.08.3544	9306
ca.08.3546	9145
ca.08.3547	9377
ca.08.3548	9310
ca.08.3549	9326
ca.08.3551	9241
ca.08.3552	9449
ca.08.3553	9450
ca.08.3554	9464
ca.08.3556	9038
ca.08.3557	8967
ca.08.3558	9463
ca.08.3559	9359
ca.08.3560	9186
ca.09	8957
ca.09.1101	9192
ca.09.1102	9356
ca.09.1103	9352
ca.10	8958
ca.10.01	9521
ca.10.02	9400
ca.10.03	9522
ca.10.04	9250
ca.10.05	9099
ca.10.06	9269
ca.10.07	9321
ca.10.08	8964
ca.10.09	9048
ca.10.10	9523
ca.10.11	9524
ca.10.12	9525
ca.10.13	9221
ca.10.14	9216
ca.10.15	9219
ca.10.16	9267
ca.10.17	9528
ca.10.18	9818
ca.11	8959
ca.11.4701001	8975
ca.11.4701002	10097
ca.11.4701004	10098
ca.11.4701006	9283
ca.11.4701008	9880
ca.11.4701011	9095
ca.11.4701012	10095
ca.11.4701014	9878
ca.11.4701016	9037
ca.11.4701017	10101
ca.11.4701018	10102
ca.11.4701019	10103
ca.11.4701021	9909
ca.11.4701022	9098
ca.11.4701024	9973
ca.11.4701027	8987
ca.11.4701031	9007
ca.11.4701032	9886
ca.11.4701036	9271
ca.11.4701037	9870
ca.11.4701039	9360
ca.11.4701041	10105
ca.11.4701043	9443
ca.11.4701044	10032
ca.11.4701047	8972
ca.11.4701049	9910
ca.11.4701053	9273
ca.11.4701054	10134
ca.11.4701056	9887
ca.11.4701058	9004
ca.11.4701059	9888
ca.11.4701061	10106
ca.11.4701063	9457
ca.11.4701064	10107
ca.11.4701066	9889
ca.11.4701067	10063
ca.11.4701069	9127
ca.11.4701072	9158
ca.11.4701076	9489
ca.11.4701077	10108
ca.11.4701078	9890
ca.11.4701079	10109
ca.11.4701091	9486
ca.11.4701094	9249
ca.11.4701096	10135
ca.11.4701098	10136
ca.11.4702001	9014
ca.11.4702002	10139
ca.11.4702006	9419
ca.11.4702008	10140
ca.11.4702011	9206
ca.11.4702014	9453
ca.11.4702016	9996
ca.11.4702018	9153
ca.11.4702023	9838
ca.11.4702024	8986
ca.11.4702026	9459
ca.11.4702028	10012
ca.11.4702029	9220
ca.11.4702031	9830
ca.11.4702033	9229
ca.11.4702036	10013
ca.11.4702037	9071
ca.11.4702038	10014
ca.11.4702039	9824
ca.11.4702041	10015
ca.11.4702042	9141
ca.11.4702044	9495
ca.11.4702047	9969
ca.11.4702048	10023
ca.11.4702051	9006
ca.11.4702052	9317
ca.11.4702054	10122
ca.11.4702057	9189
ca.11.4702058	9898
ca.11.4702061	9091
ca.11.4702062	10123
ca.11.4702066	9013
ca.11.4702067	9899
ca.11.4702069	9406
ca.11.4702071	9986
ca.11.4702072	9875
ca.11.4702073	9492
ca.11.4702076	9108
ca.11.4702077	10085
ca.11.4702078	10086
ca.11.4702079	10066
ca.11.4703001	9155
ca.11.4703004	9895
ca.11.4703006	9345
ca.11.4703009	9914
ca.11.4703011	9319
ca.11.4703012	10146
ca.11.4703016	9125
ca.11.4703018	9242
ca.11.4703019	10087
ca.11.4703022	9488
ca.11.4703026	9503
ca.11.4703028	9915
ca.11.4703029	9101
ca.11.4703034	9210
ca.11.4703036	9876
ca.11.4703038	9442
ca.11.4703041	10008
ca.11.4703042	9515
ca.11.4703044	9837
ca.11.4703048	9338
ca.11.4703051	10018
ca.11.4703052	10019
ca.11.4703054	8979
ca.11.4703058	9841
ca.11.4703059	9498
ca.11.4703061	10030
ca.11.4703062	10031
ca.11.4703064	9124
ca.11.4703068	9135
ca.11.4703071	9877
ca.11.4703074	9454
ca.11.4703092	9912
ca.11.4703093	9207
ca.11.4703096	9458
ca.11.4704002	10104
ca.11.4704003	9477
ca.11.4704006	9230
ca.11.4704008	10093
ca.11.4704009	10094
ca.11.4704011	9119
ca.11.4704012	10096
ca.11.4704019	9378
ca.11.4704021	10076
ca.11.4704024	9501
ca.11.4704026	9916
ca.11.4704028	9508
ca.11.4704029	9994
ca.11.4704034	9134
ca.11.4704036	9902
ca.11.4704038	8976
ca.11.4704045	9244
ca.11.4704048	9917
ca.11.4704050	9335
ca.11.4704054	9024
ca.11.4704058	8998
ca.11.4704061	9202
ca.11.4705001	9275
ca.11.4705002	9918
ca.11.4705004	9920
ca.11.4705007	9248
ca.11.4705009	9921
ca.11.4705011	9413
ca.11.4705014	9195
ca.11.4705016	9919
ca.11.4705018	9032
ca.11.4705019	10150
ca.11.4705021	9991
ca.11.4705024	9849
ca.11.4705027	9509
ca.11.4705028	9087
ca.11.4705029	9879
ca.11.4705031	9884
ca.11.4705033	9505
ca.11.4705034	9885
ca.11.4705037	9385
ca.11.4705038	9891
ca.11.4705041	9428
ca.11.4705042	10110
ca.11.4705043	10141
ca.11.4705044	10142
ca.11.4705047	9217
ca.11.4705048	9922
ca.11.4705049	10151
ca.11.4705050	10254
ca.11.4705051	9106
ca.11.4705052	9923
ca.11.4705053	10152
ca.11.4705054	10153
ca.11.4705055	10252
ca.11.4705056	10137
ca.11.4705057	9136
ca.11.4705058	10143
ca.11.4705059	10147
ca.11.4705060	10260
ca.11.4705061	10022
ca.11.4705062	10148
ca.11.4705063	9255
ca.11.4705064	10149
ca.11.4705066	9913
ca.11.4705067	9433
ca.11.4705068	10144
ca.11.4705069	10145
ca.11.4705071	10127
ca.11.4705073	9016
ca.11.4705074	9974
ca.11.4705077	9402
ca.11.4705078	9892
ca.11.4705079	9893
ca.11.4705093	9033
ca.11.4705094	9855
ca.11.4705096	10075
ca.11.4706001	9268
ca.11.4706002	10088
ca.11.4706003	10089
ca.11.4706004	9115
ca.11.4706006	10090
ca.11.4706007	10111
ca.11.4706008	10039
ca.11.4706009	9854
ca.11.4706011	9205
ca.11.4706013	9000
ca.11.4706014	10154
ca.11.4706016	9362
ca.11.4706017	9926
ca.11.4706018	9995
ca.11.4706019	9997
ca.11.4706021	9331
ca.11.4706022	10045
ca.11.4706023	9862
ca.11.4706026	9411
ca.11.4706027	9975
ca.11.4706028	9928
ca.11.4706029	9086
ca.11.4706030	9924
ca.11.4706031	9925
ca.11.4706032	9822
ca.11.4706033	10000
ca.11.4706034	9420
ca.11.4706036	9825
ca.11.4706037	10002
ca.11.4706038	9174
ca.11.4706039	9826
ca.11.4706041	9827
ca.11.4706042	8963
ca.11.4706045	10263
ca.11.4706046	10131
ca.11.4706047	9905
ca.11.4706048	9314
ca.11.4706049	10133
ca.11.4706050	10267
ca.11.4706051	9929
ca.11.4706052	10253
ca.11.4706053	9237
ca.11.4706054	10072
ca.11.4706055	10073
ca.11.4706056	9866
ca.11.4706057	10255
ca.11.4706058	9867
ca.11.4706059	9081
ca.11.4706060	10256
ca.11.4706061	10116
ca.11.4706062	10021
ca.11.4706063	9403
ca.11.4706064	10124
ca.11.4706065	10261
ca.11.4706067	10126
ca.11.4706068	10057
ca.11.4706069	10264
ca.11.4706070	9231
ca.11.4706071	9254
ca.11.4706072	10266
ca.11.4706073	10155
ca.11.4706074	9927
ca.11.4706075	10268
ca.11.4706076	10269
ca.11.4706077	10158
ca.11.4706078	10159
ca.11.4706079	10160
ca.11.4706080	10265
ca.11.4706081	10250
ca.11.4706082	10251
ca.11.4706085	10257
ca.11.4706091	9069
ca.11.4706092	9868
ca.11.4706093	10077
ca.11.4706094	9869
ca.11.4706096	9227
ca.11.4706097	10161
ca.11.4706098	10078
ca.11.4706099	9469
ca.11.4707001	8980
ca.11.4707004	9161
ca.11.4707006	9388
ca.11.4707008	10156
ca.11.4707011	9408
ca.11.4707012	10157
ca.11.4707014	9222
ca.11.4707016	10162
ca.11.4707018	9049
ca.11.4707020	10270
ca.11.4707021	9102
ca.11.4707022	10079
ca.11.4707023	10065
ca.11.4707024	9278
ca.11.4707026	9871
ca.11.4707027	9872
ca.11.4707028	10080
ca.11.4707029	9028
ca.11.4707031	10081
ca.11.4707032	9497
ca.11.4707034	10163
ca.11.4707036	9025
ca.11.4707037	10164
ca.11.4707038	9272
ca.11.4707039	9976
ca.11.4707042	9246
ca.11.4707043	10165
ca.11.4707044	10166
ca.11.4707045	10271
ca.11.4707047	9103
ca.11.4707048	10167
ca.11.4707049	10168
ca.11.4707051	10258
ca.11.4707053	9094
ca.11.4707054	9873
ca.11.4707058	9015
ca.11.4707059	10082
ca.11.4707062	9989
ca.11.4707063	9482
ca.11.4707066	9191
ca.11.4707067	9046
ca.11.4707068	10259
ca.11.4707071	9243
ca.11.4707072	10169
ca.11.4707074	10272
ca.11.4707076	9167
ca.11.4707077	10170
ca.11.4707091	9067
ca.11.4707092	9930
ca.11.4707093	10171
ca.11.4708001	9455
ca.11.4708004	9977
ca.11.4708006	9490
ca.11.4708008	10083
ca.11.4708009	9142
ca.11.4708011	9874
ca.11.4708012	10084
ca.11.4708016	8992
ca.11.4708018	10174
ca.11.4708021	9096
ca.11.4708022	10175
ca.11.4708024	9114
ca.11.4708026	10177
ca.11.4708028	9340
ca.11.4708029	10178
ca.11.4708031	9383
ca.11.4708032	9931
ca.11.4708034	10179
ca.11.4708036	10180
ca.11.4708038	9404
ca.11.4708039	10181
ca.11.4708042	9199
ca.11.4708044	9932
ca.11.4708046	9264
ca.11.4708048	10099
ca.11.4708049	10176
ca.11.4708053	9036
ca.11.4708054	10182
ca.11.4708056	9152
ca.11.4708057	10001
ca.11.4708058	9831
ca.11.4708059	10009
ca.11.4708061	9074
ca.11.4708062	9832
ca.11.4708065	9031
ca.11.4708068	9833
ca.11.4708071	9307
ca.11.4708074	9418
ca.11.4708076	9834
ca.11.4708092	9265
ca.11.4708094	9835
ca.11.4709001	9012
ca.11.4709002	10010
ca.11.4709006	9485
ca.11.4709009	10117
ca.11.4709011	9320
ca.11.4709012	9978
ca.11.4709014	10011
ca.11.4709016	9836
ca.11.4709019	9121
ca.11.4709023	9175
ca.11.4709024	10172
ca.11.4709028	10173
ca.11.4709029	9128
ca.11.4709032	9823
ca.11.4709033	9416
ca.11.4709037	9047
ca.11.4709038	10183
ca.11.4709039	9933
ca.11.4709042	9445
ca.11.4709044	10184
ca.11.4709046	9188
ca.11.4709049	9009
ca.11.4709053	10185
ca.11.4709054	9177
ca.11.4709056	10186
ca.11.4709058	10187
ca.11.4709060	9157
ca.11.4709061	10003
ca.11.4709062	9351
ca.11.4709064	9896
ca.11.4709065	10114
ca.11.4709066	9897
ca.11.4709067	9034
ca.11.4709069	10188
ca.11.4709071	10189
ca.11.4709072	9935
ca.11.4709075	9228
ca.11.4709076	10190
ca.11.4710002	10118
ca.11.4710003	9179
ca.11.4710004	9937
ca.11.4710008	9183
ca.11.4710009	10120
ca.11.4710011	10121
ca.11.4710014	9467
ca.11.4710022	10062
ca.11.4710024	9282
ca.11.4710027	9819
ca.11.4710028	9992
ca.11.4710029	9993
ca.11.4710031	9093
ca.11.4710034	10236
ca.11.4710035	10238
ca.11.4710036	9113
ca.11.4710038	9844
ca.11.4710041	9089
ca.11.4710043	10191
ca.11.4710046	8990
ca.11.4710047	9903
ca.11.4710052	9350
ca.11.4710054	10112
ca.11.4710056	9226
ca.11.4710058	9845
ca.11.4710061	9211
ca.11.4710062	9934
ca.11.4710064	10194
ca.11.4710066	9212
ca.11.4710068	9938
ca.11.4710071	9405
ca.11.4710072	10193
ca.11.4711002	10129
ca.11.4711003	9218
ca.11.4711004	9936
ca.11.4711006	8988
ca.11.4711007	10262
ca.11.4711008	9904
ca.11.4711009	10130
ca.11.4711011	8977
ca.11.4711014	9940
ca.11.4711016	9502
ca.11.4711018	9233
ca.11.4711019	10047
ca.11.4711021	10115
ca.11.4711022	10192
ca.11.4711024	10119
ca.11.4711026	9398
ca.11.4711027	9942
ca.11.4711028	10196
ca.11.4711029	9987
ca.11.4711031	9391
ca.11.4711032	9820
ca.11.4711034	9252
ca.11.4711036	10195
ca.11.4711038	10054
ca.11.4711039	9512
ca.11.4711041	10197
ca.11.4711042	9516
ca.11.4711044	9906
ca.11.4711046	9476
ca.11.4711048	10067
ca.11.4711049	9908
ca.11.4711052	9277
ca.11.4711053	9939
ca.11.4711054	10244
ca.11.4711056	9998
ca.11.4711058	9999
ca.11.4711059	9235
ca.11.4711060	10245
ca.11.4711061	9082
ca.11.4711063	9856
ca.11.4711064	10241
ca.11.4711065	9044
ca.11.4711066	9979
ca.11.4711067	9848
ca.11.4711068	9970
ca.11.4711069	8997
ca.11.4711070	9971
ca.11.4711071	10056
ca.11.4711072	9863
ca.11.4711073	9864
ca.11.4711075	9850
ca.11.4711076	9041
ca.11.4711077	10070
ca.11.4711078	10071
ca.11.4711079	9865
ca.11.4711091	9483
ca.11.4711092	10091
ca.11.4711094	10092
ca.11.4711096	9510
ca.11.4712001	9342
ca.11.4712004	9431
ca.11.4712006	9943
ca.11.4712008	9851
ca.11.4712011	9262
ca.11.4712012	10198
ca.11.4712014	10199
ca.11.4712016	10200
ca.11.4712019	10201
ca.11.4712020	9107
ca.11.4712022	10040
ca.11.4712026	9270
ca.11.4712029	9154
ca.11.4712031	10041
ca.11.4712032	10042
ca.11.4712034	9247
ca.11.4712038	9281
ca.11.4712042	8989
ca.11.4712046	9946
ca.11.4712050	9332
ca.11.4712051	10202
ca.11.4712052	10203
ca.11.4712054	9478
ca.11.4712056	9852
ca.11.4712058	10043
ca.11.4712059	9853
ca.11.4712064	9084
ca.11.4712069	9126
ca.11.4712072	9392
ca.11.4712078	8982
ca.11.4712079	9947
ca.11.4713002	10048
ca.11.4713004	10049
ca.11.4713006	9190
ca.11.4713008	9941
ca.11.4713009	9988
ca.11.4713011	9263
ca.11.4713014	10206
ca.11.4713016	8970
ca.11.4713019	9349
ca.11.4713021	10100
ca.11.4713022	9985
ca.11.4713024	9318
ca.11.4713026	10038
ca.11.4713028	9507
ca.11.4713029	10046
ca.11.4713031	10052
ca.11.4713032	9131
ca.11.4713038	9245
ca.11.4713039	10055
ca.11.4713041	9355
ca.11.4713042	9949
ca.11.4713044	9945
ca.11.4713046	9160
ca.11.4713049	9104
ca.11.4713051	9944
ca.11.4713053	10205
ca.11.4713054	10074
ca.11.4713056	9133
ca.11.4713059	9468
ca.11.4713062	9951
ca.11.4713064	9364
ca.11.4713067	10208
ca.11.4713068	9011
ca.11.4713069	9952
ca.11.4713072	9397
ca.11.4713074	9953
ca.11.4713076	9407
ca.11.4713078	10210
ca.11.4713079	9240
ca.11.4713091	10211
ca.11.4713092	9162
ca.11.4713094	10207
ca.11.4713096	9070
ca.11.4713098	9948
ca.11.4714001	9164
ca.11.4714004	9950
ca.11.4714006	9346
ca.11.4714007	9956
ca.11.4714009	10212
ca.11.4714021	9185
ca.11.4714022	9821
ca.11.4714023	9343
ca.11.4714024	9957
ca.11.4714025	10213
ca.11.4714026	9421
ca.11.4714028	10214
ca.11.4714030	10215
ca.11.4714032	9958
ca.11.4714034	8981
ca.11.4714035	9341
ca.11.4714036	10204
ca.11.4714038	8995
ca.11.4714039	10216
ca.11.4714041	10217
ca.11.4714043	9465
ca.11.4714044	9954
ca.11.4714047	9434
ca.11.4714048	10209
ca.11.4714049	9955
ca.11.4714051	9980
ca.11.4714053	9504
ca.11.4714056	9043
ca.11.4714058	10064
ca.11.4714059	8973
ca.11.4714061	10024
ca.11.4714062	9842
ca.11.4714067	9274
ca.11.4714068	10239
ca.11.4714069	9843
ca.11.4714072	9309
ca.11.4714073	10025
ca.11.4714074	10026
ca.11.4714076	9901
ca.11.4714077	9466
ca.11.4714079	10033
ca.11.4714091	10036
ca.11.4714092	9857
ca.11.4714093	10007
ca.11.4715001	9444
ca.11.4715002	10220
ca.11.4715003	10221
ca.11.4715004	10218
ca.11.4715005	10219
ca.11.4715006	10053
ca.11.4715007	9165
ca.11.4715008	9972
ca.11.4715011	8983
ca.11.4715012	9907
ca.11.4715014	9132
ca.11.4715016	10004
ca.11.4715017	9828
ca.11.4715018	8962
ca.11.4715019	9881
ca.11.4715026	9204
ca.11.4715027	9882
ca.11.4715028	9883
ca.11.4715029	10068
ca.11.4715031	9395
ca.11.4715032	9894
ca.11.4715034	9829
ca.11.4715036	9109
ca.11.4715038	10113
ca.11.4715039	9163
ca.11.4715041	9900
ca.11.4715042	9911
ca.11.4715043	10240
ca.11.4715044	9462
ca.11.4715045	10027
ca.11.4715046	10028
ca.11.4715047	10029
ca.11.4715048	9209
ca.11.4715049	9959
ca.11.4715051	9112
ca.11.4715052	10223
ca.11.4715054	9176
ca.11.4715057	9441
ca.11.4715059	10224
ca.11.4715061	9078
ca.11.4715062	9960
ca.11.4715064	9353
ca.11.4715066	9968
ca.11.4715067	8994
ca.11.4715068	9961
ca.11.4715070	10246
ca.11.4715071	9196
ca.11.4715072	10044
ca.11.4715074	9858
ca.11.4715075	9208
ca.11.4715076	10225
ca.11.4715079	9120
ca.11.4715085	10226
ca.11.4715091	9990
ca.11.4715092	10227
ca.11.4715094	9010
ca.11.4715098	10228
ca.11.4715099	9323
ca.11.4716002	10125
ca.11.4716003	10128
ca.11.4716004	10132
ca.11.4716005	9251
ca.11.4716008	9137
ca.11.4716009	9962
ca.11.4716011	10229
ca.11.4716013	8996
ca.11.4716014	10222
ca.11.4716016	9839
ca.11.4716018	9361
ca.11.4716019	10016
ca.11.4716022	9840
ca.11.4716023	9077
ca.11.4716024	10069
ca.11.4716026	10138
ca.11.4716028	9311
ca.11.4716029	9981
ca.11.4716033	9396
ca.11.4716038	9258
ca.11.4716041	9223
ca.11.4716042	10017
ca.11.4716043	10237
ca.11.4716044	10020
ca.11.4716046	9410
ca.11.4716047	9846
ca.11.4716051	9017
ca.11.4716052	10034
ca.11.4716054	10035
ca.11.4716056	9426
ca.11.4716057	10037
ca.11.4716058	9847
ca.11.4716059	10242
ca.11.4716060	10243
ca.11.4716061	10050
ca.11.4716062	9257
ca.11.4716063	10051
ca.11.4716072	9963
ca.11.4716075	8991
ca.11.4716077	10273
ca.11.4717001	9259
ca.11.4717002	10247
ca.11.4717004	10248
ca.11.4717005	10249
ca.11.4717006	10058
ca.11.4717008	9471
ca.11.4717011	10059
ca.11.4717013	9327
ca.11.4717014	10060
ca.11.4717017	9088
ca.11.4717018	9859
ca.11.4717019	10061
ca.11.4717022	9506
ca.11.4717024	9860
ca.11.4717026	9861
ca.11.4717028	9003
ca.11.4717029	9982
ca.11.4717032	9117
ca.11.4717034	10231
ca.11.4717036	9964
ca.11.4717039	10233
ca.11.4717041	9965
ca.11.4717042	10274
ca.11.4717045	9260
ca.11.4717047	9324
ca.11.4717048	10235
ca.11.4717052	9983
ca.11.4717053	10275
ca.11.4717054	9256
ca.11.4717055	10230
ca.11.4717056	9232
ca.11.4717057	10232
ca.11.4717058	10234
ca.11.4717062	8985
ca.11.4717066	10005
ca.11.4717067	10006
ca.11.4718005	10281
ca.11.4718012	10292
ca.11.4718015	10293
ca.11.4718021	10276
ca.11.4718023	10291
ca.11.4718028	10294
ca.11.4718030	10287
ca.11.4718033	10280
ca.11.4718041	9966
ca.11.4718042	10282
ca.11.4718049	10284
ca.11.4718051	9967
ca.11.4718052	9984
ca.11.4718055	10285
ca.11.4718058	10279
ca.11.4718065	10283
ca.11.4718067	10277
ca.11.4718069	10288
ca.11.4718070	10278
ca.11.4718071	10289
ca.11.4718072	10290
ca.11.4718074	10286
ca.11.4718075	10295
ca.11.4718089	10296
ca.11.4718100	10297
ca.12	8960
ca.12.6001003	10301
ca.12.6001004	10299
ca.12.6001006	10300
ca.12.6001009	10302
ca.12.6001012	10304
ca.12.6001018	10303
ca.12.6001022	10305
ca.12.6001029	10306
ca.12.6001057	10298
ca.13	8953
ca.13.11995136	9807
ca.13.11995137	9808
ca.13.11995138	9809
ca.13.11995139	9810
ca.13.11995140	9811
ca.13.6101010	10588
ca.13.6101014	10581
ca.13.6101015	10590
ca.13.6101017	10598
ca.13.6101025	10583
ca.13.6101036	10584
ca.13.6101041	10585
ca.13.6101095	10599
ca.13.6102003	10600
ca.13.6102005	10579
ca.13.6102007	10580
ca.13.6102009	10587
ca.13.6103031	10591
ca.13.6103034	10582
ca.13.6103049	10592
ca.13.6103052	10594
ca.13.6104009	10595
ca.13.6104014	10596
ca.13.6104038	10586
ca.13.6105001	10602
ca.13.6105003	10601
ca.13.6105016	10589
ca.13.6105018	10597
ca.13.6106023	10593
ca.14	8955
cd-bc	10624
cd-bu	10618
cd-eq	10617
cd-hk	10625
cd-hl	10616
cd-hu	10615
cd-it	10614
cd-kc	10611
cd-ke	10612
cd-kg	10622
cd-kl	10621
cd-kn	10623
cd-ks	10613
cd-lo	10626
cd-lu	10619
cd-ma	10610
cd-mn	10620
cd-mo	10609
cd-nk	10608
cd-nu	10627
cd-sa	10607
cd-sk	10606
cd-su	10628
cd-ta	10605
cd-to	10604
cd-tu	10603
cd.02	10617
cd.02.01	10777
cd.02.02	10811
cd.02.03	10820
cd.02.04	10692
cd.02.05	10803
cd.02.07	10668
cd.02.08	10691
cd.02.09	10678
cd.04	10612
cd.04.01	10629
cd.04.02	10807
cd.04.04	10791
cd.04.05	10821
cd.04.07	10711
cd.04.08	10760
cd.04.09	10723
cd.06	10623
cd.06.00	10732
cd.06.10400552	10664
cd.06.10861174	10665
cd.06.21	10641
cd.06.22	10640
cd.06.9166122	10648
cd.06.9166123	10649
cd.08	10624
cd.08.01	10749
cd.08.02	10638
cd.08.03	10763
cd.08.05	10806
cd.08.07	10823
cd.08.09	10817
cd.08.10	10759
cd.08.11	10679
cd.08.12	10681
cd.08.13	10672
cd.08.15	10718
cd.08.17	10762
cd.08.18	10786
cd.08.19	10818
cd.10	10610
cd.10.01	10784
cd.10.02	10774
cd.10.03	10674
cd.10.05	10755
cd.10.07	10742
cd.10.08	10804
cd.10.09	10710
cd.10.10	10758
cd.10.11	10720
cd.10.13	10725
cd.11	10608
cd.11.01	10633
cd.11.02	10642
cd.11.03	10660
cd.11.04	10726
cd.11.05	10630
cd.11.07	10644
cd.11.09	10634
cd.11.10	10643
cd.11.11	10661
cd.12	10606
cd.12.01	10655
cd.12.02	10659
cd.12.03	10675
cd.12.05	10656
cd.12.06	10813
cd.12.07	10727
cd.12.08	10800
cd.12.10	10658
cd.12.11	10770
cd.12.12	10657
cd.12.13	10713
cd.13	10618
cd.13.02	10771
cd.13.04	10776
cd.13.06	10693
cd.13.07	10635
cd.13.08	10743
cd.13.09	10683
cd.13.10	10736
cd.14	10625
cd.14.01	10647
cd.14.02	10651
cd.14.04	10794
cd.14.05	10653
cd.14.06	10654
cd.14.07	10719
cd.14.08	10781
cd.14.09	10792
cd.15	10616
cd.15.02	10712
cd.15.03	10715
cd.15.04	10789
cd.15.05	10667
cd.15.06	10697
cd.16	10615
cd.16.01	10708
cd.16.02	10793
cd.16.03	10666
cd.16.05	10739
cd.16.06	10775
cd.16.07	10740
cd.16.09	10810
cd.16.11	10728
cd.17	10614
cd.17.01	10801
cd.17.02	10788
cd.17.03	10677
cd.17.04	10757
cd.17.05	10738
cd.17.07	10816
cd.17.09	10808
cd.17.10	10676
cd.17.11	10707
cd.18	10613
cd.18.01	10646
cd.18.02	10714
cd.18.04	10756
cd.18.05	10706
cd.18.07	10769
cd.18.08	10687
cd.19	10622
cd.19.02	10669
cd.19.03	10741
cd.19.05	10790
cd.19.07	10721
cd.19.08	10673
cd.20	10621
cd.20.01	10750
cd.20.02	10637
cd.20.03	10809
cd.20.04	10698
cd.20.06	10702
cd.20.08	10778
cd.20.09	10690
cd.20.10	10701
cd.20.12	10779
cd.21	10626
cd.21.02	10632
cd.21.03	10802
cd.21.04	10703
cd.21.05	10815
cd.21.06	10731
cd.21.08	10752
cd.22	10619
cd.22.01	10639
cd.22.02	10768
cd.22.03	10754
cd.22.04	10662
cd.22.05	10772
cd.22.06	10795
cd.22.07	10717
cd.23	10611
cd.23.01	10645
cd.23.02	10689
cd.23.03	10783
cd.23.04	10704
cd.23.05	10724
cd.23.06	10688
cd.23.07	10773
cd.24	10620
cd.24.02	10787
cd.24.03	10796
cd.24.04	10782
cd.24.05	10797
cd.24.06	10745
cd.24.07	10746
cd.24.08	10812
cd.24.10	10785
cd.24.11	10767
cd.25	10609
cd.25.02	10748
cd.25.04	10699
cd.25.05	10694
cd.26	10627
cd.26.01	10805
cd.26.02	10765
cd.26.04	10729
cd.26.05	10670
cd.26.06	10695
cd.27	10607
cd.27.02	10761
cd.27.03	10819
cd.27.05	10735
cd.27.06	10671
cd.27.07	10751
cd.27.08	10722
cd.27.09	10753
cd.27.11	10798
cd.28	10628
cd.28.02	10700
cd.28.03	10696
cd.28.04	10744
cd.28.05	10747
cd.28.06	10636
cd.29	10605
cd.29.02	10650
cd.29.03	10716
cd.29.04	10764
cd.29.06	10663
cd.29.07	10709
cd.29.09	10652
cd.29.10	10780
cd.30	10604
cd.30.01	10631
cd.30.02	10799
cd.30.03	10822
cd.30.05	10814
cd.30.06	10730
cd.30.07	10680
cd.30.09	10733
cd.30.10	10684
cd.30.11	10682
cd.31	10603
cd.31.02	10685
cd.31.03	10734
cd.31.04	10737
cd.31.05	10705
cd.31.06	10686
cd.31.07	10766
cf-ac	10833
cf-bb	10830
cf-bgf	10840
cf-bk	10829
cf-hk	10828
cf-hm	10827
cf-hs	10838
cf-kb	10839
cf-kg	10837
cf-lb	10836
cf-mb	10826
cf-mp	10834
cf-nm	10835
cf-op	10832
cf-se	10831
cf-uk	10825
cf-vk	10824
cf.01	10830
cf.01.9143459	10879
cf.01.9143460	10880
cf.02	10829
cf.02.7731890	10848
cf.02.7731891	10849
cf.02.7731892	10850
cf.02.7732066	10861
cf.02.7732076	10864
cf.03	10828
cf.03.9143465	10885
cf.03.9143466	10886
cf.03.9143475	10894
cf.04	10838
cf.04.7732685	10871
cf.04.7732916	10874
cf.04.9143488	10907
cf.04.9143489	10908
cf.05	10827
cf.05.9143461	10881
cf.05.9143462	10882
cf.05.9143463	10883
cf.05.9143464	10884
cf.06	10837
cf.06.7731894	10852
cf.06.7732483	10870
cf.06.9143484	10903
cf.06.9143485	10904
cf.07	10836
cf.07.7731898	10856
cf.07.7732068	10863
cf.07.9143467	10887
cf.07.9143486	10905
cf.07.9143487	10906
cf.08	10826
cf.08.7731888	10846
cf.08.7731889	10847
cf.08.7732064	10860
cf.08.7732690	10872
cf.08.9143468	10888
cf.09	10835
cf.09.2390511	10845
cf.09.7732085	10865
cf.09.7732103	10866
cf.09.9143482	10901
cf.11	10825
cf.11.7731893	10851
cf.11.7732062	10859
cf.11.7732067	10862
cf.11.7732377	10869
cf.11.9143471	10891
cf.12	10833
cf.12.7732115	10867
cf.12.9143479	10898
cf.12.9143480	10899
cf.12.9143481	10900
cf.13	10832
cf.13.8299286	10877
cf.13.9143483	10902
cf.13.9143491	10910
cf.13.9143492	10911
cf.14	10824
cf.14.9143458	10878
cf.14.9143495	10914
cf.15	10839
cf.15.9143469	10889
cf.15.9143470	10890
cf.16	10831
cf.16.7731904	10857
cf.16.7731905	10858
cf.16.9143473	10893
cf.17	10834
cf.17.7731895	10853
cf.17.7731896	10854
cf.17.7732372	10868
cf.17.7732723	10873
cf.17.8299285	10876
cf.17.9143490	10909
cf.18	10840
cf.18.7731897	10855
cf.19	10841
cf.19.2387494	10844
cf.19.7732917	10875
cf.19.9143476	10895
cf.20	10842
cf.20.9143472	10892
cf.20.9143477	10896
cf.20.9143478	10897
cf.21	10843
cf.21.9143493	10912
cf.21.9143494	10913
cg-11	10923
cg-12	10916
cg-13	10915
cg-14	10917
cg-15	10925
cg-16	10927
cg-2	10920
cg-5	10921
cg-7	10919
cg-8	10922
cg-9	10918
cg-bzv	10924
cg.01	10923
cg.01.11996192	10969
cg.01.11996207	10984
cg.01.11996223	11000
cg.01.11996225	11002
cg.01.11996227	11004
cg.01.11996229	11006
cg.01.8051158	10961
cg.01.8051166	10962
cg.01.8051167	10963
cg.01.8051168	10964
cg.04	10921
cg.04.11996203	10980
cg.04.11996206	10983
cg.04.11996233	11010
cg.04.7870561	10945
cg.04.7870563	10946
cg.04.7870579	10947
cg.05	10920
cg.05.11996221	10998
cg.05.7870607	10948
cg.05.7870608	10949
cg.05.7870613	10950
cg.05.7870614	10951
cg.06	10919
cg.06.11996188	10965
cg.06.11996189	10966
cg.06.11996209	10986
cg.06.11996236	11013
cg.06.11996238	11015
cg.06.7731899	10933
cg.06.7731900	10934
cg.07	10918
cg.07.11996200	10977
cg.07.11996210	10987
cg.07.11996213	10990
cg.07.11996214	10991
cg.07.11996215	10992
cg.07.11996231	11008
cg.07.11996232	11009
cg.07.11996234	11011
cg.07.11996235	11012
cg.07.7870640	10952
cg.07.7870641	10953
cg.07.7870642	10954
cg.07.7870646	10955
cg.07.7870650	10956
cg.08	10917
cg.08.11996190	10967
cg.08.11996198	10975
cg.08.11996199	10976
cg.08.11996211	10988
cg.08.11996217	10994
cg.08.11996218	10995
cg.08.11996219	10996
cg.08.7731998	10936
cg.08.7731999	10937
cg.08.7870660	10957
cg.08.7870663	10958
cg.10	10915
cg.10.11996194	10971
cg.10.11996197	10974
cg.10.11996228	11005
cg.10.7731851	10930
cg.10.7731852	10931
cg.10.7731853	10932
cg.11	10916
cg.11.11996204	10981
cg.11.11996208	10985
cg.11.11996216	10993
cg.11.11996222	10999
cg.11.11996224	11001
cg.11.11996226	11003
cg.11.11996230	11007
cg.11.2257174	10928
cg.11.2257531	10929
cg.11.7732000	10938
cg.11.7732002	10939
cg.11.7732003	10940
cg.11.7873913	10959
cg.12	10924
cg.12.11996220	10997
cg.13	10922
cg.13.11996202	10979
cg.13.11996205	10982
cg.13.11996212	10989
cg.13.11996237	11014
cg.13.7731907	10935
cg.13.7870297	10941
cg.13.7870298	10942
cg.13.7870306	10943
cg.13.7870312	10944
cg.14	10925
cg.14.11996191	10968
cg.14.11996193	10970
cg.14.11996195	10972
cg.14.11996196	10973
cg.14.11996201	10978
cg.14.8051157	10960
cg.15	10926
cg.15.8051169	10927
ch-ag	11041
ch-ai	11040
ch-ar	11039
ch-be	11036
ch-bl	11038
ch-bs	11037
ch-fr	11035
ch-ge	11034
ch-gl	11033
ch-gr	11032
ch-ju	11031
ch-lu	11030
ch-ne	11029
ch-nw	11028
ch-ow	11027
ch-sg	11026
ch-sh	11025
ch-so	11023
ch-sz	11024
ch-tg	11022
ch-ti	11021
ch-ur	11020
ch-vd	11018
ch-vs	11019
ch-zg	11017
ch-zh	11016
ch.ag	11041
ch.ag.1901	11117
ch.ag.1902	11093
ch.ag.1903	11072
ch.ag.1904	11101
ch.ag.1905	11071
ch.ag.1906	11125
ch.ag.1907	11087
ch.ag.1908	11145
ch.ag.1909	11122
ch.ag.1910	11054
ch.ag.1911	11079
ch.ai	11040
ch.ai.1600	11051
ch.ar	11039
ch.ar.1501	11109
ch.ar.1502	11103
ch.ar.1503	11127
ch.be	11036
ch.be.241	11165
ch.be.242	11161
ch.be.243	11162
ch.be.244	11166
ch.be.245	11158
ch.be.246	11167
ch.be.247	11163
ch.be.248	11159
ch.be.249	11160
ch.be.250	11164
ch.bl	11038
ch.bl.1301	11114
ch.bl.1302	11106
ch.bl.1303	11123
ch.bl.1304	11099
ch.bl.1305	11056
ch.bs	11037
ch.bs.1200	11064
ch.fr	11035
ch.fr.1001	11060
ch.fr.1002	11048
ch.fr.1003	11083
ch.fr.1004	11066
ch.fr.1005	11097
ch.fr.1006	11144
ch.fr.1007	11126
ch.ge	11034
ch.ge.2500	11077
ch.gl	11033
ch.gl.800	11055
ch.gr	11032
ch.gr.1841	11184
ch.gr.1842	11187
ch.gr.1843	11181
ch.gr.1844	11183
ch.gr.1845	11186
ch.gr.1846	11189
ch.gr.1847	11188
ch.gr.1848	11182
ch.gr.1849	11185
ch.gr.1850	11179
ch.gr.1851	11180
ch.ju	11031
ch.ju.2601	11052
ch.ju.2602	11080
ch.ju.2603	11074
ch.ju.2604	11190
ch.lu	11030
ch.lu.311	11174
ch.lu.312	11173
ch.lu.313	11176
ch.lu.314	11177
ch.lu.315	11178
ch.lu.316	11175
ch.ne	11029
ch.ne.2401	11100
ch.ne.2402	11104
ch.ne.2403	11090
ch.ne.2404	11140
ch.ne.2405	11092
ch.ne.2406	11107
ch.nw	11028
ch.nw.700	11063
ch.ow	11027
ch.ow.600	11095
ch.sg	11026
ch.sg.1721	11069
ch.sg.1722	11110
ch.sg.1723	11148
ch.sg.1724	11136
ch.sg.1725	11044
ch.sg.1726	11157
ch.sg.1727	11149
ch.sg.1728	11112
ch.sh	11025
ch.sh.1401	11094
ch.sh.1402	11138
ch.sh.1403	11137
ch.sh.1404	11068
ch.sh.1405	11081
ch.sh.1406	11108
ch.so	11023
ch.so.1101	11050
ch.so.1102	11131
ch.so.1103	11113
ch.so.1104	11147
ch.so.1105	11134
ch.so.1106	11139
ch.so.1107	11102
ch.so.1108	11141
ch.so.1109	11075
ch.so.1110	11043
ch.sz	11024
ch.sz.501	11135
ch.sz.502	11091
ch.sz.503	11119
ch.sz.504	11111
ch.sz.505	11076
ch.sz.506	11073
ch.tg	11022
ch.tg.2011	11169
ch.tg.2012	11168
ch.tg.2013	11171
ch.tg.2014	11170
ch.tg.2015	11172
ch.ti	11021
ch.ti.2101	11132
ch.ti.2102	11078
ch.ti.2103	11146
ch.ti.2104	11057
ch.ti.2105	11070
ch.ti.2106	11142
ch.ti.2107	11061
ch.ti.2108	11042
ch.ur	11020
ch.ur.400	11086
ch.vd	11018
ch.vd.2221	11143
ch.vd.2222	11150
ch.vd.2223	11151
ch.vd.2224	11152
ch.vd.2225	11129
ch.vd.2226	11153
ch.vd.2227	11124
ch.vd.2228	11154
ch.vd.2229	11155
ch.vd.2230	11156
ch.vs	11019
ch.vs.2301	11098
ch.vs.2302	11120
ch.vs.2303	11067
ch.vs.2304	11065
ch.vs.2305	11133
ch.vs.2306	11059
ch.vs.2307	11047
ch.vs.2308	11116
ch.vs.2309	11045
ch.vs.2310	11105
ch.vs.2311	11082
ch.vs.2312	11053
ch.vs.2313	11115
ch.zg	11017
ch.zg.900	11088
ch.zh	11016
ch.zh.101	11096
ch.zh.102	11049
ch.zh.103	11130
ch.zh.104	11128
ch.zh.105	11084
ch.zh.106	11118
ch.zh.107	11046
ch.zh.108	11121
ch.zh.109	11058
ch.zh.110	11089
ch.zh.111	11062
ch.zh.112	11085
ci-ab	11204
ci-bs	11192
ci-cm	11193
ci-dn	11194
ci-gd	11195
ci-lc	11196
ci-lg	11197
ci-mg	11198
ci-sm	11199
ci-sv	11200
ci-vb	11201
ci-wr	11202
ci-ym	11191
ci-zz	11203
ci.76	11192
ci.76.11153075	11206
ci.76.11153076	11207
ci.76.11153077	11208
ci.77	11194
ci.77.11153080	11211
ci.77.11153082	11212
ci.78	11198
ci.78.11153163	11221
ci.78.11153164	11222
ci.78.11153165	11223
ci.81	11196
ci.81.11153154	11215
ci.81.11153155	11216
ci.81.11153156	11217
ci.81.11153158	11218
ci.82	11197
ci.82.11153160	11219
ci.82.11153161	11220
ci.82.11362033	11235
ci.87	11200
ci.87.11153168	11226
ci.87.11153169	11227
ci.87.11153177	11234
ci.90	11201
ci.90.11153170	11228
ci.90.11153171	11229
ci.92	11203
ci.92.11153175	11232
ci.92.11153176	11233
ci.93	11204
ci.93.11996449	11237
ci.94	11193
ci.94.11153078	11209
ci.94.11153079	11210
ci.95	11195
ci.95.11153083	11213
ci.95.11153153	11214
ci.96	11199
ci.96.11153166	11224
ci.96.11153167	11225
ci.97	11202
ci.97.11153172	11230
ci.97.11153174	11231
ci.97.2597334	11205
ci.98	11191
ci.98.11153154	11236
ck.11695124	11238
ck.11695124.4035518	11249
ck.11695124.4036514	11251
ck.11695124.4036515	11252
ck.11695124.4036516	11253
ck.11695124.4036517	11254
ck.11695124.4036518	11255
ck.11695124.4036519	11256
ck.11695126	11239
ck.11695127	11240
ck.11695384	11241
ck.11695385	11242
ck.11695386	11243
ck.11695387	11244
ck.11695388	11245
ck.11695389	11246
ck.11695390	11247
ck.11695425	11248
ck.11695425.4035726	11250
cl-ai	11268
cl-an	11267
cl-ap	11270
cl-ar	11266
cl-at	11265
cl-bi	11264
cl-co	11263
cl-li	11262
cl-ll	11261
cl-lr	11271
cl-ma	11269
cl-ml	11260
cl-nb	11272
cl-rm	11259
cl-ta	11258
cl-vs	11257
cl.01	11257
cl.01.51	11273
cl.01.52	11314
cl.01.53	11290
cl.01.54	11284
cl.01.55	11283
cl.01.56	11282
cl.01.57	11281
cl.01.58	11319
cl.02	11268
cl.02.111	11323
cl.02.112	11313
cl.02.113	11307
cl.02.114	11296
cl.03	11267
cl.03.21	11312
cl.03.22	11298
cl.03.23	11276
cl.04	11266
cl.04.91	11306
cl.04.92	11287
cl.05	11265
cl.05.31	11300
cl.05.32	11305
cl.05.33	11295
cl.06	11264
cl.06.81	11301
cl.06.82	11311
cl.06.83	11309
cl.07	11263
cl.07.41	11297
cl.07.42	11303
cl.07.43	11293
cl.08	11262
cl.08.61	11308
cl.08.62	11320
cl.08.63	11302
cl.10	11269
cl.10.121	11289
cl.10.122	11315
cl.10.123	11277
cl.10.124	11275
cl.11	11260
cl.11.71	11278
cl.11.72	11321
cl.11.73	11299
cl.11.74	11292
cl.12	11259
cl.12.131	11280
cl.12.132	11324
cl.12.133	11325
cl.12.134	11288
cl.12.135	11286
cl.12.136	11279
cl.14	11261
cl.14.101	11291
cl.14.102	11304
cl.14.103	11285
cl.14.104	11322
cl.15	11258
cl.15.11	11294
cl.15.14	11318
cl.16	11270
cl.16.151	11310
cl.16.152	11317
cl.17	11271
cl.17.141	11274
cl.17.142	11316
cl.18	11272
cl.18.161	11328
cl.18.162	11327
cl.18.163	11326
cm-ad	11338
cm-ce	11337
cm-en	11335
cm-es	11336
cm-lt	11334
cm-no	11333
cm-nw	11332
cm-ou	11331
cm-su	11330
cm-sw	11329
cm.04	11336
cm.04.2229251	11356
cm.04.2230606	11360
cm.04.2230815	11361
cm.04.2233500	11369
cm.05	11334
cm.05.2221059	11339
cm.05.2222269	11340
cm.05.2224165	11344
cm.05.2225744	11347
cm.07	11332
cm.07.10289311	11396
cm.07.2226140	11348
cm.07.2226830	11350
cm.07.2226947	11351
cm.07.2232640	11365
cm.07.2233408	11368
cm.07.9224959	11388
cm.08	11331
cm.08.2225334	11346
cm.08.2226712	11349
cm.08.2227064	11352
cm.08.2230816	11362
cm.08.2234988	11371
cm.08.9224961	11389
cm.08.9224964	11390
cm.08.9224965	11391
cm.09	11329
cm.09.2225280	11345
cm.09.2227197	11353
cm.09.2228442	11355
cm.09.2231710	11364
cm.09.8505106	11379
cm.09.9224975	11392
cm.10	11338
cm.10.7670946	11372
cm.10.7670947	11373
cm.10.7670948	11374
cm.10.8299279	11378
cm.10.9224946	11384
cm.11	11337
cm.11.2223327	11341
cm.11.2223329	11342
cm.11.2223330	11343
cm.11.2229546	11358
cm.11.2230817	11363
cm.11.7730793	11375
cm.11.7731690	11376
cm.11.8693008	11380
cm.11.9165815	11383
cm.11.9224948	11385
cm.12	11335
cm.12.2228217	11354
cm.12.2229291	11357
cm.12.2233122	11367
cm.12.7932539	11377
cm.12.9224949	11386
cm.12.9224951	11387
cm.13	11333
cm.13.2234396	11370
cm.13.8740150	11381
cm.13.8740152	11382
cm.13.9228189	11393
cm.14	11330
cm.14.2229760	11359
cm.14.2232969	11366
cm.14.9230015	11394
cm.14.9239012	11395
cn-ah	11422
cn-bj	11427
cn-cq	11421
cn-fj	11420
cn-gd	11418
cn-gs	11419
cn-gx	11417
cn-gz	11416
cn-ha	11413
cn-hb	11412
cn-he	11414
cn-hi	11415
cn-hk	11428
cn-hl	11426
cn-hn	11411
cn-jl	11425
cn-js	11410
cn-jx	11409
cn-ln	11424
cn-mo	11429
cn-nm	11423
cn-nx	11408
cn-qh	11398
cn-sc	11403
cn-sd	11406
cn-sh	11405
cn-sn	11407
cn-sx	11404
cn-tj	11402
cn-tw	11430
cn-xj	11399
cn-xz	11397
cn-yn	11401
cn-zj	11400
cn.01	11422
cn.01.3401	11641
cn.01.3402	11516
cn.01.3403	11686
cn.01.3404	11633
cn.01.3405	11585
cn.01.3406	11635
cn.01.3407	11527
cn.01.3408	11693
cn.01.3410	11627
cn.01.3411	11674
cn.01.3412	11660
cn.01.3413	11535
cn.01.3415	11591
cn.01.3416	11769
cn.01.3417	11747
cn.01.3418	11499
cn.02	11400
cn.02.3301	11645
cn.02.3302	11573
cn.02.3303	11519
cn.02.3304	11621
cn.02.3305	11626
cn.02.3306	11545
cn.02.3307	11613
cn.02.3308	11555
cn.02.3309	11467
cn.02.3310	11532
cn.02.3311	11596
cn.03	11409
cn.03.3601	11581
cn.03.3602	11616
cn.03.3603	11568
cn.03.3604	11610
cn.03.3605	11768
cn.03.3606	11485
cn.03.3607	11656
cn.03.3608	11624
cn.03.3609	11487
cn.03.3610	11659
cn.03.3611	11548
cn.04	11410
cn.04.3201	11579
cn.04.3202	11514
cn.04.3203	11497
cn.04.3204	11678
cn.04.3205	11697
cn.04.3206	11576
cn.04.3207	11603
cn.04.3208	11632
cn.04.3209	11494
cn.04.3210	11491
cn.04.3211	11470
cn.04.3212	11531
cn.04.3213	11536
cn.05	11425
cn.05.2201	11739
cn.05.2202	11721
cn.05.2203	11708
cn.05.2204	11715
cn.05.2205	11705
cn.05.2206	11723
cn.05.2207	11746
cn.05.2208	11743
cn.05.2224	11702
cn.06	11398
cn.06.6301	11503
cn.06.6302	11649
cn.06.6322	11650
cn.06.6323	11630
cn.06.6325	11647
cn.06.6326	11446
cn.06.6327	11431
cn.06.6328	11445
cn.07	11420
cn.07.3501	11658
cn.07.3502	11512
cn.07.3503	11567
cn.07.3504	11552
cn.07.3505	11557
cn.07.3506	11475
cn.07.3507	11577
cn.07.3508	11593
cn.07.3509	11572
cn.08	11426
cn.08.2301	11729
cn.08.2302	11712
cn.08.2303	11717
cn.08.2304	11728
cn.08.2305	11709
cn.08.2306	11733
cn.08.2307	11701
cn.08.2308	11722
cn.08.2309	11711
cn.08.2310	11714
cn.08.2311	11727
cn.08.2312	11707
cn.08.2327	11735
cn.09	11413
cn.09.12324210	11790
cn.09.4101	11471
cn.09.4102	11609
cn.09.4103	11588
cn.09.4104	11570
cn.09.4105	11691
cn.09.4106	11643
cn.09.4107	11502
cn.09.4108	11622
cn.09.4109	11698
cn.09.4110	11498
cn.09.4111	11589
cn.09.4112	11553
cn.09.4113	11575
cn.09.4114	11549
cn.09.4115	11501
cn.09.4116	11468
cn.09.4117	11465
cn.10	11414
cn.10.1301	11541
cn.10.1302	11530
cn.10.1303	11560
cn.10.1304	11646
cn.10.1305	11504
cn.10.1306	11689
cn.10.1307	11699
cn.10.1308	11737
cn.10.1309	11682
cn.10.1310	11607
cn.10.1311	11640
cn.11	11411
cn.11.4301	11680
cn.11.4302	11464
cn.11.4303	11510
cn.11.4304	11639
cn.11.4305	11544
cn.11.4306	11482
cn.11.4307	11681
cn.11.4308	11668
cn.11.4309	11483
cn.11.4310	11675
cn.11.4311	11770
cn.11.4312	11634
cn.11.4313	11592
cn.11.4331	11509
cn.12	11412
cn.12.12324193	11773
cn.12.12324199	11779
cn.12.12324200	11780
cn.12.1795614	11543
cn.12.4201	11517
cn.12.4202	11629
cn.12.4203	11540
cn.12.4205	11488
cn.12.4206	11511
cn.12.4207	11662
cn.12.4208	11615
cn.12.4209	11505
cn.12.4210	11614
cn.12.4211	11631
cn.12.4212	11508
cn.12.4213	11537
cn.12.4228	11663
cn.13	11399
cn.13.12324192	11772
cn.13.6501	11450
cn.13.6502	11453
cn.13.6504	11451
cn.13.6505	11455
cn.13.6523	11456
cn.13.6527	11457
cn.13.6528	11458
cn.13.6529	11460
cn.13.6530	11440
cn.13.6531	11441
cn.13.6532	11444
cn.13.6540	11454
cn.13.6542	11452
cn.13.6543	11459
cn.13.8079473	11761
cn.13.8080762	11762
cn.14	11397
cn.14.5401	11439
cn.14.5402	11432
cn.14.5403	11434
cn.14.5404	11435
cn.14.5405	11433
cn.14.5406	11438
cn.14.5425	11437
cn.15	11419
cn.15.6201	11606
cn.15.6202	11443
cn.15.6203	11618
cn.15.6204	11690
cn.15.6205	11529
cn.15.6206	11515
cn.15.6207	11476
cn.15.6208	11569
cn.15.6209	11442
cn.15.6210	11562
cn.15.6211	11666
cn.15.6212	11594
cn.15.6229	11598
cn.15.6230	11657
cn.16	11417
cn.16.4501	11578
cn.16.4502	11595
cn.16.4503	11653
cn.16.4504	11513
cn.16.4505	11687
cn.16.4506	11759
cn.16.4507	11559
cn.16.4508	11756
cn.16.4509	11764
cn.16.4510	11683
cn.16.4511	11760
cn.16.4512	11642
cn.16.4513	11758
cn.16.4514	11757
cn.18	11416
cn.18.5201	11652
cn.18.5202	11587
cn.18.5203	11461
cn.18.5204	11692
cn.18.5205	11685
cn.18.5206	11526
cn.18.5223	11564
cn.18.5226	11566
cn.18.5227	11565
cn.19	11424
cn.19.2101	11710
cn.19.2102	11672
cn.19.2103	11744
cn.19.2104	11731
cn.19.2105	11740
cn.19.2106	11734
cn.19.2107	11719
cn.19.2108	11700
cn.19.2109	11730
cn.19.2110	11716
cn.19.2111	11713
cn.19.2112	11706
cn.19.2113	11738
cn.19.2114	11720
cn.20	11423
cn.20.1501	11725
cn.20.1502	11742
cn.20.1503	11518
cn.20.1504	11736
cn.20.1505	11718
cn.20.1506	11625
cn.20.1507	11724
cn.20.1508	11741
cn.20.1509	11704
cn.20.1522	11726
cn.20.1525	11703
cn.20.1529	11695
cn.21	11408
cn.21.6401	11486
cn.21.6402	11539
cn.21.6403	11484
cn.21.6404	11651
cn.21.6405	11751
cn.22	11427
cn.22.11876380	11771
cn.23	11405
cn.23.12324204	11784
cn.24	11404
cn.24.1401	11533
cn.24.1402	11732
cn.24.1403	11492
cn.24.1404	11679
cn.24.1405	11617
cn.24.1406	11748
cn.24.1407	11611
cn.24.1408	11480
cn.24.1409	11749
cn.24.1410	11599
cn.24.1411	11590
cn.25	11406
cn.25.3701	11619
cn.25.3702	11563
cn.25.3703	11463
cn.25.3704	11477
cn.25.3705	11664
cn.25.3706	11490
cn.25.3707	11524
cn.25.3708	11612
cn.25.3709	11534
cn.25.3710	11523
cn.25.3711	11554
cn.25.3713	11597
cn.25.3714	11667
cn.25.3715	11602
cn.25.3716	11684
cn.25.3717	11637
cn.26	11407
cn.26.6101	11507
cn.26.6102	11528
cn.26.6103	11688
cn.26.6104	11506
cn.26.6105	11522
cn.26.6106	11495
cn.26.6107	11644
cn.26.6108	11481
cn.26.6109	11694
cn.26.6110	11550
cn.28	11402
cn.28.12324202	11782
cn.29	11401
cn.29.5301	11608
cn.29.5303	11556
cn.29.5304	11478
cn.29.5305	11449
cn.29.5306	11472
cn.29.5307	11601
cn.29.5308	11538
cn.29.5309	11600
cn.29.5323	11673
cn.29.5325	11636
cn.29.5326	11520
cn.29.5328	11500
cn.29.5329	11671
cn.29.5331	11448
cn.29.5333	11436
cn.29.5334	11447
cn.30	11418
cn.30.4401	11654
cn.30.4402	11546
cn.30.4403	11542
cn.30.4404	11466
cn.30.4405	11547
cn.30.4406	11661
cn.30.4407	11623
cn.30.4408	11474
cn.30.4409	11584
cn.30.4412	11473
cn.30.4413	11628
cn.30.4414	11583
cn.30.4415	11745
cn.30.4416	11638
cn.30.4417	11493
cn.30.4418	11561
cn.30.4419	11665
cn.30.4420	11469
cn.30.4451	11677
cn.30.4452	11620
cn.30.4453	11479
cn.31	11415
cn.31.12324194	11774
cn.31.12324195	11775
cn.31.12324196	11776
cn.31.12324197	11777
cn.31.12324198	11778
cn.31.12324201	11781
cn.31.12324203	11783
cn.31.12324205	11785
cn.31.12324206	11786
cn.31.12324207	11787
cn.31.12324208	11788
cn.31.12324209	11789
cn.31.1791540	11521
cn.31.1791778	11525
cn.31.1797544	11558
cn.31.4601	11648
cn.31.4602	11551
cn.31.4603	11763
cn.31.4604	11670
cn.32	11403
cn.32.5101	11676
cn.32.5103	11462
cn.32.5104	11571
cn.32.5105	11586
cn.32.5106	11750
cn.32.5107	11582
cn.32.5108	11752
cn.32.5109	11754
cn.32.5110	11574
cn.32.5111	11605
cn.32.5113	11580
cn.32.5114	11765
cn.32.5115	11489
cn.32.5116	11753
cn.32.5117	11669
cn.32.5118	11496
cn.32.5119	11755
cn.32.5120	11766
cn.32.5132	11696
cn.32.5133	11655
cn.32.5134	11604
cn.33	11421
cn.33.8739734	11767
co-ama	11823
co-ant	11822
co-ara	11821
co-atl	11820
co-bol	11818
co-boy	11817
co-cal	11816
co-caq	11815
co-cas	11814
co-cau	11813
co-ces	11812
co-cho	11811
co-cor	11810
co-cun	11809
co-dc	11819
co-gua	11808
co-guv	11807
co-hui	11806
co-lag	11805
co-mag	11804
co-met	11803
co-nar	11802
co-nsa	11801
co-put	11800
co-qui	11799
co-ris	11798
co-san	11796
co-sap	11797
co-suc	11795
co-tol	11794
co-vac	11793
co-vau	11792
co-vid	11791
co.01	11823
co.01.91001	12694
co.01.91263	12690
co.01.91405	12691
co.01.91407	12692
co.01.91430	12743
co.01.91460	12696
co.01.91530	12901
co.01.91536	12902
co.01.91540	12697
co.01.91669	12699
co.01.91798	12700
co.02	11822
co.02.05001	12241
co.02.05002	12664
co.02.05004	12662
co.02.05021	12645
co.02.05030	12636
co.02.05031	12635
co.02.05034	12630
co.02.05036	12629
co.02.05038	12628
co.02.05040	12626
co.02.05042	12623
co.02.05044	12622
co.02.05045	12703
co.02.05051	12611
co.02.05055	12705
co.02.05059	12605
co.02.05079	12593
co.02.05086	12582
co.02.05088	12583
co.02.05091	12579
co.02.05093	12577
co.02.05101	12903
co.02.05107	12738
co.02.05113	12559
co.02.05120	12556
co.02.05125	12553
co.02.05129	12545
co.02.05134	12539
co.02.05138	12535
co.02.05142	12706
co.02.05145	12529
co.02.05147	12714
co.02.05148	12904
co.02.05150	12525
co.02.05154	12520
co.02.05172	12508
co.02.05190	12485
co.02.05197	12484
co.02.05206	12478
co.02.05209	12476
co.02.05212	12469
co.02.05234	12448
co.02.05237	12445
co.02.05240	12442
co.02.05250	12712
co.02.05264	12416
co.02.05266	12415
co.02.05282	12400
co.02.05284	12398
co.02.05306	12377
co.02.05308	12375
co.02.05310	12373
co.02.05313	12868
co.02.05315	12861
co.02.05318	12354
co.02.05321	12352
co.02.05347	12338
co.02.05353	12715
co.02.05360	12326
co.02.05361	12325
co.02.05364	12321
co.02.05368	12319
co.02.05376	12305
co.02.05380	12300
co.02.05390	12881
co.02.05400	12287
co.02.05411	12277
co.02.05425	12266
co.02.05440	12249
co.02.05467	12226
co.02.05475	12216
co.02.05480	12215
co.02.05483	12211
co.02.05490	12683
co.02.05495	12716
co.02.05501	12193
co.02.05541	12154
co.02.05543	12152
co.02.05576	12127
co.02.05579	12123
co.02.05585	12886
co.02.05591	12717
co.02.05604	12098
co.02.05607	12093
co.02.05615	12086
co.02.05628	12072
co.02.05631	12718
co.02.05642	12061
co.02.05647	12054
co.02.05649	12044
co.02.05652	12735
co.02.05656	12034
co.02.05658	12719
co.02.05659	12720
co.02.05660	12023
co.02.05664	12010
co.02.05665	12721
co.02.05667	12007
co.02.05670	12006
co.02.05674	11984
co.02.05679	12001
co.02.05686	11991
co.02.05690	12722
co.02.05697	11985
co.02.05736	11974
co.02.05756	11953
co.02.05761	11952
co.02.05789	11926
co.02.05790	12723
co.02.05792	11922
co.02.05809	11902
co.02.05819	11897
co.02.05837	11879
co.02.05842	12724
co.02.05847	11869
co.02.05854	11866
co.02.05856	11862
co.02.05858	12695
co.02.05861	11859
co.02.05873	12726
co.02.05885	11835
co.02.05887	11834
co.02.05890	11833
co.02.05893	12727
co.02.05895	11828
co.03	11821
co.03.81001	12615
co.03.81065	12665
co.03.81220	12668
co.03.81300	12666
co.03.81591	12667
co.03.81736	11979
co.03.81794	11927
co.04	11820
co.04.08001	12588
co.04.08078	12597
co.04.08137	12537
co.04.08141	12533
co.04.08296	12387
co.04.08372	12314
co.04.08421	12269
co.04.08433	12258
co.04.08436	12256
co.04.08520	12173
co.04.08549	12144
co.04.08558	12136
co.04.08560	12814
co.04.08573	12121
co.04.08606	12096
co.04.08634	12073
co.04.08638	12071
co.04.08675	12728
co.04.08685	11987
co.04.08758	11954
co.04.08770	11946
co.04.08832	11885
co.04.08849	11868
co.08	11815
co.08.18001	12407
co.08.18029	12684
co.08.18094	12585
co.08.18150	12762
co.08.18205	12764
co.08.18247	12678
co.08.18256	12679
co.08.18410	12227
co.08.18460	12676
co.08.18479	12768
co.08.18592	12677
co.08.18610	12770
co.08.18753	11982
co.08.18756	12772
co.08.18785	12671
co.08.18860	12809
co.09	11813
co.09.19001	12135
co.09.19022	12642
co.09.19050	12609
co.09.19075	12599
co.09.19100	12570
co.09.19110	12562
co.09.19130	12550
co.09.19137	12544
co.09.19142	12540
co.09.19212	12465
co.09.19256	12420
co.09.19290	12767
co.09.19300	12897
co.09.19318	12356
co.09.19355	12330
co.09.19364	12323
co.09.19392	12291
co.09.19397	12285
co.09.19418	12274
co.09.19450	12238
co.09.19455	12236
co.09.19473	12221
co.09.19513	12182
co.09.19517	12181
co.09.19532	12161
co.09.19533	12905
co.09.19548	12147
co.09.19573	12116
co.09.19585	12112
co.09.19622	12075
co.09.19693	12005
co.09.19698	11995
co.09.19701	11994
co.09.19743	11968
co.09.19760	11948
co.09.19780	12776
co.09.19785	12906
co.09.19807	11905
co.09.19809	11904
co.09.19821	11891
co.09.19824	11888
co.09.19845	12907
co.10	11812
co.10.20001	12796
co.10.20011	12656
co.10.20013	12652
co.10.20032	12779
co.10.20045	12781
co.10.20060	12782
co.10.20175	12505
co.10.20178	12497
co.10.20228	12784
co.10.20238	12819
co.10.20250	12785
co.10.20295	12385
co.10.20310	12372
co.10.20383	12298
co.10.20400	12887
co.10.20443	12787
co.10.20517	12789
co.10.20550	12857
co.10.20570	12888
co.10.20614	12089
co.10.20621	12079
co.10.20710	12687
co.10.20750	12795
co.10.20770	12709
co.10.20787	11929
co.11	11811
co.11.27001	12107
co.11.27006	12660
co.11.27025	12638
co.11.27050	12871
co.11.27073	12601
co.11.27075	11955
co.11.27077	12600
co.11.27099	12571
co.11.27135	12908
co.11.27150	12870
co.11.27160	12876
co.11.27205	12475
co.11.27245	12437
co.11.27250	12909
co.11.27361	12327
co.11.27372	12312
co.11.27413	12275
co.11.27425	12873
co.11.27430	12877
co.11.27450	12869
co.11.27491	12201
co.11.27495	12198
co.11.27580	12878
co.11.27600	12874
co.11.27615	12083
co.11.27660	12031
co.11.27745	11963
co.11.27787	11930
co.11.27800	12698
co.11.27810	12872
co.12	11810
co.12.23001	12223
co.12.23068	12602
co.12.23079	12792
co.12.23090	12688
co.12.23162	12518
co.12.23168	12506
co.12.23182	12501
co.12.23189	12487
co.12.23300	12689
co.12.23350	12895
co.12.23417	12273
co.12.23419	12801
co.12.23464	12803
co.12.23466	12225
co.12.23500	12805
co.12.23555	12138
co.12.23570	12129
co.12.23574	12120
co.12.23580	12860
co.12.23586	12110
co.12.23660	12067
co.12.23670	12052
co.12.23672	12051
co.12.23675	12046
co.12.23678	12043
co.12.23682	12898
co.12.23686	12008
co.12.23807	11907
co.12.23815	12899
co.12.23855	11865
co.14	11807
co.14.95001	12674
co.14.95015	12672
co.14.95025	12839
co.14.95200	12675
co.15	11808
co.15.94001	12833
co.15.94343	12830
co.15.94663	12910
co.15.94883	12911
co.15.94884	12748
co.15.94885	12866
co.15.94886	12832
co.15.94887	12834
co.15.94888	12912
co.16	11806
co.16.41001	12207
co.16.41006	12659
co.16.41013	12657
co.16.41016	12651
co.16.41020	12643
co.16.41026	12639
co.16.41078	12596
co.16.41132	12538
co.16.41206	12481
co.16.41244	12426
co.16.41298	12381
co.16.41306	12379
co.16.41319	12364
co.16.41349	12336
co.16.41357	12328
co.16.41359	12032
co.16.41378	12310
co.16.41396	12293
co.16.41483	12210
co.16.41503	12191
co.16.41518	12180
co.16.41524	12176
co.16.41530	12840
co.16.41548	12142
co.16.41551	12141
co.16.41615	12081
co.16.41660	12066
co.16.41668	12056
co.16.41676	11997
co.16.41770	11944
co.16.41791	11923
co.16.41797	11912
co.16.41799	11919
co.16.41801	11913
co.16.41807	11906
co.16.41872	11843
co.16.41885	11836
co.17	11805
co.17.44001	12087
co.17.44035	12892
co.17.44078	12590
co.17.44090	12879
co.17.44098	12891
co.17.44110	12867
co.17.44279	12402
co.17.44378	12893
co.17.44420	12913
co.17.44430	12261
co.17.44560	12836
co.17.44650	12028
co.17.44847	11870
co.17.44855	12837
co.17.44874	11848
co.19	11803
co.19.50001	11844
co.19.50006	12661
co.19.50110	12844
co.19.50124	12824
co.19.50150	12521
co.19.50223	12823
co.19.50226	12452
co.19.50245	12438
co.19.50251	12713
co.19.50270	12822
co.19.50287	12820
co.19.50313	12370
co.19.50318	12359
co.19.50325	12852
co.19.50330	12680
co.19.50350	12673
co.19.50370	12914
co.19.50400	12818
co.19.50450	12682
co.19.50568	12817
co.19.50573	12118
co.19.50577	12119
co.19.50590	12744
co.19.50606	12094
co.19.50680	12815
co.19.50683	12813
co.19.50686	12711
co.19.50689	12019
co.19.50711	12681
co.20	11802
co.20.52001	12162
co.20.52019	12650
co.20.52022	12646
co.20.52036	12632
co.20.52051	12613
co.20.52079	12595
co.20.52083	12812
co.20.52110	12561
co.20.52203	12480
co.20.52207	12473
co.20.52210	12472
co.20.52215	12467
co.20.52224	12458
co.20.52227	12451
co.20.52233	12811
co.20.52240	12707
co.20.52250	12433
co.20.52254	12915
co.20.52256	12423
co.20.52258	12422
co.20.52260	12421
co.20.52287	12396
co.20.52317	12365
co.20.52320	12361
co.20.52323	12360
co.20.52352	12332
co.20.52354	12331
co.20.52356	12329
co.20.52378	12303
co.20.52381	12299
co.20.52385	12806
co.20.52390	12804
co.20.52399	12289
co.20.52405	12802
co.20.52411	12276
co.20.52418	12272
co.20.52427	12158
co.20.52435	12257
co.20.52473	12218
co.20.52480	12916
co.20.52490	12816
co.20.52506	12188
co.20.52520	12807
co.20.52540	12799
co.20.52560	12133
co.20.52565	12798
co.20.52573	12124
co.20.52585	12113
co.20.52612	12092
co.20.52621	12080
co.20.52678	12058
co.20.52683	12040
co.20.52685	12800
co.20.52687	12025
co.20.52693	12013
co.20.52694	12797
co.20.52696	12002
co.20.52699	11999
co.20.52720	11980
co.20.52786	11925
co.20.52788	11924
co.20.52835	12917
co.20.52838	11882
co.20.52885	11837
co.21	11801
co.21.54001	12455
co.21.54003	12663
co.21.54051	12612
co.21.54099	12573
co.21.54109	12564
co.21.54125	12554
co.21.54128	12555
co.21.54172	12504
co.21.54174	12494
co.21.54206	12470
co.21.54223	12454
co.21.54239	12443
co.21.54245	12436
co.21.54250	12848
co.21.54261	12419
co.21.54313	12371
co.21.54344	12341
co.21.54347	12337
co.21.54377	12309
co.21.54385	12794
co.21.54398	12292
co.21.54405	12851
co.21.54418	12270
co.21.54480	12214
co.21.54498	12195
co.21.54518	12168
co.21.54520	12167
co.21.54553	12793
co.21.54599	12102
co.21.54660	12063
co.21.54670	12045
co.21.54673	12041
co.21.54680	11988
co.21.54720	11978
co.21.54743	11970
co.21.54800	11914
co.21.54810	12701
co.21.54820	11896
co.21.54871	11852
co.21.54874	11846
co.22	11800
co.22.86001	12234
co.22.86219	12918
co.22.86320	12791
co.22.86568	12788
co.22.86569	12786
co.22.86571	12670
co.22.86573	12919
co.22.86749	12780
co.22.86755	12732
co.22.86757	12880
co.22.86760	12783
co.22.86865	12778
co.22.86885	12777
co.23	11799
co.23.63001	12606
co.23.63111	12790
co.23.63130	12547
co.23.63190	12486
co.23.63212	12775
co.23.63272	12410
co.23.63302	12380
co.23.63401	12290
co.23.63470	12224
co.23.63548	12146
co.23.63594	12106
co.23.63690	12062
co.24	11798
co.24.66001	12151
co.24.66045	12620
co.24.66075	12598
co.24.66088	12584
co.24.66170	12875
co.24.66318	12348
co.24.66383	12304
co.24.66400	12283
co.24.66440	12244
co.24.66456	12235
co.24.66572	12128
co.24.66594	12105
co.24.66682	11992
co.24.66687	11986
co.25	11797
co.25.88001	12053
co.25.88564	12130
co.26	11796
co.26.68001	12565
co.26.68013	12311
co.26.68020	12648
co.26.68051	12616
co.26.68077	12594
co.26.68079	12592
co.26.68081	12591
co.26.68092	12576
co.26.68101	12568
co.26.68121	12557
co.26.68132	12542
co.26.68147	12531
co.26.68152	12528
co.26.68160	12519
co.26.68162	12516
co.26.68167	12511
co.26.68169	12510
co.26.68176	12507
co.26.68179	12499
co.26.68190	12821
co.26.68207	12477
co.26.68209	12474
co.26.68211	12471
co.26.68217	12464
co.26.68229	12449
co.26.68235	12774
co.26.68245	12428
co.26.68250	12920
co.26.68255	12773
co.26.68264	12418
co.26.68266	12417
co.26.68271	12771
co.26.68276	12404
co.26.68296	12388
co.26.68298	12384
co.26.68307	12374
co.26.68318	12369
co.26.68320	12363
co.26.68322	12355
co.26.68324	12347
co.26.68327	12344
co.26.68344	12340
co.26.68368	12316
co.26.68370	12315
co.26.68377	12769
co.26.68385	12766
co.26.68397	12295
co.26.68406	12282
co.26.68418	12271
co.26.68425	12267
co.26.68432	12259
co.26.68444	12242
co.26.68464	12233
co.26.68468	12232
co.26.68498	12196
co.26.68500	12194
co.26.68502	12192
co.26.68522	12174
co.26.68524	12172
co.26.68533	12164
co.26.68547	12149
co.26.68549	12145
co.26.68572	12125
co.26.68573	12765
co.26.68575	12115
co.26.68615	12085
co.26.68655	12855
co.26.68669	12055
co.26.68673	12049
co.26.68679	12036
co.26.68682	12033
co.26.68684	12030
co.26.68686	12016
co.26.68689	11983
co.26.68705	12882
co.26.68720	12763
co.26.68745	11967
co.26.68755	11958
co.26.68770	11947
co.26.68773	11942
co.26.68780	11937
co.26.68820	11894
co.26.68855	11864
co.26.68861	11861
co.26.68867	12693
co.26.68872	12863
co.26.68895	11829
co.27	11795
co.27.70001	11964
co.27.70110	12921
co.27.70124	12552
co.27.70204	12761
co.27.70215	12463
co.27.70221	12922
co.27.70230	12091
co.27.70233	12923
co.27.70235	12849
co.27.70265	12759
co.27.70400	12758
co.27.70418	12756
co.27.70429	12260
co.27.70473	12219
co.27.70508	12186
co.27.70523	12170
co.27.70670	12057
co.27.70678	12048
co.27.70702	12753
co.27.70708	12020
co.27.70713	12014
co.27.70717	12009
co.27.70742	12924
co.27.70771	11941
co.27.70820	12925
co.27.70823	11895
co.28	11794
co.28.73001	12334
co.28.73024	12640
co.28.73026	12637
co.28.73030	12634
co.28.73043	12621
co.28.73055	12604
co.28.73067	12603
co.28.73124	12551
co.28.73148	12527
co.28.73152	12522
co.28.73168	12512
co.28.73200	12483
co.28.73217	12459
co.28.73226	12450
co.28.73236	12446
co.28.73268	12414
co.28.73270	12412
co.28.73275	12408
co.28.73283	12399
co.28.73319	12357
co.28.73347	12745
co.28.73349	12335
co.28.73352	12333
co.28.73408	12279
co.28.73411	12278
co.28.73443	12247
co.28.73449	12239
co.28.73461	12740
co.28.73483	12209
co.28.73504	12189
co.28.73520	12926
co.28.73547	12148
co.28.73555	12139
co.28.73563	12131
co.28.73585	12111
co.28.73616	12090
co.28.73622	12077
co.28.73624	12074
co.28.73671	12862
co.28.73675	12050
co.28.73678	12024
co.28.73686	11998
co.28.73770	11945
co.28.73854	11863
co.28.73861	11860
co.28.73870	11851
co.28.73873	11845
co.29	11793
co.29.76001	12543
co.29.76020	12647
co.29.76036	12631
co.29.76041	12624
co.29.76054	12608
co.29.76100	12569
co.29.76109	12825
co.29.76111	12927
co.29.76113	12560
co.29.76122	12490
co.29.76126	12541
co.29.76130	12534
co.29.76147	12523
co.29.76233	12447
co.29.76243	12441
co.29.76246	12439
co.29.76248	12434
co.29.76250	12430
co.29.76275	12405
co.29.76306	12378
co.29.76318	12367
co.29.76364	12322
co.29.76377	12302
co.29.76400	12288
co.29.76403	12826
co.29.76497	12197
co.29.76520	12171
co.29.76563	12132
co.29.76606	12095
co.29.76616	12088
co.29.76622	12078
co.29.76670	12011
co.29.76736	11972
co.29.76823	11890
co.29.76828	11886
co.29.76834	11884
co.29.76845	11873
co.29.76863	11856
co.29.76869	11853
co.29.76890	11831
co.29.76892	12829
co.29.76895	11827
co.30	11792
co.30.97001	12835
co.30.97161	12831
co.30.97511	12838
co.30.97666	12843
co.30.97777	12841
co.30.97889	12845
co.31	11791
co.31.99001	12850
co.31.99524	12847
co.31.99624	12854
co.31.99773	12846
co.32	11814
co.32.85001	11832
co.32.85010	12653
co.32.85015	12513
co.32.85125	12339
co.32.85136	12669
co.32.85139	12255
co.32.85162	12222
co.32.85225	12199
co.32.85230	12190
co.32.85250	12157
co.32.85263	12134
co.32.85279	12099
co.32.85300	12864
co.32.85315	12069
co.32.85325	12021
co.32.85400	11928
co.32.85410	12702
co.32.85430	11887
co.32.85440	12725
co.33	11809
co.33.25001	12654
co.33.25019	12649
co.33.25035	12633
co.33.25040	12627
co.33.25053	12614
co.33.25086	12581
co.33.25095	12575
co.33.25099	12572
co.33.25120	12865
co.33.25123	12808
co.33.25126	12549
co.33.25148	12532
co.33.25151	12530
co.33.25154	12526
co.33.25168	12514
co.33.25175	12509
co.33.25178	12500
co.33.25181	12492
co.33.25183	12491
co.33.25200	12482
co.33.25214	12461
co.33.25224	12456
co.33.25245	12431
co.33.25258	12425
co.33.25260	12885
co.33.25269	12413
co.33.25279	12403
co.33.25281	12401
co.33.25286	12395
co.33.25288	12394
co.33.25290	12393
co.33.25293	12392
co.33.25295	12391
co.33.25297	12389
co.33.25299	12386
co.33.25307	12376
co.33.25312	12884
co.33.25317	12366
co.33.25320	12362
co.33.25322	12353
co.33.25324	12351
co.33.25326	12350
co.33.25328	12346
co.33.25335	12810
co.33.25339	12342
co.33.25368	12317
co.33.25372	12313
co.33.25377	12307
co.33.25386	12297
co.33.25394	12296
co.33.25398	12294
co.33.25402	12284
co.33.25407	12280
co.33.25426	12265
co.33.25430	12264
co.33.25436	12253
co.33.25438	12240
co.33.25473	12217
co.33.25483	12212
co.33.25486	12206
co.33.25488	12205
co.33.25489	12204
co.33.25491	12202
co.33.25506	12883
co.33.25513	12184
co.33.25518	12179
co.33.25524	12166
co.33.25530	12686
co.33.25535	12163
co.33.25572	12117
co.33.25580	12114
co.33.25592	12109
co.33.25594	12108
co.33.25596	12104
co.33.25599	12103
co.33.25612	12737
co.33.25645	12889
co.33.25649	12047
co.33.25653	12042
co.33.25658	12037
co.33.25662	12027
co.33.25718	11977
co.33.25736	11973
co.33.25740	12827
co.33.25743	11969
co.33.25745	11966
co.33.25754	11961
co.33.25758	11950
co.33.25769	11943
co.33.25772	11940
co.33.25777	11939
co.33.25779	11936
co.33.25781	11933
co.33.25785	11931
co.33.25793	11920
co.33.25797	11918
co.33.25799	11916
co.33.25805	11911
co.33.25807	11908
co.33.25815	11900
co.33.25817	11899
co.33.25823	11892
co.33.25839	11875
co.33.25841	11874
co.33.25843	12928
co.33.25845	11871
co.33.25851	11867
co.33.25862	11857
co.33.25867	11855
co.33.25871	12828
co.33.25873	11847
co.33.25875	11842
co.33.25878	11841
co.33.25885	11838
co.33.25898	11825
co.33.25899	11824
co.34	11819
co.34.11001	12929
co.35	11818
co.35.13001	12524
co.35.13006	12658
co.35.13030	12858
co.35.13042	12930
co.35.13052	12607
co.35.13062	12931
co.35.13074	12589
co.35.13140	12548
co.35.13160	12729
co.35.13188	12730
co.35.13212	12466
co.35.13222	12890
co.35.13244	12435
co.35.13248	12427
co.35.13268	12932
co.35.13300	12731
co.35.13430	12263
co.35.13433	12262
co.35.13440	12251
co.35.13442	12250
co.35.13458	12853
co.35.13468	12231
co.35.13473	12220
co.35.13490	12900
co.35.13549	12169
co.35.13580	12933
co.35.13600	12859
co.35.13620	12934
co.35.13647	12039
co.35.13650	12038
co.35.13654	12035
co.35.13655	12935
co.35.13657	12026
co.35.13667	12018
co.35.13670	12733
co.35.13673	12000
co.35.13683	11993
co.35.13688	12708
co.35.13744	11965
co.35.13760	11951
co.35.13780	12734
co.35.13810	12736
co.35.13836	11881
co.35.13838	11880
co.35.13873	11849
co.35.13894	11830
co.36	11817
co.36.15001	11883
co.36.15022	12641
co.36.15047	12619
co.36.15051	12610
co.36.15087	12586
co.36.15090	12580
co.36.15092	12578
co.36.15097	12574
co.36.15104	12567
co.36.15106	12566
co.36.15109	12563
co.36.15114	12558
co.36.15131	12546
co.36.15135	12536
co.36.15162	12517
co.36.15172	12503
co.36.15176	12498
co.36.15180	12496
co.36.15183	12495
co.36.15185	12493
co.36.15187	12741
co.36.15189	12489
co.36.15204	12479
co.36.15212	12468
co.36.15215	12462
co.36.15218	12460
co.36.15223	12457
co.36.15224	12710
co.36.15226	12453
co.36.15232	12739
co.36.15236	12742
co.36.15238	12444
co.36.15244	12432
co.36.15248	12429
co.36.15272	12409
co.36.15276	12406
co.36.15293	12390
co.36.15296	12383
co.36.15299	12382
co.36.15317	12368
co.36.15322	12349
co.36.15325	12345
co.36.15332	12343
co.36.15362	12324
co.36.15367	12320
co.36.15368	12318
co.36.15377	12308
co.36.15380	12306
co.36.15401	12896
co.36.15403	12286
co.36.15407	12281
co.36.15425	12268
co.36.15442	12248
co.36.15455	12237
co.36.15464	12230
co.36.15466	12229
co.36.15469	12228
co.36.15476	12746
co.36.15480	12213
co.36.15491	12203
co.36.15494	12200
co.36.15500	12747
co.36.15507	12187
co.36.15511	12185
co.36.15514	12856
co.36.15516	12178
co.36.15518	12177
co.36.15522	12165
co.36.15531	12160
co.36.15533	12159
co.36.15537	12156
co.36.15542	12150
co.36.15550	12143
co.36.15572	12122
co.36.15580	12749
co.36.15599	12101
co.36.15600	12100
co.36.15621	12076
co.36.15632	12070
co.36.15638	12068
co.36.15646	12060
co.36.15660	12750
co.36.15664	12029
co.36.15667	12022
co.36.15673	12017
co.36.15676	12015
co.36.15681	12012
co.36.15686	12751
co.36.15690	12936
co.36.15693	11990
co.36.15696	11989
co.36.15720	11976
co.36.15723	11975
co.36.15740	11971
co.36.15753	11960
co.36.15755	11957
co.36.15757	11959
co.36.15759	11956
co.36.15761	12752
co.36.15762	12754
co.36.15763	11949
co.36.15764	12704
co.36.15774	11935
co.36.15776	11934
co.36.15778	11932
co.36.15790	11921
co.36.15798	11915
co.36.15804	11910
co.36.15806	11909
co.36.15808	11903
co.36.15810	12755
co.36.15814	11901
co.36.15816	11898
co.36.15820	11893
co.36.15822	11889
co.36.15832	12757
co.36.15835	11878
co.36.15837	11877
co.36.15839	11876
co.36.15842	11872
co.36.15861	11858
co.36.15879	11840
co.36.15897	11826
co.37	11816
co.37.17001	12254
co.37.17013	12655
co.37.17042	12625
co.37.17050	12617
co.37.17088	12587
co.37.17174	12502
co.37.17272	12411
co.37.17380	12301
co.37.17388	12760
co.37.17433	12252
co.37.17442	12246
co.37.17444	12245
co.37.17446	12243
co.37.17486	12208
co.37.17495	12937
co.37.17513	12183
co.37.17524	12175
co.37.17541	12153
co.37.17614	12084
co.37.17616	12082
co.37.17653	12065
co.37.17662	12059
co.37.17665	12938
co.37.17777	11938
co.37.17867	11854
co.37.17873	11850
co.37.17877	11839
co.38	11804
co.38.47001	11996
co.38.47030	12644
co.38.47053	12618
co.38.47058	12685
co.38.47161	12515
co.38.47170	12842
co.38.47189	12488
co.38.47205	12939
co.38.47245	12440
co.38.47258	12424
co.38.47268	12940
co.38.47288	12397
co.38.47318	12358
co.38.47460	12941
co.38.47541	12155
co.38.47545	12942
co.38.47551	12140
co.38.47555	12137
co.38.47570	12126
co.38.47605	12097
co.38.47660	12943
co.38.47675	12064
co.38.47692	12004
co.38.47703	11981
co.38.47707	12003
co.38.47720	12944
co.38.47745	11962
co.38.47798	11917
co.38.47960	12945
co.38.47980	12894
cr-a	12952
cr-c	12951
cr-g	12950
cr-h	12949
cr-l	12948
cr-p	12947
cr-sj	12946
cr.01	12952
cr.01.201	13028
cr.01.202	13032
cr.01.203	13004
cr.01.204	12970
cr.01.205	13023
cr.01.206	12986
cr.01.207	12981
cr.01.208	12977
cr.01.209	12983
cr.01.210	12973
cr.01.211	13026
cr.01.212	12954
cr.01.213	12955
cr.01.214	12993
cr.01.215	13002
cr.01.216	13034
cr.02	12951
cr.02.301	13016
cr.02.302	12980
cr.02.303	12997
cr.02.304	12999
cr.02.305	12957
cr.02.306	13025
cr.02.307	12984
cr.02.308	13010
cr.03	12950
cr.03.501	12995
cr.03.502	12985
cr.03.503	12965
cr.03.504	13022
cr.03.505	13017
cr.03.506	13018
cr.03.507	13031
cr.03.508	12958
cr.03.509	12987
cr.03.510	12998
cr.03.511	13000
cr.04	12949
cr.04.401	13001
cr.04.402	13021
cr.04.403	12964
cr.04.404	12966
cr.04.405	12968
cr.04.406	12972
cr.04.407	13020
cr.04.408	13007
cr.04.409	12969
cr.04.410	12963
cr.06	12948
cr.06.701	12994
cr.06.702	12976
cr.06.703	12962
cr.06.704	12961
cr.06.705	12992
cr.06.706	13003
cr.07	12947
cr.07.601	12975
cr.07.602	13008
cr.07.603	13019
cr.07.604	12990
cr.07.605	12982
cr.07.606	13029
cr.07.607	13005
cr.07.608	13014
cr.07.609	12979
cr.07.610	13015
cr.07.611	13033
cr.08	12946
cr.08.101	12971
cr.08.102	13009
cr.08.103	13012
cr.08.104	12974
cr.08.105	12960
cr.08.106	13024
cr.08.107	12989
cr.08.108	13006
cr.08.109	12967
cr.08.110	13027
cr.08.111	12953
cr.08.112	13030
cr.08.113	12959
cr.08.114	12988
cr.08.115	12991
cr.08.116	12956
cr.08.117	13011
cr.08.118	13013
cr.08.119	12978
cr.08.120	12996
cu-01	13038
cu-03	13045
cu-04	13039
cu-05	13035
cu-06	13046
cu-07	13037
cu-08	13047
cu-09	13048
cu-10	13040
cu-11	13042
cu-12	13044
cu-13	13036
cu-14	13043
cu-15	13049
cu-16	13050
cu-99	13041
cu.01	13038
cu.01.2101	13148
cu.01.2102	13096
cu.01.2103	13156
cu.01.2104	13053
cu.01.2105	13102
cu.01.2106	13098
cu.01.2107	13123
cu.01.2108	13080
cu.01.2109	13063
cu.01.2110	13065
cu.01.2111	13112
cu.02	13045
cu.02.2301	13214
cu.02.2302	13166
cu.02.2303	13159
cu.02.2304	13164
cu.02.2305	13074
cu.02.2306	13163
cu.02.2307	13114
cu.02.2308	13167
cu.02.2309	13162
cu.02.2310	13160
cu.02.2311	13094
cu.02.2312	13165
cu.02.2313	13158
cu.02.2314	13157
cu.02.2315	13161
cu.03	13039
cu.03.2501	13091
cu.03.2502	13128
cu.03.2503	13092
cu.03.2504	13124
cu.03.2505	13081
cu.03.2506	13103
cu.03.2507	13082
cu.03.2508	13100
cu.03.2509	13054
cu.03.2510	13169
cu.03.2511	13107
cu.03.2512	13168
cu.03.2513	13099
cu.04	13041
cu.05	13048
cu.05.3001	13213
cu.05.3002	13119
cu.05.3003	13173
cu.05.3004	13171
cu.05.3005	13085
cu.05.3006	13115
cu.05.3007	13172
cu.05.3008	13132
cu.05.3009	13118
cu.05.3010	13174
cu.05.3011	13170
cu.05.3012	13217
cu.05.3013	13059
cu.07	13047
cu.07.2901	13154
cu.07.2902	13088
cu.07.2903	13175
cu.07.2904	13178
cu.07.2905	13153
cu.07.2906	13176
cu.07.2907	13177
cu.07.2908	13127
cu.07.2909	13179
cu.07.2910	13152
cu.08	13046
cu.08.2701	13145
cu.08.2702	13073
cu.08.2703	13083
cu.08.2704	13058
cu.08.2705	13121
cu.08.2706	13180
cu.08.2707	13126
cu.08.2708	13146
cu.09	13044
cu.09.3301	13155
cu.09.3302	13183
cu.09.3303	13104
cu.09.3304	13137
cu.09.3305	13187
cu.09.3306	13095
cu.09.3307	13130
cu.09.3308	13185
cu.09.3309	13087
cu.09.3310	13186
cu.09.3311	13181
cu.09.3312	13182
cu.09.3313	13184
cu.10	13043
cu.10.3501	13189
cu.10.3502	13192
cu.10.3503	13051
cu.10.3504	13140
cu.10.3505	13191
cu.10.3506	13190
cu.10.3507	13194
cu.10.3508	13188
cu.10.3509	13111
cu.10.3510	13193
cu.12	13042
cu.12.3201	13116
cu.12.3202	13212
cu.12.3203	13141
cu.12.3204	13143
cu.12.3205	13195
cu.12.3206	13108
cu.12.3207	13147
cu.12.3208	13196
cu.12.3209	13211
cu.12.3210	13216
cu.12.3211	13090
cu.12.3212	13197
cu.12.3213	13072
cu.12.3214	13198
cu.13	13040
cu.13.3101	13150
cu.13.3102	13078
cu.13.3103	13151
cu.13.3104	13201
cu.13.3105	13101
cu.13.3106	13149
cu.13.3107	13200
cu.13.3108	13199
cu.14	13037
cu.14.2801	13052
cu.14.2802	13105
cu.14.2803	13203
cu.14.2804	13135
cu.14.2805	13117
cu.14.2806	13055
cu.14.2807	13068
cu.14.2808	13202
cu.15	13036
cu.15.3401	13204
cu.15.3402	13206
cu.15.3403	13064
cu.15.3404	13207
cu.15.3405	13215
cu.15.3406	13057
cu.15.3407	13084
cu.15.3408	13208
cu.15.3409	13205
cu.16	13035
cu.16.2601	13122
cu.16.2602	13077
cu.16.2603	13071
cu.16.2604	13120
cu.16.2605	13131
cu.16.2606	13134
cu.16.2607	13066
cu.16.2608	13079
cu.16.2609	13061
cu.16.2610	13125
cu.16.2611	13056
cu.16.2612	13075
cu.16.2613	13209
cu.ar	13049
cu.ar.2201	13210
cu.ar.2202	13093
cu.ar.2203	13113
cu.ar.2204	13133
cu.ar.2205	13138
cu.ar.2206	13070
cu.ar.2207	13109
cu.ar.2208	13144
cu.ar.2209	13142
cu.ar.2210	13129
cu.ar.2211	13069
cu.ma	13050
cu.ma.2401	13136
cu.ma.2402	13067
cu.ma.2403	13106
cu.ma.2404	13060
cu.ma.2405	13097
cu.ma.2406	13086
cu.ma.2407	13062
cu.ma.2408	13110
cu.ma.2409	13089
cu.ma.2410	13139
cu.ma.2411	13076
cv-b	13272
cv-br	13226
cv-bv	13227
cv-ca	13220
cv-cf	13235
cv-cr	13229
cv-ma	13225
cv-mo	13228
cv-pa	13224
cv-pn	13233
cv-pr	13223
cv-rb	13234
cv-rg	13222
cv-rs	13239
cv-s	13273
cv-sd	13230
cv-sf	13231
cv-sl	13221
cv-sm	13232
cv-so	13238
cv-ss	13236
cv-sv	13219
cv-ta	13218
cv-ts	13237
cv.01	13227
cv.01.11996041	13253
cv.01.11996049	13261
cv.02	13226
cv.02.11429279	13242
cv.02.11468093	13244
cv.04	13225
cv.04.7669150	13240
cv.05	13224
cv.05.11996043	13255
cv.07	13222
cv.07.11468013	13243
cv.07.11468615	13246
cv.07.11996038	13250
cv.07.11996045	13257
cv.08	13221
cv.08.11996036	13248
cv.11	13219
cv.11.11996047	13259
cv.13	13228
cv.13.11996037	13249
cv.14	13223
cv.14.11996057	13269
cv.15	13220
cv.15.11996052	13264
cv.16	13229
cv.16.11996053	13265
cv.17	13230
cv.17.11468611	13245
cv.17.11996046	13258
cv.18	13231
cv.18.11429194	13241
cv.18.11996051	13263
cv.19	13232
cv.19.11996056	13268
cv.20	13218
cv.20.11996054	13266
cv.21	13233
cv.21.11996042	13254
cv.21.11996050	13262
cv.22	13234
cv.22.11996035	13247
cv.22.11996039	13251
cv.23	13239
cv.23.11996058	13270
cv.23.11996059	13271
cv.24	13235
cv.24.11996040	13252
cv.25	13238
cv.25.11996055	13267
cv.26	13236
cv.26.11996044	13256
cv.27	13237
cv.27.11996048	13260
cy-01	13275
cy-02	13276
cy-03	13277
cy-04	13279
cy-05	13274
cy-06	13278
cy.01	13279
cy.01.3000	13500
cy.01.3100	13501
cy.01.3101	13502
cy.01.3102	13503
cy.01.3103	13504
cy.01.3104	13505
cy.01.3105	13506
cy.01.3110	13507
cy.01.3111	13508
cy.01.3112	13509
cy.01.3113	13510
cy.01.3114	13511
cy.01.3120	13512
cy.01.3121	13513
cy.01.3122	13514
cy.01.3123	13515
cy.01.3124	13516
cy.01.3130	13517
cy.01.3131	13518
cy.01.3132	13519
cy.01.3133	13520
cy.01.3134	13521
cy.01.3135	13522
cy.01.3136	13523
cy.01.3200	13524
cy.01.3201	13525
cy.01.3202	13526
cy.01.3203	13527
cy.01.3204	13528
cy.01.3205	13529
cy.01.3210	13530
cy.01.3211	13531
cy.01.3212	13532
cy.01.3213	13533
cy.01.3214	13534
cy.01.3215	13535
cy.01.3216	13536
cy.01.3217	13537
cy.01.3218	13538
cy.01.3219	13539
cy.01.3220	13540
cy.01.3221	13541
cy.01.3222	13542
cy.01.3223	13543
cy.01.3224	13544
cy.01.3231	13545
cy.01.3232	13546
cy.01.3233	13547
cy.01.3234	13548
cy.01.3235	13549
cy.01.3236	13550
cy.01.3237	13551
cy.01.3238	13552
cy.01.3239	13553
cy.01.3300	13554
cy.01.3301	13555
cy.01.3303	13556
cy.01.3304	13557
cy.01.3305	13558
cy.01.3310	13559
cy.01.3311	13560
cy.01.3312	13561
cy.01.3313	13562
cy.01.3314	13563
cy.01.3320	13564
cy.01.3321	13565
cy.01.3322	13566
cy.01.3323	13567
cy.01.3324	13568
cy.01.3325	13569
cy.01.3326	13570
cy.01.3327	13571
cy.01.3328	13572
cy.01.3330	13573
cy.01.3331	13574
cy.01.3332	13575
cy.01.3333	13576
cy.01.3334	13577
cy.01.3335	13578
cy.01.3336	13579
cy.01.3337	13580
cy.01.3338	13581
cy.01.3340	13582
cy.01.3341	13583
cy.01.3342	13584
cy.01.3343	13585
cy.01.3344	13586
cy.01.3345	13587
cy.01.3346	13588
cy.01.3347	13589
cy.01.3348	13590
cy.01.3350	13591
cy.01.3351	13592
cy.01.3352	13593
cy.01.3353	13594
cy.01.3354	13595
cy.01.3355	13596
cy.01.3356	13597
cy.02	13278
cy.02.2000	13453
cy.02.2100	13454
cy.02.2101	13455
cy.02.2102	13456
cy.02.2103	13457
cy.02.2104	13458
cy.02.2110	13459
cy.02.2111	13460
cy.02.2112	13461
cy.02.2113	13462
cy.02.2114	13463
cy.02.2120	13464
cy.02.2121	13465
cy.02.2122	13466
cy.02.2123	13467
cy.02.2124	13468
cy.02.2125	13469
cy.02.2126	13470
cy.02.2127	13471
cy.02.2128	13472
cy.02.2129	13473
cy.02.2130	13474
cy.02.2200	13475
cy.02.2201	13476
cy.02.2202	13477
cy.02.2203	13478
cy.02.2204	13479
cy.02.2205	13480
cy.02.2206	13481
cy.02.2207	13482
cy.02.2208	13483
cy.02.2209	13484
cy.02.2210	13485
cy.02.2211	13486
cy.02.2212	13487
cy.02.2213	13488
cy.02.2214	13489
cy.02.2215	13490
cy.02.2216	13491
cy.02.2217	13492
cy.02.2218	13493
cy.02.2220	13494
cy.02.2221	13495
cy.02.2222	13496
cy.02.2223	13497
cy.02.2224	13498
cy.02.2226	13499
cy.03	13277
cy.03.4000	13598
cy.03.4010	13599
cy.03.4011	13888
cy.03.4014	13893
cy.03.4100	13600
cy.03.4101	13601
cy.03.4102	13602
cy.03.4103	13603
cy.03.4104	13604
cy.03.4105	13605
cy.03.4106	13606
cy.03.4107	13607
cy.03.4108	13608
cy.03.4110	13609
cy.03.4111	13878
cy.03.4112	13610
cy.03.4113	13611
cy.03.4120	13612
cy.03.4121	13613
cy.03.4122	13614
cy.03.4123	13616
cy.03.4124	13617
cy.03.4125	13618
cy.03.4126	13619
cy.03.4127	13620
cy.03.4128	13621
cy.03.4201	13622
cy.03.4202	13623
cy.03.4203	13624
cy.03.4204	13625
cy.03.4205	13626
cy.03.4210	13890
cy.03.4211	13627
cy.03.4212	13628
cy.03.4213	13629
cy.03.4214	13872
cy.03.4215	13615
cy.03.4216	13630
cy.03.4217	13631
cy.03.4300	13632
cy.03.4301	13633
cy.03.4302	13634
cy.03.4303	13635
cy.03.4304	13636
cy.03.4305	13637
cy.03.4306	13638
cy.03.4307	13887
cy.03.4308	13639
cy.03.4309	13640
cy.03.4310	13641
cy.03.4311	13642
cy.03.4312	13643
cy.03.4313	13644
cy.03.4314	13645
cy.03.4315	13646
cy.03.4316	13647
cy.03.4317	13648
cy.03.4318	13649
cy.03.4319	13650
cy.04	13275
cy.04.1000	13867
cy.04.1010	13280
cy.04.1011	13281
cy.04.1012	13282
cy.04.1013	13283
cy.04.1014	13284
cy.04.1015	13285
cy.04.1021	13286
cy.04.1022	13287
cy.04.1023	13288
cy.04.1024	13289
cy.04.1100	13290
cy.04.1101	13291
cy.04.1102	13292
cy.04.1103	13293
cy.04.1104	13294
cy.04.1105	13295
cy.04.1106	13296
cy.04.1107	13297
cy.04.1108	13298
cy.04.1109	13299
cy.04.1110	13300
cy.04.1120	13301
cy.04.1121	13302
cy.04.1122	13303
cy.04.1123	13304
cy.04.1124	13305
cy.04.1125	13306
cy.04.1130	13307
cy.04.1131	13308
cy.04.1132	13309
cy.04.1133	13310
cy.04.1134	13311
cy.04.1135	13312
cy.04.1136	13313
cy.04.1137	13314
cy.04.1138	13315
cy.04.1139	13316
cy.04.1141	13317
cy.04.1142	13318
cy.04.1143	13319
cy.04.1144	13320
cy.04.1200	13321
cy.04.1201	13322
cy.04.1202	13323
cy.04.1203	13324
cy.04.1204	13325
cy.04.1205	13326
cy.04.1206	13327
cy.04.1207	13328
cy.04.1208	13329
cy.04.1209	13330
cy.04.1210	13331
cy.04.1211	13332
cy.04.1212	13333
cy.04.1213	13334
cy.04.1220	13335
cy.04.1221	13336
cy.04.1222	13337
cy.04.1223	13338
cy.04.1224	13339
cy.04.1225	13340
cy.04.1226	13341
cy.04.1227	13342
cy.04.1228	13343
cy.04.1229	13344
cy.04.1230	13345
cy.04.1231	13346
cy.04.1232	13347
cy.04.1233	13348
cy.04.1240	13349
cy.04.1241	13350
cy.04.1242	13351
cy.04.1243	13352
cy.04.1244	13361
cy.04.1245	13362
cy.04.1246	13363
cy.04.1247	13364
cy.04.1248	13365
cy.04.1249	13366
cy.04.1250	13367
cy.04.1251	13368
cy.04.1300	13369
cy.04.1301	13370
cy.04.1302	13371
cy.04.1303	13372
cy.04.1304	13373
cy.04.1305	13374
cy.04.1306	13375
cy.04.1307	13376
cy.04.1308	13377
cy.04.1309	13378
cy.04.1310	13379
cy.04.1320	13380
cy.04.1321	13381
cy.04.1322	13382
cy.04.1323	13383
cy.04.1324	13384
cy.04.1325	13353
cy.04.1326	13354
cy.04.1327	13355
cy.04.1328	13356
cy.04.1329	13357
cy.04.1330	13358
cy.04.1340	13359
cy.04.1350	13360
cy.04.1351	13385
cy.04.1352	13400
cy.04.1353	13401
cy.04.1354	13402
cy.04.1355	13403
cy.04.1357	13386
cy.04.1360	13387
cy.04.1361	13388
cy.04.1362	13389
cy.04.1363	13390
cy.04.1364	13391
cy.04.1365	13392
cy.04.1366	13393
cy.04.1367	13394
cy.04.1368	13395
cy.04.1369	13396
cy.04.1400	13397
cy.04.1402	13398
cy.04.1403	13399
cy.04.1404	13404
cy.04.1405	13405
cy.04.1406	13406
cy.04.1407	13407
cy.04.1408	13408
cy.04.1409	13409
cy.04.1410	13410
cy.04.1411	13411
cy.04.1412	13412
cy.04.1414	13413
cy.04.1415	13414
cy.04.1416	13415
cy.04.1417	13416
cy.04.1420	13417
cy.04.1421	13418
cy.04.1422	13419
cy.04.1423	13420
cy.04.1424	13421
cy.04.1425	13422
cy.04.1426	13423
cy.04.1427	13424
cy.04.1430	13425
cy.04.1431	13426
cy.04.1432	13427
cy.04.1433	13428
cy.04.1435	13429
cy.04.1436	13430
cy.04.1437	13431
cy.04.1438	13432
cy.04.1439	13433
cy.04.1441	13434
cy.04.1443	13435
cy.04.1450	13436
cy.04.1451	13437
cy.04.1452	13438
cy.04.1453	13439
cy.04.1454	13440
cy.04.1455	13441
cy.04.1456	13442
cy.04.1457	13443
cy.04.1458	13444
cy.04.1459	13445
cy.04.1460	13446
cy.04.1461	13447
cy.04.1464	13448
cy.04.1465	13449
cy.04.1466	13450
cy.04.1467	13451
cy.04.1468	13452
cy.05	13276
cy.05.5000	13651
cy.05.5011	13652
cy.05.5012	13653
cy.05.5013	13654
cy.05.5020	13655
cy.05.5021	13656
cy.05.5022	13657
cy.05.5100	13658
cy.05.5101	13659
cy.05.5102	13660
cy.05.5103	13661
cy.05.5104	13662
cy.05.5105	13663
cy.05.5106	13664
cy.05.5107	13665
cy.05.5108	13666
cy.05.5109	13667
cy.05.5110	13668
cy.05.5120	13669
cy.05.5121	13670
cy.05.5122	13671
cy.05.5123	13672
cy.05.5124	13673
cy.05.5125	13674
cy.05.5126	13675
cy.05.5127	13676
cy.05.5128	13892
cy.05.5129	13877
cy.05.5130	13677
cy.05.5131	13678
cy.05.5132	13679
cy.05.5133	13876
cy.05.5134	13680
cy.05.5135	13681
cy.05.5136	13682
cy.05.5137	13683
cy.05.5138	13684
cy.05.5140	13685
cy.05.5141	13686
cy.05.5142	13687
cy.05.5143	13688
cy.05.5144	13689
cy.05.5145	13690
cy.05.5146	13886
cy.05.5147	13691
cy.05.5200	13692
cy.05.5201	13870
cy.05.5202	13693
cy.05.5203	13869
cy.05.5210	13694
cy.05.5211	13695
cy.05.5212	13696
cy.05.5213	13697
cy.05.5214	13698
cy.05.5220	13889
cy.05.5221	13699
cy.05.5222	13700
cy.05.5223	13701
cy.05.5224	13702
cy.05.5225	13703
cy.05.5226	13704
cy.05.5227	13705
cy.05.5300	13706
cy.05.5302	13707
cy.05.5303	13708
cy.05.5304	13709
cy.05.5305	13879
cy.05.5306	13710
cy.05.5307	13711
cy.05.5308	13712
cy.05.5310	13880
cy.05.5311	13713
cy.05.5312	13714
cy.05.5313	13715
cy.05.5314	13716
cy.05.5315	13717
cy.05.5316	13718
cy.05.5317	13719
cy.05.5318	13720
cy.05.5320	13721
cy.05.5321	13722
cy.05.5322	13723
cy.05.5323	13724
cy.05.5324	13725
cy.05.5325	13726
cy.05.5326	13727
cy.05.5327	13728
cy.05.5328	13729
cy.05.5329	13730
cy.05.5330	13731
cy.05.5331	13732
cy.05.5340	13733
cy.05.5341	13734
cy.05.5342	13735
cy.05.5343	13736
cy.05.5344	13737
cy.05.5345	13738
cy.05.5350	13739
cy.05.5351	13740
cy.05.5352	13741
cy.05.5355	13742
cy.05.5356	13894
cy.05.5360	13874
cy.05.5361	13875
cy.05.5362	13743
cy.05.5363	13744
cy.05.5364	13745
cy.05.5365	13746
cy.05.5366	13747
cy.05.5367	13748
cy.05.5368	13749
cy.05.5369	13750
cy.06	13274
cy.06.6000	13751
cy.06.6010	13752
cy.06.6011	13753
cy.06.6012	13754
cy.06.6014	13755
cy.06.6020	13756
cy.06.6021	13757
cy.06.6022	13758
cy.06.6023	13759
cy.06.6024	13760
cy.06.6025	13761
cy.06.6026	13762
cy.06.6027	13763
cy.06.6100	13764
cy.06.6101	13765
cy.06.6102	13766
cy.06.6103	13767
cy.06.6104	13768
cy.06.6106	13868
cy.06.6107	13769
cy.06.6108	13770
cy.06.6110	13771
cy.06.6111	13772
cy.06.6112	13773
cy.06.6113	13774
cy.06.6114	13775
cy.06.6115	13776
cy.06.6116	13777
cy.06.6120	13778
cy.06.6121	13779
cy.06.6122	13780
cy.06.6123	13781
cy.06.6124	13782
cy.06.6125	13783
cy.06.6126	13784
cy.06.6127	13785
cy.06.6128	13786
cy.06.6129	13787
cy.06.6130	13788
cy.06.6132	13789
cy.06.6133	13790
cy.06.6200	13791
cy.06.6201	13792
cy.06.6202	13793
cy.06.6203	13794
cy.06.6204	13795
cy.06.6205	13884
cy.06.6206	13796
cy.06.6207	13881
cy.06.6208	13797
cy.06.6210	13798
cy.06.6211	13799
cy.06.6212	13800
cy.06.6213	13801
cy.06.6214	13802
cy.06.6215	13803
cy.06.6216	13804
cy.06.6217	13805
cy.06.6218	13891
cy.06.6219	13883
cy.06.6220	13806
cy.06.6221	13885
cy.06.6222	13807
cy.06.6223	13808
cy.06.6224	13809
cy.06.6225	13810
cy.06.6226	13811
cy.06.6227	13812
cy.06.6228	13813
cy.06.6229	13814
cy.06.6230	13815
cy.06.6231	13816
cy.06.6300	13817
cy.06.6301	13818
cy.06.6302	13819
cy.06.6303	13820
cy.06.6304	13871
cy.06.6305	13821
cy.06.6306	13822
cy.06.6307	13823
cy.06.6308	13824
cy.06.6310	13825
cy.06.6311	13826
cy.06.6312	13827
cy.06.6313	13828
cy.06.6314	13829
cy.06.6315	13830
cy.06.6316	13831
cy.06.6317	13832
cy.06.6318	13833
cy.06.6319	13834
cy.06.6320	13835
cy.06.6321	13882
cy.06.6330	13836
cy.06.6331	13837
cy.06.6332	13838
cy.06.6333	13839
cy.06.6334	13840
cy.06.6335	13841
cy.06.6336	13842
cy.06.6337	13843
cy.06.6338	13844
cy.06.6339	13845
cy.06.6340	13846
cy.06.6341	13847
cy.06.6343	13848
cy.06.6344	13849
cy.06.6345	13850
cy.06.6350	13851
cy.06.6351	13852
cy.06.6352	13853
cy.06.6353	13854
cy.06.6354	13855
cy.06.6355	13856
cy.06.6360	13857
cy.06.6361	13858
cy.06.6362	13859
cy.06.6363	13860
cy.06.6364	13861
cy.06.6365	13873
cy.06.6366	13862
cy.06.6367	13863
cy.06.6368	13864
cy.06.6369	13865
cy.06.6370	13866
cz-10	13895
cz-20	13906
cz-201	13983
cz-202	13982
cz-203	13957
cz-204	13955
cz-205	13953
cz-206	13949
cz-207	13948
cz-208	13944
cz-209	13933
cz-20a	13932
cz-20b	13930
cz-20c	13928
cz-31	13897
cz-311	13975
cz-312	13974
cz-313	13960
cz-314	13938
cz-315	13934
cz-316	13923
cz-317	13920
cz-32	13905
cz-321	13969
cz-322	13956
cz-323	13936
cz-324	13937
cz-325	13935
cz-326	13927
cz-327	13919
cz-41	13899
cz-411	13973
cz-412	13959
cz-413	13924
cz-42	13907
cz-421	13970
cz-422	13972
cz-423	13951
cz-424	13950
cz-425	13947
cz-426	13918
cz-427	13914
cz-51	13901
cz-511	13976
cz-512	13963
cz-513	13952
cz-514	13925
cz-52	13900
cz-521	13964
cz-522	13962
cz-523	13946
cz-524	13926
cz-525	13916
cz-53	13904
cz-531	13971
cz-532	13940
cz-533	13921
cz-534	13913
cz-63	13898
cz-631	13966
cz-632	13961
cz-633	13939
cz-634	13917
cz-635	13910
cz-64	13896
cz-641	13981
cz-642	13979
cz-643	13978
cz-644	13980
cz-645	13965
cz-646	13911
cz-647	13909
cz-71	13902
cz-711	13984
cz-712	13943
cz-713	13929
cz-714	13931
cz-715	13922
cz-72	13908
cz-721	13954
cz-722	13915
cz-723	13912
cz-724	13967
cz-80	13903
cz-801	13977
cz-802	13968
cz-803	13958
cz-804	13945
cz-805	13942
cz-806	13941
cz.52	13895
cz.52.8378769	13985
cz.52.8378770	13986
cz.52.8378771	13987
cz.52.8378772	13988
cz.52.8378773	13989
cz.52.8378774	13990
cz.52.8378775	13991
cz.52.8378776	13992
cz.52.8378777	13993
cz.52.8378778	13994
cz.52.8378779	13995
cz.52.8378780	13996
cz.52.8378781	13997
cz.52.8378782	13998
cz.52.8378784	13999
cz.52.8378785	14000
cz.52.8378787	14001
cz.52.8378788	14002
cz.52.8378789	14003
cz.52.8378790	14004
cz.52.8378792	14005
cz.52.8378793	14006
cz.78	13896
cz.78.0641	13981
cz.78.0642	13979
cz.78.0643	13978
cz.78.0644	13980
cz.78.0645	13965
cz.78.0646	13911
cz.78.0647	13909
cz.79	13897
cz.79.0311	13975
cz.79.0312	13974
cz.79.0313	13960
cz.79.0314	13938
cz.79.0315	13934
cz.79.0316	13923
cz.79.0317	13920
cz.80	13898
cz.80.0631	13966
cz.80.0632	13961
cz.80.0633	13939
cz.80.0634	13917
cz.80.0635	13910
cz.81	13899
cz.81.0411	13973
cz.81.0412	13959
cz.81.0413	13924
cz.82	13900
cz.82.0521	13964
cz.82.0522	13962
cz.82.0523	13946
cz.82.0524	13926
cz.82.0525	13916
cz.83	13901
cz.83.0511	13976
cz.83.0512	13963
cz.83.0513	13952
cz.83.0514	13925
cz.84	13902
cz.84.0711	13984
cz.84.0712	13943
cz.84.0713	13929
cz.84.0714	13931
cz.84.0715	13922
cz.85	13903
cz.85.0801	13977
cz.85.0802	13968
cz.85.0803	13958
cz.85.0804	13945
cz.85.0805	13942
cz.85.0806	13941
cz.86	13904
cz.86.0531	13971
cz.86.0532	13940
cz.86.0533	13921
cz.86.0534	13913
cz.87	13905
cz.87.0321	13969
cz.87.0322	13956
cz.87.0323	13936
cz.87.0324	13937
cz.87.0325	13935
cz.87.0326	13927
cz.87.0327	13919
cz.88	13906
cz.88.0201	13983
cz.88.0202	13982
cz.88.0203	13957
cz.88.0204	13955
cz.88.0205	13953
cz.88.0206	13949
cz.88.0207	13948
cz.88.0208	13944
cz.88.0209	13933
cz.88.020a	13932
cz.88.020b	13930
cz.88.020c	13928
cz.89	13907
cz.89.0421	13970
cz.89.0422	13972
cz.89.0423	13951
cz.89.0424	13950
cz.89.0425	13947
cz.89.0426	13918
cz.89.0427	13914
cz.90	13908
cz.90.0721	13954
cz.90.0722	13915
cz.90.0723	13912
cz.90.0724	13967
de-bb	14019
de-be	14020
de-bw	14022
de-by	14021
de-hb	14018
de-he	14016
de-hh	14017
de-mv	14015
de-ni	14014
de-nw	14013
de-rp	14012
de-sh	14008
de-sl	14011
de-sn	14010
de-st	14009
de-th	14007
de.01	14022
de.01.081	14039
de.01.082	14038
de.01.083	14033
de.01.084	14040
de.02	14021
de.02.091	14027
de.02.092	14028
de.02.093	14025
de.02.094	14026
de.02.095	14030
de.02.096	14023
de.02.097	14024
de.03	14018
de.04	14017
de.05	14016
de.05.064	14036
de.05.065	14041
de.05.066	14032
de.06	14014
de.07	14013
de.07.051	14034
de.07.053	14031
de.07.055	14029
de.07.057	14035
de.07.059	14037
de.08	14012
de.09	14011
de.10	14008
de.11	14019
de.12	14015
de.13	14010
de.14	14009
de.15	14007
de.16	14020
dj-ar	14047
dj-as	14046
dj-di	14045
dj-dj	14044
dj-ob	14043
dj-ta	14042
dj.01	14046
dj.04	14043
dj.04.7910461	14048
dj.05	14042
dj.06	14045
dj.06.9611302	14049
dj.06.9611312	14050
dj.07	14044
dj.08	14047
dk-81	14053
dk-82	14052
dk-83	14055
dk-84	14051
dk-85	14054
dk.17	14051
dk.17.101	14089
dk.17.147	14113
dk.17.151	14123
dk.17.153	14120
dk.17.155	14117
dk.17.157	14110
dk.17.159	14109
dk.17.161	14108
dk.17.163	14103
dk.17.165	14127
dk.17.167	14095
dk.17.169	14142
dk.17.173	14085
dk.17.175	14076
dk.17.183	14094
dk.17.185	14063
dk.17.187	14060
dk.17.190	14131
dk.17.201	14126
dk.17.210	14144
dk.17.217	14104
dk.17.219	14101
dk.17.223	14096
dk.17.230	14147
dk.17.240	14152
dk.17.250	14111
dk.17.260	14145
dk.17.270	14149
dk.17.400	14121
dk.17.411	14118
dk.18	14052
dk.18.615	14097
dk.18.657	14102
dk.18.661	14098
dk.18.665	14087
dk.18.671	14065
dk.18.706	14151
dk.18.707	14137
dk.18.710	14150
dk.18.727	14080
dk.18.730	14078
dk.18.740	14073
dk.18.741	14074
dk.18.746	14072
dk.18.751	14125
dk.18.756	14148
dk.18.760	14136
dk.18.766	14105
dk.18.779	14071
dk.18.791	14057
dk.19	14053
dk.19.773	14083
dk.19.787	14062
dk.19.810	14119
dk.19.813	14112
dk.19.820	14143
dk.19.825	14086
dk.19.840	14141
dk.19.846	14134
dk.19.849	14130
dk.19.851	14138
dk.19.860	14100
dk.20	14054
dk.20.253	14107
dk.20.259	14091
dk.20.265	14075
dk.20.269	14069
dk.20.306	14132
dk.20.316	14099
dk.20.320	14135
dk.20.326	14093
dk.20.329	14077
dk.20.330	14070
dk.20.336	14066
dk.20.340	14067
dk.20.350	14088
dk.20.360	14154
dk.20.370	14082
dk.20.376	14153
dk.20.390	14056
dk.21	14055
dk.21.410	14084
dk.21.420	14124
dk.21.430	14140
dk.21.440	14092
dk.21.450	14081
dk.21.461	14079
dk.21.479	14064
dk.21.480	14133
dk.21.482	14146
dk.21.492	14139
dk.21.510	14106
dk.21.530	14122
dk.21.540	14068
dk.21.550	14061
dk.21.561	14129
dk.21.563	14115
dk.21.573	14116
dk.21.575	14059
dk.21.580	14128
dk.21.607	14114
dk.21.621	14090
dk.21.630	14058
dm-02	14164
dm-03	14163
dm-04	14162
dm-05	14161
dm-06	14160
dm-07	14159
dm-08	14158
dm-09	14157
dm-10	14156
dm-11	14155
dm.02	14164
dm.03	14163
dm.04	14162
dm.05	14161
dm.06	14160
dm.07	14159
dm.08	14158
dm.09	14157
dm.10	14156
dm.11	14155
do-01	14177
do-02	14194
do-03	14193
do-04	14192
do-05	14191
do-06	14190
do-07	14189
do-08	14188
do-09	14187
do-10	14185
do-11	14184
do-12	14183
do-13	14182
do-14	14181
do-15	14179
do-16	14176
do-17	14175
do-18	14174
do-19	14173
do-20	14172
do-21	14170
do-22	14169
do-23	14168
do-24	14171
do-25	14167
do-26	14166
do-27	14165
do-28	14180
do-29	14178
do-30	14186
do-31	14195
do-32	14196
do-33	14352
do-34	14353
do-35	14354
do-36	14355
do-37	14356
do-38	14357
do-39	14358
do-40	14359
do-41	14360
do-42	14361
do.01	14194
do.01.0201	14298
do.01.0202	14316
do.01.0203	14317
do.01.0204	14237
do.01.0205	14232
do.01.0206	14318
do.01.0207	14319
do.01.0208	14300
do.01.0209	14301
do.01.0210	14302
do.02	14193
do.02.0301	14240
do.02.0302	14303
do.02.0303	14209
do.02.0304	14202
do.02.0305	14350
do.03	14192
do.03.0401	14294
do.03.0402	14289
do.03.0403	14272
do.03.0404	14236
do.03.0405	14205
do.03.0406	14313
do.03.0407	14314
do.03.0408	14351
do.03.0409	14304
do.03.0410	14305
do.03.0411	14306
do.04	14191
do.04.0501	14279
do.04.0502	14252
do.04.0503	14307
do.04.0504	14227
do.04.0505	14308
do.06	14190
do.06.0601	14218
do.06.0602	14309
do.06.0603	14285
do.06.0604	14231
do.06.0605	14201
do.06.0606	14310
do.06.0607	14311
do.08	14187
do.08.0901	14245
do.08.0902	14284
do.08.0903	14269
do.08.0904	14343
do.09	14185
do.09.1001	14260
do.09.1002	14278
do.09.1003	14259
do.09.1004	14230
do.09.1005	14320
do.09.1006	14312
do.10	14184
do.10.1101	14265
do.10.1102	14213
do.11	14189
do.11.0701	14282
do.11.0702	14295
do.11.0703	14275
do.11.0704	14264
do.11.0705	14234
do.11.0706	14342
do.12	14183
do.12.1201	14257
do.12.1202	14268
do.12.1203	14321
do.14	14181
do.14.1401	14241
do.14.1402	14288
do.14.1403	14276
do.14.1404	14226
do.15	14179
do.15.1501	14243
do.15.1502	14286
do.15.1503	14267
do.15.1504	14255
do.15.1505	14233
do.15.1506	14199
do.16	14176
do.16.1601	14235
do.16.1602	14238
do.18	14174
do.18.1801	14229
do.18.1802	14299
do.18.1803	14345
do.18.1804	14263
do.18.1805	14251
do.18.1806	14249
do.18.1807	14210
do.18.1808	14203
do.18.1809	14322
do.19	14173
do.19.1901	14222
do.19.1902	14207
do.19.1903	14200
do.20	14172
do.20.2001	14221
do.20.2002	14220
do.20.2003	14323
do.21	14171
do.21.2401	14280
do.21.2402	14283
do.21.2403	14270
do.21.2404	14331
do.23	14169
do.23.2201	14215
do.23.2202	14291
do.23.2203	14277
do.23.2204	14327
do.23.2205	14256
do.23.2206	14206
do.24	14168
do.24.2301	14214
do.24.2302	14250
do.24.2303	14228
do.24.2304	14328
do.24.2305	14329
do.24.2306	14330
do.25	14167
do.25.2501	14212
do.25.2502	14292
do.25.2503	14262
do.25.2504	14253
do.25.2505	14217
do.25.2506	14208
do.25.2507	14332
do.25.2508	14333
do.25.2509	14334
do.26	14166
do.26.2601	14223
do.26.2602	14335
do.26.2603	14244
do.27	14165
do.27.2701	14247
do.27.2702	14271
do.27.2703	14258
do.28	14188
do.28.0801	14274
do.28.0802	14246
do.29	14186
do.29.3001	14266
do.29.3002	14225
do.29.3003	14273
do.30	14182
do.30.1301	14254
do.30.1302	14281
do.30.1303	14261
do.30.1304	14344
do.31	14180
do.31.2801	14290
do.31.2802	14248
do.31.2803	14346
do.32	14178
do.32.2901	14242
do.32.2902	14293
do.32.2903	14224
do.32.2904	14197
do.32.2905	14347
do.33	14170
do.33.2101	14219
do.33.2102	14324
do.33.2103	14297
do.33.2104	14287
do.33.2105	14204
do.33.2106	14198
do.33.2107	14325
do.33.2108	14326
do.34	14177
do.34.0101	14315
do.35	14175
do.35.1701	14296
do.35.1702	14239
do.36	14195
do.36.3101	14216
do.36.3102	14348
do.36.3103	14349
do.37	14196
do.37.3201	14336
do.37.3202	14337
do.37.3203	14211
do.37.3204	14338
do.37.3205	14339
do.37.3206	14340
do.37.3207	14341
dz-01	14409
dz-02	14396
dz-03	14385
dz-04	14376
dz-05	14404
dz-06	14402
dz-07	14401
dz-08	14403
dz-09	14400
dz-10	14398
dz-11	14369
dz-12	14368
dz-13	14362
dz-14	14367
dz-15	14363
dz-16	14406
dz-17	14394
dz-18	14387
dz-19	14373
dz-20	14374
dz-21	14371
dz-22	14372
dz-23	14405
dz-24	14389
dz-25	14395
dz-26	14383
dz-27	14381
dz-28	14380
dz-29	14384
dz-30	14377
dz-31	14378
dz-32	14393
dz-33	14388
dz-34	14399
dz-35	14397
dz-36	14391
dz-37	14366
dz-38	14364
dz-39	14392
dz-40	14386
dz-41	14370
dz-42	14365
dz-43	14382
dz-44	14408
dz-45	14379
dz-46	14407
dz-47	14390
dz-48	14375
dz-49	14411
dz-50	14410
dz-51	14419
dz-52	14412
dz-53	14414
dz-54	14413
dz-55	14417
dz-56	14415
dz-57	14418
dz-58	14416
dz.01	14406
dz.01.12952478	14559
dz.01.12952479	14560
dz.01.12952480	14561
dz.01.12952525	14606
dz.01.12952561	14642
dz.01.12952563	14644
dz.01.12952565	14646
dz.01.12952566	14647
dz.01.12952570	14651
dz.01.12952571	14652
dz.01.12952572	14653
dz.01.12952574	14655
dz.01.2500886	14467
dz.03	14404
dz.03.12952445	14526
dz.03.12952473	14554
dz.03.12952517	14598
dz.03.12952531	14612
dz.03.12952546	14627
dz.03.12952553	14634
dz.03.12952577	14658
dz.03.12952579	14660
dz.03.12952581	14662
dz.03.12952582	14663
dz.03.12952583	14664
dz.03.12952585	14666
dz.03.12952587	14668
dz.03.12952588	14669
dz.03.12952589	14670
dz.03.12952590	14671
dz.03.12952591	14672
dz.03.2487880	14447
dz.03.2505570	14481
dz.03.2505627	14482
dz.03.2506402	14484
dz.04	14395
dz.04.12952483	14564
dz.04.12952651	14732
dz.04.12952660	14741
dz.04.12952662	14743
dz.04.12952663	14744
dz.04.2501150	14468
dz.06	14383
dz.06.12952498	14579
dz.06.12952499	14580
dz.06.12952534	14615
dz.06.12952720	14801
dz.06.12952721	14802
dz.06.12952722	14803
dz.06.12952724	14805
dz.06.12952725	14806
dz.06.12952726	14807
dz.06.12952727	14808
dz.06.12952729	14810
dz.06.12952731	14812
dz.06.12952733	14814
dz.06.12952735	14816
dz.06.12952737	14818
dz.06.12952738	14819
dz.06.12952739	14820
dz.06.2478972	14431
dz.06.2491321	14454
dz.07	14381
dz.07.12952452	14533
dz.07.12952457	14538
dz.07.12952468	14549
dz.07.12952743	14824
dz.07.12952744	14825
dz.07.12952745	14826
dz.07.12952746	14827
dz.07.12952747	14828
dz.07.2481182	14435
dz.07.2487132	14444
dz.09	14378
dz.09.12952430	14511
dz.09.12952431	14512
dz.09.12952432	14513
dz.09.12952433	14514
dz.09.12952500	14581
dz.09.12952752	14833
dz.09.12952756	14837
dz.09.12952763	14844
dz.09.2485924	14442
dz.10	14374
dz.10.12952784	14865
dz.10.12952786	14867
dz.10.12952787	14868
dz.10.12952788	14869
dz.10.12952790	14871
dz.10.2482569	14439
dz.12	14373
dz.12.12952461	14542
dz.12.12952505	14586
dz.12.12952506	14587
dz.12.12952792	14873
dz.12.12952793	14874
dz.12.12952794	14875
dz.12.12952795	14876
dz.12.12952796	14877
dz.12.12952797	14878
dz.12.12952798	14879
dz.12.12952799	14880
dz.12.12952800	14881
dz.12.12952801	14882
dz.12.12952802	14883
dz.12.12952803	14884
dz.12.2481698	14437
dz.12.2498390	14462
dz.12.2503153	14473
dz.12.2507978	14488
dz.12.2508142	14490
dz.13	14367
dz.13.12952539	14620
dz.13.12952642	14723
dz.13.12952837	14918
dz.13.12952839	14920
dz.13.12952846	14927
dz.13.12952847	14928
dz.13.12952848	14929
dz.13.12952849	14930
dz.13.12952850	14931
dz.13.12952852	14933
dz.13.12952854	14935
dz.13.12952856	14937
dz.13.2476895	14425
dz.13.2496230	14459
dz.14	14363
dz.14.12952450	14531
dz.14.12952471	14552
dz.14.12952514	14595
dz.14.12952515	14596
dz.14.12952541	14622
dz.14.12952861	14942
dz.14.12952865	14946
dz.14.12952867	14948
dz.14.12952868	14949
dz.14.12952869	14950
dz.14.12952870	14951
dz.14.12952871	14952
dz.14.12952872	14953
dz.14.12952873	14954
dz.14.12952874	14955
dz.14.12952875	14956
dz.14.12952876	14957
dz.14.2475742	14422
dz.14.2491040	14451
dz.14.2499101	14464
dz.14.2506041	14483
dz.15	14362
dz.15.12952435	14516
dz.15.12952451	14532
dz.15.12952516	14597
dz.15.12952542	14623
dz.15.12952543	14624
dz.15.12952855	14936
dz.15.12952877	14958
dz.15.12952878	14959
dz.15.12952879	14960
dz.15.12952880	14961
dz.15.12952881	14962
dz.15.12952882	14963
dz.15.12952883	14964
dz.15.12952884	14965
dz.15.12952885	14966
dz.15.12952886	14967
dz.15.2475685	14421
dz.15.2482209	14438
dz.15.2490582	14450
dz.15.2496040	14458
dz.18	14402
dz.18.12952441	14522
dz.18.12952524	14605
dz.18.12952528	14609
dz.18.12952529	14610
dz.18.12952568	14649
dz.18.12952584	14665
dz.18.12952586	14667
dz.18.12952592	14673
dz.18.12952594	14675
dz.18.12952596	14677
dz.18.12952597	14678
dz.18.12952598	14679
dz.18.12952599	14680
dz.18.12952600	14681
dz.18.12952601	14682
dz.18.12952602	14683
dz.18.2481254	14436
dz.18.2505327	14479
dz.18.2507644	14485
dz.19	14401
dz.19.12952422	14503
dz.19.12952444	14525
dz.19.12952580	14661
dz.19.12952604	14685
dz.19.12952605	14686
dz.19.12952606	14687
dz.19.12952607	14688
dz.19.12952608	14689
dz.19.12952609	14690
dz.19.2503824	14476
dz.20	14400
dz.20.12952470	14551
dz.20.12952472	14553
dz.20.12952610	14691
dz.20.12952611	14692
dz.20.12952612	14693
dz.20.12952613	14694
dz.20.12952614	14695
dz.20.12952615	14696
dz.20.12952616	14697
dz.20.2503767	14475
dz.21	14398
dz.21.12952482	14563
dz.21.12952485	14566
dz.21.12952486	14567
dz.21.12952627	14708
dz.21.12952628	14709
dz.21.12952629	14710
dz.21.12952630	14711
dz.21.12952632	14713
dz.21.12952633	14714
dz.21.2479159	14432
dz.21.2491132	14452
dz.21.2502955	14472
dz.22	14394
dz.22.12952475	14556
dz.22.12952655	14736
dz.22.12952657	14738
dz.22.12952659	14740
dz.22.12952661	14742
dz.22.12952665	14746
dz.22.12952666	14747
dz.22.12952667	14748
dz.22.12952668	14749
dz.22.12952669	14750
dz.22.2500015	14465
dz.22.2507970	14487
dz.23	14389
dz.23.12952493	14574
dz.23.12952494	14575
dz.23.12952532	14613
dz.23.12952533	14614
dz.23.12952653	14734
dz.23.12952687	14768
dz.23.12952688	14769
dz.23.12952689	14770
dz.23.12952690	14771
dz.23.2495660	14457
dz.24	14387
dz.24.12952469	14550
dz.24.12952496	14577
dz.24.12952497	14578
dz.24.12952693	14774
dz.24.12952694	14775
dz.24.12952695	14776
dz.24.12952696	14777
dz.24.12952697	14778
dz.24.12952699	14780
dz.24.2492911	14455
dz.24.2497507	14460
dz.25	14385
dz.25.12952447	14528
dz.25.12952622	14703
dz.25.12952664	14745
dz.25.12952698	14779
dz.25.12952706	14787
dz.25.12952707	14788
dz.25.12952708	14789
dz.25.12952709	14790
dz.25.2491189	14453
dz.25.2508735	14492
dz.26	14384
dz.26.12952448	14529
dz.26.12952454	14535
dz.26.12952455	14536
dz.26.12952710	14791
dz.26.12952711	14792
dz.26.12952712	14793
dz.26.12952713	14794
dz.26.12952714	14795
dz.26.12952715	14796
dz.26.12952716	14797
dz.26.12952717	14798
dz.26.12952718	14799
dz.26.12952719	14800
dz.26.2476698	14424
dz.26.2487291	14445
dz.26.2490096	14449
dz.27	14380
dz.27.12952458	14539
dz.27.12952459	14540
dz.27.12952460	14541
dz.27.12952535	14616
dz.27.12952723	14804
dz.27.12952748	14829
dz.27.12952750	14831
dz.27.12952753	14834
dz.27.12952754	14835
dz.27.12952755	14836
dz.27.12952757	14838
dz.27.12952758	14839
dz.27.12952760	14841
dz.27.2486687	14443
dz.27.2502382	14471
dz.29	14376
dz.29.12952502	14583
dz.29.12952536	14617
dz.29.12952537	14618
dz.29.12952767	14848
dz.29.12952769	14850
dz.29.12952770	14851
dz.29.12952772	14853
dz.29.12952773	14854
dz.29.12952774	14855
dz.29.12952775	14856
dz.29.2508001	14489
dz.29.2508284	14491
dz.30	14372
dz.30.11204640	14500
dz.30.12952804	14885
dz.30.12952805	14886
dz.30.12952806	14887
dz.30.12952807	14888
dz.30.12952808	14889
dz.30.12952809	14890
dz.30.12952810	14891
dz.30.12952811	14892
dz.30.12952812	14893
dz.30.12952813	14894
dz.30.12952814	14895
dz.30.12952815	14896
dz.30.2477275	14428
dz.30.2481003	14434
dz.31	14371
dz.31.12952462	14543
dz.31.12952463	14544
dz.31.12952771	14852
dz.31.12952789	14870
dz.31.12952816	14897
dz.31.12952818	14899
dz.31.12952819	14900
dz.31.12952820	14901
dz.31.12952821	14902
dz.31.12952823	14904
dz.31.12952824	14905
dz.31.2479533	14433
dz.31.2501159	14469
dz.33	14368
dz.33.12952507	14588
dz.33.12952508	14589
dz.33.12952829	14910
dz.33.12952833	14914
dz.33.12952835	14916
dz.33.12952838	14919
dz.33.12952840	14921
dz.33.12952843	14924
dz.33.12952844	14925
dz.33.12952845	14926
dz.33.2477459	14429
dz.33.2498664	14463
dz.34	14409
dz.34.12952467	14548
dz.34.12952474	14555
dz.34.12952518	14599
dz.34.12952519	14600
dz.34.12952545	14626
dz.34.2508809	14493
dz.35	14408
dz.35.12952476	14557
dz.35.12952477	14558
dz.35.12952520	14601
dz.35.12952522	14603
dz.35.12952544	14625
dz.35.12952547	14628
dz.35.12952549	14630
dz.35.12952551	14632
dz.35.12952552	14633
dz.35.12952554	14635
dz.35.12952556	14637
dz.35.12952557	14638
dz.35.12952560	14641
dz.35.2487442	14446
dz.36	14407
dz.36.12952421	14502
dz.36.12952558	14639
dz.36.12952559	14640
dz.36.12952562	14643
dz.36.12952564	14645
dz.36.12952567	14648
dz.36.12952569	14650
dz.36.2504579	14477
dz.37	14405
dz.37.11205653	14501
dz.37.12952437	14518
dz.37.12952521	14602
dz.37.12952550	14631
dz.37.12952576	14657
dz.37.12952578	14659
dz.38	14403
dz.38.12952438	14519
dz.38.12952548	14629
dz.38.12952555	14636
dz.38.12952575	14656
dz.38.12952593	14674
dz.38.12952595	14676
dz.38.2505528	14480
dz.39	14399
dz.39.12952424	14505
dz.39.12952481	14562
dz.39.12952603	14684
dz.39.12952617	14698
dz.39.12952619	14700
dz.39.12952620	14701
dz.39.12952621	14702
dz.39.12952623	14704
dz.39.12952624	14705
dz.39.12952626	14707
dz.40	14397
dz.40.12952530	14611
dz.40.12952635	14716
dz.40.12952636	14717
dz.40.12952638	14719
dz.40.12952639	14720
dz.40.12952640	14721
dz.40.12952641	14722
dz.40.12952643	14724
dz.40.2503639	14474
dz.41	14396
dz.41.12952487	14568
dz.41.12952488	14569
dz.41.12952644	14725
dz.41.12952645	14726
dz.41.12952646	14727
dz.41.12952647	14728
dz.41.12952648	14729
dz.41.12952650	14731
dz.41.12952652	14733
dz.41.12952654	14735
dz.41.12952656	14737
dz.41.12952658	14739
dz.41.2477145	14427
dz.42	14393
dz.42.12952425	14506
dz.42.12952429	14510
dz.42.12952671	14752
dz.42.12952674	14755
dz.42.12952676	14757
dz.42.12952677	14758
dz.42.12952678	14759
dz.42.12952679	14760
dz.43	14392
dz.43.12952423	14504
dz.43.12952439	14520
dz.43.12952484	14565
dz.43.12952490	14571
dz.43.12952491	14572
dz.43.12952527	14608
dz.43.12952670	14751
dz.43.12952680	14761
dz.43.12952681	14762
dz.43.12952682	14763
dz.44	14391
dz.44.11204517	14497
dz.44.12952492	14573
dz.44.12952683	14764
dz.44.12952684	14765
dz.44.12952685	14766
dz.44.12952686	14767
dz.44.2497985	14461
dz.45	14390
dz.45.12952453	14534
dz.45.12952526	14607
dz.45.12952625	14706
dz.45.12952631	14712
dz.45.12952634	14715
dz.45.12952672	14753
dz.45.12952673	14754
dz.45.12952675	14756
dz.46	14388
dz.46.12952426	14507
dz.46.12952691	14772
dz.47	14386
dz.47.12952427	14508
dz.47.12952428	14509
dz.47.12952700	14781
dz.47.12952701	14782
dz.47.12952702	14783
dz.47.12952703	14784
dz.47.12952704	14785
dz.47.12952705	14786
dz.48	14382
dz.48.11204560	14499
dz.48.12952446	14527
dz.48.12952449	14530
dz.48.12952456	14537
dz.48.12952649	14730
dz.48.12952728	14809
dz.48.12952730	14811
dz.48.12952732	14813
dz.48.12952734	14815
dz.48.12952736	14817
dz.48.12952740	14821
dz.48.12952741	14822
dz.48.12952742	14823
dz.49	14379
dz.49.12952637	14718
dz.49.12952749	14830
dz.49.12952751	14832
dz.49.12952761	14842
dz.49.12952762	14843
dz.49.2489863	14448
dz.49.2507940	14486
dz.50	14377
dz.50.12952501	14582
dz.50.12952759	14840
dz.50.12952764	14845
dz.50.12952765	14846
dz.50.2485797	14441
dz.51	14375
dz.51.12952503	14584
dz.51.12952504	14585
dz.51.12952538	14619
dz.51.12952776	14857
dz.51.12952777	14858
dz.51.12952778	14859
dz.51.12952779	14860
dz.51.12952780	14861
dz.51.12952781	14862
dz.51.12952782	14863
dz.51.12952783	14864
dz.51.12952785	14866
dz.51.2485580	14440
dz.52	14370
dz.52.12952464	14545
dz.52.12952825	14906
dz.52.12952826	14907
dz.52.12952827	14908
dz.52.12952828	14909
dz.52.12952830	14911
dz.52.12952831	14912
dz.52.12952832	14913
dz.52.12952834	14915
dz.52.12952836	14917
dz.53	14369
dz.53.12952465	14546
dz.53.12952466	14547
dz.53.2478218	14430
dz.54	14366
dz.54.12952857	14938
dz.55	14365
dz.55.12952509	14590
dz.55.12952510	14591
dz.55.12952511	14592
dz.55.12952512	14593
dz.55.12952513	14594
dz.55.12952851	14932
dz.55.12952858	14939
dz.55.12952859	14940
dz.55.12952860	14941
dz.55.2501438	14470
dz.56	14364
dz.56.12952540	14621
dz.56.12952822	14903
dz.56.12952853	14934
dz.56.12952862	14943
dz.56.12952863	14944
dz.56.12952864	14945
dz.56.12952866	14947
dz.56.2476913	14426
dz.ba	14412
dz.ba.12952442	14523
dz.ba.12952443	14524
dz.ba.12952523	14604
dz.ba.12952573	14654
dz.ba.2504753	14478
dz.bb	14410
dz.bb.12952618	14699
dz.dj	14415
dz.dj.2500273	14466
dz.em	14416
dz.em.11203916	14496
dz.em.12952489	14570
dz.ig	14413
dz.ig.12952692	14773
dz.ig.8693062	14494
dz.is	14414
dz.is.12952495	14576
dz.is.2493220	14456
dz.mg	14418
dz.mg.11204522	14498
dz.mg.12952434	14515
dz.od	14419
dz.od.12952766	14847
dz.od.12952768	14849
dz.tg	14417
dz.tg.12952436	14517
dz.tg.12952440	14521
dz.tg.12952791	14872
dz.tg.12952817	14898
dz.tg.2475473	14420
dz.tm	14411
dz.tm.10303657	14495
dz.tm.12952841	14922
dz.tm.12952842	14923
dz.tm.2476401	14423
ec-a	14987
ec-b	14986
ec-c	14984
ec-d	14989
ec-e	14980
ec-f	14985
ec-g	14978
ec-h	14983
ec-i	14977
ec-l	14976
ec-m	14974
ec-n	14972
ec-o	14981
ec-p	14970
ec-r	14975
ec-s	14973
ec-sd	14990
ec-se	14991
ec-t	14969
ec-u	14988
ec-w	14979
ec-x	14982
ec-y	14971
ec-z	14968
ec.01	14979
ec.01.2001	15020
ec.01.2002	15071
ec.01.2003	15016
ec.02	14987
ec.02.0101	15090
ec.02.0102	15082
ec.02.0103	15079
ec.02.0104	15117
ec.02.0105	15043
ec.02.0106	15193
ec.02.0107	15116
ec.02.0108	15014
ec.02.0109	15009
ec.02.0110	15202
ec.02.0111	15155
ec.02.0112	15156
ec.02.0113	15157
ec.02.0114	15158
ec.02.0115	15204
ec.03	14986
ec.03.0201	15075
ec.03.0202	15097
ec.03.0203	15096
ec.03.0204	15126
ec.03.0205	15018
ec.03.0206	15125
ec.03.0207	15128
ec.04	14985
ec.04.0301	15109
ec.04.0302	15104
ec.04.0303	15101
ec.04.0304	15194
ec.04.0305	15127
ec.04.0306	15195
ec.04.0307	15196
ec.05	14984
ec.05.0401	15003
ec.05.0402	15123
ec.05.0403	15084
ec.05.0404	15058
ec.05.0405	15056
ec.05.0406	15197
ec.06	14983
ec.06.0601	15026
ec.06.0602	15114
ec.06.0603	15092
ec.06.0604	15200
ec.06.0605	15093
ec.06.0606	15077
ec.06.0607	15076
ec.06.0608	15134
ec.06.0609	15135
ec.06.0610	15122
ec.07	14982
ec.07.0501	15067
ec.07.0502	15198
ec.07.0503	15047
ec.07.0504	15034
ec.07.0505	15023
ec.07.0506	15199
ec.07.0507	15121
ec.08	14981
ec.08.0701	15063
ec.08.0702	15110
ec.08.0703	15136
ec.08.0704	15201
ec.08.0705	15137
ec.08.0706	15080
ec.08.0707	15073
ec.08.0708	15138
ec.08.0709	15046
ec.08.0710	15038
ec.08.0711	15037
ec.08.0712	15013
ec.08.0713	14992
ec.08.0714	15159
ec.09	14980
ec.09.0801	15085
ec.09.0802	15086
ec.09.0803	15054
ec.09.0804	15028
ec.09.0805	15019
ec.09.0806	15141
ec.09.0807	15132
ec.10	14978
ec.10.0901	15074
ec.10.0902	15139
ec.10.0903	15140
ec.10.0904	15106
ec.10.0905	15124
ec.10.0906	15089
ec.10.0907	15142
ec.10.0908	15087
ec.10.0909	15143
ec.10.0910	15059
ec.10.0911	15053
ec.10.0912	15052
ec.10.0913	15144
ec.10.0914	15145
ec.10.0916	15021
ec.10.0918	15146
ec.10.0919	15002
ec.10.0920	14995
ec.10.0921	15150
ec.10.0922	15151
ec.10.0923	15147
ec.10.0924	15149
ec.10.0925	15152
ec.10.0927	15153
ec.10.0928	15154
ec.11	14977
ec.11.1001	15072
ec.11.1002	15112
ec.11.1003	15091
ec.11.1004	15051
ec.11.1005	15039
ec.11.1006	15131
ec.12	14976
ec.12.1101	15065
ec.12.1102	15102
ec.12.1103	15100
ec.12.1104	15098
ec.12.1105	15148
ec.12.1106	15083
ec.12.1107	15081
ec.12.1108	15064
ec.12.1109	15048
ec.12.1110	15032
ec.12.1111	15010
ec.12.1112	15008
ec.12.1113	15186
ec.12.1114	15187
ec.12.1115	15188
ec.12.1116	15189
ec.13	14975
ec.13.1201	15107
ec.13.1202	15108
ec.13.1203	15190
ec.13.1204	15035
ec.13.1205	15030
ec.13.1206	15001
ec.13.1207	14998
ec.13.1208	14997
ec.13.1209	15191
ec.13.1210	15119
ec.13.1211	15118
ec.13.1212	15160
ec.13.1213	15205
ec.14	14974
ec.14.1301	15036
ec.14.1302	15103
ec.14.1303	15094
ec.14.1304	15088
ec.14.1305	15192
ec.14.1306	15070
ec.14.1307	15069
ec.14.1308	15062
ec.14.1309	15057
ec.14.1310	15050
ec.14.1311	15162
ec.14.1312	15025
ec.14.1313	15017
ec.14.1314	15007
ec.14.1315	15166
ec.14.1316	14999
ec.14.1317	15130
ec.14.1318	15167
ec.14.1319	15168
ec.14.1320	15169
ec.14.1321	15170
ec.14.1322	15206
ec.15	14973
ec.15.1401	15055
ec.15.1402	15078
ec.15.1403	15066
ec.15.1404	15049
ec.15.1405	15012
ec.15.1406	15006
ec.15.1407	15161
ec.15.1408	15171
ec.15.1409	15172
ec.15.1410	15173
ec.15.1411	15211
ec.15.1412	15207
ec.17	14971
ec.17.1601	15045
ec.17.1602	15060
ec.17.1603	15208
ec.17.1604	15175
ec.18	14970
ec.18.1701	15027
ec.18.1702	15099
ec.18.1703	15061
ec.18.1704	15042
ec.18.1705	15024
ec.18.1707	15176
ec.18.1708	15129
ec.18.1709	15177
ec.19	14969
ec.19.1801	15113
ec.19.1802	15105
ec.19.1803	15178
ec.19.1804	15179
ec.19.1805	15044
ec.19.1806	15031
ec.19.1807	15041
ec.19.1808	15040
ec.19.1809	15180
ec.20	14968
ec.20.1901	14993
ec.20.1902	15095
ec.20.1903	15181
ec.20.1904	14996
ec.20.1905	14994
ec.20.1906	15182
ec.20.1907	15183
ec.20.1908	15184
ec.20.1909	15209
ec.22	14988
ec.22.2101	15068
ec.22.2102	15185
ec.22.2103	15033
ec.22.2104	15203
ec.22.2105	15005
ec.22.2106	15163
ec.22.2107	15164
ec.23	14972
ec.23.1501	15004
ec.23.1503	15111
ec.23.1504	15120
ec.23.1507	15029
ec.23.1509	15174
ec.24	14989
ec.24.2201	15000
ec.24.2202	15115
ec.24.2203	15165
ec.24.2204	15133
ec.25	14991
ec.25.2401	15015
ec.25.2402	15210
ec.25.2403	15022
ec.26	14990
ec.26.2301	15011
ec.26.2302	15212
ee-130	15302
ee-141	15277
ee-142	15278
ee-171	15296
ee-184	15233
ee-191	15234
ee-198	15235
ee-205	15295
ee-214	15236
ee-245	15237
ee-247	15238
ee-251	15239
ee-255	15298
ee-272	15240
ee-283	15241
ee-284	15242
ee-291	15300
ee-293	15243
ee-296	15244
ee-303	15245
ee-305	15246
ee-317	15247
ee-321	15228
ee-338	15248
ee-353	15275
ee-37	15227
ee-39	15226
ee-424	15249
ee-430	15303
ee-431	15304
ee-432	15250
ee-441	15291
ee-442	15251
ee-446	15252
ee-45	15225
ee-478	15253
ee-480	15292
ee-486	15299
ee-50	15223
ee-503	15254
ee-511	15229
ee-514	15255
ee-52	15224
ee-528	15256
ee-557	15260
ee-56	15222
ee-567	15257
ee-586	15258
ee-60	15221
ee-615	15305
ee-618	15259
ee-622	15280
ee-624	15230
ee-638	15306
ee-64	15219
ee-651	15270
ee-653	15271
ee-661	15272
ee-663	15273
ee-668	15264
ee-68	15220
ee-689	15265
ee-698	15266
ee-708	15267
ee-71	15218
ee-712	15268
ee-714	15297
ee-719	15269
ee-726	15274
ee-732	15294
ee-735	15231
ee-74	15217
ee-784	15232
ee-79	15216
ee-792	15261
ee-793	15276
ee-796	15262
ee-803	15281
ee-809	15263
ee-81	15215
ee-824	15301
ee-834	15282
ee-84	15214
ee-855	15293
ee-87	15213
ee-890	15279
ee-897	15283
ee-899	15290
ee-901	15284
ee-903	15285
ee-907	15286
ee-917	15287
ee-919	15288
ee-928	15289
ee.01	15227
ee.01.0141	15277
ee.01.0198	15235
ee.01.0245	15237
ee.01.0296	15244
ee.01.0304	15246
ee.01.0338	15248
ee.01.0353	15275
ee.01.0424	15249
ee.01.0431	15304
ee.01.0446	15252
ee.01.0651	15270
ee.01.0653	15271
ee.01.0718	15269
ee.01.0726	15274
ee.01.0784	15232
ee.01.0890	15279
ee.02	15226
ee.02.0205	15295
ee.03	15225
ee.03.0130	15302
ee.03.0251	15239
ee.03.0321	15228
ee.03.0442	15251
ee.03.0511	15229
ee.03.0514	15255
ee.03.0735	15231
ee.03.0803	15281
ee.04	15224
ee.04.0255	15298
ee.04.0567	15257
ee.04.0834	15282
ee.05	15223
ee.05.0247	15238
ee.05.0486	15299
ee.05.0618	15259
ee.07	15222
ee.07.0184	15233
ee.07.0441	15291
ee.07.0907	15286
ee.08	15221
ee.08.0191	15234
ee.08.0272	15240
ee.08.0661	15272
ee.08.0663	15273
ee.08.0792	15261
ee.08.0901	15284
ee.08.0903	15285
ee.08.0928	15289
ee.11	15220
ee.11.0214	15236
ee.11.0303	15245
ee.11.0430	15303
ee.11.0624	15230
ee.11.0638	15306
ee.11.0712	15268
ee.11.0809	15263
ee.12	15219
ee.12.0284	15242
ee.12.0622	15280
ee.12.0708	15267
ee.13	15218
ee.13.0293	15243
ee.13.0317	15247
ee.13.0503	15254
ee.13.0668	15264
ee.14	15217
ee.14.0478	15253
ee.14.0689	15265
ee.14.0714	15297
ee.18	15216
ee.18.0171	15296
ee.18.0283	15241
ee.18.0291	15300
ee.18.0432	15250
ee.18.0528	15256
ee.18.0586	15258
ee.18.0793	15276
ee.18.0796	15262
ee.19	15215
ee.19.0557	15260
ee.19.0824	15301
ee.19.0855	15293
ee.20	15214
ee.20.0480	15292
ee.20.0615	15305
ee.20.0897	15283
ee.20.0899	15290
ee.21	15213
ee.21.0142	15278
ee.21.0698	15266
ee.21.0732	15294
ee.21.0917	15287
ee.21.0919	15288
eg-alx	15327
eg-asn	15317
eg-ast	15316
eg-ba	15331
eg-bh	15330
eg-bns	15315
eg-c	15322
eg-dk	15332
eg-dt	15313
eg-fym	15329
eg-gh	15328
eg-gz	15325
eg-is	15326
eg-js	15312
eg-kb	15321
eg-kfs	15311
eg-kn	15309
eg-lx	15333
eg-mn	15323
eg-mnf	15324
eg-mt	15310
eg-pts	15314
eg-shg	15307
eg-shr	15319
eg-sin	15308
eg-suz	15318
eg-wad	15320
eg.01	15332
eg.01.352180	15351
eg.01.358171	15375
eg.01.358824	15381
eg.01.360756	15406
eg.01.360763	15407
eg.01.361701	15423
eg.01.7910872	15435
eg.01.7910974	15437
eg.01.8559274	15442
eg.02	15331
eg.03	15330
eg.03.10430542	15465
eg.03.10645705	15466
eg.03.350200	15343
eg.03.354773	15359
eg.03.355416	15361
eg.03.355999	15369
eg.03.358446	15378
eg.03.360821	15408
eg.03.361828	15424
eg.03.362550	15429
eg.03.362880	15431
eg.04	15329
eg.04.347541	15338
eg.04.355419	15362
eg.04.355647	15367
eg.04.361322	15414
eg.05	15328
eg.05.346029	15335
eg.05.347496	15337
eg.05.350373	15345
eg.05.358969	15384
eg.05.359850	15392
eg.05.360830	15409
eg.05.8561528	15444
eg.06	15327
eg.06.11205726	15468
eg.06.352720	15355
eg.06.353929	15357
eg.06.361628	15421
eg.06.8555987	15441
eg.07	15326
eg.07.10371148	15462
eg.07.10371149	15463
eg.07.10371150	15464
eg.07.350768	15347
eg.08	15325
eg.08.355547	15364
eg.08.360479	15399
eg.08.360996	15411
eg.08.361474	15418
eg.08.361497	15420
eg.08.8146219	15440
eg.08.9179486	15450
eg.09	15324
eg.09.10371118	15452
eg.09.345955	15334
eg.09.350368	15344
eg.09.359954	15394
eg.09.360047	15395
eg.10	15323
eg.10.349716	15342
eg.10.352626	15354
eg.10.352950	15356
eg.10.358273	15377
eg.10.359211	15386
eg.10.360687	15403
eg.10.361099	15412
eg.10.362276	15427
eg.11	15322
eg.11.11204016	15467
eg.11.359901	15393
eg.11.360929	15410
eg.11.7910874	15436
eg.12	15321
eg.12.350787	15348
eg.12.359279	15387
eg.12.7732632	15432
eg.12.8061368	15439
eg.13	15320
eg.13.12060332	15469
eg.13.12060333	15470
eg.13.360478	15398
eg.13.360480	15400
eg.14	15319
eg.14.10371147	15461
eg.14.352351	15352
eg.14.355938	15368
eg.14.358094	15372
eg.14.358838	15382
eg.14.359494	15388
eg.14.361127	15413
eg.14.362484	15428
eg.14.362612	15430
eg.14.7910679	15434
eg.15	15318
eg.16	15317
eg.16.346518	15336
eg.16.355633	15366
eg.16.359788	15391
eg.17	15316
eg.17.10371124	15457
eg.17.10371125	15458
eg.17.10371126	15459
eg.17.358267	15376
eg.17.359782	15390
eg.17.360527	15402
eg.17.361479	15419
eg.17.362003	15426
eg.18	15315
eg.18.10371146	15460
eg.18.347750	15339
eg.18.355594	15365
eg.18.358599	15379
eg.18.358869	15383
eg.18.359172	15385
eg.18.360466	15397
eg.18.361330	15415
eg.19	15314
eg.20	15313
eg.20.13427561	15471
eg.20.356943	15371
eg.20.8559275	15443
eg.20.8594167	15445
eg.21	15311
eg.21.10371122	15455
eg.21.10371123	15456
eg.21.348095	15341
eg.21.350795	15349
eg.21.354501	15358
eg.21.356805	15370
eg.21.358107	15373
eg.21.358725	15380
eg.21.361358	15416
eg.21.7772238	15433
eg.21.7911002	15438
eg.22	15310
eg.22.352605	15353
eg.23	15309
eg.23.350547	15346
eg.23.351433	15350
eg.23.355447	15363
eg.23.358114	15374
eg.23.360166	15396
eg.23.361994	15425
eg.24	15307
eg.24.10371119	15453
eg.24.10371120	15454
eg.24.347795	15340
eg.24.355025	15360
eg.24.359588	15389
eg.24.360699	15404
eg.24.360749	15405
eg.24.361436	15417
eg.24.361660	15422
eg.26	15312
eg.26.10371116	15451
eg.27	15308
eg.27.8601177	15446
eg.27.8601178	15447
eg.27.8601179	15448
eg.27.8601180	15449
eg.28	15333
eg.28.360503	15401
er-an	15472
er-dk	15474
er-du	15473
er-gb	15475
er-ma	15476
er-sk	15477
er.01	15472
er.01.401	15485
er.01.402	15487
er.01.403	15515
er.01.404	15493
er.01.405	15489
er.01.406	15490
er.01.407	15491
er.01.408	15486
er.01.409	15492
er.01.410	15494
er.01.411	15523
er.02	15473
er.02.601	15522
er.02.602	15513
er.02.603	15502
er.02.604	15501
er.02.605	15534
er.02.606	15518
er.02.607	15503
er.02.608	15530
er.02.609	15519
er.02.610	15525
er.02.611	15505
er.02.612	15528
er.03	15474
er.03.101	15521
er.03.102	15514
er.03.103	15504
er.03.104	15531
er.04	15475
er.04.501	15506
er.04.502	15511
er.04.503	15495
er.04.504	15479
er.04.505	15510
er.04.506	15512
er.04.507	15496
er.04.508	15509
er.04.509	15526
er.04.510	15508
er.04.511	15527
er.04.512	15533
er.04.513	15507
er.04.514	15532
er.05	15476
er.05.201	15482
er.05.202	15480
er.05.203	15481
er.05.204	15535
er.05.205	15483
er.05.206	15484
er.05.207	15488
er.06	15477
er.06.301	15516
er.06.302	15517
er.06.303	15497
er.06.304	15499
er.06.305	15498
er.06.306	15529
er.06.307	15478
er.06.308	15500
er.06.309	15524
er.06.310	15520
es-a	15571
es-ab	15572
es-al	15570
es-an	15539
es-ar	15549
es-as	15544
es-av	15595
es-b	15594
es-ba	15569
es-bi	15575
es-bu	15593
es-c	15588
es-ca	15567
es-cb	15548
es-cc	15568
es-ce	15537
es-cl	15550
es-cm	15541
es-cn	15540
es-co	15565
es-cr	15566
es-cs	15592
es-ct	15551
es-cu	15564
es-ex	15542
es-ga	15552
es-gc	15560
es-gi	15597
es-gr	15563
es-gu	15591
es-h	15562
es-hu	15589
es-ib	15538
es-j	15561
es-l	15598
es-le	15587
es-lo	15599
es-lu	15586
es-m	15600
es-ma	15559
es-mc	15536
es-md	15546
es-ml	15554
es-mu	15601
es-na	15602
es-nc	15545
es-o	15603
es-or	15585
es-p	15584
es-pm	15604
es-po	15583
es-pv	15553
es-ri	15547
es-s	15581
es-sa	15582
es-se	15557
es-sg	15580
es-so	15579
es-ss	15590
es-t	15578
es-te	15577
es-tf	15558
es-to	15556
es-v	15555
es-va	15576
es-vc	15543
es-vi	15596
es-z	15573
es-za	15574
es.07	15538
es.07.pm	15604
es.27	15547
es.27.lo	15599
es.29	15546
es.29.m	15600
es.31	15536
es.31.mu	15601
es.32	15545
es.32.na	15602
es.34	15544
es.34.o	15603
es.39	15548
es.39.s	15581
es.51	15539
es.51.al	15570
es.51.ca	15567
es.51.co	15565
es.51.gr	15563
es.51.h	15562
es.51.j	15561
es.51.ma	15559
es.51.se	15557
es.52	15549
es.52.hu	15589
es.52.te	15577
es.52.z	15573
es.53	15540
es.53.gc	15560
es.53.tf	15558
es.54	15541
es.54.ab	15572
es.54.cr	15566
es.54.cu	15564
es.54.gu	15591
es.54.to	15556
es.55	15550
es.55.av	15595
es.55.bu	15593
es.55.le	15587
es.55.p	15584
es.55.sa	15582
es.55.sg	15580
es.55.so	15579
es.55.va	15576
es.55.za	15574
es.56	15551
es.56.b	15594
es.56.gi	15597
es.56.l	15598
es.56.t	15578
es.57	15542
es.57.ba	15569
es.57.cc	15568
es.58	15552
es.58.c	15588
es.58.lu	15586
es.58.or	15585
es.58.po	15583
es.59	15553
es.59.bi	15575
es.59.ss	15590
es.59.vi	15596
es.60	15543
es.60.a	15571
es.60.cs	15592
es.60.v	15555
es.ce	15537
es.ce.ce	15605
es.ml	15554
es.ml.me	15606
et-aa	15607
et-af	15608
et-am	15609
et-be	15610
et-dd	15611
et-ga	15612
et-ha	15613
et-or	15614
et-si	15617
et-sn	15621
et-so	15615
et-sw	15620
et-ti	15616
et.44	15607
et.44.11750840	15721
et.44.11750841	15722
et.44.11750842	15723
et.44.11750843	15724
et.44.11750844	15725
et.44.11750845	15726
et.44.11750846	15727
et.44.11750847	15728
et.44.11750848	15729
et.44.11750849	15730
et.44.13587203	15745
et.44.7733020	15662
et.44.7733021	15663
et.44.7733022	15664
et.44.7733023	15665
et.44.8051210	15675
et.45	15608
et.45.13439329	15733
et.45.13439330	15734
et.45.13439331	15735
et.45.13439332	15736
et.45.7646394	15634
et.45.7732968	15658
et.45.8643576	15679
et.45.8643583	15681
et.45.8643588	15682
et.45.8643592	15683
et.46	15609
et.46.11750812	15703
et.46.7670722	15645
et.46.7670724	15646
et.46.7670725	15647
et.46.7670726	15648
et.46.7732961	15654
et.46.7869861	15667
et.46.7869862	15668
et.46.8051207	15673
et.46.8051209	15674
et.46.9165721	15687
et.47	15610
et.47.10303651	15694
et.47.11750813	15704
et.47.330790	15624
et.47.343291	15631
et.47.7874607	15672
et.48	15611
et.48.338829	15629
et.49	15612
et.49.11750817	15705
et.49.11750818	15706
et.49.11750819	15707
et.49.7732967	15657
et.50	15613
et.50.11750838	15720
et.51	15614
et.51.11750827	15713
et.51.11750828	15714
et.51.11750829	15715
et.51.11750850	15731
et.51.13439548	15737
et.51.13439549	15738
et.51.13439550	15739
et.51.13439551	15740
et.51.13439552	15741
et.51.333766	15628
et.51.343450	15632
et.51.7648477	15635
et.51.7670714	15640
et.51.7670715	15641
et.51.7670717	15642
et.51.7670720	15643
et.51.7670721	15644
et.51.7732039	15653
et.51.7732965	15655
et.51.7732966	15656
et.51.7732969	15659
et.51.7732970	15660
et.51.7839144	15666
et.51.8299785	15677
et.51.8606578	15678
et.52	15615
et.52.10376670	15695
et.52.10395468	15698
et.52.10399848	15699
et.52.10400171	15700
et.52.11750832	15716
et.52.11750833	15717
et.52.11750835	15718
et.52.11750836	15719
et.52.13439553	15742
et.52.13439554	15743
et.52.13439555	15744
et.52.327278	15623
et.52.444996	15633
et.52.7732971	15661
et.52.8643822	15684
et.52.9410038	15688
et.53	15616
et.53.11153778	15701
et.53.11750806	15702
et.53.13439328	15732
et.53.7667868	15636
et.53.7869875	15669
et.53.7869879	15670
et.53.7869945	15671
et.53.8643579	15680
et.53.8643826	15685
et.55	15618
et.55.11750826	15712
et.55.333384	15626
et.55.341021	15630
et.55.7667869	15637
et.55.7667870	15638
et.55.7670680	15639
et.55.7670728	15649
et.56	15619
et.56.10377041	15697
et.56.11750824	15711
et.56.326423	15622
et.56.7670732	15651
et.56.7729829	15652
et.56.9159975	15686
et.56.9410112	15689
et.56.9410266	15690
et.56.9410393	15691
et.56.9410442	15692
et.56.9410501	15693
et.si	15617
et.si.10376725	15696
et.sw	15620
et.sw.11750820	15708
et.sw.11750821	15709
et.sw.11750822	15710
et.sw.331677	15625
et.sw.333465	15627
et.sw.7670729	15650
et.sw.8260659	15676
fi-01	15764
fi-02	15756
fi-03	15751
fi-04	15755
fi-05	15747
fi-06	15759
fi-07	15749
fi-08	15752
fi-09	15757
fi-10	15746
fi-11	15758
fi-12	15750
fi-13	15753
fi-14	15748
fi-15	15754
fi-16	15762
fi-17	15763
fi-18	15761
fi-19	15760
fi.01	15761
fi.01.011	15797
fi.01.014	15815
fi.01.015	15816
fi.01.016	15817
fi.02	15760
fi.02.021	15766
fi.02.022	15767
fi.02.023	15794
fi.02.024	15795
fi.02.025	15796
fi.04	15763
fi.04.041	15798
fi.04.043	15799
fi.04.044	15800
fi.05	15759
fi.05.051	15801
fi.05.052	15802
fi.05.053	15803
fi.06	15758
fi.06.061	15804
fi.06.063	15805
fi.06.064	15806
fi.06.068	15807
fi.06.069	15808
fi.07	15762
fi.07.071	15809
fi.08	15757
fi.08.081	15810
fi.08.082	15811
fi.09	15756
fi.09.091	15812
fi.09.093	15813
fi.10	15755
fi.10.101	15814
fi.10.103	15768
fi.10.105	15769
fi.11	15754
fi.11.111	15770
fi.11.112	15771
fi.11.113	15772
fi.11.114	15773
fi.11.115	15774
fi.12	15753
fi.12.122	15775
fi.12.124	15776
fi.12.125	15777
fi.13	15752
fi.13.131	15778
fi.13.132	15779
fi.13.133	15780
fi.13.134	15781
fi.13.135	15782
fi.13.138	15783
fi.14	15751
fi.14.141	15784
fi.14.142	15785
fi.14.144	15786
fi.14.146	15787
fi.15	15750
fi.15.152	15788
fi.15.153	15765
fi.15.154	15789
fi.16	15749
fi.16.161	15790
fi.16.162	15791
fi.17	15748
fi.17.171	15792
fi.17.173	15793
fi.17.174	15818
fi.17.175	15819
fi.17.176	15820
fi.17.177	15821
fi.17.178	15822
fi.18	15747
fi.18.181	15823
fi.18.182	15824
fi.19	15746
fi.19.191	15825
fi.19.192	15826
fi.19.193	15827
fi.19.194	15828
fi.19.196	15829
fi.19.197	15830
fj-01	15845
fj-02	15844
fj-03	15836
fj-04	15850
fj-05	15848
fj-06	15847
fj-07	15846
fj-08	15841
fj-09	15843
fj-10	15842
fj-11	15840
fj-12	15839
fj-13	15838
fj-14	15837
fj-c	15833
fj-e	15834
fj-n	15832
fj-r	15835
fj-w	15831
fj.01	15833
fj.01.09	15843
fj.01.10	15842
fj.01.12	15839
fj.01.13	15838
fj.01.14	15837
fj.02	15834
fj.02.04	15850
fj.02.05	15848
fj.02.06	15847
fj.03	15832
fj.03.02	15844
fj.03.03	15836
fj.03.07	15846
fj.04	15835
fj.04.15	15849
fj.05	15831
fj.05.01	15845
fj.05.08	15841
fj.05.11	15840
fm-ksa	15853
fm-pni	15852
fm-trk	15854
fm-yap	15851
fm.01	15853
fm.01.le	15867
fm.01.ma	15868
fm.01.ta	15869
fm.01.ut	15870
fm.02	15852
fm.02.kl	15857
fm.02.kp	15855
fm.02.kt	15856
fm.02.ma	15858
fm.02.mo	15859
fm.02.ne	15860
fm.02.ng	15861
fm.02.nu	15862
fm.02.or	15863
fm.02.pi	15864
fm.02.so	15865
fm.02.uh	15866
fm.03	15854
fm.03.du	15922
fm.03.eo	15893
fm.03.et	15894
fm.03.fb	15896
fm.03.ff	15897
fm.03.fn	15895
fm.03.fo	15928
fm.03.ku	15899
fm.03.lo	15900
fm.03.lu	15901
fm.03.ma	15902
fm.03.mc	15903
fm.03.mn	15927
fm.03.mu	15904
fm.03.na	15905
fm.03.nl	15906
fm.03.nw	15907
fm.03.on	15931
fm.03.oo	15909
fm.03.op	15908
fm.03.or	15926
fm.03.pa	15929
fm.03.pi	15930
fm.03.pk	15898
fm.03.pl	15913
fm.03.pn	15932
fm.03.pp	15914
fm.03.pr	15911
fm.03.ps	15912
fm.03.pw	15915
fm.03.ro	15916
fm.03.ru	15917
fm.03.sa	15918
fm.03.ta	15919
fm.03.tl	15921
fm.03.tm	15920
fm.03.ts	15923
fm.03.ud	15924
fm.03.ul	15910
fm.03.um	15925
fm.04	15851
fm.04.da	15871
fm.04.el	15873
fm.04.er	15872
fm.04.ff	15875
fm.04.fp	15876
fm.04.fs	15874
fm.04.gg	15878
fm.04.gi	15877
fm.04.gl	15879
fm.04.if	15880
fm.04.ka	15881
fm.04.la	15882
fm.04.ma	15883
fm.04.ng	15884
fm.04.rl	15885
fm.04.rm	15886
fm.04.sa	15887
fm.04.so	15888
fm.04.to	15889
fm.04.ul	15890
fm.04.we	15891
fm.04.wo	15892
fo.no	15937
fo.no.1	15959
fo.no.3	15939
fo.no.4	15955
fo.no.5	15954
fo.no.6	15953
fo.os	15938
fo.os.12	15963
fo.os.14	15949
fo.os.15	15951
fo.os.17	15967
fo.os.19	15962
fo.sa	15936
fo.sa.39	15948
fo.sa.40	15946
fo.sa.41	15947
fo.sa.42	15957
fo.sa.43	15945
fo.st	15935
fo.st.11	15960
fo.st.18	15966
fo.st.27	15952
fo.st.28	15940
fo.st.29	15942
fo.su	15934
fo.su.44	15956
fo.su.45	15965
fo.su.46	15961
fo.su.47	15958
fo.su.48	15950
fo.su.49	15941
fo.su.50	15943
fo.vg	15933
fo.vg.34	15964
fo.vg.36	15944
fr-01	16087
fr-02	16086
fr-03	16085
fr-04	16084
fr-05	16049
fr-06	16083
fr-07	16082
fr-08	16081
fr-09	16080
fr-10	16079
fr-11	16078
fr-12	16077
fr-13	16075
fr-14	16074
fr-15	16073
fr-16	16072
fr-17	16071
fr-18	16070
fr-19	16069
fr-20r	15971
fr-21	16067
fr-22	16066
fr-23	16065
fr-24	16063
fr-25	16062
fr-26	16061
fr-27	16059
fr-28	16058
fr-29	16057
fr-2a	16068
fr-2b	16053
fr-30	16056
fr-31	16052
fr-32	16055
fr-33	16054
fr-34	16043
fr-35	16042
fr-36	16041
fr-37	16040
fr-38	16039
fr-39	16038
fr-40	16037
fr-41	16033
fr-42	16036
fr-43	16051
fr-44	16035
fr-45	16034
fr-46	16032
fr-47	16031
fr-48	16030
fr-49	16029
fr-50	16028
fr-51	16027
fr-52	16050
fr-53	16026
fr-54	16025
fr-55	16024
fr-56	16023
fr-57	16022
fr-58	16021
fr-59	16020
fr-60	16019
fr-61	16018
fr-62	16017
fr-63	16015
fr-64	16014
fr-65	16046
fr-66	16013
fr-67	16091
fr-68	16090
fr-69	16016
fr-69m	16088
fr-6ae	16089
fr-70	16048
fr-71	16012
fr-72	16011
fr-73	16010
fr-74	16047
fr-75c	15997
fr-76	16008
fr-77	16009
fr-78	15994
fr-79	16064
fr-80	16006
fr-81	16005
fr-82	16004
fr-83	16001
fr-84	16000
fr-85	15999
fr-86	15998
fr-87	16045
fr-88	15996
fr-89	15995
fr-90	16076
fr-91	16060
fr-92	16044
fr-93	16007
fr-94	16003
fr-95	16002
fr-971	15981
fr-972	15982
fr-973	15983
fr-974	15984
fr-976	15985
fr-ara	15980
fr-bfc	15974
fr-bl	15986
fr-bre	15973
fr-cp	15987
fr-cvl	15972
fr-ges	15977
fr-hdf	15979
fr-idf	15970
fr-mf	15988
fr-naq	15975
fr-nc	15989
fr-nor	15976
fr-occ	15978
fr-pac	15968
fr-pdl	15969
fr-pf	15990
fr-pm	15991
fr-tf	15992
fr-wf	15993
fr.11	15970
fr.11.75	15997
fr.11.77	16009
fr.11.78	15994
fr.11.91	16060
fr.11.92	16044
fr.11.93	16007
fr.11.94	16003
fr.11.95	16002
fr.24	15972
fr.24.18	16070
fr.24.28	16058
fr.24.36	16041
fr.24.37	16040
fr.24.41	16033
fr.24.45	16034
fr.27	15974
fr.27.21	16067
fr.27.25	16062
fr.27.39	16038
fr.27.58	16021
fr.27.70	16048
fr.27.71	16012
fr.27.89	15995
fr.27.90	16076
fr.28	15976
fr.28.14	16074
fr.28.27	16059
fr.28.50	16028
fr.28.61	16018
fr.28.76	16008
fr.32	15979
fr.32.02	16086
fr.32.59	16020
fr.32.60	16019
fr.32.62	16017
fr.32.80	16006
fr.44	15977
fr.44.08	16081
fr.44.10	16079
fr.44.51	16027
fr.44.52	16050
fr.44.54	16025
fr.44.55	16024
fr.44.57	16022
fr.44.67	16091
fr.44.68	16090
fr.44.88	15996
fr.52	15969
fr.52.44	16035
fr.52.49	16029
fr.52.53	16026
fr.52.72	16011
fr.52.85	15999
fr.53	15973
fr.53.22	16066
fr.53.29	16057
fr.53.35	16042
fr.53.56	16023
fr.75	15975
fr.75.16	16072
fr.75.17	16071
fr.75.19	16069
fr.75.23	16065
fr.75.24	16063
fr.75.33	16054
fr.75.40	16037
fr.75.47	16031
fr.75.64	16014
fr.75.79	16064
fr.75.86	15998
fr.75.87	16045
fr.76	15978
fr.76.09	16080
fr.76.11	16078
fr.76.12	16077
fr.76.30	16056
fr.76.31	16052
fr.76.32	16055
fr.76.34	16043
fr.76.46	16032
fr.76.48	16030
fr.76.65	16046
fr.76.66	16013
fr.76.81	16005
fr.76.82	16004
fr.84	15980
fr.84.01	16087
fr.84.03	16085
fr.84.07	16082
fr.84.15	16073
fr.84.26	16061
fr.84.38	16039
fr.84.42	16036
fr.84.43	16051
fr.84.63	16015
fr.84.69	16016
fr.84.73	16010
fr.84.74	16047
fr.93	15968
fr.93.04	16084
fr.93.05	16049
fr.93.06	16083
fr.93.13	16075
fr.93.83	16001
fr.93.84	16000
fr.94	15971
fr.94.2a	16068
fr.94.2b	16053
ga-1	16100
ga-2	16099
ga-3	16098
ga-4	16097
ga-5	16096
ga-6	16095
ga-7	16094
ga-8	16093
ga-9	16092
ga.01	16100
ga.01.11996079	16147
ga.01.8260630	16120
ga.01.8260631	16121
ga.01.8260632	16122
ga.02	16099
ga.02.11996062	16130
ga.02.11996063	16131
ga.02.11996067	16135
ga.02.11996069	16137
ga.02.11996070	16138
ga.02.11996075	16143
ga.02.11996078	16146
ga.02.7870333	16107
ga.02.7870395	16108
ga.02.8260627	16117
ga.02.8260634	16123
ga.03	16098
ga.03.11204018	16124
ga.03.7870425	16110
ga.04	16097
ga.04.11996064	16132
ga.04.11996065	16133
ga.04.11996076	16144
ga.04.7870328	16104
ga.04.7870330	16105
ga.04.7870428	16113
ga.04.8260610	16115
ga.04.8260628	16118
ga.04.8260629	16119
ga.05	16096
ga.05.11996061	16129
ga.05.11996074	16142
ga.05.11996077	16145
ga.05.7870325	16101
ga.05.7870326	16102
ga.05.7870411	16109
ga.06	16095
ga.06.11204107	16125
ga.06.11996071	16139
ga.06.11996080	16148
ga.06.7870426	16111
ga.07	16094
ga.07.11996066	16134
ga.07.11996068	16136
ga.07.7870427	16112
ga.07.8260626	16116
ga.08	16093
ga.08.7870327	16103
ga.08.7870331	16106
ga.08.8224678	16114
ga.09	16092
ga.09.11204310	16126
ga.09.11204504	16127
ga.09.11204591	16128
ga.09.11996072	16140
ga.09.11996073	16141
gb-abc	16332
gb-abd	16221
gb-abe	16294
gb-agb	16320
gb-agy	16220
gb-and	16331
gb-ann	16326
gb-ans	16219
gb-bas	16223
gb-bbd	16225
gb-bcp	16335
gb-bdf	16321
gb-bdg	16338
gb-ben	16339
gb-bex	16340
gb-bfs	16293
gb-bge	16309
gb-bgw	16308
gb-bir	16224
gb-bkm	16217
gb-bne	16341
gb-bnh	16230
gb-bns	16222
gb-bol	16227
gb-bpl	16226
gb-brc	16228
gb-brd	16229
gb-bry	16342
gb-bst	16231
gb-bur	16232
gb-cam	16216
gb-cay	16310
gb-cbf	16322
gb-ccg	16327
gb-cgn	16215
gb-che	16323
gb-chw	16324
gb-cld	16233
gb-clk	16213
gb-cma	16211
gb-cmd	16343
gb-cmn	16214
gb-con	16212
gb-cov	16234
gb-crf	16311
gb-cry	16344
gb-cwy	16312
gb-dal	16235
gb-dby	16209
gb-den	16210
gb-der	16236
gb-dev	16208
gb-dgy	16206
gb-dnc	16237
gb-dnd	16295
gb-dor	16207
gb-drs	16330
gb-dud	16238
gb-dur	16205
gb-eal	16345
gb-eay	16296
gb-edh	16299
gb-edu	16297
gb-eln	16204
gb-els	16160
gb-enf	16346
gb-eng	16152
gb-erw	16298
gb-ery	16203
gb-ess	16201
gb-esx	16202
gb-fal	16300
gb-fif	16200
gb-fln	16199
gb-fmo	16328
gb-gat	16198
gb-glg	16301
gb-gls	16197
gb-gre	16347
gb-gwn	16195
gb-hal	16194
gb-ham	16193
gb-hav	16348
gb-hck	16349
gb-hef	16192
gb-hil	16350
gb-hld	16190
gb-hmf	16351
gb-hns	16352
gb-hpl	16239
gb-hrt	16191
gb-hrw	16353
gb-hry	16354
gb-ios	16170
gb-iow	16188
gb-isl	16355
gb-ivc	16189
gb-kec	16356
gb-ken	16240
gb-khl	16241
gb-kir	16242
gb-ktt	16357
gb-kwl	16243
gb-lan	16187
gb-lbc	16329
gb-lbh	16358
gb-lce	16245
gb-lds	16244
gb-lec	16186
gb-lew	16359
gb-lin	16185
gb-liv	16246
gb-lnd	16360
gb-lut	16247
gb-man	16248
gb-mdb	16250
gb-mdw	16249
gb-mea	16334
gb-mik	16251
gb-mln	16184
gb-mon	16314
gb-mrt	16361
gb-mry	16183
gb-mty	16313
gb-mul	16325
gb-nay	16302
gb-nbl	16180
gb-nel	16253
gb-net	16252
gb-nfk	16182
gb-ngm	16256
gb-nir	16151
gb-nlk	16303
gb-nln	16254
gb-nmd	16333
gb-nnh	16337
gb-nsm	16255
gb-ntl	16315
gb-ntt	16178
gb-nty	16181
gb-nwm	16362
gb-nwp	16316
gb-nyk	16179
gb-old	16257
gb-ork	16177
gb-oxf	16176
gb-pem	16175
gb-pkn	16304
gb-ply	16259
gb-por	16260
gb-pow	16174
gb-pte	16258
gb-rcc	16262
gb-rch	16263
gb-rct	16317
gb-rdb	16363
gb-rdg	16261
gb-rfw	16173
gb-ric	16364
gb-rot	16264
gb-rut	16172
gb-saw	16266
gb-say	16305
gb-scb	16218
gb-sct	16150
gb-sfk	16165
gb-sft	16267
gb-sgc	16273
gb-shf	16268
gb-shn	16275
gb-shr	16171
gb-skp	16276
gb-slf	16265
gb-slg	16269
gb-slk	16306
gb-snd	16279
gb-sol	16270
gb-som	16168
gb-sos	16272
gb-sry	16164
gb-ste	16278
gb-stg	16166
gb-sth	16271
gb-stn	16365
gb-sts	16167
gb-stt	16277
gb-sty	16274
gb-swa	16318
gb-swd	16280
gb-swk	16366
gb-tam	16281
gb-tfw	16282
gb-thr	16163
gb-tob	16283
gb-tof	16319
gb-trf	16284
gb-twh	16367
gb-vgl	16162
gb-war	16161
gb-wbk	16288
gb-wdu	16307
gb-wft	16368
gb-wgn	16289
gb-wil	16157
gb-wkf	16285
gb-wll	16286
gb-wln	16159
gb-wls	16149
gb-wlv	16292
gb-wnd	16369
gb-wnh	16336
gb-wnm	16156
gb-wok	16291
gb-wor	16155
gb-wrl	16290
gb-wrt	16287
gb-wrx	16154
gb-wsm	16370
gb-wsx	16158
gb-yor	16153
gb-zet	16169
gb.eng	16152
gb.eng.a3	16222
gb.eng.a4	16223
gb.eng.a7	16224
gb.eng.a8	16225
gb.eng.a9	16226
gb.eng.aa	16335
gb.eng.b1	16227
gb.eng.b3	16228
gb.eng.b4	16229
gb.eng.b6	16230
gb.eng.b7	16231
gb.eng.b9	16217
gb.eng.c1	16232
gb.eng.c2	16233
gb.eng.c3	16216
gb.eng.c6	16212
gb.eng.c7	16234
gb.eng.c9	16211
gb.eng.d1	16235
gb.eng.d2	16236
gb.eng.d3	16209
gb.eng.d4	16208
gb.eng.d5	16237
gb.eng.d6	16207
gb.eng.d7	16238
gb.eng.d8	16205
gb.eng.e1	16203
gb.eng.e2	16202
gb.eng.e4	16201
gb.eng.e5	16198
gb.eng.e6	16197
gb.eng.e9	16194
gb.eng.f2	16193
gb.eng.f5	16239
gb.eng.f7	16192
gb.eng.f8	16191
gb.eng.g2	16188
gb.eng.g5	16240
gb.eng.g6	16241
gb.eng.g8	16242
gb.eng.g9	16243
gb.eng.gla	16196
gb.eng.h2	16187
gb.eng.h3	16244
gb.eng.h4	16245
gb.eng.h5	16186
gb.eng.h7	16185
gb.eng.h8	16246
gb.eng.i1	16247
gb.eng.i2	16248
gb.eng.i3	16249
gb.eng.i5	16250
gb.eng.i6	16251
gb.eng.i7	16252
gb.eng.i9	16182
gb.eng.j2	16253
gb.eng.j3	16254
gb.eng.j4	16255
gb.eng.j5	16181
gb.eng.j6	16180
gb.eng.j7	16179
gb.eng.j8	16256
gb.eng.j9	16178
gb.eng.k1	16257
gb.eng.k2	16176
gb.eng.k3	16258
gb.eng.k4	16259
gb.eng.k6	16260
gb.eng.k7	16261
gb.eng.k9	16262
gb.eng.l2	16263
gb.eng.l3	16264
gb.eng.l4	16172
gb.eng.l5	16265
gb.eng.l6	16171
gb.eng.l7	16266
gb.eng.l8	16267
gb.eng.l9	16268
gb.eng.m1	16269
gb.eng.m2	16270
gb.eng.m3	16168
gb.eng.m4	16271
gb.eng.m5	16272
gb.eng.m6	16273
gb.eng.m7	16274
gb.eng.m9	16167
gb.eng.n1	16275
gb.eng.n2	16276
gb.eng.n3	16277
gb.eng.n4	16278
gb.eng.n5	16165
gb.eng.n6	16279
gb.eng.n7	16164
gb.eng.n9	16280
gb.eng.nnh	16337
gb.eng.o1	16281
gb.eng.o2	16282
gb.eng.o3	16163
gb.eng.o4	16283
gb.eng.o6	16284
gb.eng.o7	16285
gb.eng.o8	16286
gb.eng.p2	16287
gb.eng.p3	16161
gb.eng.p4	16288
gb.eng.p6	16158
gb.eng.p7	16289
gb.eng.p8	16157
gb.eng.p9	16156
gb.eng.q1	16290
gb.eng.q2	16291
gb.eng.q3	16292
gb.eng.q4	16155
gb.eng.q5	16153
gb.eng.wnh	16336
gb.eng.z5	16321
gb.eng.z6	16322
gb.eng.z7	16323
gb.eng.z8	16324
gb.eng.z9	16170
gb.nir	16151
gb.nir.n09000001	16326
gb.nir.n09000002	16332
gb.nir.n09000003	16293
gb.nir.n09000004	16327
gb.nir.n09000005	16330
gb.nir.n09000006	16328
gb.nir.n09000007	16329
gb.nir.n09000008	16334
gb.nir.n09000009	16325
gb.nir.n09000010	16333
gb.nir.n09000011	16331
gb.sct	16150
gb.sct.t5	16294
gb.sct.t6	16221
gb.sct.t7	16219
gb.sct.t8	16320
gb.sct.t9	16218
gb.sct.u1	16213
gb.sct.u2	16206
gb.sct.u3	16295
gb.sct.u4	16296
gb.sct.u5	16297
gb.sct.u6	16204
gb.sct.u7	16298
gb.sct.u8	16299
gb.sct.u9	16300
gb.sct.v1	16200
gb.sct.v2	16301
gb.sct.v3	16190
gb.sct.v4	16189
gb.sct.v5	16184
gb.sct.v6	16183
gb.sct.v7	16302
gb.sct.v8	16303
gb.sct.v9	16177
gb.sct.w1	16304
gb.sct.w2	16173
gb.sct.w3	16169
gb.sct.w4	16305
gb.sct.w5	16306
gb.sct.w6	16166
gb.sct.w7	16307
gb.sct.w8	16160
gb.sct.w9	16159
gb.wls	16149
gb.wls.x1	16220
gb.wls.x2	16308
gb.wls.x3	16309
gb.wls.x4	16310
gb.wls.x5	16311
gb.wls.x6	16215
gb.wls.x7	16214
gb.wls.x8	16312
gb.wls.x9	16210
gb.wls.y1	16199
gb.wls.y2	16195
gb.wls.y3	16313
gb.wls.y4	16314
gb.wls.y5	16315
gb.wls.y6	16316
gb.wls.y7	16175
gb.wls.y8	16174
gb.wls.y9	16317
gb.wls.z1	16318
gb.wls.z2	16319
gb.wls.z3	16162
gb.wls.z4	16154
gd-01	16376
gd-02	16375
gd-03	16374
gd-04	16373
gd-05	16372
gd-06	16371
gd-10	16377
gd.01	16376
gd.02	16375
gd.03	16374
gd.04	16373
gd.05	16372
gd.06	16371
gd.10	16377
ge-ab	16389
ge-aj	16379
ge-gu	16382
ge-im	16383
ge-ka	16381
ge-kk	16380
ge-mm	16385
ge-rl	16386
ge-sj	16388
ge-sk	16384
ge-sz	16387
ge-tb	16378
ge.02	16389
ge.02.13254038	16473
ge.02.611818	16401
ge.02.612651	16412
ge.02.614378	16438
ge.02.614407	16439
ge.02.614611	16443
ge.02.9021892	16467
ge.02.9883703	16469
ge.04	16379
ge.04.13216140	16472
ge.04.611935	16403
ge.04.613761	16423
ge.04.613869	16425
ge.04.613970	16428
ge.04.614073	16431
ge.04.9165838	16468
ge.51	16378
ge.51.13132123	16471
ge.51.614519	16441
ge.65	16382
ge.65.612535	16408
ge.65.613310	16420
ge.65.615117	16447
ge.66	16383
ge.66.610865	16391
ge.66.611214	16393
ge.66.611681	16400
ge.66.612124	16405
ge.66.613054	16415
ge.66.613900	16426
ge.66.614003	16430
ge.66.615631	16452
ge.66.7667754	16466
ge.66.828308	16460
ge.66.828310	16461
ge.66.828313	16464
ge.67	16381
ge.67.611448	16394
ge.67.611901	16402
ge.67.612231	16406
ge.67.613341	16421
ge.67.613582	16422
ge.67.614356	16437
ge.67.615843	16455
ge.67.7667581	16465
ge.68	16380
ge.68.611547	16395
ge.68.611676	16399
ge.68.613073	16417
ge.68.614573	16442
ge.68.614889	16446
ge.68.615418	16450
ge.68.828312	16463
ge.69	16385
ge.69.611668	16398
ge.69.612889	16413
ge.69.613233	16419
ge.69.614086	16432
ge.69.614841	16445
ge.70	16386
ge.70.611068	16392
ge.70.611565	16397
ge.70.612422	16407
ge.70.612571	16409
ge.70.612590	16410
ge.70.612612	16411
ge.70.613225	16418
ge.70.613811	16424
ge.70.614171	16435
ge.70.614278	16436
ge.70.615775	16454
ge.71	16387
ge.71.610823	16390
ge.71.611552	16396
ge.71.612051	16404
ge.71.612985	16414
ge.71.613064	16416
ge.71.613915	16427
ge.71.615141	16448
ge.71.616020	16459
ge.71.828311	16462
ge.72	16388
ge.72.615400	16449
ge.72.615428	16451
ge.72.615659	16453
ge.72.615856	16456
ge.72.615891	16457
ge.72.615972	16458
ge.73	16384
ge.73.10285963	16470
ge.73.613987	16429
ge.73.614103	16433
ge.73.614130	16434
ge.73.614450	16440
ge.73.614792	16444
gf.gf	16474
gf.gf.973	16475
gg.6417213	16476
gg.6417214	16477
gg.6417215	16478
gg.6417223	16479
gg.6417224	16480
gg.6417226	16481
gg.6417228	16482
gg.6417229	16483
gg.6417230	16484
gg.6417233	16485
gg.8989934	16486
gh-aa	16492
gh-af	16499
gh-ah	16495
gh-be	16500
gh-bo	16496
gh-cp	16494
gh-ep	16493
gh-ne	16498
gh-np	16491
gh-ot	16497
gh-sv	16501
gh-tv	16488
gh-ue	16490
gh-uw	16489
gh-wn	16502
gh-wp	16487
gh.01	16492
gh.01.13609050	16747
gh.01.13609051	16748
gh.01.13609052	16749
gh.01.13609053	16750
gh.01.13609054	16751
gh.01.13609055	16752
gh.01.13609056	16753
gh.01.13609057	16754
gh.01.13609058	16755
gh.01.13609059	16756
gh.01.13609060	16757
gh.01.13609061	16758
gh.01.13609062	16759
gh.01.301	16672
gh.01.302	16595
gh.01.303	16594
gh.01.304	16541
gh.01.305	16544
gh.01.306	16620
gh.01.307	16561
gh.01.308	16651
gh.01.309	16585
gh.01.310	16682
gh.01.311	16673
gh.01.312	16684
gh.01.313	16686
gh.01.314	16687
gh.01.315	16694
gh.01.316	16715
gh.02	16495
gh.02.13609022	16719
gh.02.13609023	16720
gh.02.13609024	16721
gh.02.13609025	16722
gh.02.13609026	16723
gh.02.13609027	16724
gh.02.13609028	16725
gh.02.13609029	16726
gh.02.13609030	16727
gh.02.13609031	16728
gh.02.13609032	16729
gh.02.13609033	16730
gh.02.13609034	16731
gh.02.13609035	16732
gh.02.13609036	16733
gh.02.601	16569
gh.02.602	16557
gh.02.603	16556
gh.02.604	16543
gh.02.605	16629
gh.02.606	16542
gh.02.607	16572
gh.02.608	16581
gh.02.609	16560
gh.02.610	16680
gh.02.611	16591
gh.02.612	16582
gh.02.613	16568
gh.02.614	16613
gh.02.615	16570
gh.02.616	16549
gh.02.617	16548
gh.02.618	16674
gh.02.619	16545
gh.02.620	16614
gh.02.621	16638
gh.02.622	16622
gh.02.623	16637
gh.02.624	16534
gh.02.625	16636
gh.02.626	16592
gh.02.627	16630
gh.02.628	16685
gh.02.629	16559
gh.02.630	16681
gh.04	16494
gh.04.13609039	16736
gh.04.13609040	16737
gh.04.201	16611
gh.04.202	16583
gh.04.203	16540
gh.04.204	16623
gh.04.205	16551
gh.04.206	16597
gh.04.207	16590
gh.04.208	16596
gh.04.209	16571
gh.04.210	16546
gh.04.211	16547
gh.04.212	16562
gh.04.213	16532
gh.04.214	16563
gh.04.215	16688
gh.04.216	16653
gh.04.217	16654
gh.04.218	16533
gh.04.219	16689
gh.04.220	16708
gh.05	16493
gh.05.13609041	16738
gh.05.13609042	16739
gh.05.13609043	16740
gh.05.13609044	16741
gh.05.13609045	16742
gh.05.13609046	16743
gh.05.13609047	16744
gh.05.13609048	16745
gh.05.13609049	16746
gh.05.501	16579
gh.05.502	16577
gh.05.503	16660
gh.05.504	16642
gh.05.505	16695
gh.05.506	16553
gh.05.507	16625
gh.05.508	16664
gh.05.509	16621
gh.05.510	16566
gh.05.511	16655
gh.05.512	16593
gh.05.513	16588
gh.05.514	16615
gh.05.515	16555
gh.05.516	16578
gh.05.517	16536
gh.05.518	16618
gh.05.519	16619
gh.05.520	16616
gh.05.521	16617
gh.05.522	16683
gh.05.523	16554
gh.05.524	16704
gh.05.525	16705
gh.05.526	16706
gh.06	16491
gh.06.13609063	16760
gh.06.806	16523
gh.06.807	16513
gh.06.808	16514
gh.06.809	16665
gh.06.810	16663
gh.06.811	16646
gh.06.812	16652
gh.06.813	16632
gh.06.814	16520
gh.06.815	16521
gh.06.816	16537
gh.06.822	16679
gh.06.823	16709
gh.06.824	16707
gh.06.825	16710
gh.08	16488
gh.08.13609067	16764
gh.08.13609068	16765
gh.08.401	16641
gh.08.402	16503
gh.08.403	16608
gh.08.404	16607
gh.08.405	16716
gh.08.406	16717
gh.08.407	16718
gh.08.408	16598
gh.08.409	16640
gh.08.410	16612
gh.08.411	16599
gh.08.419	16627
gh.08.420	16552
gh.08.421	16690
gh.08.422	16691
gh.08.423	16692
gh.08.424	16675
gh.09	16487
gh.09.101	16603
gh.09.102	16535
gh.09.103	16628
gh.09.104	16550
gh.09.105	16633
gh.09.106	16639
gh.09.107	16624
gh.09.108	16649
gh.09.109	16631
gh.09.110	16657
gh.09.111	16658
gh.09.118	16696
gh.09.119	16676
gh.09.13609069	16766
gh.09.13609070	16767
gh.10	16490
gh.10.13609066	16763
gh.10.901	16511
gh.10.902	16667
gh.10.903	16606
gh.10.904	16580
gh.10.905	16509
gh.10.906	16512
gh.10.907	16516
gh.10.908	16510
gh.10.909	16668
gh.10.910	16711
gh.10.911	16712
gh.10.912	16669
gh.10.913	16713
gh.11	16489
gh.11.1001	16507
gh.11.1002	16656
gh.11.1003	16506
gh.11.1004	16508
gh.11.1005	16504
gh.11.1006	16519
gh.11.1007	16505
gh.11.1008	16539
gh.11.1009	16518
gh.11.1010	16670
gh.11.1011	16714
gh.12	16499
gh.12.701	16565
gh.12.702	16564
gh.12.703	16567
gh.12.706	16648
gh.12.707	16647
gh.12.723	16700
gh.13	16496
gh.13.13609037	16734
gh.13.704	16586
gh.13.705	16587
gh.13.708	16643
gh.13.709	16644
gh.13.710	16573
gh.13.711	16601
gh.13.712	16600
gh.13.713	16645
gh.13.714	16659
gh.13.724	16701
gh.13.726	16702
gh.14	16500
gh.14.13609038	16735
gh.14.715	16677
gh.14.716	16626
gh.14.717	16531
gh.14.718	16666
gh.14.719	16528
gh.14.720	16527
gh.14.721	16610
gh.14.722	16609
gh.14.725	16650
gh.14.727	16703
gh.15	16498
gh.15.817	16538
gh.15.818	16517
gh.15.819	16589
gh.15.820	16662
gh.15.826	16671
gh.16	16497
gh.16.13609064	16761
gh.16.412	16575
gh.16.413	16602
gh.16.414	16605
gh.16.415	16529
gh.16.416	16530
gh.16.417	16526
gh.16.418	16525
gh.16.425	16693
gh.17	16501
gh.17.13609065	16762
gh.17.801	16522
gh.17.802	16515
gh.17.803	16661
gh.17.804	16584
gh.17.805	16524
gh.17.821	16678
gh.18	16502
gh.18.112	16558
gh.18.113	16634
gh.18.114	16635
gh.18.115	16576
gh.18.116	16604
gh.18.117	16574
gh.18.120	16697
gh.18.121	16698
gh.18.122	16699
gl-av	16772
gl-ku	16768
gl-qe	16769
gl-qt	16771
gl-sm	16770
gl.04	16768
gl.04.3420847	16773
gl.04.3421723	16774
gl.04.3421767	16775
gl.06	16769
gl.07	16770
gl.11839534	16771
gl.11839537	16772
gm-b	16781
gm-l	16780
gm-m	16779
gm-n	16778
gm-u	16777
gm-w	16776
gm.01	16781
gm.01.2413107	16804
gm.01.2593772	16817
gm.02	16780
gm.02.2412885	16800
gm.02.2412886	16801
gm.02.2412887	16802
gm.02.2413266	16806
gm.02.2413267	16807
gm.02.2413268	16808
gm.03	16779
gm.03.10299957	16818
gm.03.2411710	16783
gm.03.2412201	16787
gm.03.2412420	16788
gm.03.2412421	16789
gm.03.2412422	16790
gm.03.2412423	16791
gm.03.2412424	16792
gm.03.2412715	16793
gm.03.2413461	16809
gm.04	16777
gm.04.2411671	16782
gm.04.2412176	16786
gm.04.2413088	16803
gm.04.2413462	16810
gm.05	16776
gm.05.2412849	16796
gm.05.2412850	16797
gm.05.2412851	16798
gm.05.2412852	16799
gm.05.2413477	16811
gm.05.2413478	16812
gm.05.2413479	16813
gm.05.2413480	16814
gm.05.2413481	16815
gm.07	16778
gm.07.2411712	16784
gm.07.2411714	16785
gm.07.2412717	16794
gm.07.2412718	16795
gm.07.2413213	16805
gm.07.2413686	16816
gn-b	16820
gn-be	16854
gn-bf	16853
gn-bk	16852
gn-c	16819
gn-co	16855
gn-d	16823
gn-db	16851
gn-di	16849
gn-dl	16850
gn-du	16848
gn-f	16821
gn-fa	16847
gn-fo	16846
gn-fr	16845
gn-ga	16844
gn-gu	16843
gn-k	16822
gn-ka	16842
gn-kb	16856
gn-kd	16840
gn-ke	16841
gn-kn	16838
gn-ko	16837
gn-ks	16839
gn-l	16824
gn-la	16836
gn-le	16857
gn-lo	16858
gn-m	16825
gn-mc	16835
gn-md	16859
gn-ml	16834
gn-mm	16833
gn-n	16826
gn-nz	16832
gn-pi	16831
gn-si	16830
gn-te	16829
gn-to	16828
gn-yo	16827
gn.04	16819
gn.04.8335012	16860
gn.b	16820
gn.b.02	16853
gn.b.03	16852
gn.b.11	16845
gn.b.12	16844
gn.b.18	16838
gn.d	16823
gn.d.10	16846
gn.d.16	16840
gn.d.27	16829
gn.d.30	16855
gn.d.31	16848
gn.f	16821
gn.f.05	16851
gn.f.07	16849
gn.f.09	16847
gn.f.17	16839
gn.k	16822
gn.k.15	16841
gn.k.19	16837
gn.k.32	16842
gn.k.37	16859
gn.k.39	16830
gn.l	16824
gn.l.22	16834
gn.l.28	16828
gn.l.33	16856
gn.l.34	16836
gn.l.35	16857
gn.m	16825
gn.m.06	16850
gn.m.23	16833
gn.m.25	16831
gn.n	16826
gn.n.01	16854
gn.n.13	16843
gn.n.21	16835
gn.n.29	16827
gn.n.36	16858
gn.n.38	16832
gp.gp	16861
gp.gp.971	16862
gq-an	16863
gq-bn	16864
gq-bs	16865
gq-c	16903
gq-cs	16866
gq-dj	16870
gq-i	16904
gq-kn	16867
gq-li	16868
gq-wn	16869
gq.03	16863
gq.03.11237875	16896
gq.03.11237876	16897
gq.03.13448381	16902
gq.04	16864
gq.04.11237873	16894
gq.04.11237874	16895
gq.04.11237879	16899
gq.05	16865
gq.05.11237871	16892
gq.05.11237872	16893
gq.06	16866
gq.06.11237870	16891
gq.06.11237880	16900
gq.06.2306702	16872
gq.06.2308997	16878
gq.06.2310534	16881
gq.07	16867
gq.07.11237868	16889
gq.07.11237869	16890
gq.07.11237877	16898
gq.07.12168386	16901
gq.07.2308017	16876
gq.07.2309335	16879
gq.08	16868
gq.08.11237864	16885
gq.08.11237865	16886
gq.08.11237866	16887
gq.08.11237867	16888
gq.08.2306841	16873
gq.08.2308276	16877
gq.08.2310047	16880
gq.09	16869
gq.09.11237860	16882
gq.09.11237861	16883
gq.09.11237862	16884
gq.09.2306544	16871
gq.09.2307161	16874
gq.09.2307796	16875
gq.10	16870
gr-69	16905
gr-a	16910
gr-b	16908
gr-c	16918
gr-d	16911
gr-e	16916
gr-f	16912
gr-g	16917
gr-h	16907
gr-i	16906
gr-j	16914
gr-k	16913
gr-l	16915
gr-m	16909
gr.736572	16905
gr.esye11	16910
gr.esye11.01	16970
gr.esye11.02	16959
gr.esye11.03	16956
gr.esye11.04	16971
gr.esye11.14	16965
gr.esye12	16908
gr.esye12.05	16958
gr.esye12.06	16963
gr.esye12.07	16961
gr.esye12.12	16967
gr.esye12.13	16957
gr.esye12.15	16964
gr.esye12.16	16960
gr.esye13	16918
gr.esye13.08	16969
gr.esye13.09	16966
gr.esye13.10	16968
gr.esye13.11	16962
gr.esye14	16916
gr.esye14.21	16931
gr.esye14.22	16921
gr.esye14.23	16938
gr.esye14.24	16927
gr.esye21	16911
gr.esye21.17	16940
gr.esye21.18	16922
gr.esye21.19	16925
gr.esye21.20	16948
gr.esye22	16912
gr.esye22.25	16972
gr.esye22.26	16928
gr.esye22.27	16937
gr.esye22.28	16919
gr.esye23	16917
gr.esye23.31	16952
gr.esye23.38	16951
gr.esye23.39	16941
gr.esye24	16907
gr.esye24.29	16942
gr.esye24.30	16945
gr.esye24.32	16943
gr.esye24.33	16920
gr.esye24.34	16944
gr.esye25	16914
gr.esye25.36	16950
gr.esye25.37	16933
gr.esye25.40	16926
gr.esye25.41	16949
gr.esye25.42	16932
gr.esye31	16906
gr.esye31.35	16947
gr.esye31.96	16953
gr.esye31.98	16954
gr.esye31.99	16955
gr.esye41	16913
gr.esye41.48	16923
gr.esye41.50	16935
gr.esye41.51	16929
gr.esye42	16915
gr.esye42.47	16946
gr.esye42.49	16934
gr.esye43	16909
gr.esye43.43	16936
gr.esye43.44	16924
gr.esye43.45	16939
gr.esye43.46	16930
gt-01	16988
gt-02	16990
gt-03	16979
gt-04	16992
gt-05	16989
gt-06	16977
gt-07	16976
gt-08	16974
gt-09	16982
gt-10	16975
gt-11	16980
gt-12	16978
gt-13	16987
gt-14	16981
gt-15	16993
gt-16	16994
gt-17	16983
gt-18	16986
gt-19	16973
gt-20	16991
gt-21	16985
gt-22	16984
gt.01	16994
gt.01.1601	17281
gt.01.1602	17045
gt.01.1603	17131
gt.01.1604	17017
gt.01.1605	17015
gt.01.1606	17006
gt.01.1607	17183
gt.01.1608	17026
gt.01.1609	17077
gt.01.1610	17108
gt.01.1611	17218
gt.01.1612	17304
gt.01.1613	17285
gt.01.1614	17297
gt.01.1615	17319
gt.01.1616	17325
gt.01.1617	17322
gt.02	16993
gt.02.1501	17159
gt.02.1502	17086
gt.02.1503	17165
gt.02.1504	17269
gt.02.1505	17244
gt.02.1506	17261
gt.02.1507	17121
gt.02.1508	17169
gt.03	16992
gt.03.401	17290
gt.03.402	17111
gt.03.403	17092
gt.03.404	17278
gt.03.405	17059
gt.03.406	17013
gt.03.407	17176
gt.03.408	17174
gt.03.409	17178
gt.03.410	17050
gt.03.411	17318
gt.03.412	17001
gt.03.413	17154
gt.03.414	17182
gt.03.415	16997
gt.03.416	17254
gt.04	16991
gt.04.2001	17287
gt.04.2002	17114
gt.04.2003	17106
gt.04.2004	17228
gt.04.2005	17302
gt.04.2006	17191
gt.04.2007	17251
gt.04.2008	17272
gt.04.2009	17166
gt.04.2010	17122
gt.04.2011	17236
gt.05	16990
gt.05.201	17326
gt.05.202	17202
gt.05.203	17156
gt.05.204	17134
gt.05.205	17259
gt.05.206	17142
gt.05.207	17065
gt.05.208	17146
gt.06	16989
gt.06.501	17252
gt.06.502	17043
gt.06.503	17224
gt.06.504	17022
gt.06.505	17210
gt.06.506	17009
gt.06.507	17221
gt.06.508	17242
gt.06.509	17120
gt.06.510	17233
gt.06.511	17185
gt.06.512	17028
gt.06.513	17197
gt.06.514	17333
gt.07	16988
gt.07.101	17241
gt.07.102	17052
gt.07.103	17112
gt.07.104	17116
gt.07.105	17187
gt.07.106	17289
gt.07.107	17078
gt.07.108	17206
gt.07.109	17072
gt.07.110	17103
gt.07.111	17066
gt.07.112	17284
gt.07.113	17246
gt.07.114	17313
gt.07.115	17002
gt.07.116	17003
gt.07.117	17175
gt.08	16987
gt.08.1301	17239
gt.08.1302	17294
gt.08.1303	17211
gt.08.1304	17267
gt.08.1305	17198
gt.08.1306	17074
gt.08.1307	17232
gt.08.1308	17020
gt.08.1309	17234
gt.08.1310	17057
gt.08.1311	17220
gt.08.1312	17223
gt.08.1313	17087
gt.08.1314	17070
gt.08.1315	17008
gt.08.1316	17110
gt.08.1317	17044
gt.08.1318	17088
gt.08.1319	17279
gt.08.1320	17062
gt.08.1321	17012
gt.08.1322	17274
gt.08.1323	17105
gt.08.1324	17148
gt.08.1325	17063
gt.08.1326	17307
gt.08.1327	17316
gt.08.1328	17068
gt.08.1329	17123
gt.08.1330	17033
gt.08.1331	17060
gt.08.1332	17328
gt.08.1333	17334
gt.09	16986
gt.09.1801	17170
gt.09.1802	17215
gt.09.1803	17260
gt.09.1804	17203
gt.09.1805	17214
gt.10	16985
gt.10.2101	17231
gt.10.2102	17073
gt.10.2103	17096
gt.10.2104	17095
gt.10.2105	17136
gt.10.2106	17204
gt.10.2107	17209
gt.11	16984
gt.11.2201	17225
gt.11.2202	17257
gt.11.2203	17054
gt.11.2204	17317
gt.11.2205	17311
gt.11.2206	17000
gt.11.2207	17310
gt.11.2208	17229
gt.11.2209	17263
gt.11.2210	16998
gt.11.2211	17277
gt.11.2212	17230
gt.11.2213	17270
gt.11.2214	17201
gt.11.2215	17181
gt.11.2216	17118
gt.11.2217	17168
gt.12	16983
gt.12.1701	17248
gt.12.1702	17119
gt.12.1703	17138
gt.12.1704	17155
gt.12.1705	17219
gt.12.1706	17128
gt.12.1707	17061
gt.12.1708	17264
gt.12.1709	17097
gt.12.1710	17027
gt.12.1711	17207
gt.12.1712	17173
gt.12.1713	17327
gt.12.1714	17332
gt.13	16982
gt.13.901	17167
gt.13.902	17158
gt.13.903	17192
gt.13.904	17135
gt.13.905	17025
gt.13.906	17305
gt.13.907	17303
gt.13.908	17082
gt.13.909	17189
gt.13.910	17089
gt.13.911	17273
gt.13.912	17091
gt.13.913	17315
gt.13.914	17300
gt.13.915	17238
gt.13.916	16996
gt.13.917	17280
gt.13.918	17126
gt.13.919	17258
gt.13.920	17282
gt.13.921	17245
gt.13.922	17247
gt.13.923	17222
gt.13.924	17186
gt.14	16981
gt.14.1401	17049
gt.14.1402	17292
gt.14.1403	17288
gt.14.1404	17323
gt.14.1405	17296
gt.14.1406	17291
gt.14.1407	17177
gt.14.1408	17147
gt.14.1409	17076
gt.14.1410	17266
gt.14.1411	17107
gt.14.1412	17226
gt.14.1413	17199
gt.14.1414	17153
gt.14.1415	17005
gt.14.1416	17160
gt.14.1417	17140
gt.14.1418	17301
gt.14.1419	17321
gt.14.1420	17320
gt.14.1421	17324
gt.15	16980
gt.15.1101	17164
gt.15.1102	17064
gt.15.1103	17047
gt.15.1104	17090
gt.15.1105	17129
gt.15.1106	17151
gt.15.1107	17295
gt.15.1108	17194
gt.15.1109	17262
gt.16	16979
gt.16.301	17312
gt.16.302	17227
gt.16.303	17180
gt.16.304	17019
gt.16.305	17030
gt.16.306	17032
gt.16.307	17139
gt.16.308	17099
gt.16.309	17041
gt.16.310	17213
gt.16.311	17038
gt.16.312	17283
gt.16.313	17085
gt.16.314	17314
gt.16.315	17149
gt.16.316	17056
gt.17	16978
gt.17.1201	17094
gt.17.1202	17071
gt.17.1203	17144
gt.17.1204	17276
gt.17.1205	17084
gt.17.1206	17271
gt.17.1207	17018
gt.17.1208	17024
gt.17.1209	17016
gt.17.1210	17010
gt.17.1211	17067
gt.17.1212	17195
gt.17.1213	17253
gt.17.1214	17255
gt.17.1215	17212
gt.17.1216	17298
gt.17.1217	17309
gt.17.1218	17193
gt.17.1219	17081
gt.17.1220	17256
gt.17.1221	17217
gt.17.1222	17188
gt.17.1223	17235
gt.17.1224	17113
gt.17.1225	17133
gt.17.1226	17023
gt.17.1227	17250
gt.17.1228	17163
gt.17.1229	17100
gt.17.1230	17330
gt.18	16977
gt.18.601	17268
gt.18.602	17308
gt.18.603	17035
gt.18.604	17299
gt.18.605	17069
gt.18.606	17190
gt.18.607	17102
gt.18.608	17286
gt.18.609	17014
gt.18.610	17037
gt.18.611	17240
gt.18.612	17046
gt.18.613	17171
gt.18.614	17196
gt.19	16976
gt.19.701	17021
gt.19.702	17117
gt.19.703	17036
gt.19.704	17040
gt.19.705	17200
gt.19.706	17055
gt.19.707	17051
gt.19.708	17275
gt.19.709	17152
gt.19.710	17184
gt.19.711	17053
gt.19.712	17145
gt.19.713	17098
gt.19.714	17048
gt.19.715	17079
gt.19.716	17093
gt.19.717	17104
gt.19.718	17075
gt.19.719	17034
gt.20	16975
gt.20.1001	17208
gt.20.1002	17265
gt.20.1003	17125
gt.20.1004	17137
gt.20.1005	17115
gt.20.1006	17031
gt.20.1007	17101
gt.20.1008	17157
gt.20.1009	17080
gt.20.1010	17143
gt.20.1011	17083
gt.20.1012	17124
gt.20.1013	17293
gt.20.1014	17179
gt.20.1015	17058
gt.20.1016	17109
gt.20.1017	17029
gt.20.1018	16995
gt.20.1019	17172
gt.20.1020	17162
gt.20.1021	17329
gt.21	16974
gt.21.801	17007
gt.21.802	17132
gt.21.803	17127
gt.21.804	17150
gt.21.805	17205
gt.21.806	17039
gt.21.807	17042
gt.21.808	17141
gt.22	16973
gt.22.1901	16999
gt.22.1902	17249
gt.22.1903	17161
gt.22.1904	17243
gt.22.1905	17011
gt.22.1906	17004
gt.22.1907	17306
gt.22.1908	17130
gt.22.1909	17216
gt.22.1910	17237
gt.22.1911	17331
gu.ah	17345
gu.an	17351
gu.as	17347
gu.at	17348
gu.ba	17350
gu.cp	17346
gu.dd	17349
gu.in	17352
gu.ma	17344
gu.me	17343
gu.mt	17353
gu.pi	17335
gu.sj	17337
gu.sr	17336
gu.tf	17338
gu.tm	17339
gu.um	17340
gu.yg	17341
gu.yn	17342
gw-ba	17362
gw-bl	17359
gw-bm	17361
gw-bs	17360
gw-ca	17358
gw-ga	17357
gw-l	17402
gw-n	17403
gw-oi	17356
gw-qu	17355
gw-s	17404
gw-to	17354
gw.01	17362
gw.01.11995994	17392
gw.01.8335054	17380
gw.01.8335071	17385
gw.01.8335072	17386
gw.01.8335074	17387
gw.01.8335076	17389
gw.02	17355
gw.02.10376583	17390
gw.02.10376960	17391
gw.02.7909708	17366
gw.02.7909709	17367
gw.04	17356
gw.04.8335049	17375
gw.04.8335050	17376
gw.04.8335051	17377
gw.04.8335052	17378
gw.04.8335070	17384
gw.05	17359
gw.05.11995995	17393
gw.05.11996000	17398
gw.05.7909710	17368
gw.05.7911005	17371
gw.06	17358
gw.06.7909700	17363
gw.06.7909702	17364
gw.06.7932380	17372
gw.06.8335055	17381
gw.06.8335068	17382
gw.06.8335069	17383
gw.07	17354
gw.07.11996001	17399
gw.07.11996002	17400
gw.07.7909706	17365
gw.07.7909713	17369
gw.07.7911001	17370
gw.10	17357
gw.10.11995997	17395
gw.10.11995998	17396
gw.10.11995999	17397
gw.10.8335053	17379
gw.10.8335075	17388
gw.11	17360
gw.11.11996003	17401
gw.12	17361
gw.12.11995996	17394
gw.12.8335038	17373
gw.12.8335043	17374
gy-ba	17414
gy-cu	17413
gy-de	17412
gy-eb	17411
gy-es	17410
gy-ma	17409
gy-pm	17408
gy-pt	17407
gy-ud	17406
gy-ut	17405
gy.10	17414
gy.11	17413
gy.12	17412
gy.13	17411
gy.14	17410
gy.15	17409
gy.16	17408
gy.17	17407
gy.18	17406
gy.19	17405
hk.hcw	17420
hk.hea	17422
hk.hso	17423
hk.hwc	17421
hk.kkc	17426
hk.kkt	17428
hk.kss	17425
hk.kwt	17427
hk.kyt	17424
hk.nis	17419
hk.nkt	17429
hk.nno	17431
hk.nsk	17418
hk.nst	17432
hk.ntm	17430
hk.ntp	17417
hk.ntw	17416
hk.nyl	17415
hn-at	17450
hn-ch	17449
hn-cl	17448
hn-cm	17447
hn-cp	17446
hn-cr	17445
hn-ep	17444
hn-fm	17443
hn-gd	17442
hn-ib	17440
hn-in	17441
hn-le	17438
hn-lp	17439
hn-oc	17437
hn-ol	17436
hn-sb	17435
hn-va	17434
hn-yo	17433
hn.01	17450
hn.01.0101	17639
hn.01.0102	17674
hn.01.0103	17668
hn.01.0104	17642
hn.01.0105	17629
hn.01.0106	17554
hn.01.0107	17476
hn.01.0108	17746
hn.02	17449
hn.02.0601	17702
hn.02.0602	17726
hn.02.0603	17693
hn.02.0604	17681
hn.02.0605	17680
hn.02.0606	17670
hn.02.0607	17604
hn.02.0608	17596
hn.02.0609	17594
hn.02.0610	17582
hn.02.0611	17580
hn.02.0612	17562
hn.02.0613	17546
hn.02.0614	17541
hn.02.0615	17522
hn.02.0616	17506
hn.03	17448
hn.03.0201	17469
hn.03.0202	17720
hn.03.0203	17648
hn.03.0204	17615
hn.03.0205	17488
hn.03.0206	17500
hn.03.0207	17492
hn.03.0208	17482
hn.03.0209	17473
hn.03.0210	17747
hn.04	17447
hn.04.0301	17699
hn.04.0302	17731
hn.04.0303	17672
hn.04.0304	17667
hn.04.0305	17651
hn.04.0306	17631
hn.04.0307	17630
hn.04.0308	17625
hn.04.0309	17618
hn.04.0310	17602
hn.04.0311	17599
hn.04.0312	17587
hn.04.0313	17544
hn.04.0314	17538
hn.04.0315	17536
hn.04.0316	17528
hn.04.0317	17510
hn.04.0318	17486
hn.04.0319	17462
hn.04.0320	17745
hn.04.0321	17748
hn.05	17446
hn.05.0401	17491
hn.05.0402	17715
hn.05.0403	17696
hn.05.0404	17691
hn.05.0405	17690
hn.05.0406	17689
hn.05.0407	17685
hn.05.0408	17683
hn.05.0409	17676
hn.05.0410	17665
hn.05.0411	17634
hn.05.0412	17624
hn.05.0413	17592
hn.05.0414	17567
hn.05.0415	17564
hn.05.0416	17543
hn.05.0417	17537
hn.05.0418	17532
hn.05.0419	17516
hn.05.0420	17515
hn.05.0421	17494
hn.05.0422	17470
hn.05.0423	17464
hn.06	17445
hn.06.0501	17513
hn.06.0502	17703
hn.06.0503	17585
hn.06.0504	17578
hn.06.0505	17575
hn.06.0506	17734
hn.06.0507	17563
hn.06.0508	17548
hn.06.0509	17526
hn.06.0510	17503
hn.06.0511	17460
hn.06.0512	17733
hn.07	17444
hn.07.0701	17451
hn.07.0702	17730
hn.07.0703	17687
hn.07.0704	17677
hn.07.0705	17652
hn.07.0706	17647
hn.07.0707	17614
hn.07.0708	17597
hn.07.0709	17581
hn.07.0710	17576
hn.07.0711	17561
hn.07.0712	17529
hn.07.0713	17520
hn.07.0714	17483
hn.07.0715	17475
hn.07.0716	17474
hn.07.0717	17467
hn.07.0718	17455
hn.07.0719	17744
hn.08	17443
hn.08.0801	17706
hn.08.0802	17728
hn.08.0803	17708
hn.08.0804	17688
hn.08.0805	17675
hn.08.0806	17661
hn.08.0807	17632
hn.08.0808	17620
hn.08.0809	17616
hn.08.0810	17607
hn.08.0811	17606
hn.08.0812	17591
hn.08.0813	17588
hn.08.0814	17583
hn.08.0815	17571
hn.08.0816	17569
hn.08.0817	17559
hn.08.0818	17558
hn.08.0819	17547
hn.08.0820	17533
hn.08.0821	17519
hn.08.0822	17508
hn.08.0823	17498
hn.08.0824	17480
hn.08.0825	17477
hn.08.0826	17465
hn.08.0827	17461
hn.08.0828	17743
hn.09	17442
hn.09.0901	17573
hn.09.0902	17717
hn.09.0903	17740
hn.09.0904	17738
hn.09.0905	17739
hn.09.0906	17458
hn.10	17441
hn.10.1001	17637
hn.10.1002	17714
hn.10.1003	17700
hn.10.1004	17698
hn.10.1005	17686
hn.10.1006	17649
hn.10.1007	17645
hn.10.1008	17611
hn.10.1009	17603
hn.10.1010	17565
hn.10.1011	17545
hn.10.1012	17534
hn.10.1013	17521
hn.10.1014	17518
hn.10.1015	17499
hn.10.1016	17457
hn.10.1017	17735
hn.11	17440
hn.11.1101	17570
hn.11.1102	17656
hn.11.1103	17643
hn.11.1104	17468
hn.12	17439
hn.12.1201	17627
hn.12.1202	17732
hn.12.1203	17716
hn.12.1204	17711
hn.12.1205	17705
hn.12.1206	17660
hn.12.1207	17621
hn.12.1208	17605
hn.12.1209	17600
hn.12.1210	17584
hn.12.1211	17560
hn.12.1212	17540
hn.12.1213	17535
hn.12.1214	17514
hn.12.1215	17507
hn.12.1216	17502
hn.12.1217	17497
hn.12.1218	17490
hn.12.1219	17456
hn.13	17438
hn.13.1301	17662
hn.13.1302	17719
hn.13.1303	17712
hn.13.1304	17701
hn.13.1305	17669
hn.13.1306	17657
hn.13.1307	17655
hn.13.1308	17640
hn.13.1309	17635
hn.13.1310	17626
hn.13.1311	17623
hn.13.1312	17619
hn.13.1313	17617
hn.13.1314	17608
hn.13.1315	17577
hn.13.1316	17566
hn.13.1317	17555
hn.13.1318	17531
hn.13.1319	17525
hn.13.1320	17511
hn.13.1321	17509
hn.13.1322	17504
hn.13.1323	17479
hn.13.1324	17478
hn.13.1325	17472
hn.13.1326	17466
hn.13.1327	17459
hn.13.1328	17736
hn.14	17437
hn.14.1401	17590
hn.14.1402	17718
hn.14.1403	17697
hn.14.1404	17684
hn.14.1405	17664
hn.14.1406	17638
hn.14.1407	17633
hn.14.1408	17613
hn.14.1409	17601
hn.14.1410	17556
hn.14.1411	17550
hn.14.1412	17542
hn.14.1413	17524
hn.14.1414	17501
hn.14.1415	17487
hn.14.1416	17484
hn.15	17436
hn.15.1501	17641
hn.15.1502	17713
hn.15.1503	17709
hn.15.1504	17692
hn.15.1505	17682
hn.15.1506	17671
hn.15.1507	17666
hn.15.1508	17659
hn.15.1509	17654
hn.15.1510	17636
hn.15.1511	17653
hn.15.1512	17646
hn.15.1513	17622
hn.15.1514	17610
hn.15.1515	17609
hn.15.1516	17568
hn.15.1517	17557
hn.15.1518	17553
hn.15.1519	17551
hn.15.1520	17496
hn.15.1521	17485
hn.15.1522	17454
hn.15.1523	17737
hn.16	17435
hn.16.1601	17505
hn.16.1602	17725
hn.16.1603	17722
hn.16.1604	17721
hn.16.1605	17707
hn.16.1606	17695
hn.16.1607	17694
hn.16.1608	17704
hn.16.1609	17678
hn.16.1610	17658
hn.16.1611	17650
hn.16.1612	17612
hn.16.1613	17593
hn.16.1614	17589
hn.16.1615	17579
hn.16.1616	17574
hn.16.1617	17572
hn.16.1618	17549
hn.16.1619	17539
hn.16.1620	17527
hn.16.1621	17523
hn.16.1622	17517
hn.16.1623	17512
hn.16.1624	17495
hn.16.1625	17489
hn.16.1626	17471
hn.16.1627	17742
hn.16.1628	17741
hn.17	17434
hn.17.1701	17595
hn.17.1702	17729
hn.17.1703	17727
hn.17.1704	17724
hn.17.1705	17710
hn.17.1706	17663
hn.17.1707	17628
hn.17.1708	17552
hn.17.1709	17530
hn.18	17433
hn.18.1801	17452
hn.18.1802	17723
hn.18.1803	17679
hn.18.1804	17673
hn.18.1805	17644
hn.18.1806	17598
hn.18.1807	17586
hn.18.1808	17493
hn.18.1809	17481
hn.18.1810	17463
hn.18.1811	17453
hr-01	17767
hr-02	17755
hr-03	17762
hr-04	17753
hr-05	17764
hr-06	17754
hr-07	17749
hr-08	17760
hr-09	17756
hr-10	17769
hr-11	17759
hr-12	17750
hr-13	17766
hr-14	17758
hr-15	17761
hr-16	17765
hr-17	17763
hr-18	17752
hr-19	17751
hr-20	17757
hr-21	17768
hr.01	17749
hr.01.11049398	18007
hr.01.11049399	18008
hr.01.11049403	18009
hr.01.11049406	18010
hr.01.11049413	18011
hr.01.11049414	18012
hr.01.11049415	18013
hr.01.11049416	18014
hr.01.11049417	18015
hr.01.11049418	18016
hr.01.11049419	18017
hr.01.11049420	18018
hr.01.11049421	18019
hr.01.11049422	18020
hr.01.11049424	18021
hr.01.11049426	18022
hr.01.11049428	18023
hr.01.11055019	18331
hr.01.3199514	17834
hr.01.3200709	17836
hr.01.3202183	17845
hr.01.3202819	17848
hr.01.3203981	17854
hr.02	17750
hr.02.11049480	18070
hr.02.11049481	18071
hr.02.11049482	18072
hr.02.11049489	18073
hr.02.11049490	18074
hr.02.11049491	18075
hr.02.11049492	18076
hr.02.11049493	18077
hr.02.11049494	18078
hr.02.11049495	18079
hr.02.11049496	18080
hr.02.11049497	18081
hr.02.11049498	18082
hr.02.11049499	18083
hr.02.11049500	18084
hr.02.11049501	18085
hr.02.11049502	18086
hr.02.11049503	18087
hr.02.11049504	18088
hr.02.11049505	18089
hr.02.11049506	18090
hr.02.11049507	18091
hr.02.11049508	18092
hr.02.11049509	18093
hr.02.11049510	18094
hr.02.11049511	18095
hr.02.3190585	17790
hr.02.3194448	17814
hr.03	17751
hr.03.11054489	18161
hr.03.11054957	18310
hr.03.11054958	18311
hr.03.11054959	18312
hr.03.11054960	18313
hr.03.11054961	18314
hr.03.11054962	18315
hr.03.11054963	18316
hr.03.11054964	18317
hr.03.11054966	18318
hr.03.11054967	18319
hr.03.11054968	18320
hr.03.11054969	18321
hr.03.11054970	18322
hr.03.11054971	18323
hr.03.11054972	18324
hr.03.11054973	18325
hr.03.11055009	18326
hr.03.3193146	17802
hr.03.3196753	17818
hr.03.3197709	17825
hr.03.7577034	17857
hr.04	17752
hr.04.11054745	18245
hr.04.11054746	18246
hr.04.11054747	18247
hr.04.11054749	18248
hr.04.11054750	18249
hr.04.11054751	18250
hr.04.11054790	18251
hr.04.11054800	18252
hr.04.11054801	18253
hr.04.11054804	18254
hr.04.11054805	18255
hr.04.11054806	18256
hr.04.11054807	18257
hr.04.11054808	18258
hr.04.11054809	18259
hr.04.11054810	18260
hr.04.11054811	18261
hr.04.11054812	18262
hr.04.11054813	18263
hr.04.11054816	18264
hr.04.11054818	18265
hr.04.11054819	18266
hr.04.11054820	18267
hr.04.11054821	18268
hr.04.11054822	18269
hr.04.11054824	18270
hr.04.11054825	18271
hr.04.11054827	18272
hr.04.11054828	18273
hr.04.11054829	18274
hr.04.11054952	18306
hr.04.11072234	18337
hr.04.11072413	18340
hr.04.11129787	18341
hr.04.3191516	17797
hr.04.3192222	17799
hr.04.3192696	17800
hr.04.3193560	17804
hr.04.3196833	17819
hr.04.3202941	17851
hr.04.3203088	17852
hr.05	17753
hr.05.11049266	17935
hr.05.11049267	17936
hr.05.11049268	17937
hr.05.11049269	17938
hr.05.11049270	17939
hr.05.11049271	17940
hr.05.11049272	17941
hr.05.11049273	17942
hr.05.11049275	17943
hr.05.11049276	17944
hr.05.11049277	17945
hr.05.11049278	17946
hr.05.11049279	17947
hr.05.11049280	17948
hr.05.11049281	17949
hr.05.11049283	17950
hr.05.3187450	17780
hr.05.3190522	17789
hr.05.3193753	17806
hr.05.3194182	17811
hr.05.3198257	17828
hr.05.3201029	17840
hr.06	17754
hr.06.11049322	17986
hr.06.11049323	17987
hr.06.11049324	17988
hr.06.11049326	17989
hr.06.11049369	17990
hr.06.11049370	17991
hr.06.11049372	17992
hr.06.11049373	17993
hr.06.11049374	17994
hr.06.11049375	17995
hr.06.11049376	17996
hr.06.11049377	17997
hr.06.11049378	17998
hr.06.11049380	17999
hr.06.11049381	18000
hr.06.11049383	18001
hr.06.11049389	18002
hr.06.11049391	18003
hr.06.11049393	18004
hr.06.11049395	18005
hr.06.11049397	18006
hr.06.11055014	18330
hr.06.3197228	17822
hr.06.3197726	17826
hr.06.3200960	17838
hr.07	17755
hr.07.11049007	17901
hr.07.11049008	17902
hr.07.11049009	17903
hr.07.11049010	17904
hr.07.11049011	17905
hr.07.11049012	17906
hr.07.11049013	17907
hr.07.11049014	17908
hr.07.11049188	17909
hr.07.11049189	17910
hr.07.11049190	17911
hr.07.11049191	17912
hr.07.11049192	17913
hr.07.11049193	17914
hr.07.11049194	17915
hr.07.11049195	17916
hr.07.11049212	17917
hr.07.11049213	17918
hr.07.11049214	17919
hr.07.11049218	17920
hr.07.11049219	17921
hr.07.11049220	17922
hr.07.11049222	17923
hr.07.11054890	18301
hr.07.11054895	18302
hr.07.11054900	18303
hr.07.11055011	18328
hr.07.3186405	17771
hr.07.3186983	17774
hr.07.3197366	17823
hr.07.3198102	17827
hr.07.3201620	17843
hr.08	17756
hr.08.11049284	17951
hr.08.11049285	17952
hr.08.11049286	17953
hr.08.11049287	17954
hr.08.11049288	17955
hr.08.11049289	17956
hr.08.11049290	17957
hr.08.11049291	17958
hr.08.11049292	17959
hr.08.11049293	17960
hr.08.11049294	17961
hr.08.11049295	17962
hr.09	17757
hr.09.11054830	18275
hr.09.11054832	18276
hr.09.11054834	18277
hr.09.11054835	18278
hr.09.11054836	18279
hr.09.11054837	18280
hr.09.11054838	18281
hr.09.11054839	18282
hr.09.11054840	18283
hr.09.11054845	18284
hr.09.11054846	18285
hr.09.11054847	18286
hr.09.11054848	18287
hr.09.11054849	18288
hr.09.11054850	18289
hr.09.11054852	18290
hr.09.11054853	18291
hr.09.11054879	18292
hr.09.11054880	18293
hr.09.11054883	18294
hr.09.11054884	18295
hr.09.11054885	18296
hr.09.11054886	18297
hr.09.11054887	18298
hr.09.3202887	17849
hr.10	17758
hr.10.11054390	18127
hr.10.11054391	18128
hr.10.11054392	18129
hr.10.11054393	18130
hr.10.11054394	18131
hr.10.11054395	18132
hr.10.11054454	18133
hr.10.11054455	18134
hr.10.11054456	18135
hr.10.11054458	18136
hr.10.11054461	18137
hr.10.11054464	18138
hr.10.11054465	18139
hr.10.11054467	18140
hr.10.11054468	18141
hr.10.11054469	18142
hr.10.11054470	18143
hr.10.11054471	18144
hr.10.11054472	18145
hr.10.11054473	18146
hr.10.11054474	18147
hr.10.11054475	18148
hr.10.11054476	18149
hr.10.11054477	18150
hr.10.11054478	18151
hr.10.11054479	18152
hr.10.11054480	18153
hr.10.11054481	18154
hr.10.11054482	18155
hr.10.11054483	18156
hr.10.11054484	18157
hr.10.11054485	18158
hr.10.11054486	18159
hr.10.11054488	18160
hr.10.11055020	18332
hr.10.11055021	18333
hr.10.3188394	17786
hr.10.3193934	17807
hr.10.3194580	17815
hr.10.3201431	17842
hr.10.3202219	17846
hr.10.3204319	17856
hr.11	17759
hr.11.11049472	18062
hr.11.11049473	18063
hr.11.11049474	18064
hr.11.11049475	18065
hr.11.11049476	18066
hr.11.11049477	18067
hr.11.11049478	18068
hr.11.11049479	18069
hr.11.3190588	17791
hr.11.3193705	17805
hr.12	17760
hr.12.11049429	18024
hr.12.11049430	18025
hr.12.11049431	18026
hr.12.11049432	18027
hr.12.11049433	18028
hr.12.11049434	18029
hr.12.11049435	18030
hr.12.11049436	18031
hr.12.11049437	18032
hr.12.11049438	18033
hr.12.11049439	18034
hr.12.11049440	18035
hr.12.11049441	18036
hr.12.11049442	18037
hr.12.11049443	18038
hr.12.11049445	18039
hr.12.11049446	18040
hr.12.11049447	18041
hr.12.11049448	18042
hr.12.11049449	18043
hr.12.11049450	18044
hr.12.11049451	18045
hr.12.11049452	18046
hr.12.11049453	18047
hr.12.11049454	18048
hr.12.11054902	18304
hr.12.11054903	18305
hr.12.11072235	18338
hr.12.11072236	18339
hr.12.3187256	17778
hr.12.3191647	17798
hr.12.3194097	17809
hr.12.3197207	17821
hr.12.3202102	17844
hr.12.3202506	17847
hr.12.3202931	17850
hr.13	17761
hr.13.11054512	18162
hr.13.11054513	18163
hr.13.11054514	18164
hr.13.11054515	18165
hr.13.11054516	18166
hr.13.11054517	18167
hr.13.11054518	18168
hr.13.11054519	18169
hr.13.11054520	18170
hr.13.11054521	18171
hr.13.11054522	18172
hr.13.11054523	18173
hr.13.11054524	18174
hr.13.11054525	18175
hr.13.11054956	18309
hr.13.11055022	18334
hr.13.11055025	18335
hr.13.3190938	17794
hr.13.3201161	17841
hr.13.9076750	17875
hr.14	17762
hr.14.11049225	17924
hr.14.11049226	17925
hr.14.11049227	17926
hr.14.11049228	17927
hr.14.11049229	17928
hr.14.11049230	17929
hr.14.11049231	17930
hr.14.11049232	17931
hr.14.11049233	17932
hr.14.11049234	17933
hr.14.11049235	17934
hr.14.3187231	17777
hr.14.3190812	17792
hr.14.3193419	17803
hr.14.3194318	17812
hr.14.3196862	17820
hr.14.3197593	17824
hr.14.3200597	17835
hr.14.3200915	17837
hr.15	17763
hr.15.11054557	18202
hr.15.11054558	18203
hr.15.11054559	18204
hr.15.11054560	18205
hr.15.11054601	18206
hr.15.11054602	18207
hr.15.11054603	18208
hr.15.11054604	18209
hr.15.11054605	18210
hr.15.11054606	18211
hr.15.11054607	18212
hr.15.11054608	18213
hr.15.11054609	18214
hr.15.11054610	18215
hr.15.11054611	18216
hr.15.11054612	18217
hr.15.11054613	18218
hr.15.11054614	18219
hr.15.11054615	18220
hr.15.11054616	18221
hr.15.11054617	18222
hr.15.11054618	18223
hr.15.11054619	18224
hr.15.11054620	18225
hr.15.11054621	18226
hr.15.11054622	18227
hr.15.11054623	18228
hr.15.11054624	18229
hr.15.11054625	18230
hr.15.11054627	18231
hr.15.11054631	18232
hr.15.11054720	18233
hr.15.11054721	18234
hr.15.11054722	18235
hr.15.11054727	18236
hr.15.11054733	18237
hr.15.11054737	18238
hr.15.11054739	18239
hr.15.11054740	18240
hr.15.11054741	18241
hr.15.11054742	18242
hr.15.11054743	18243
hr.15.11054744	18244
hr.15.11054954	18307
hr.15.3187229	17776
hr.15.3187684	17781
hr.15.3188762	17787
hr.15.3190259	17788
hr.15.3190864	17793
hr.15.3194113	17810
hr.15.3195888	17816
hr.15.3199110	17832
hr.15.3199178	17833
hr.15.3203595	17853
hr.15.9076752	17876
hr.16	17764
hr.16.11049296	17963
hr.16.11049297	17964
hr.16.11049298	17965
hr.16.11049299	17966
hr.16.11049300	17967
hr.16.11049301	17968
hr.16.11049302	17969
hr.16.11049303	17970
hr.16.11049306	17971
hr.16.11049307	17972
hr.16.11049308	17973
hr.16.11049309	17974
hr.16.11049310	17975
hr.16.11049311	17976
hr.16.11049312	17977
hr.16.11049313	17978
hr.16.11049314	17979
hr.16.11049315	17980
hr.16.11049316	17981
hr.16.11049317	17982
hr.16.11049318	17983
hr.16.11049320	17984
hr.16.11049321	17985
hr.16.11055013	18329
hr.16.3188382	17785
hr.16.3194366	17813
hr.16.3196119	17817
hr.16.3199075	17831
hr.17	17769
hr.17.11049455	18049
hr.17.11049456	18050
hr.17.11049457	18051
hr.17.11049459	18052
hr.17.11049462	18053
hr.17.11049464	18054
hr.17.11049465	18055
hr.17.11049466	18056
hr.17.11049467	18057
hr.17.11049468	18058
hr.17.11049469	18059
hr.17.11049470	18060
hr.17.11049471	18061
hr.17.3187693	17782
hr.17.3192931	17801
hr.17.3194063	17808
hr.18	17765
hr.18.11054526	18176
hr.18.11054527	18177
hr.18.11054529	18178
hr.18.11054530	18179
hr.18.11054531	18180
hr.18.11054533	18181
hr.18.11054534	18182
hr.18.11054535	18183
hr.18.11054536	18184
hr.18.11054537	18185
hr.18.11054538	18186
hr.18.11054539	18187
hr.18.11054540	18188
hr.18.11054541	18189
hr.18.11054542	18190
hr.18.11054543	18191
hr.18.11054545	18192
hr.18.11054546	18193
hr.18.11054547	18194
hr.18.11054549	18195
hr.18.11054550	18196
hr.18.11054551	18197
hr.18.11054552	18198
hr.18.11054553	18199
hr.18.11054554	18200
hr.18.11054556	18201
hr.18.11054955	18308
hr.18.11072232	18336
hr.18.3186293	17770
hr.18.3187046	17775
hr.18.3187718	17783
hr.19	17766
hr.19.11049512	18096
hr.19.11049513	18097
hr.19.11049514	18098
hr.19.11054319	18099
hr.19.11054321	18100
hr.19.11054322	18101
hr.19.11054323	18102
hr.19.11054325	18103
hr.19.11054326	18104
hr.19.11054327	18105
hr.19.11054328	18106
hr.19.11054329	18107
hr.19.11054332	18108
hr.19.11054333	18109
hr.19.11054335	18110
hr.19.11054336	18111
hr.19.11054372	18112
hr.19.11054373	18113
hr.19.11054374	18114
hr.19.11054375	18115
hr.19.11054376	18116
hr.19.11054377	18117
hr.19.11054378	18118
hr.19.11054379	18119
hr.19.11054380	18120
hr.19.11054381	18121
hr.19.11054383	18122
hr.19.11054384	18123
hr.19.11054386	18124
hr.19.11054387	18125
hr.19.11054389	18126
hr.19.11055010	18327
hr.19.3204122	17855
hr.19.9077071	17877
hr.20	17767
hr.20.11048980	17878
hr.20.11048981	17879
hr.20.11048982	17880
hr.20.11048983	17881
hr.20.11048984	17882
hr.20.11048985	17883
hr.20.11048986	17884
hr.20.11048987	17885
hr.20.11048989	17886
hr.20.11048992	17887
hr.20.11048993	17888
hr.20.11048994	17889
hr.20.11048995	17890
hr.20.11048997	17891
hr.20.11048998	17892
hr.20.11048999	17893
hr.20.11049000	17894
hr.20.11049001	17895
hr.20.11049002	17896
hr.20.11049003	17897
hr.20.11049004	17898
hr.20.11049005	17899
hr.20.11049006	17900
hr.20.11054888	18299
hr.20.11054889	18300
hr.20.3186602	17772
hr.20.3186780	17773
hr.20.3187264	17779
hr.20.3188243	17784
hr.20.3191315	17796
hr.20.3198798	17829
hr.20.3199068	17830
hr.20.3201007	17839
hr.20.8260123	17858
hr.21	17768
hr.21.3190965	17795
hr.21.8531816	17859
hr.21.8531817	17860
hr.21.8531820	17861
hr.21.8531822	17862
hr.21.8531823	17863
hr.21.8531824	17864
hr.21.8531825	17865
hr.21.8531826	17866
hr.21.8531827	17867
hr.21.8531828	17868
hr.21.8531829	17869
hr.21.8531830	17870
hr.21.8531831	17871
hr.21.8531832	17872
hr.21.8531833	17873
hr.21.8531834	17874
ht-ar	18350
ht-ce	18349
ht-ga	18348
ht-nd	18347
ht-ne	18346
ht-ni	18351
ht-no	18345
ht-ou	18344
ht-sd	18343
ht-se	18342
ht.03	18345
ht.03.3717599	18357
ht.03.3718419	18359
ht.03.3720764	18363
ht.06	18350
ht.06.3717563	18355
ht.06.3717587	18356
ht.06.3724144	18373
ht.06.3724695	18375
ht.06.3726539	18377
ht.07	18349
ht.07.3720809	18364
ht.07.3722578	18368
ht.07.3723840	18372
ht.07.3728053	18382
ht.09	18347
ht.09.3717545	18354
ht.09.3718665	18361
ht.09.3722122	18366
ht.09.3724438	18374
ht.09.3728473	18384
ht.09.3729454	18385
ht.09.3731232	18393
ht.10	18346
ht.10.3716114	18352
ht.10.3716223	18353
ht.10.3719435	18362
ht.10.3725169	18376
ht.11	18344
ht.11.3718425	18360
ht.11.3722285	18367
ht.11.3723019	18369
ht.11.3727134	18378
ht.11.3731086	18389
ht.12	18343
ht.12.3718404	18358
ht.12.3727295	18379
ht.12.3727900	18381
ht.12.3728096	18383
ht.12.3731094	18390
ht.13	18342
ht.13.3723778	18371
ht.13.3730361	18386
ht.13.3730910	18388
ht.14	18348
ht.14.3723592	18370
ht.14.3727381	18380
ht.14.3731116	18391
ht.15	18351
ht.15.3720823	18365
ht.15.3730801	18387
ht.15.3731122	18392
hu-ba	18412
hu-bc	18414
hu-be	18400
hu-bk	18413
hu-bu	18411
hu-bz	18399
hu-cs	18398
hu-de	18415
hu-du	18416
hu-eg	18417
hu-er	18418
hu-fe	18410
hu-gs	18409
hu-gy	18419
hu-hb	18397
hu-he	18396
hu-hv	18420
hu-jn	18395
hu-ke	18408
hu-km	18421
hu-kv	18422
hu-mi	18423
hu-nk	18424
hu-no	18407
hu-ny	18425
hu-pe	18406
hu-ps	18426
hu-sd	18427
hu-sf	18428
hu-sh	18429
hu-sk	18430
hu-sn	18431
hu-so	18405
hu-ss	18432
hu-st	18433
hu-sz	18394
hu-tb	18434
hu-to	18404
hu-va	18403
hu-ve	18402
hu-vm	18435
hu-za	18401
hu-ze	18436
hu.01	18413
hu.01.034	18476
hu.01.035	18475
hu.01.036	18477
hu.01.037	18480
hu.01.038	18483
hu.01.039	18481
hu.01.040	18485
hu.01.041	18478
hu.01.042	18479
hu.01.043	18482
hu.01.044	18484
hu.02	18412
hu.02.024	18468
hu.02.025	18471
hu.02.026	18470
hu.02.027	18467
hu.02.028	18466
hu.02.029	18469
hu.02.030	18472
hu.02.031	18465
hu.02.032	18474
hu.02.033	18473
hu.03	18400
hu.03.045	18499
hu.03.046	18500
hu.03.047	18501
hu.03.048	18495
hu.03.049	18496
hu.03.050	18497
hu.03.051	18494
hu.03.052	18498
hu.03.053	18493
hu.04	18399
hu.04.054	18525
hu.04.055	18526
hu.04.056	18527
hu.04.057	18528
hu.04.058	18529
hu.04.059	18530
hu.04.060	18531
hu.04.061	18532
hu.04.062	18533
hu.04.063	18534
hu.04.064	18535
hu.04.065	18536
hu.04.066	18537
hu.04.067	18538
hu.04.068	18539
hu.04.069	18540
hu.05	18411
hu.05.001	18628
hu.05.002	18611
hu.05.003	18620
hu.05.004	18616
hu.05.005	18614
hu.05.006	18629
hu.05.007	18632
hu.05.008	18618
hu.05.009	18633
hu.05.010	18612
hu.05.011	18617
hu.05.012	18615
hu.05.013	18630
hu.05.014	18631
hu.05.015	18621
hu.05.016	18619
hu.05.017	18627
hu.05.018	18622
hu.05.019	18613
hu.05.020	18626
hu.05.021	18625
hu.05.022	18624
hu.05.023	18623
hu.06	18398
hu.06.070	18491
hu.06.071	18490
hu.06.072	18489
hu.06.073	18488
hu.06.074	18486
hu.06.075	18487
hu.06.076	18492
hu.08	18410
hu.08.077	18588
hu.08.078	18591
hu.08.079	18594
hu.08.080	18590
hu.08.081	18589
hu.08.082	18595
hu.08.084	18593
hu.08.085	18592
hu.09	18409
hu.09.086	18439
hu.09.087	18441
hu.09.088	18438
hu.09.089	18440
hu.09.090	18443
hu.09.091	18437
hu.09.092	18442
hu.10	18397
hu.10.093	18507
hu.10.094	18505
hu.10.095	18503
hu.10.096	18509
hu.10.097	18508
hu.10.098	18502
hu.10.099	18510
hu.10.100	18506
hu.10.101	18511
hu.10.102	18504
hu.11	18396
hu.11.103	18541
hu.11.104	18542
hu.11.105	18543
hu.11.106	18544
hu.11.107	18545
hu.11.108	18546
hu.11.109	18547
hu.12	18408
hu.12.110	18572
hu.12.111	18576
hu.12.112	18575
hu.12.113	18577
hu.12.114	18574
hu.12.115	18573
hu.14	18407
hu.14.116	18548
hu.14.117	18549
hu.14.118	18550
hu.14.119	18551
hu.14.120	18552
hu.14.121	18553
hu.16	18406
hu.16.122	18555
hu.16.123	18556
hu.16.124	18557
hu.16.125	18558
hu.16.126	18559
hu.16.127	18560
hu.16.128	18561
hu.16.129	18562
hu.16.130	18563
hu.16.131	18564
hu.16.132	18571
hu.16.133	18568
hu.16.134	18566
hu.16.135	18567
hu.16.136	18565
hu.16.137	18569
hu.16.138	18554
hu.16.139	18570
hu.17	18405
hu.17.140	18457
hu.17.141	18459
hu.17.142	18462
hu.17.143	18460
hu.17.144	18461
hu.17.145	18458
hu.17.146	18463
hu.17.147	18464
hu.18	18394
hu.18.148	18517
hu.18.149	18523
hu.18.150	18522
hu.18.151	18524
hu.18.152	18518
hu.18.153	18519
hu.18.154	18516
hu.18.155	18514
hu.18.156	18515
hu.18.157	18513
hu.18.158	18512
hu.18.159	18521
hu.18.160	18520
hu.20	18395
hu.20.161	18603
hu.20.162	18602
hu.20.163	18608
hu.20.164	18610
hu.20.165	18606
hu.20.166	18607
hu.20.167	18604
hu.20.168	18609
hu.20.169	18605
hu.21	18404
hu.21.170	18598
hu.21.171	18597
hu.21.172	18601
hu.21.173	18600
hu.21.174	18596
hu.21.175	18599
hu.22	18403
hu.22.176	18450
hu.22.177	18447
hu.22.178	18444
hu.22.179	18449
hu.22.180	18446
hu.22.181	18445
hu.22.182	18448
hu.23	18402
hu.23.183	18585
hu.23.184	18581
hu.23.185	18582
hu.23.186	18586
hu.23.187	18578
hu.23.188	18584
hu.23.189	18583
hu.23.190	18580
hu.23.191	18587
hu.23.192	18579
hu.24	18401
hu.24.193	18455
hu.24.194	18452
hu.24.195	18453
hu.24.196	18456
hu.24.197	18451
hu.24.198	18454
id-ac	18635
id-ba	18659
id-bb	18662
id-be	18658
id-bt	18660
id-go	18661
id-ja	18655
id-jb	18654
id-ji	18652
id-jk	18656
id-jt	18653
id-jw	19186
id-ka	19187
id-kb	18651
id-ki	18648
id-kr	18666
id-ks	18650
id-kt	18649
id-ku	18667
id-la	18647
id-ma	18646
id-ml	19188
id-mu	18663
id-nb	18645
id-nt	18644
id-nu	19189
id-pa	18657
id-pb	18664
id-pd	18668
id-pe	18670
id-pp	19190
id-ps	18671
id-pt	18669
id-ri	18643
id-sa	18639
id-sb	18638
id-sg	18640
id-sl	19191
id-sm	19192
id-sn	18642
id-sr	18665
id-ss	18637
id-st	18641
id-su	18634
id-yo	18636
id.01	18635
id.01.1101	18936
id.01.1102	18939
id.01.1103	18693
id.01.1104	18691
id.01.1105	18690
id.01.1106	18692
id.01.1107	18695
id.01.1108	18694
id.01.1109	18982
id.01.1110	18946
id.01.1111	18689
id.01.1112	18934
id.01.1113	18981
id.01.1114	18933
id.01.1115	18935
id.01.1116	18937
id.01.1117	18938
id.01.1118	18992
id.01.1171	18687
id.01.1172	18678
id.01.1173	18980
id.01.1174	18941
id.01.1175	18993
id.02	18659
id.02.5101	18833
id.02.5102	18716
id.02.5103	18908
id.02.5104	18854
id.02.5105	18819
id.02.5106	18903
id.02.5107	18963
id.02.5108	18867
id.02.5171	18859
id.03	18658
id.03.1701	18884
id.03.1702	18746
id.03.1703	18883
id.03.1704	19107
id.03.1705	19146
id.03.1706	19131
id.03.1707	19118
id.03.1708	19109
id.03.1709	19086
id.03.1771	18885
id.04	18656
id.04.3101	19176
id.04.3171	18839
id.04.3172	18838
id.04.3173	18840
id.04.3174	18841
id.04.3175	18837
id.05	18655
id.05.1501	18822
id.05.1502	19128
id.05.1503	18739
id.05.1504	18889
id.05.1505	19076
id.05.1506	19157
id.05.1507	19156
id.05.1508	19158
id.05.1509	18966
id.05.1571	18836
id.05.1572	19152
id.07	18653
id.07.3301	18920
id.07.3302	18897
id.07.3303	18921
id.07.3304	18919
id.07.3305	18918
id.07.3306	18748
id.07.3307	18922
id.07.3308	18914
id.07.3309	18870
id.07.3310	18820
id.07.3311	18723
id.07.3312	18698
id.07.3313	18927
id.07.3314	18917
id.07.3315	18851
id.07.3316	18876
id.07.3317	18745
id.07.3318	18764
id.07.3319	18814
id.07.3320	18831
id.07.3321	18947
id.07.3322	18925
id.07.3323	18706
id.07.3324	18948
id.07.3325	18890
id.07.3326	18954
id.07.3327	18759
id.07.3328	18707
id.07.3329	18869
id.07.3371	18803
id.07.3372	18718
id.07.3373	18915
id.07.3374	18736
id.07.3375	18761
id.07.3376	18952
id.08	18652
id.08.3501	18780
id.08.3502	18755
id.08.3503	18703
id.08.3504	18701
id.08.3505	18878
id.08.3506	18825
id.08.3507	18800
id.08.3508	18806
id.08.3509	18834
id.08.3510	18896
id.08.3511	18955
id.08.3512	18772
id.08.3513	18751
id.08.3514	18766
id.08.3515	18732
id.08.3516	18790
id.08.3517	18830
id.08.3518	18783
id.08.3519	18805
id.08.3520	18923
id.08.3521	18924
id.08.3522	18873
id.08.3523	18702
id.08.3524	18979
id.08.3525	18953
id.08.3526	18904
id.08.3527	18742
id.08.3528	18773
id.08.3529	18988
id.08.3571	18824
id.08.3572	18877
id.08.3573	18799
id.08.3574	18750
id.08.3575	18765
id.08.3576	18789
id.08.3577	18804
id.08.3578	18719
id.08.3579	19177
id.10	18636
id.10.3401	18971
id.10.3402	18898
id.10.3403	18850
id.10.3404	18916
id.10.3471	18696
id.11	18651
id.11.6101	18743
id.11.6102	19007
id.11.6103	19006
id.11.6104	18754
id.11.6105	18741
id.11.6106	18821
id.11.6107	18729
id.11.6108	18828
id.11.6109	19066
id.11.6110	19127
id.11.6111	19108
id.11.6112	19114
id.11.6171	18753
id.11.6172	19148
id.12	18650
id.12.6301	18714
id.12.6302	18817
id.12.6303	18902
id.12.6304	18895
id.12.6305	18710
id.12.6306	18847
id.12.6307	18846
id.12.6308	18845
id.12.6309	18717
id.12.6310	19074
id.12.6311	19025
id.12.6371	18900
id.12.6372	18901
id.13	18649
id.13.6201	18816
id.13.6202	18815
id.13.6203	18829
id.13.6204	18894
id.13.6205	18892
id.13.6206	19067
id.13.6207	19053
id.13.6208	18734
id.13.6209	18826
id.13.6210	19011
id.13.6211	18849
id.13.6212	18893
id.13.6213	18787
id.13.6271	18776
id.14	18648
id.14.6401	19139
id.14.6402	19115
id.14.6403	19116
id.14.6404	19173
id.14.6405	18882
id.14.6409	19039
id.14.6411	19178
id.14.6471	18907
id.14.6472	18744
id.14.6474	19090
id.15	18647
id.15.1801	19065
id.15.1802	19155
id.15.1803	18964
id.15.1804	19043
id.15.1805	18812
id.15.1806	18811
id.15.1807	19021
id.15.1808	19022
id.15.1809	19140
id.15.1810	19141
id.15.1811	18990
id.15.1812	19165
id.15.1813	19105
id.15.1871	18711
id.15.1872	19129
id.17	18645
id.17.5201	18809
id.17.5202	18808
id.17.5203	18807
id.17.5204	18994
id.17.5205	18961
id.17.5206	18881
id.17.5207	18960
id.17.5208	19003
id.17.5271	18792
id.17.5272	19004
id.18	18644
id.18.5301	18722
id.18.5302	18721
id.18.5303	18913
id.18.5304	18705
id.18.5305	18704
id.18.5306	18886
id.18.5307	18910
id.18.5308	19023
id.18.5309	18856
id.18.5310	18731
id.18.5311	19047
id.18.5312	18784
id.18.5313	18795
id.18.5314	19044
id.18.5315	19024
id.18.5316	19151
id.18.5317	19150
id.18.5318	19132
id.18.5319	19125
id.18.5320	19145
id.18.5321	19172
id.18.5371	18912
id.21	18641
id.21.7201	19031
id.21.7202	18959
id.21.7203	19032
id.21.7204	18752
id.21.7205	18858
id.21.7206	19161
id.21.7207	18865
id.21.7208	19030
id.21.7209	19029
id.21.7210	19075
id.21.7211	19170
id.21.7212	19100
id.21.7271	18774
id.22	18640
id.22.7401	18864
id.22.7402	18788
id.22.7403	19057
id.22.7404	18818
id.22.7405	19058
id.22.7406	19068
id.22.7407	19056
id.22.7408	19034
id.22.7409	19092
id.22.7410	19112
id.22.7411	19171
id.22.7412	19097
id.22.7413	19185
id.22.7414	19184
id.22.7415	19183
id.22.7471	18823
id.22.7472	18958
id.24	18638
id.24.1301	19009
id.24.1302	18758
id.24.1303	18728
id.24.1304	18989
id.24.1305	18995
id.24.1306	18777
id.24.1307	18911
id.24.1308	18991
id.24.1309	19016
id.24.1310	19041
id.24.1311	19062
id.24.1312	19017
id.24.1371	18779
id.24.1372	18727
id.24.1373	18738
id.24.1374	18778
id.24.1375	18868
id.24.1376	18763
id.24.1377	19138
id.26	18634
id.26.1201	18680
id.26.1202	19013
id.26.1203	18674
id.26.1204	18673
id.26.1205	18945
id.26.1206	19040
id.26.1207	18683
id.26.1208	18688
id.26.1209	18676
id.26.1210	18686
id.26.1211	18684
id.26.1212	18685
id.26.1213	18682
id.26.1214	18983
id.26.1215	19014
id.26.1216	18944
id.26.1217	19015
id.26.1218	18940
id.26.1219	19083
id.26.1220	19082
id.26.1221	19084
id.26.1222	18997
id.26.1223	19085
id.26.1224	19135
id.26.1225	19134
id.26.1271	18677
id.26.1272	18675
id.26.1273	18679
id.26.1274	18672
id.26.1275	18681
id.26.1276	18880
id.26.1277	19136
id.26.1278	19168
id.28	18646
id.28.8101	19121
id.28.8102	18798
id.28.8103	19050
id.28.8104	19054
id.28.8105	19035
id.28.8106	19051
id.28.8107	19059
id.28.8108	19120
id.28.8109	19091
id.28.8171	18909
id.28.8172	19164
id.29	18663
id.29.8201	19036
id.29.8202	18848
id.29.8203	19069
id.29.8204	18970
id.29.8205	19046
id.29.8206	19055
id.29.8207	19142
id.29.8208	19106
id.29.8271	18972
id.29.8272	19159
id.30	18654
id.30.3201	18875
id.30.3202	18725
id.30.3203	18929
id.30.3204	18906
id.30.3205	18855
id.30.3206	18709
id.30.3207	18863
id.30.3208	18813
id.30.3209	18861
id.30.3210	18802
id.30.3211	18720
id.30.3212	18842
id.30.3213	18928
id.30.3214	18749
id.30.3215	18827
id.30.3216	18888
id.30.3217	18965
id.30.3218	19102
id.30.3271	18874
id.30.3272	18724
id.30.3273	18926
id.30.3274	18860
id.30.3275	18930
id.30.3276	18949
id.30.3277	18862
id.30.3278	18708
id.30.3279	19182
id.31	18639
id.31.7101	18872
id.31.7102	18950
id.31.7103	18740
id.31.7104	19111
id.31.7105	18932
id.31.7106	19049
id.31.7107	19089
id.31.7108	19175
id.31.7109	19130
id.31.7110	19087
id.31.7111	19088
id.31.7171	18796
id.31.7172	18879
id.31.7173	19162
id.31.7174	19113
id.32	18637
id.32.1601	18781
id.32.1602	18782
id.32.1603	18984
id.32.1604	19063
id.32.1605	18785
id.32.1606	18786
id.32.1607	19042
id.32.1608	19052
id.32.1609	19064
id.32.1610	19020
id.32.1611	19096
id.32.1612	19104
id.32.1613	19101
id.32.1671	18775
id.32.1672	18978
id.32.1673	18977
id.32.1674	19119
id.33	18660
id.33.3601	18771
id.33.3602	18810
id.33.3603	18712
id.33.3604	18735
id.33.3671	19179
id.33.3672	18951
id.33.3673	19147
id.33.3674	19154
id.34	18661
id.34.7501	19027
id.34.7502	18956
id.34.7503	19028
id.34.7504	19026
id.34.7505	19048
id.34.7571	18853
id.35	18662
id.35.1901	18905
id.35.1902	18887
id.35.1903	19079
id.35.1904	19078
id.35.1905	19077
id.35.1906	19080
id.35.1971	18769
id.36	18657
id.36.9403	18835
id.36.9408	19070
id.36.9409	18985
id.36.9419	18986
id.36.9420	18987
id.36.9426	18697
id.36.9427	19071
id.36.9428	19122
id.36.9471	18973
id.37	18643
id.37.1401	19018
id.37.1402	18843
id.37.1403	18844
id.37.1404	19019
id.37.1405	19144
id.37.1406	18943
id.37.1407	18942
id.37.1408	18996
id.37.1409	19143
id.37.1410	19110
id.37.1471	18760
id.37.1473	19093
id.38	18642
id.38.7301	18737
id.38.7302	18866
id.38.7303	18899
id.38.7304	18832
id.38.7305	18715
id.38.7306	18852
id.38.7307	18730
id.38.7308	18793
id.38.7309	18770
id.38.7310	18891
id.38.7311	18871
id.38.7312	18962
id.38.7313	18699
id.38.7314	18733
id.38.7315	18757
id.38.7316	18857
id.38.7317	18957
id.38.7318	18713
id.38.7322	19045
id.38.7325	19033
id.38.7326	19163
id.38.7371	18700
id.38.7372	18767
id.38.7373	19137
id.39	18664
id.39.9101	18931
id.39.9102	18967
id.39.9103	18968
id.39.9104	19061
id.39.9105	18794
id.39.9111	19099
id.39.9112	19103
id.40	18666
id.40.2101	19081
id.40.2102	19012
id.40.2103	19008
id.40.2104	19005
id.40.2105	19010
id.40.2171	19180
id.40.2172	19181
id.41	18665
id.41.7601	18801
id.41.7602	18756
id.41.7603	18975
id.41.7604	18797
id.41.7605	19124
id.41.7606	19098
id.42	18667
id.42.6501	19000
id.42.6502	18998
id.42.6503	19002
id.42.6504	19001
id.42.6571	18999
id.pd	18668
id.pd.9106	18969
id.pd.9107	18726
id.pd.9108	18747
id.pd.9109	19153
id.pd.9110	19126
id.pd.9171	19149
id.pe	18670
id.pe.9402	18762
id.pe.9416	19166
id.pe.9417	18976
id.pe.9418	19160
id.pe.9429	19133
id.pe.9430	19117
id.pe.9431	19123
id.pe.9432	19167
id.ps	18671
id.ps.9401	18791
id.ps.9413	19060
id.ps.9414	19037
id.ps.9415	19038
id.pt	18669
id.pt.9404	18974
id.pt.9410	18768
id.pt.9411	19073
id.pt.9412	19072
id.pt.9433	19174
id.pt.9434	19095
id.pt.9435	19169
id.pt.9436	19094
ie-c	19193
ie-ce	19217
ie-cn	19218
ie-co	19216
ie-cw	19219
ie-d	19228
ie-dl	19215
ie-g	19214
ie-ke	19212
ie-kk	19211
ie-ky	19213
ie-l	19194
ie-ld	19208
ie-lh	19207
ie-lk	19226
ie-lm	19209
ie-ls	19210
ie-m	19195
ie-mh	19205
ie-mn	19204
ie-mo	19206
ie-oy	19203
ie-rn	19202
ie-so	19201
ie-ta	19200
ie-u	19196
ie-wd	19227
ie-wh	19199
ie-ww	19197
ie-wx	19198
ie.c	19193
ie.c.10	19214
ie.c.14	19209
ie.c.20	19206
ie.c.24	19202
ie.c.25	19201
ie.c.36	19223
ie.l	19194
ie.l.01	19219
ie.l.12	19212
ie.l.13	19211
ie.l.15	19210
ie.l.18	19208
ie.l.19	19207
ie.l.21	19205
ie.l.23	19203
ie.l.29	19199
ie.l.30	19198
ie.l.31	19197
ie.l.33	19224
ie.l.34	19221
ie.l.35	19220
ie.l.39	19222
ie.m	19195
ie.m.03	19217
ie.m.04	19216
ie.m.11	19213
ie.m.26	19200
ie.m.32	19225
ie.m.42	19226
ie.m.44	19227
ie.u	19196
ie.u.02	19218
ie.u.06	19215
ie.u.22	19204
il-d	19234
il-ha	19231
il-jm	19229
il-m	19233
il-ta	19230
il-z	19232
il.01	19234
il.01.12046836	19241
il.01.295618	19237
il.01.7870269	19239
il.02	19233
il.02.12046845	19243
il.02.12046847	19244
il.02.12046848	19245
il.02.12046849	19246
il.03	19232
il.03.12046852	19249
il.03.12046853	19250
il.03.12046854	19251
il.03.12046855	19252
il.03.295719	19238
il.04	19231
il.04.12046851	19248
il.04.294798	19236
il.05	19230
il.05.12046850	19247
il.06	19229
il.06.12046838	19242
il.we	19235
il.we.11821182	19240
im.9782164	19253
im.9782165	19254
im.9782166	19255
im.9782167	19256
im.9782168	19257
im.9782169	19258
im.9782170	19259
im.9782171	19260
im.9782172	19261
im.9782173	19262
im.9782176	19263
im.9782180	19264
im.9782182	19265
im.9782183	19266
im.9782184	19267
im.9782185	19268
im.9782186	19269
im.9782187	19270
im.9782188	19271
im.9782189	19272
im.9782190	19273
im.9782191	19274
im.9782192	19275
im.9782193	19276
in-an	19307
in-ap	19306
in-ar	19305
in-as	19304
in-br	19303
in-cg	19308
in-ch	19302
in-dh	19312
in-dl	19301
in-ga	19300
in-gj	19299
in-hp	19297
in-hr	19298
in-jh	19309
in-jk	19296
in-ka	19295
in-kl	19294
in-la	19313
in-ld	19293
in-mh	19291
in-ml	19289
in-mn	19290
in-mp	19292
in-mz	19288
in-nl	19287
in-od	19286
in-pb	19284
in-py	19285
in-rj	19283
in-sk	19282
in-tn	19281
in-tr	19279
in-ts	19280
in-uk	19310
in-up	19278
in-wb	19277
in.01	19307
in.01.638	19431
in.01.639	19940
in.01.640	19652
in.02	19306
in.02.542	19354
in.02.543	19690
in.02.544	19325
in.02.545	19568
in.02.546	19321
in.02.547	19477
in.02.548	19540
in.02.549	19412
in.02.550	19432
in.02.551	19591
in.02.552	19475
in.02.553	19654
in.02.554	19594
in.02.743	20066
in.02.744	20048
in.02.745	20047
in.02.746	20069
in.02.747	20057
in.02.748	20054
in.02.749	20063
in.02.750	20051
in.02.751	20065
in.02.752	20072
in.02.753	20049
in.02.754	20071
in.02.755	20061
in.03	19304
in.03.300	19702
in.03.301	19697
in.03.302	19547
in.03.303	19694
in.03.304	19858
in.03.305	19861
in.03.306	19843
in.03.307	19472
in.03.308	19696
in.03.309	19704
in.03.310	19573
in.03.311	19370
in.03.312	19700
in.03.313	19698
in.03.314	19496
in.03.315	19428
in.03.316	19604
in.03.317	19701
in.03.318	19699
in.03.319	19695
in.03.320	19859
in.03.321	19502
in.03.322	19921
in.03.323	19703
in.03.324	19865
in.03.325	19584
in.03.326	19860
in.03.705	19955
in.03.706	20021
in.03.707	19962
in.03.708	19959
in.03.709	19960
in.03.710	19961
in.03.739	20050
in.03.756	20075
in.05	19302
in.05.055	19906
in.07	19301
in.07.090	19825
in.07.091	19820
in.07.092	19823
in.07.093	19822
in.07.094	19827
in.07.095	19819
in.07.096	19826
in.07.097	19824
in.07.098	19821
in.07.670	19972
in.07.671	19973
in.09	19299
in.09.468	19504
in.09.469	19644
in.09.470	19732
in.09.471	19461
in.09.472	19388
in.09.473	19556
in.09.474	19665
in.09.475	19349
in.09.476	19399
in.09.477	19514
in.09.478	19873
in.09.479	19505
in.09.480	19656
in.09.481	19622
in.09.482	19718
in.09.483	19489
in.09.484	19422
in.09.485	19722
in.09.486	19330
in.09.487	19886
in.09.488	19624
in.09.489	19344
in.09.490	19881
in.09.491	19328
in.09.492	19350
in.09.493	19880
in.09.668	19980
in.09.669	19975
in.09.672	19976
in.09.673	19977
in.09.674	19974
in.09.675	19978
in.09.676	19979
in.10	19298
in.10.069	19829
in.10.070	19657
in.10.071	19951
in.10.072	19474
in.10.073	19920
in.10.074	19494
in.10.075	19929
in.10.076	19357
in.10.077	19508
in.10.078	19885
in.10.079	19363
in.10.080	19530
in.10.081	19619
in.10.082	19391
in.10.083	19919
in.10.084	19462
in.10.085	19884
in.10.086	19538
in.10.087	19939
in.10.088	19883
in.10.089	19922
in.10.701	19981
in.11	19297
in.11.023	19601
in.11.024	19501
in.11.025	19473
in.11.026	19476
in.11.027	19457
in.11.028	19535
in.11.029	19757
in.11.030	19611
in.11.031	19359
in.11.032	19365
in.11.033	19367
in.11.034	19487
in.12	19296
in.12.001	19954
in.12.002	19897
in.12.005	19924
in.12.006	19401
in.12.007	19493
in.12.008	19637
in.12.009	19896
in.12.010	19353
in.12.011	19953
in.12.012	19923
in.12.013	19934
in.12.014	19653
in.12.015	19909
in.12.016	19894
in.12.017	19926
in.12.018	19898
in.12.019	19336
in.12.020	19927
in.12.021	19515
in.12.022	19910
in.13	19294
in.13.588	19828
in.13.589	19602
in.13.590	19669
in.13.591	19478
in.13.592	19459
in.13.593	19670
in.13.594	19798
in.13.595	19564
in.13.596	19525
in.13.597	19479
in.13.598	19660
in.13.599	19781
in.13.600	19785
in.13.601	19786
in.14	19293
in.14.587	19941
in.16	19291
in.16.497	19683
in.16.498	19575
in.16.499	19518
in.16.500	19606
in.16.501	19663
in.16.502	19674
in.16.503	19792
in.16.504	19323
in.16.505	19794
in.16.506	19626
in.16.507	19678
in.16.508	19679
in.16.509	19900
in.16.510	19315
in.16.511	19435
in.16.512	19676
in.16.513	19420
in.16.514	19675
in.16.515	19793
in.16.516	19795
in.16.517	19346
in.16.518	19543
in.16.519	19928
in.16.520	19682
in.16.521	19797
in.16.522	19677
in.16.523	19610
in.16.524	19680
in.16.525	19425
in.16.526	19358
in.16.527	19796
in.16.528	19393
in.16.529	19681
in.16.530	19482
in.16.531	19911
in.16.665	19983
in.17	19290
in.17.272	19852
in.17.273	19851
in.17.274	19888
in.17.275	19850
in.17.276	19853
in.17.277	19917
in.17.278	19916
in.17.279	19854
in.17.280	19905
in.17.711	20026
in.17.712	20024
in.17.713	20023
in.17.714	20025
in.17.715	20028
in.17.716	20029
in.17.717	20027
in.18	19289
in.18.293	19867
in.18.294	19552
in.18.295	19938
in.18.296	19762
in.18.297	19761
in.18.298	19490
in.18.299	19522
in.18.656	19985
in.18.657	19984
in.18.658	19986
in.18.663	19987
in.18.740	20053
in.19	19295
in.19.555	19630
in.19.556	19805
in.19.557	19615
in.19.558	19616
in.19.559	19405
in.19.560	19728
in.19.561	19789
in.19.562	19577
in.19.563	19332
in.19.564	19788
in.19.565	19629
in.19.566	19596
in.19.567	19751
in.19.568	19372
in.19.569	19807
in.19.570	19597
in.19.571	19338
in.19.572	19641
in.19.573	19454
in.19.574	19532
in.19.575	19589
in.19.576	19485
in.19.577	19441
in.19.578	19806
in.19.579	19542
in.19.580	19809
in.19.581	19483
in.19.582	19804
in.19.583	19642
in.19.584	19808
in.19.738	20074
in.20	19287
in.20.261	19447
in.20.262	19448
in.20.263	19314
in.20.264	19317
in.20.265	19914
in.20.266	19416
in.20.267	19339
in.20.268	19918
in.20.269	19932
in.20.270	19484
in.20.271	19813
in.20.736	20062
in.20.757	20073
in.20.758	20052
in.21	19286
in.21.370	19847
in.21.371	19714
in.21.372	19382
in.21.373	19912
in.21.374	19351
in.21.375	19492
in.21.376	19452
in.21.377	19646
in.21.378	19736
in.21.379	19738
in.21.380	19737
in.21.381	19590
in.21.382	19892
in.21.383	19576
in.21.384	19866
in.21.385	19868
in.21.386	19739
in.21.387	19740
in.21.388	19554
in.21.389	19839
in.21.390	19715
in.21.391	19869
in.21.392	19948
in.21.393	19647
in.21.394	19838
in.21.395	19503
in.21.396	19717
in.21.397	19864
in.21.398	19481
in.21.399	19716
in.22	19285
in.22.634	19316
in.22.635	19413
in.22.636	19463
in.22.637	19497
in.23	19284
in.23.035	19539
in.23.036	19498
in.23.037	19506
in.23.038	19528
in.23.039	19835
in.23.040	19790
in.23.041	19467
in.23.042	19831
in.23.043	19557
in.23.044	19791
in.23.045	19560
in.23.046	19623
in.23.047	19830
in.23.048	19418
in.23.049	19655
in.23.050	19837
in.23.051	19389
in.23.052	19834
in.23.053	19381
in.23.054	19832
in.23.651	19833
in.23.662	19836
in.23.737	20058
in.24	19283
in.24.099	19555
in.24.100	19773
in.24.101	19613
in.24.102	19593
in.24.103	19509
in.24.104	19658
in.24.105	19625
in.24.106	19753
in.24.107	19754
in.24.108	19378
in.24.109	19752
in.24.110	19521
in.24.111	19368
in.24.112	19439
in.24.113	19507
in.24.114	19520
in.24.115	19634
in.24.116	19517
in.24.117	19364
in.24.118	19423
in.24.119	19664
in.24.120	19340
in.24.121	19605
in.24.122	19621
in.24.123	19756
in.24.124	19571
in.24.125	19639
in.24.126	19595
in.24.127	19480
in.24.128	19755
in.24.129	19511
in.24.130	19337
in.24.131	19810
in.25	19281
in.25.602	19735
in.25.603	19741
in.25.604	19744
in.25.605	19742
in.25.606	19743
in.25.607	19745
in.25.608	19384
in.25.609	19668
in.25.610	19802
in.25.611	19430
in.25.612	19801
in.25.613	19803
in.25.614	19341
in.25.615	19692
in.25.616	19799
in.25.617	19746
in.25.618	19693
in.25.619	19750
in.25.620	19345
in.25.621	19410
in.25.622	19747
in.25.623	19465
in.25.624	19748
in.25.625	19749
in.25.626	19397
in.25.627	19691
in.25.628	19782
in.25.629	19500
in.25.630	19578
in.25.631	19800
in.25.632	19592
in.25.633	19942
in.25.729	20032
in.25.730	20031
in.25.731	20033
in.25.732	20035
in.25.733	20034
in.25.734	20036
in.26	19279
in.26.289	19318
in.26.290	19355
in.26.291	19913
in.26.292	19426
in.26.652	20011
in.26.653	20010
in.26.654	20008
in.26.655	20009
in.28	19277
in.28.327	19585
in.28.328	19516
in.28.329	19486
in.28.330	19817
in.28.331	19812
in.28.332	19458
in.28.333	19731
in.28.334	19609
in.28.335	19636
in.28.336	19440
in.28.337	19818
in.28.338	19527
in.28.339	19640
in.28.340	19407
in.28.341	19534
in.28.342	19603
in.28.343	19814
in.28.344	19815
in.28.345	19816
in.28.664	20018
in.28.702	20016
in.28.703	20017
in.28.704	20022
in.29	19282
in.29.241	19427
in.29.242	19322
in.29.243	19356
in.29.244	19569
in.29.741	20064
in.29.742	20070
in.30	19305
in.30.245	19949
in.30.246	19320
in.30.247	19567
in.30.248	19944
in.30.249	19333
in.30.250	19319
in.30.251	19565
in.30.252	19950
in.30.253	19901
in.30.254	19342
in.30.255	19469
in.30.256	19933
in.30.257	19574
in.30.258	19936
in.30.259	19470
in.30.260	19903
in.30.666	20019
in.30.677	19957
in.30.678	19956
in.30.679	19958
in.30.720	20030
in.30.778	20042
in.30.783	20038
in.30.784	20043
in.30.785	20037
in.31	19288
in.31.281	19787
in.31.282	19811
in.31.283	19687
in.31.284	19887
in.31.285	19849
in.31.286	19688
in.31.287	19889
in.31.288	19946
in.31.726	20046
in.31.727	20044
in.31.728	20045
in.33	19300
in.33.585	19890
in.33.586	19891
in.34	19303
in.34.203	19419
in.34.204	19409
in.34.205	19733
in.34.206	19362
in.34.207	19466
in.34.208	19684
in.34.209	19686
in.34.210	19727
in.34.211	19408
in.34.212	19724
in.34.213	19685
in.34.214	19385
in.34.215	19586
in.34.216	19442
in.34.217	19545
in.34.218	19360
in.34.219	19380
in.34.220	19329
in.34.221	19383
in.34.222	19631
in.34.223	19726
in.34.224	19627
in.34.225	19863
in.34.226	19444
in.34.227	19729
in.34.228	19772
in.34.229	19437
in.34.230	19417
in.34.231	19618
in.34.232	19720
in.34.233	19857
in.34.234	19390
in.34.235	19651
in.34.236	19551
in.34.237	19433
in.34.238	19862
in.34.239	19719
in.34.240	19952
in.35	19292
in.35.418	19734
in.35.419	19445
in.35.420	19620
in.35.421	19537
in.35.422	19583
in.35.423	19371
in.35.424	19343
in.35.425	19599
in.35.426	19421
in.35.427	19387
in.35.428	19587
in.35.429	19379
in.35.430	19392
in.35.431	19872
in.35.432	19841
in.35.433	19455
in.35.434	19394
in.35.435	19335
in.35.436	19373
in.35.437	19581
in.35.438	19579
in.35.439	19524
in.35.440	19842
in.35.441	19845
in.35.442	19400
in.35.443	19326
in.35.444	19617
in.35.445	19377
in.35.446	19402
in.35.447	19628
in.35.448	19848
in.35.449	19529
in.35.450	19856
in.35.451	19523
in.35.452	19434
in.35.453	19713
in.35.454	19456
in.35.455	19598
in.35.456	19376
in.35.457	19648
in.35.458	19541
in.35.459	19855
in.35.460	19375
in.35.461	19895
in.35.462	19369
in.35.463	19935
in.35.464	19512
in.35.465	19893
in.35.466	19566
in.35.467	19846
in.35.667	19982
in.35.782	20041
in.36	19278
in.36.132	19386
in.36.133	19443
in.36.134	19614
in.36.135	19446
in.36.136	19396
in.36.137	19875
in.36.138	19450
in.36.139	19874
in.36.140	19550
in.36.141	19876
in.36.142	19607
in.36.143	19662
in.36.144	19915
in.36.145	19453
in.36.146	19666
in.36.147	19783
in.36.148	19460
in.36.149	19608
in.36.150	19635
in.36.151	19415
in.36.152	19374
in.36.153	19488
in.36.154	19361
in.36.155	19533
in.36.156	19334
in.36.157	19468
in.36.158	19406
in.36.159	19559
in.36.160	19784
in.36.161	19562
in.36.162	19775
in.36.163	19777
in.36.164	19499
in.36.165	19519
in.36.166	19510
in.36.167	19471
in.36.168	19536
in.36.169	19877
in.36.170	19643
in.36.171	19878
in.36.172	19558
in.36.173	19411
in.36.174	19871
in.36.175	19661
in.36.176	19638
in.36.177	19561
in.36.178	19774
in.36.179	19352
in.36.180	19649
in.36.181	19671
in.36.182	19776
in.36.183	19546
in.36.184	19672
in.36.185	19632
in.36.186	19947
in.36.187	19778
in.36.188	19544
in.36.189	19673
in.36.190	19582
in.36.191	19650
in.36.192	19779
in.36.193	19645
in.36.194	19513
in.36.195	19549
in.36.196	19879
in.36.197	19327
in.36.198	19780
in.36.199	19449
in.36.200	19937
in.36.201	19563
in.36.202	19925
in.36.640	20013
in.36.659	20015
in.36.660	20012
in.36.661	20014
in.37	19308
in.37.400	19766
in.37.401	19348
in.37.402	19767
in.37.403	19404
in.37.404	19705
in.37.405	19721
in.37.406	19612
in.37.407	19725
in.37.408	19398
in.37.409	19570
in.37.410	19403
in.37.411	19730
in.37.412	19706
in.37.413	19707
in.37.414	19633
in.37.415	19943
in.37.416	19904
in.37.417	19899
in.37.642	19971
in.37.643	19967
in.37.644	19965
in.37.645	19969
in.37.646	19966
in.37.647	19970
in.37.648	19963
in.37.649	19964
in.37.650	19968
in.37.734	20055
in.37.759	20056
in.37.760	20059
in.37.761	20060
in.37.762	20067
in.37.763	20068
in.38	19309
in.38.346	19771
in.38.347	19902
in.38.348	19907
in.38.349	19548
in.38.350	19870
in.38.351	19709
in.38.352	19769
in.38.353	19770
in.38.354	19580
in.38.355	19759
in.38.356	19712
in.38.357	19758
in.38.358	19424
in.38.359	19711
in.38.360	19531
in.38.361	19945
in.38.362	19710
in.38.363	19723
in.38.364	19395
in.38.365	19931
in.38.366	19760
in.38.367	19708
in.38.368	19366
in.38.369	19768
in.39	19310
in.39.056	19331
in.39.057	19600
in.39.058	19840
in.39.059	19347
in.39.060	19882
in.39.061	19553
in.39.062	19414
in.39.063	19763
in.39.064	19659
in.39.065	19764
in.39.066	19438
in.39.067	19765
in.39.068	19844
in.40	19280
in.40.532	19667
in.40.533	19429
in.40.534	19495
in.40.535	19451
in.40.536	19526
in.40.537	19689
in.40.538	19464
in.40.539	19436
in.40.540	19324
in.40.541	19491
in.40.680	20004
in.40.681	20003
in.40.682	19993
in.40.683	19992
in.40.684	19996
in.40.685	19998
in.40.686	20006
in.40.687	20000
in.40.688	19997
in.40.689	20001
in.40.690	20002
in.40.691	19991
in.40.692	19990
in.40.693	20005
in.40.694	19994
in.40.695	19999
in.40.696	19988
in.40.697	20007
in.40.698	19989
in.40.699	20020
in.40.700	19995
in.40.780	20040
in.40.781	20039
in.41	19311
in.41.003	19313
in.41.004	19930
in.52	19312
in.52.494	19572
in.52.495	19588
in.52.496	19908
iq-an	20090
iq-ar	20093
iq-ba	20076
iq-bb	20085
iq-bg	20084
iq-da	20094
iq-di	20082
iq-dq	20083
iq-ka	20081
iq-ki	20086
iq-kr	20092
iq-ma	20080
iq-mu	20089
iq-na	20087
iq-ni	20079
iq-qa	20088
iq-sd	20078
iq-su	20095
iq-wa	20077
iq.01	20090
iq.01.6765480	20144
iq.01.9166576	20164
iq.01.9166579	20165
iq.01.9166650	20177
iq.01.98678	20116
iq.01.98718	20118
iq.01.98884	20122
iq.01.99455	20138
iq.02	20076
iq.02.100049	20143
iq.02.9166549	20155
iq.02.9166563	20160
iq.02.98247	20109
iq.02.98994	20123
iq.02.99534	20139
iq.03	20089
iq.03.9166568	20162
iq.03.9166626	20174
iq.03.98532	20111
iq.03.98534	20112
iq.04	20088
iq.04.6850588	20150
iq.04.98634	20115
iq.04.99737	20141
iq.04.99763	20142
iq.05	20095
iq.05.91176	20188
iq.05.9166594	20202
iq.05.9166596	20203
iq.05.9166600	20204
iq.05.9166684	20206
iq.05.92051	20189
iq.05.92743	20190
iq.05.97416	20194
iq.05.98464	20195
iq.05.9873303	20209
iq.05.9877732	20212
iq.05.9877795	20213
iq.05.9877798	20214
iq.06	20085
iq.06.6818313	20149
iq.06.99040	20124
iq.06.99348	20134
iq.06.99358	20136
iq.07	20084
iq.07.9166542	20153
iq.07.9166545	20154
iq.07.9166561	20158
iq.07.9166564	20161
iq.07.9166569	20163
iq.07.9166668	20178
iq.07.9167771	20182
iq.07.9179819	20184
iq.07.98179	20107
iq.07.9873561	20185
iq.07.9874049	20186
iq.07.99101	20127
iq.07.99173	20130
iq.08	20094
iq.08.13405730	20217
iq.08.89569	20187
iq.08.9166607	20205
iq.08.97269	20193
iq.08.99612	20196
iq.09	20083
iq.09.90509	20098
iq.09.98623	20114
iq.09.98700	20117
iq.09.98855	20120
iq.09.99185	20131
iq.10	20082
iq.10.9166680	20179
iq.10.94296	20101
iq.10.94590	20102
iq.10.97988	20106
iq.10.99063	20125
iq.10.99170	20129
iq.11	20093
iq.11.9166534	20197
iq.11.9166586	20198
iq.11.9166588	20199
iq.11.9166591	20200
iq.11.9166592	20201
iq.11.93817	20191
iq.11.95444	20192
iq.11.9873235	20207
iq.11.9873236	20208
iq.11.9874070	20210
iq.11.9874079	20211
iq.11.9877799	20215
iq.11.9878719	20216
iq.12	20081
iq.12.9166603	20168
iq.12.94822	20104
iq.12.99345	20133
iq.13	20086
iq.13.6770659	20145
iq.13.9166581	20166
iq.13.9171727	20183
iq.13.94786	20103
iq.14	20080
iq.14.9166557	20157
iq.14.9166562	20159
iq.14.92536	20100
iq.14.99097	20126
iq.14.99305	20132
iq.14.99610	20140
iq.15	20079
iq.15.90392	20097
iq.15.9166541	20152
iq.15.9166608	20170
iq.15.9166618	20172
iq.15.9166620	20173
iq.15.9166649	20176
iq.15.98612	20113
iq.15.98820	20119
iq.15.99414	20137
iq.16	20077
iq.16.9166606	20169
iq.16.9166961	20180
iq.16.98197	20108
iq.16.98460	20110
iq.16.99132	20128
iq.16.99351	20135
iq.17	20087
iq.17.9166552	20156
iq.17.9166629	20175
iq.17.98861	20121
iq.18	20078
iq.18.6783103	20146
iq.18.6804454	20147
iq.18.6805736	20148
iq.18.6872046	20151
iq.18.90148	20096
iq.18.91594	20099
iq.18.9166598	20167
iq.18.9166616	20171
iq.18.9167093	20181
iq.19	20091
iq.19.96204	20105
ir-00	20223
ir-01	20233
ir-02	20222
ir-03	20237
ir-04	20238
ir-05	20228
ir-06	20227
ir-07	20234
ir-08	20229
ir-09	20246
ir-10	20240
ir-11	20244
ir-12	20225
ir-13	20232
ir-14	20235
ir-15	20224
ir-16	20230
ir-17	20226
ir-18	20236
ir-19	20219
ir-20	20221
ir-21	20220
ir-22	20231
ir-23	20218
ir-24	20239
ir-25	20243
ir-26	20242
ir-27	20241
ir-28	20247
ir-29	20245
ir-30	20248
ir.01	20238
ir.01.449444	20278
ir.01.449445	20279
ir.01.449446	20280
ir.01.449447	20281
ir.01.449448	20282
ir.01.449449	20283
ir.01.449450	20284
ir.01.449451	20285
ir.01.449452	20286
ir.01.449453	20287
ir.01.449454	20288
ir.01.449455	20289
ir.01.449456	20290
ir.01.449457	20291
ir.01.9517619	20577
ir.01.9517620	20578
ir.01.9517621	20579
ir.03	20235
ir.03.11963425	20662
ir.03.11963426	20663
ir.03.449517	20346
ir.03.449518	20347
ir.03.449519	20348
ir.03.449520	20349
ir.03.449521	20350
ir.03.449522	20351
ir.03.9519976	20582
ir.04	20244
ir.04.1158999	20547
ir.04.11963510	20670
ir.04.11963514	20671
ir.04.11963516	20672
ir.04.11963518	20673
ir.04.11963562	20677
ir.04.12543582	20680
ir.04.13452432	20682
ir.04.13452433	20683
ir.04.1482480	20554
ir.04.1482481	20555
ir.04.1482483	20556
ir.04.1482486	20557
ir.04.1482494	20558
ir.04.1482499	20559
ir.04.1482504	20560
ir.04.9533574	20640
ir.04.9533575	20641
ir.04.9533580	20642
ir.04.9533581	20643
ir.04.9533590	20644
ir.04.9533591	20645
ir.05	20226
ir.05.11963520	20675
ir.05.449634	20458
ir.05.449635	20459
ir.05.449636	20460
ir.05.449637	20461
ir.05.9532946	20626
ir.05.9532947	20627
ir.05.9532948	20628
ir.07	20234
ir.07.125034	20259
ir.07.449573	20401
ir.07.449574	20402
ir.07.449575	20403
ir.07.449577	20404
ir.07.449578	20405
ir.07.449579	20406
ir.07.449580	20407
ir.07.449581	20408
ir.07.449582	20409
ir.07.449583	20410
ir.07.449584	20411
ir.07.449586	20412
ir.07.449587	20413
ir.07.449588	20414
ir.07.449589	20415
ir.07.449590	20416
ir.07.449591	20417
ir.07.449593	20418
ir.07.449594	20419
ir.07.68471	20254
ir.07.8620947	20569
ir.07.9520534	20585
ir.07.9520865	20586
ir.07.9520866	20587
ir.07.9520867	20588
ir.07.9520868	20589
ir.07.9520869	20590
ir.07.9520870	20591
ir.08	20233
ir.08.449649	20473
ir.08.449650	20474
ir.08.449651	20475
ir.08.449652	20476
ir.08.449653	20477
ir.08.449654	20478
ir.08.449655	20479
ir.08.449656	20480
ir.08.449657	20481
ir.08.449658	20482
ir.08.449659	20483
ir.08.449661	20484
ir.08.449662	20485
ir.08.449663	20486
ir.08.449664	20487
ir.08.8620884	20562
ir.09	20232
ir.09.449708	20530
ir.09.449709	20531
ir.09.449710	20532
ir.09.449711	20533
ir.09.449712	20534
ir.09.449713	20535
ir.09.449714	20536
ir.09.449715	20537
ir.09.9523287	20595
ir.10	20230
ir.10.112941	20256
ir.10.11963421	20658
ir.10.11963422	20659
ir.10.12543583	20681
ir.10.28354	20250
ir.10.449458	20292
ir.10.449459	20293
ir.10.449460	20294
ir.10.449462	20295
ir.10.449464	20296
ir.10.9524084	20598
ir.11	20231
ir.11.449699	20521
ir.11.449700	20522
ir.11.449701	20523
ir.11.449702	20524
ir.11.449703	20525
ir.11.449704	20526
ir.11.449705	20527
ir.11.449706	20528
ir.11.449707	20529
ir.11.8620945	20567
ir.11.8620946	20568
ir.11.9523757	20596
ir.11.9523758	20597
ir.13	20228
ir.13.449622	20446
ir.13.449623	20447
ir.13.449624	20448
ir.13.449625	20449
ir.13.449626	20450
ir.13.449627	20451
ir.13.449628	20452
ir.13.449629	20453
ir.13.449630	20454
ir.13.449631	20455
ir.13.449632	20456
ir.13.449633	20457
ir.13.8620948	20570
ir.13.8620949	20571
ir.15	20227
ir.15.11963429	20666
ir.15.11963430	20667
ir.15.11963434	20668
ir.15.449544	20373
ir.15.449545	20374
ir.15.449546	20375
ir.15.449547	20376
ir.15.449548	20377
ir.15.449549	20378
ir.15.449550	20379
ir.15.449551	20380
ir.15.449552	20381
ir.15.449553	20382
ir.15.449554	20383
ir.15.449555	20384
ir.15.449556	20385
ir.15.449557	20386
ir.15.449558	20387
ir.15.449559	20388
ir.15.449560	20389
ir.15.449561	20390
ir.15.9532909	20620
ir.15.9532922	20621
ir.15.9532924	20622
ir.15.9532926	20623
ir.15.9532928	20624
ir.15.9532929	20625
ir.16	20225
ir.16.449600	20425
ir.16.449601	20426
ir.16.449602	20427
ir.16.449603	20428
ir.16.449604	20429
ir.16.449605	20430
ir.16.449606	20431
ir.16.449607	20432
ir.16.449608	20433
ir.16.9532949	20629
ir.22	20236
ir.22.449495	20325
ir.22.449496	20326
ir.22.449497	20327
ir.22.449498	20328
ir.22.449499	20329
ir.22.449500	20330
ir.22.449501	20331
ir.22.449502	20332
ir.22.449503	20333
ir.22.9519975	20581
ir.23	20224
ir.23.11962671	20654
ir.23.449665	20488
ir.23.449666	20489
ir.23.449667	20490
ir.23.449668	20491
ir.23.449669	20492
ir.23.449670	20493
ir.23.449671	20494
ir.23.449672	20495
ir.23.449673	20496
ir.23.9533002	20630
ir.25	20221
ir.25.124337	20258
ir.25.449569	20397
ir.25.449570	20398
ir.25.449571	20399
ir.25.449572	20400
ir.25.9533331	20637
ir.25.9533333	20638
ir.25.9533334	20639
ir.26	20218
ir.26.11963423	20660
ir.26.11963424	20661
ir.26.449505	20334
ir.26.449506	20335
ir.26.449507	20336
ir.26.449508	20337
ir.26.449509	20338
ir.26.449511	20340
ir.26.449512	20341
ir.26.449513	20342
ir.26.449516	20345
ir.26.9533736	20646
ir.26.9533737	20647
ir.26.9533739	20648
ir.26.9533740	20649
ir.26.9533741	20650
ir.28	20240
ir.28.11962673	20656
ir.28.122490	20257
ir.28.12543581	20679
ir.28.449474	20305
ir.28.449475	20306
ir.28.449476	20307
ir.28.449477	20308
ir.28.449478	20309
ir.28.449479	20310
ir.28.449480	20311
ir.28.449481	20312
ir.28.449482	20313
ir.28.449483	20314
ir.28.449484	20315
ir.28.449485	20316
ir.28.449486	20317
ir.28.449487	20318
ir.28.449488	20319
ir.28.449489	20320
ir.28.449490	20321
ir.28.449491	20322
ir.28.449492	20323
ir.28.449493	20324
ir.28.9519980	20583
ir.28.9519981	20584
ir.29	20229
ir.29.449609	20434
ir.29.449610	20435
ir.29.449611	20436
ir.29.449612	20437
ir.29.449613	20438
ir.29.449614	20439
ir.29.449615	20440
ir.29.449617	20441
ir.29.449618	20442
ir.29.449619	20443
ir.29.449620	20444
ir.29.449621	20445
ir.29.66575	20252
ir.29.9524445	20599
ir.29.9524446	20600
ir.29.9524447	20601
ir.29.9524448	20602
ir.29.9524449	20603
ir.29.9524451	20604
ir.29.9524452	20605
ir.29.9524453	20606
ir.29.9524454	20607
ir.29.9524455	20608
ir.32	20239
ir.32.449465	20297
ir.32.449466	20298
ir.32.449467	20299
ir.32.449469	20300
ir.32.449470	20301
ir.32.449471	20302
ir.32.449472	20303
ir.32.449473	20304
ir.32.8620950	20572
ir.32.9514745	20576
ir.33	20237
ir.33.449425	20260
ir.33.449426	20261
ir.33.449427	20262
ir.33.449428	20263
ir.33.449429	20264
ir.33.449430	20265
ir.33.449431	20266
ir.33.449432	20267
ir.33.449434	20268
ir.33.449435	20269
ir.33.449436	20270
ir.33.449437	20271
ir.33.449438	20272
ir.33.449439	20273
ir.33.449440	20274
ir.33.449441	20275
ir.33.449442	20276
ir.33.449443	20277
ir.33.8620951	20573
ir.33.9517647	20580
ir.34	20223
ir.34.449690	20512
ir.34.449691	20513
ir.34.449692	20514
ir.34.449693	20515
ir.34.449694	20516
ir.34.449695	20517
ir.34.449696	20518
ir.34.449697	20519
ir.34.449698	20520
ir.34.69179	20255
ir.34.9533005	20631
ir.34.9533006	20632
ir.35	20222
ir.35.11962672	20655
ir.35.12543580	20678
ir.35.449674	20497
ir.35.449675	20498
ir.35.449676	20499
ir.35.449677	20500
ir.35.449678	20501
ir.35.449679	20502
ir.35.449680	20503
ir.35.449681	20504
ir.35.449682	20505
ir.35.449683	20506
ir.35.449684	20507
ir.35.449685	20508
ir.35.449686	20509
ir.35.449687	20510
ir.35.449688	20511
ir.35.68057	20253
ir.35.7830204	20561
ir.35.9533059	20633
ir.35.9533060	20634
ir.35.9533061	20635
ir.35.9533062	20636
ir.36	20219
ir.36.11963463	20669
ir.36.449562	20391
ir.36.449563	20392
ir.36.449564	20393
ir.36.449565	20394
ir.36.449567	20395
ir.36.449568	20396
ir.36.66310	20251
ir.37	20241
ir.37.449638	20462
ir.37.449639	20463
ir.37.449640	20464
ir.37.449641	20465
ir.37.449642	20466
ir.37.449643	20467
ir.37.449644	20468
ir.37.449645	20469
ir.37.449646	20470
ir.37.449647	20471
ir.37.449648	20472
ir.37.9522216	20592
ir.37.9522217	20593
ir.37.9522218	20594
ir.38	20242
ir.38.11963519	20674
ir.38.11963561	20676
ir.38.449595	20420
ir.38.449596	20421
ir.38.449597	20422
ir.38.449598	20423
ir.39	20243
ir.39.449599	20424
ir.40	20220
ir.40.449716	20538
ir.40.449717	20539
ir.40.449718	20540
ir.40.449719	20541
ir.40.449720	20542
ir.40.449721	20543
ir.40.449723	20544
ir.40.449724	20545
ir.40.449725	20546
ir.40.9533896	20651
ir.41	20245
ir.41.11963427	20664
ir.41.1482419	20548
ir.41.449523	20352
ir.41.449524	20353
ir.41.449532	20361
ir.41.449534	20363
ir.41.8620944	20566
ir.41.9525806	20609
ir.41.9525807	20610
ir.41.9534259	20652
ir.41.9534260	20653
ir.42	20246
ir.42.1482420	20549
ir.42.1482421	20550
ir.42.1482426	20551
ir.42.1482443	20552
ir.42.1482469	20553
ir.42.449525	20354
ir.42.449526	20355
ir.42.449527	20356
ir.42.449528	20357
ir.42.449529	20358
ir.42.449530	20359
ir.42.449531	20360
ir.42.449533	20362
ir.42.449535	20364
ir.42.449536	20365
ir.42.449537	20366
ir.42.449538	20367
ir.42.449539	20368
ir.42.6550	20249
ir.42.8620943	20565
ir.42.9526253	20611
ir.42.9526254	20612
ir.42.9526255	20613
ir.42.9526257	20614
ir.42.9526258	20615
ir.42.9526260	20616
ir.42.9526342	20617
ir.42.9526343	20618
ir.43	20247
ir.43.11963428	20665
ir.43.449540	20369
ir.43.449541	20370
ir.43.449542	20371
ir.43.449543	20372
ir.43.8620941	20563
ir.43.8620942	20564
ir.43.9532886	20619
ir.44	20248
ir.44.11963420	20657
ir.44.449510	20339
ir.44.449514	20343
ir.44.449515	20344
ir.44.9513960	20574
ir.44.9513961	20575
is-1	20688
is-2	20689
is-3	20690
is-4	20691
is-5	20684
is-6	20685
is-7	20686
is-8	20687
is-akn	20731
is-aku	20699
is-arn	20730
is-asa	20729
is-bla	20739
is-bog	20728
is-bol	20732
is-dab	20733
is-dav	20698
is-eom	20727
is-eyf	20701
is-fjd	20703
is-fjl	20745
is-fla	20751
is-flr	20697
is-gar	20726
is-gog	20740
is-grn	20750
is-gru	20734
is-gry	20696
is-haf	20725
is-hrg	20744
is-hru	20724
is-hug	20753
is-huv	20736
is-hva	20748
is-hve	20723
is-isa	20722
is-kal	20721
is-kjo	20720
is-kop	20719
is-lan	20742
is-mos	20718
is-mul	20754
is-myr	20705
is-nor	20743
is-rge	20706
is-rgy	20707
is-rhh	20716
is-rkn	20737
is-rkv	20715
is-sbt	20694
is-sdn	20752
is-sdv	20711
is-sel	20714
is-sfa	20741
is-shf	20704
is-skf	20695
is-skg	20713
is-sko	20712
is-skr	20700
is-snf	20735
is-sog	20708
is-sol	20717
is-sss	20746
is-str	20747
is-sty	20755
is-svg	20749
is-tal	20710
is-thg	20702
is-tjo	20693
is-vem	20709
is-ver	20738
is-vop	20692
is.38	20686
is.38.7300	20703
is.38.7400	20754
is.38.7502	20692
is.38.7505	20697
is.38.7708	20704
is.39	20688
is.39.0000	20715
is.39.1000	20719
is.39.1100	20714
is.39.1300	20726
is.39.1400	20725
is.39.1604	20718
is.39.1606	20720
is.40	20685
is.40.6000	20699
is.40.6100	20743
is.40.6250	20745
is.40.6400	20698
is.40.6513	20701
is.40.6515	20744
is.40.6601	20694
is.40.6602	20696
is.40.6611	20693
is.40.6612	20702
is.40.6709	20742
is.41	20684
is.41.5200	20700
is.41.5508	20736
is.41.5609	20746
is.41.5611	20713
is.41.5613	20753
is.42	20687
is.42.8000	20709
is.42.8200	20741
is.42.8508	20705
is.42.8509	20695
is.42.8610	20729
is.42.8613	20706
is.42.8614	20707
is.42.8710	20724
is.42.8716	20723
is.42.8717	20717
is.42.8719	20740
is.42.8720	20708
is.42.8721	20739
is.42.8722	20751
is.43	20689
is.43.2000	20737
is.43.2300	20750
is.43.2506	20749
is.43.2507	20752
is.44	20691
is.44.4100	20732
is.44.4200	20722
is.44.4502	20716
is.44.4604	20710
is.44.4607	20738
is.44.4803	20711
is.44.4901	20730
is.44.4902	20721
is.44.4911	20747
is.45	20690
is.45.3000	20731
is.45.3506	20712
is.45.3511	20748
is.45.3609	20728
is.45.3709	20734
is.45.3713	20727
is.45.3714	20735
is.45.3716	20755
is.45.3811	20733
it-21	20765
it-23	20760
it-25	20768
it-32	20762
it-34	20759
it-36	20771
it-42	20769
it-45	20772
it-52	20763
it-55	20761
it-57	20767
it-62	20770
it-65	20775
it-67	20766
it-72	20773
it-75	20764
it-77	20774
it-78	20758
it-82	20756
it-88	20757
it-ag	20789
it-al	20871
it-an	20870
it-ap	20867
it-aq	20840
it-ar	20868
it-at	20866
it-av	20865
it-ba	20864
it-bg	20861
it-bi	20872
it-bl	20863
it-bn	20862
it-bo	20860
it-br	20857
it-bs	20858
it-bt	20880
it-bz	20859
it-ca	20788
it-cb	20856
it-ce	20855
it-ch	20854
it-cl	20787
it-cn	20851
it-co	20853
it-cr	20852
it-cs	20784
it-ct	20786
it-cz	20785
it-en	20783
it-fc	20847
it-fe	20850
it-fg	20848
it-fi	20849
it-fm	20879
it-fr	20846
it-ge	20845
it-go	20844
it-gr	20843
it-im	20842
it-is	20841
it-kr	20875
it-lc	20876
it-le	20837
it-li	20836
it-lo	20877
it-lt	20838
it-lu	20835
it-mb	20881
it-mc	20834
it-me	20782
it-mi	20830
it-mn	20833
it-mo	20829
it-ms	20832
it-mt	20831
it-na	20828
it-no	20827
it-nu	20826
it-or	20781
it-pa	20780
it-pc	20819
it-pd	20825
it-pe	20820
it-pg	20822
it-pi	20818
it-pn	20816
it-po	20878
it-pr	20824
it-pt	20817
it-pu	20821
it-pv	20823
it-pz	20815
it-ra	20814
it-rc	20778
it-re	20813
it-rg	20779
it-ri	20812
it-rm	20811
it-rn	20873
it-ro	20810
it-sa	20809
it-si	20806
it-so	20805
it-sp	20839
it-sr	20777
it-ss	20808
it-su	20882
it-sv	20807
it-ta	20804
it-te	20803
it-tn	20800
it-to	20801
it-tp	20776
it-tr	20802
it-ts	20798
it-tv	20799
it-ud	20797
it-va	20796
it-vb	20794
it-vc	20793
it-ve	20795
it-vi	20791
it-vr	20792
it-vt	20790
it-vv	20874
it.01	20775
it.01.aq	20840
it.01.ch	20854
it.01.pe	20820
it.01.te	20803
it.02	20774
it.02.mt	20831
it.02.pz	20815
it.03	20758
it.03.cs	20784
it.03.cz	20785
it.03.kr	20875
it.03.rc	20778
it.03.vv	20874
it.04	20773
it.04.av	20865
it.04.bn	20862
it.04.ce	20855
it.04.na	20828
it.04.sa	20809
it.05	20772
it.05.bo	20860
it.05.fc	20847
it.05.fe	20850
it.05.mo	20829
it.05.pc	20819
it.05.pr	20824
it.05.ra	20814
it.05.re	20813
it.05.rn	20873
it.06	20771
it.06.go	20844
it.06.pn	20816
it.06.ts	20798
it.06.ud	20797
it.07	20770
it.07.fr	20846
it.07.lt	20838
it.07.ri	20812
it.07.rm	20811
it.07.vt	20790
it.08	20769
it.08.ge	20845
it.08.im	20842
it.08.sp	20839
it.08.sv	20807
it.09	20768
it.09.bg	20861
it.09.bs	20858
it.09.co	20853
it.09.cr	20852
it.09.lc	20876
it.09.lo	20877
it.09.mb	20881
it.09.mi	20830
it.09.mn	20833
it.09.pv	20823
it.09.so	20805
it.09.va	20796
it.10	20767
it.10.an	20870
it.10.ap	20867
it.10.fm	20879
it.10.mc	20834
it.10.pu	20821
it.11	20766
it.11.cb	20856
it.11.is	20841
it.12	20765
it.12.al	20871
it.12.at	20866
it.12.bi	20872
it.12.cn	20851
it.12.no	20827
it.12.to	20801
it.12.vb	20794
it.12.vc	20793
it.13	20764
it.13.ba	20864
it.13.br	20857
it.13.bt	20880
it.13.fg	20848
it.13.le	20837
it.13.ta	20804
it.14	20757
it.14.ca	20788
it.14.nu	20826
it.14.or	20781
it.14.ss	20808
it.14.su	20882
it.15	20756
it.15.ag	20789
it.15.cl	20787
it.15.ct	20786
it.15.en	20783
it.15.me	20782
it.15.pa	20780
it.15.rg	20779
it.15.sr	20777
it.15.tp	20776
it.16	20763
it.16.ar	20868
it.16.fi	20849
it.16.gr	20843
it.16.li	20836
it.16.lu	20835
it.16.ms	20832
it.16.pi	20818
it.16.po	20878
it.16.pt	20817
it.16.si	20806
it.17	20762
it.17.bz	20859
it.17.tn	20800
it.18	20761
it.18.pg	20822
it.18.tr	20802
it.19	20760
it.19.ao	20869
it.20	20759
it.20.bl	20863
it.20.pd	20825
it.20.ro	20810
it.20.tv	20799
it.20.ve	20795
it.20.vi	20791
it.20.vr	20792
je.3237072	20883
je.3237073	20884
je.3237200	20885
je.3237203	20886
je.3237212	20887
je.3237214	20888
je.3237221	20889
je.3237229	20890
je.3237497	20891
je.3237530	20892
je.3237716	20893
je.3237864	20894
jm-01	20906
jm-02	20903
jm-03	20897
jm-04	20904
jm-05	20898
jm-06	20902
jm-07	20896
jm-08	20899
jm-09	20907
jm-10	20895
jm-11	20900
jm-12	20905
jm-13	20908
jm-14	20901
jm.01	20908
jm.01.1301	20970
jm.01.1302	20972
jm.01.1303	20974
jm.01.1304	20969
jm.01.1305	20967
jm.01.1306	20968
jm.01.1307	21521
jm.01.1308	20971
jm.01.1309	20973
jm.01.1310	20981
jm.01.1311	20978
jm.01.1312	21022
jm.01.1313	21023
jm.01.1314	20982
jm.01.1315	20976
jm.01.1316	20979
jm.01.1317	20975
jm.01.1318	20980
jm.01.1319	20977
jm.01.1320	20983
jm.01.1321	20989
jm.01.1322	21021
jm.01.1323	20985
jm.01.1324	20986
jm.01.1325	20988
jm.01.1326	20991
jm.01.1327	20994
jm.01.1328	20987
jm.01.1329	20992
jm.01.1330	21693
jm.01.1331	21189
jm.01.1332	21253
jm.01.1333	20993
jm.01.1334	20990
jm.01.1335	21604
jm.01.1336	21367
jm.01.1337	21356
jm.01.1338	21188
jm.01.1339	20997
jm.01.1340	21372
jm.01.1341	21370
jm.01.1342	21368
jm.01.1343	20996
jm.01.1344	20998
jm.01.1345	21722
jm.01.1346	21369
jm.01.1347	21371
jm.01.1348	21437
jm.01.1349	21468
jm.01.1350	21003
jm.01.1351	21005
jm.01.1352	21001
jm.01.1353	21006
jm.01.1354	21004
jm.01.1355	21000
jm.01.1356	20999
jm.01.1357	21187
jm.01.1358	21577
jm.01.1359	21499
jm.01.1360	21010
jm.01.1361	21011
jm.01.1362	21024
jm.01.1363	21009
jm.01.1364	21008
jm.01.1365	21007
jm.01.1366	21002
jm.01.1367	21489
jm.01.1368	21015
jm.01.1369	21551
jm.01.1370	21443
jm.01.1371	21655
jm.01.1372	21013
jm.01.1373	21014
jm.01.1374	21663
jm.01.1375	21721
jm.01.1376	21626
jm.01.1377	21706
jm.01.1378	21552
jm.01.1379	21381
jm.01.1380	21545
jm.01.1381	21255
jm.01.1382	21355
jm.01.1383	21578
jm.02	20907
jm.02.901	21446
jm.02.902	21541
jm.02.903	21420
jm.02.904	21016
jm.02.905	21019
jm.02.906	20964
jm.02.907	21017
jm.02.908	21519
jm.02.909	21713
jm.02.910	21026
jm.02.911	21505
jm.02.912	21449
jm.02.913	21018
jm.02.914	21623
jm.02.916	21033
jm.02.917	21679
jm.02.918	21498
jm.02.919	21715
jm.02.920	21615
jm.02.921	21027
jm.02.922	21424
jm.02.923	21564
jm.02.924	21028
jm.02.925	21428
jm.02.926	21458
jm.02.927	21535
jm.02.928	21531
jm.02.929	21728
jm.02.930	21425
jm.02.931	21020
jm.02.932	21638
jm.02.933	21561
jm.02.934	21651
jm.02.935	21542
jm.02.936	21035
jm.04	20905
jm.04.1201	21392
jm.04.1202	21447
jm.04.1203	21603
jm.04.1204	21037
jm.04.1205	21637
jm.04.1206	21036
jm.04.1207	21442
jm.04.1208	21512
jm.04.1209	21515
jm.04.1210	21305
jm.04.1211	21434
jm.04.1212	21660
jm.04.1213	20923
jm.04.1214	21439
jm.04.1215	21436
jm.04.1216	21403
jm.04.1217	21546
jm.04.1218	21574
jm.04.1219	21342
jm.04.1220	21677
jm.04.1221	21570
jm.04.1222	21557
jm.04.1223	21503
jm.04.1224	21684
jm.04.1225	21038
jm.04.1226	21429
jm.04.1227	21726
jm.04.1228	21399
jm.04.1229	21365
jm.04.1230	21319
jm.04.1231	21407
jm.04.1232	21433
jm.04.1233	21710
jm.04.1234	21532
jm.04.1235	21592
jm.04.1236	21661
jm.04.1237	21520
jm.04.1238	21587
jm.04.1239	21216
jm.04.1240	21572
jm.04.1241	21441
jm.04.1242	21559
jm.04.1243	21725
jm.04.1244	21654
jm.04.1245	21039
jm.04.1246	21653
jm.04.1247	21511
jm.04.1248	21471
jm.04.1249	21601
jm.04.1250	21343
jm.04.1251	21125
jm.04.1252	21568
jm.04.1253	21352
jm.04.1254	21537
jm.04.1255	21701
jm.04.1256	21513
jm.04.1257	21670
jm.04.1258	21730
jm.04.1259	21313
jm.04.1260	21452
jm.04.1261	21486
jm.04.1262	21682
jm.04.1263	21596
jm.04.1264	21659
jm.04.1265	21540
jm.04.1266	21644
jm.04.1267	21612
jm.04.1268	21590
jm.04.1269	21373
jm.04.1270	21563
jm.04.1271	21448
jm.04.1272	21504
jm.04.1273	21040
jm.04.1274	21691
jm.07	20904
jm.07.401	21206
jm.07.402	21179
jm.07.403	21181
jm.07.404	21207
jm.07.405	21180
jm.07.406	21409
jm.07.407	21192
jm.07.408	21642
jm.07.409	21678
jm.07.410	21190
jm.07.411	21197
jm.07.412	21600
jm.07.413	21414
jm.07.414	21042
jm.07.415	20910
jm.07.416	21622
jm.07.417	21041
jm.07.418	21046
jm.07.419	21191
jm.07.420	21047
jm.07.421	21427
jm.07.422	21718
jm.07.424	21550
jm.07.425	21195
jm.07.426	21196
jm.07.427	21182
jm.07.428	21205
jm.07.429	21194
jm.07.430	21581
jm.07.431	21717
jm.07.432	21481
jm.07.433	21467
jm.07.434	21043
jm.07.435	21045
jm.07.436	21666
jm.07.437	21667
jm.07.438	20911
jm.07.439	21723
jm.07.440	21688
jm.07.441	21044
jm.07.442	21394
jm.07.443	21193
jm.07.444	21267
jm.08	20903
jm.08.15001	21312
jm.08.15002	21283
jm.08.15003	20946
jm.08.15004	21256
jm.08.15005	21308
jm.08.15006	20945
jm.08.15007	21310
jm.08.15008	21309
jm.08.15009	20938
jm.08.15010	20944
jm.08.15011	20919
jm.08.15012	20920
jm.08.15013	20928
jm.08.15014	21263
jm.08.15015	20921
jm.08.15016	21252
jm.08.15017	21262
jm.08.15018	21250
jm.08.15019	20926
jm.08.15020	21231
jm.08.15021	21228
jm.08.15022	21217
jm.08.15023	20915
jm.08.15024	20934
jm.08.15025	20936
jm.08.15026	21213
jm.08.15027	20917
jm.08.15028	21239
jm.08.15029	21208
jm.08.15030	20925
jm.08.15031	21225
jm.08.15032	20937
jm.08.15033	20935
jm.08.15034	21212
jm.08.15035	20918
jm.08.15036	21218
jm.08.15037	21220
jm.08.15038	21221
jm.08.15039	21224
jm.08.15040	20916
jm.08.15041	21232
jm.08.15042	21223
jm.08.15043	21219
jm.08.15044	21246
jm.08.15045	21237
jm.08.15046	21243
jm.08.15047	21229
jm.08.15048	21227
jm.08.15049	21233
jm.08.15050	21230
jm.08.15051	21235
jm.08.15052	21247
jm.08.15053	21241
jm.08.15054	21254
jm.08.15055	21260
jm.08.15056	21273
jm.08.15057	21270
jm.08.15058	21259
jm.08.15059	21258
jm.08.15060	21249
jm.08.15061	20927
jm.08.15062	21244
jm.08.15063	21245
jm.08.15064	20929
jm.08.15065	21268
jm.08.15066	21277
jm.08.15067	21279
jm.08.15068	20941
jm.08.15069	21280
jm.08.15070	21275
jm.08.15071	21265
jm.08.15072	21274
jm.08.15073	21285
jm.08.15074	21287
jm.08.15075	21289
jm.08.15076	21284
jm.08.15077	21288
jm.08.15078	20924
jm.08.15079	21271
jm.08.15080	20922
jm.08.15081	21226
jm.08.15082	21161
jm.08.15083	20932
jm.08.15084	21303
jm.08.15085	20940
jm.08.15110	20913
jm.08.15111	21171
jm.08.15112	21209
jm.08.15113	21176
jm.08.15114	21306
jm.08.15115	21204
jm.08.15116	21203
jm.08.15117	21211
jm.08.15118	21282
jm.08.15119	20933
jm.08.15120	21215
jm.08.15121	21178
jm.08.15122	21210
jm.08.15123	21214
jm.08.15124	20914
jm.08.15125	21307
jm.08.15126	20943
jm.08.15127	21311
jm.08.15128	21257
jm.08.15129	21278
jm.08.15130	21276
jm.09	20902
jm.09.601	20953
jm.09.602	20959
jm.09.603	21584
jm.09.604	21432
jm.09.605	20960
jm.09.606	21672
jm.09.607	21674
jm.09.608	21031
jm.09.609	21177
jm.09.610	21475
jm.09.611	21497
jm.09.612	21378
jm.09.613	21585
jm.09.615	21614
jm.09.616	21222
jm.09.617	21472
jm.09.618	21032
jm.09.619	21030
jm.09.620	20961
jm.09.621	21671
jm.09.622	21610
jm.09.623	20955
jm.09.624	21034
jm.09.625	21051
jm.09.626	21673
jm.09.627	21058
jm.09.628	21059
jm.09.629	21121
jm.09.630	21052
jm.09.631	21056
jm.09.632	21517
jm.09.633	21440
jm.09.634	21054
jm.09.635	21199
jm.09.636	21060
jm.09.637	21064
jm.09.638	21523
jm.09.639	21048
jm.09.640	21708
jm.09.641	21553
jm.09.642	21029
jm.09.643	21406
jm.09.644	21583
jm.09.645	21264
jm.09.646	21450
jm.09.647	21066
jm.09.648	21374
jm.09.649	21556
jm.09.650	21719
jm.09.651	21402
jm.09.652	21065
jm.09.653	21477
jm.09.654	21635
jm.09.655	21061
jm.10	20901
jm.10.1401	21548
jm.10.1402	21068
jm.10.1403	21067
jm.10.1404	21198
jm.10.1405	21606
jm.10.1406	21627
jm.10.1407	21636
jm.10.1408	21686
jm.10.1409	21510
jm.10.1410	21493
jm.10.1411	21375
jm.10.1412	21069
jm.10.1413	21070
jm.10.1414	21071
jm.10.1415	21593
jm.10.1416	21073
jm.10.1417	21534
jm.10.1418	21591
jm.10.1419	21500
jm.10.1420	21063
jm.10.1421	21074
jm.10.1422	21057
jm.10.1423	21700
jm.10.1424	21613
jm.10.1425	21072
jm.10.1426	21492
jm.10.1427	21397
jm.10.1428	21396
jm.10.1429	21075
jm.10.1430	21599
jm.10.1431	21078
jm.10.1432	21062
jm.10.1433	21076
jm.10.1434	21122
jm.10.1435	21183
jm.10.1436	21079
jm.10.1437	20962
jm.10.1438	21081
jm.10.1439	21077
jm.10.1440	21080
jm.10.1441	21699
jm.10.1442	21602
jm.10.1443	21082
jm.10.1444	21085
jm.10.1445	21522
jm.10.1446	21451
jm.10.1447	21705
jm.10.1448	21084
jm.10.1449	21087
jm.10.1450	21083
jm.10.1451	21086
jm.11	20900
jm.11.1101	21611
jm.11.1102	21668
jm.11.1103	21089
jm.11.1104	21238
jm.11.1105	21586
jm.11.1106	21465
jm.11.1107	21731
jm.11.1108	21376
jm.11.1109	21621
jm.11.1110	21395
jm.11.1111	21109
jm.11.1112	21658
jm.11.1113	21088
jm.11.1114	21110
jm.11.1115	21422
jm.11.1116	21091
jm.11.1117	21571
jm.11.1118	21092
jm.11.1119	21594
jm.11.1120	21093
jm.11.1121	21445
jm.11.1122	21100
jm.11.1123	21416
jm.11.1124	21123
jm.11.1125	21098
jm.11.1126	21096
jm.11.1127	21200
jm.11.1128	21094
jm.11.1129	21124
jm.11.1130	21097
jm.11.1131	21099
jm.11.1132	21111
jm.11.1133	21543
jm.11.1134	21101
jm.11.1135	21102
jm.11.1136	21418
jm.11.1137	21490
jm.11.1138	21105
jm.11.1139	21617
jm.11.1140	21383
jm.11.1141	21103
jm.11.1142	21104
jm.11.1143	21647
jm.11.1144	21514
jm.11.1145	21695
jm.11.1146	21588
jm.11.1147	21589
jm.11.1148	21539
jm.11.1149	21530
jm.11.1150	21625
jm.11.1151	21641
jm.11.1152	21090
jm.11.1153	21106
jm.11.1154	21413
jm.11.1155	21698
jm.11.1156	21095
jm.11.1157	21608
jm.11.1158	21108
jm.11.1159	21685
jm.11.1160	21107
jm.11.1161	21417
jm.12	20899
jm.12.801	21112
jm.12.802	21444
jm.12.803	21524
jm.12.804	21640
jm.12.805	21390
jm.12.806	21544
jm.12.807	21502
jm.12.809	21496
jm.12.810	21665
jm.12.811	21435
jm.12.812	21113
jm.12.813	21648
jm.12.814	20947
jm.12.815	21130
jm.12.816	21464
jm.12.817	21380
jm.12.818	21421
jm.12.819	21411
jm.12.820	21269
jm.12.821	21579
jm.12.822	21501
jm.12.823	21114
jm.12.824	21377
jm.12.825	20956
jm.12.826	21662
jm.12.827	21474
jm.12.828	21126
jm.12.829	21118
jm.12.830	21115
jm.12.831	21478
jm.12.832	21643
jm.12.833	21645
jm.12.834	21116
jm.12.835	21419
jm.12.836	21702
jm.12.837	21476
jm.12.838	21151
jm.12.839	21120
jm.12.840	21117
jm.12.842	21525
jm.12.843	21487
jm.12.844	21629
jm.12.845	21495
jm.12.846	21729
jm.12.847	21431
jm.12.848	21119
jm.12.849	21607
jm.12.850	21261
jm.12.852	21690
jm.12.854	21389
jm.12.855	21582
jm.12.856	21580
jm.12.857	21639
jm.12.859	21518
jm.12.860	21703
jm.12.861	21680
jm.12.862	21479
jm.12.863	21696
jm.12.864	21565
jm.12.865	21558
jm.12.866	21480
jm.12.867	21683
jm.12.868	21127
jm.12.869	21405
jm.12.870	21657
jm.12.871	21128
jm.12.872	20930
jm.12.873	21129
jm.12.874	21575
jm.12.875	21482
jm.12.876	21266
jm.12.877	21576
jm.12.878	20931
jm.13	20898
jm.13.501	21619
jm.13.502	21430
jm.13.503	21132
jm.13.504	21560
jm.13.506	21135
jm.13.507	21526
jm.13.508	21567
jm.13.509	21491
jm.13.510	21134
jm.13.511	21137
jm.13.512	21507
jm.13.513	21393
jm.13.514	21461
jm.13.515	21131
jm.13.516	21573
jm.13.517	21388
jm.13.518	21136
jm.13.519	21538
jm.13.520	21549
jm.13.521	20912
jm.13.522	21527
jm.13.523	21290
jm.13.524	21138
jm.13.525	21141
jm.13.526	21714
jm.13.527	21483
jm.13.528	21144
jm.13.529	21143
jm.13.530	21139
jm.13.531	21562
jm.13.532	21133
jm.13.533	21616
jm.13.534	21384
jm.13.535	21142
jm.13.536	21415
jm.13.537	21457
jm.13.538	21488
jm.13.539	21652
jm.13.540	21732
jm.13.541	21140
jm.13.542	21400
jm.13.543	21473
jm.13.544	21469
jm.13.545	21470
jm.13.546	21460
jm.14	20897
jm.14.301	21506
jm.14.302	21634
jm.14.303	21426
jm.14.304	21404
jm.14.305	21595
jm.14.306	21727
jm.14.307	21147
jm.14.308	21687
jm.14.309	21145
jm.14.310	21146
jm.14.311	21681
jm.14.312	21150
jm.14.313	21398
jm.14.314	21650
jm.14.315	21707
jm.14.316	21148
jm.14.317	21646
jm.14.318	21149
jm.14.319	21153
jm.14.320	21173
jm.14.321	21494
jm.14.322	21711
jm.14.323	21391
jm.14.324	21605
jm.14.325	21379
jm.14.326	21163
jm.14.327	21656
jm.14.328	21716
jm.14.329	21387
jm.14.330	21632
jm.14.331	21455
jm.14.332	21484
jm.14.333	21202
jm.14.334	21529
jm.14.335	21152
jm.14.336	21631
jm.14.337	21624
jm.14.338	21547
jm.14.339	21466
jm.14.340	21382
jm.14.341	21618
jm.14.342	21720
jm.14.343	21162
jm.14.344	21175
jm.14.345	21156
jm.14.346	21463
jm.14.347	21724
jm.14.348	21155
jm.14.349	21555
jm.14.350	21528
jm.14.351	21630
jm.14.352	21620
jm.14.353	21516
jm.14.354	21157
jm.14.355	21158
jm.14.356	21453
jm.15	20896
jm.15.701	21164
jm.15.702	21159
jm.15.703	21160
jm.15.704	21633
jm.15.705	21412
jm.15.706	21649
jm.15.707	21664
jm.15.708	21628
jm.15.709	21454
jm.15.710	21566
jm.15.711	21154
jm.15.712	21410
jm.15.713	21242
jm.15.714	21694
jm.15.715	21170
jm.15.716	21169
jm.15.717	21462
jm.15.718	21536
jm.15.719	21438
jm.15.720	21165
jm.15.721	21676
jm.15.722	21166
jm.15.723	21386
jm.15.724	21167
jm.15.725	21172
jm.15.726	21456
jm.15.727	21168
jm.15.728	20909
jm.15.729	21697
jm.15.730	21669
jm.15.731	21675
jm.15.732	21733
jm.15.733	21689
jm.15.734	21485
jm.15.735	21508
jm.15.736	21712
jm.15.737	21692
jm.15.738	21554
jm.16	20895
jm.16.1001	21320
jm.16.1002	21332
jm.16.1003	21317
jm.16.1004	21314
jm.16.1005	21324
jm.16.1006	21322
jm.16.1007	21316
jm.16.1008	21318
jm.16.1009	21328
jm.16.1010	21709
jm.16.1011	21326
jm.16.1012	21315
jm.16.1013	21330
jm.16.1014	21325
jm.16.1015	21333
jm.16.1016	21329
jm.16.1017	21174
jm.16.1018	21334
jm.16.1019	20951
jm.16.1020	21348
jm.16.1021	21286
jm.16.1022	21364
jm.16.1023	21351
jm.16.1024	21339
jm.16.1025	21350
jm.16.1026	21357
jm.16.1027	21340
jm.16.1028	21359
jm.16.1029	20952
jm.16.1030	21344
jm.16.1031	21704
jm.16.1032	21341
jm.16.1033	21337
jm.16.1034	21323
jm.16.1035	20950
jm.16.1036	21335
jm.16.1037	21327
jm.16.1038	21321
jm.16.1039	21331
jm.16.1040	20948
jm.16.1041	21345
jm.16.1042	21353
jm.16.1043	21346
jm.16.1045	21361
jm.16.1046	20949
jm.16.1047	21186
jm.16.1048	21025
jm.16.1050	21302
jm.16.1051	20958
jm.16.1052	21349
jm.16.1053	20966
jm.16.1054	21050
jm.16.1055	21055
jm.16.1056	21053
jm.16.1057	21354
jm.16.1058	20965
jm.16.1059	20957
jm.16.1060	20963
jm.16.1061	21360
jm.16.1062	21338
jm.16.1063	21336
jm.16.1064	20954
jm.16.1065	21347
jm.16.1066	21049
jm.16.1067	21358
jm.16.1068	21533
jm.16.1069	21459
jm.16.1070	21362
jm.16.1071	21366
jm.16.1072	21363
jm.16.1073	21385
jm.16.1074	21597
jm.16.1075	21423
jm.16.1076	21598
jm.16.1077	20984
jm.16.1078	21569
jm.16.1079	20995
jm.16.1080	21401
jm.16.1081	21408
jm.16.1082	21509
jm.16.1083	21609
jm.16.1084	21012
jm.17	20906
jm.17.15086	20939
jm.17.15087	21240
jm.17.15088	21294
jm.17.15089	21184
jm.17.15090	21272
jm.17.15091	21248
jm.17.15092	21281
jm.17.15093	21296
jm.17.15094	21298
jm.17.15095	21295
jm.17.15096	21293
jm.17.15097	21291
jm.17.15098	21234
jm.17.15099	21236
jm.17.15100	21292
jm.17.15101	21251
jm.17.15102	21297
jm.17.15103	21185
jm.17.15104	21301
jm.17.15105	20942
jm.17.15106	21299
jm.17.15107	21300
jm.17.15108	21201
jm.17.15109	21304
jo-aj	21742
jo-am	21738
jo-aq	21744
jo-at	21737
jo-az	21736
jo-ba	21741
jo-ir	21735
jo-ja	21743
jo-ka	21740
jo-ma	21739
jo-md	21745
jo-mn	21734
jo.02	21741
jo.02.7910931	21746
jo.02.8621685	21764
jo.02.8621686	21765
jo.02.8621687	21766
jo.02.8621688	21767
jo.09	21740
jo.09.8621694	21773
jo.09.8621695	21774
jo.09.8621696	21775
jo.09.8621697	21776
jo.09.8621719	21777
jo.09.8621720	21778
jo.09.8621721	21779
jo.12	21737
jo.12.8621730	21784
jo.12.8621739	21787
jo.12.8621741	21789
jo.15	21739
jo.15.8621634	21760
jo.15.8621635	21761
jo.15.8621683	21762
jo.15.8621684	21763
jo.16	21738
jo.16.8621740	21788
jo.16.8621742	21790
jo.16.8621743	21791
jo.16.8621761	21792
jo.16.8621762	21793
jo.16.8621763	21794
jo.16.8621764	21795
jo.16.8621765	21796
jo.16.9915282	21797
jo.17	21736
jo.17.7910933	21747
jo.17.8621689	21768
jo.17.8621690	21769
jo.17.8621691	21770
jo.18	21735
jo.18.8621599	21748
jo.18.8621601	21749
jo.18.8621602	21750
jo.18.8621603	21751
jo.18.8621604	21752
jo.18.8621605	21753
jo.18.8621606	21754
jo.18.8621607	21755
jo.18.8621630	21756
jo.19	21734
jo.19.11189149	21798
jo.19.8621722	21780
jo.19.8621727	21781
jo.19.8621728	21782
jo.19.8621737	21785
jo.20	21742
jo.20.8621631	21757
jo.20.8621632	21758
jo.21	21744
jo.21.8621729	21783
jo.21.8621738	21786
jo.22	21743
jo.22.8621633	21759
jo.23	21745
jo.23.8621692	21771
jo.23.8621693	21772
jp-01	21844
jp-02	21845
jp-03	21839
jp-04	21838
jp-05	21843
jp-06	21837
jp-07	21841
jp-08	21840
jp-09	21806
jp-10	21831
jp-11	21810
jp-12	21842
jp-13	21804
jp-14	21825
jp-15	21816
jp-16	21802
jp-17	21828
jp-18	21834
jp-19	21799
jp-20	21819
jp-21	21832
jp-22	21807
jp-23	21836
jp-24	21821
jp-25	21809
jp-26	21822
jp-27	21812
jp-28	21829
jp-29	21817
jp-30	21801
jp-31	21803
jp-32	21808
jp-33	21814
jp-34	21830
jp-35	21800
jp-36	21805
jp-37	21827
jp-38	21835
jp-39	21824
jp-40	21833
jp-41	21811
jp-42	21818
jp-43	21823
jp-44	21815
jp-45	21820
jp-46	21826
jp-47	21813
jp.01	21836
jp.01.1848455	21861
jp.01.1849535	21899
jp.01.1849809	21908
jp.01.1849840	21911
jp.01.1849862	21912
jp.01.1850183	21926
jp.01.1850219	21929
jp.01.1851258	21958
jp.01.1852044	21981
jp.01.1852647	22002
jp.01.1853518	22033
jp.01.1854373	22055
jp.01.1854797	22071
jp.01.1854914	22075
jp.01.1855103	22080
jp.01.1855111	22081
jp.01.1855183	22087
jp.01.1855273	22093
jp.01.1856053	22116
jp.01.1856225	22125
jp.01.1856697	22138
jp.01.1858832	22203
jp.01.1858921	22207
jp.01.1859272	22224
jp.01.1859890	22259
jp.01.1860033	22265
jp.01.1861527	22316
jp.01.1861601	22317
jp.01.1861940	22331
jp.01.1862911	22365
jp.01.1863204	22375
jp.01.1863692	22395
jp.01.1864539	22424
jp.01.1864542	22425
jp.01.1864548	22426
jp.01.1865293	22456
jp.01.1865365	22461
jp.01.1865696	22474
jp.01.7369797	22653
jp.01.7369798	22654
jp.01.7369799	22655
jp.01.7369800	22656
jp.01.7369801	22657
jp.01.7369802	22658
jp.01.9405857	23023
jp.02	21843
jp.02.1854681	22064
jp.02.1855401	22096
jp.02.2110459	22481
jp.02.2110504	22483
jp.02.2111153	22507
jp.02.2111935	22535
jp.02.2112235	22542
jp.02.2113122	22579
jp.02.2127468	22584
jp.02.2128783	22601
jp.02.2128864	22603
jp.02.2129593	22618
jp.02.2129594	22619
jp.02.7443147	22882
jp.02.7443149	22883
jp.02.7443155	22884
jp.02.7443156	22885
jp.02.7443160	22886
jp.02.9035660	23015
jp.03	21845
jp.03.2127674	22587
jp.03.2128134	22593
jp.03.2128302	22596
jp.03.2129089	22608
jp.03.2129224	22610
jp.03.2129393	22613
jp.03.2129525	22616
jp.03.2129754	22621
jp.03.2130056	22628
jp.03.2130088	22630
jp.03.2130200	22632
jp.03.2130225	22633
jp.03.2130654	22644
jp.03.7439929	22872
jp.03.7439934	22873
jp.03.7439937	22874
jp.03.7439944	22875
jp.03.8534376	23003
jp.04	21842
jp.04.1849185	21890
jp.04.1850520	21934
jp.04.1855071	22078
jp.04.1856183	22120
jp.04.1857552	22172
jp.04.1859468	22239
jp.04.1861964	22332
jp.04.1863711	22397
jp.04.1863903	22399
jp.04.1864901	22439
jp.04.2110578	22485
jp.04.2110747	22490
jp.04.2110773	22492
jp.04.2110982	22498
jp.04.2111017	22501
jp.04.2111171	22508
jp.04.2111211	22509
jp.04.2111215	22510
jp.04.2111683	22520
jp.04.2111686	22521
jp.04.2111854	22531
jp.04.2112318	22546
jp.04.2112330	22547
jp.04.2112386	22550
jp.04.2112445	22555
jp.04.2112557	22558
jp.04.2112602	22560
jp.04.2112631	22562
jp.04.2112663	22564
jp.04.2112994	22575
jp.04.2112997	22576
jp.04.2113012	22577
jp.04.2113074	22578
jp.04.2113162	22581
jp.04.7465520	22942
jp.04.7465521	22943
jp.04.7465522	22944
jp.04.7465523	22945
jp.04.7465524	22946
jp.04.7465528	22947
jp.04.8304237	22997
jp.04.8304238	22998
jp.04.9062338	23020
jp.05	21835
jp.05.10861187	23027
jp.05.1849041	21884
jp.05.1853240	22023
jp.05.1853424	22029
jp.05.1854782	22070
jp.05.1855138	22084
jp.05.1855422	22098
jp.05.1857121	22155
jp.05.1857456	22167
jp.05.1859256	22222
jp.05.1859338	22234
jp.05.1861141	22300
jp.05.1861143	22301
jp.05.1926017	22478
jp.05.1926135	22479
jp.05.6691620	22648
jp.05.6691622	22649
jp.05.7406319	22728
jp.06	21834
jp.06.1849587	21904
jp.06.1854517	22061
jp.06.1854843	22072
jp.06.1854875	22073
jp.06.1859762	22252
jp.06.1861716	22322
jp.06.1863982	22403
jp.06.7465770	22948
jp.06.7465771	22949
jp.06.7465772	22950
jp.06.7465773	22951
jp.06.7467384	22952
jp.06.7467385	22953
jp.06.7467386	22954
jp.06.7467387	22955
jp.06.8304246	22999
jp.07	21833
jp.07.12324191	23035
jp.07.1848086	21849
jp.07.1848572	21865
jp.07.1848578	21866
jp.07.1848579	21867
jp.07.1851268	21959
jp.07.1851269	21960
jp.07.1854000	22045
jp.07.1854055	22046
jp.07.1854081	22047
jp.07.1854385	22058
jp.07.1854627	22062
jp.07.1855902	22112
jp.07.1856443	22132
jp.07.1858087	22186
jp.07.1858305	22189
jp.07.1859090	22214
jp.07.1859306	22228
jp.07.1859874	22257
jp.07.1859888	22258
jp.07.1860814	22288
jp.07.1861834	22327
jp.07.1863955	22402
jp.07.1864394	22419
jp.07.1864573	22428
jp.07.1864588	22429
jp.07.1864591	22430
jp.07.1864660	22434
jp.07.7406948	22735
jp.07.7406949	22736
jp.07.7406950	22737
jp.07.7406951	22738
jp.07.7407411	22739
jp.07.7407412	22740
jp.07.7407413	22741
jp.07.7407415	22742
jp.07.7407416	22743
jp.07.7407417	22744
jp.07.7407420	22745
jp.07.9035649	23014
jp.08	21841
jp.08.1848677	21872
jp.08.1857203	22161
jp.08.1859317	22231
jp.08.1859662	22245
jp.08.1865633	22471
jp.08.2110839	22493
jp.08.2110958	22495
jp.08.2110975	22496
jp.08.2110976	22497
jp.08.2111029	22502
jp.08.2111613	22516
jp.08.2111654	22518
jp.08.2112139	22539
jp.08.2112535	22557
jp.08.2112921	22572
jp.08.2112978	22573
jp.08.2112979	22574
jp.08.2113158	22580
jp.08.7451488	22900
jp.08.7451501	22901
jp.08.7451502	22902
jp.08.7451503	22903
jp.08.7451504	22904
jp.08.7451517	22905
jp.08.9035647	23012
jp.08.9035648	23013
jp.09	21832
jp.09.1850200	21927
jp.09.1850890	21946
jp.09.1851192	21957
jp.09.1852765	22005
jp.09.1854700	22065
jp.09.1855750	22107
jp.09.1856506	22133
jp.09.1856666	22135
jp.09.1857051	22152
jp.09.1860188	22269
jp.09.1860193	22270
jp.09.1860326	22273
jp.09.1860734	22281
jp.09.1860766	22283
jp.09.1863084	22370
jp.09.1863085	22371
jp.09.1863639	22392
jp.09.1863645	22393
jp.09.1863710	22396
jp.09.1864208	22415
jp.09.1865323	22458
jp.09.7418819	22813
jp.09.7418820	22814
jp.09.7418821	22815
jp.09.7419031	22816
jp.09.7419032	22817
jp.09.7419033	22818
jp.09.7419034	22819
jp.09.7419035	22820
jp.09.7419036	22821
jp.10	21831
jp.10.1850090	21921
jp.10.1850653	21936
jp.10.1850994	21948
jp.10.1852593	21999
jp.10.1852846	22008
jp.10.1853626	22036
jp.10.1853946	22043
jp.10.1857842	22178
jp.10.1859339	22235
jp.10.1860108	22267
jp.10.1861435	22312
jp.10.7453747	22924
jp.10.7453748	22925
jp.10.7453835	22926
jp.10.7453836	22927
jp.10.7453839	22928
jp.10.7453841	22929
jp.10.7453843	22930
jp.10.7453849	22931
jp.11	21830
jp.11.1848699	21874
jp.11.1849812	21909
jp.11.1850858	21945
jp.11.1853661	22038
jp.11.1853990	22044
jp.11.1856691	22136
jp.11.1857327	22164
jp.11.1858288	22188
jp.11.1861022	22295
jp.11.1862412	22341
jp.11.1862821	22362
jp.11.1863017	22366
jp.11.1863914	22400
jp.11.1864151	22414
jp.11.1865442	22468
jp.11.7372274	22673
jp.11.7372275	22674
jp.11.7372276	22675
jp.11.8740425	23009
jp.12	21844
jp.12.11497558	23030
jp.12.11497755	23031
jp.12.2038726	22480
jp.12.2127415	22582
jp.12.2127440	22583
jp.12.2127513	22585
jp.12.2127544	22586
jp.12.2127730	22588
jp.12.2127732	22589
jp.12.2127817	22590
jp.12.2127895	22591
jp.12.2127954	22592
jp.12.2128201	22594
jp.12.2128291	22595
jp.12.2128378	22597
jp.12.2128405	22598
jp.12.2128418	22599
jp.12.2128570	22600
jp.12.2128812	22602
jp.12.2128892	22604
jp.12.2128971	22607
jp.12.2129098	22609
jp.12.2129370	22611
jp.12.2129373	22612
jp.12.2129532	22617
jp.12.2129597	22620
jp.12.2129758	22622
jp.12.2129763	22623
jp.12.2129779	22624
jp.12.2129864	22625
jp.12.2129869	22626
jp.12.2130044	22627
jp.12.2130058	22629
jp.12.2130184	22631
jp.12.2130287	22634
jp.12.2130304	22635
jp.12.2130331	22636
jp.12.2130385	22637
jp.12.2130402	22638
jp.12.2130419	22639
jp.12.2130449	22640
jp.12.2130533	22641
jp.12.2130609	22642
jp.12.2130628	22643
jp.12.2130704	22645
jp.12.2130724	22646
jp.12.2130736	22647
jp.12.7428076	22822
jp.12.7428077	22823
jp.12.7428078	22824
jp.12.7428079	22825
jp.12.7428080	22826
jp.12.7428081	22827
jp.12.7428082	22828
jp.12.7428083	22829
jp.12.7428084	22830
jp.12.7428085	22831
jp.12.7428086	22832
jp.12.7428087	22833
jp.12.7428088	22834
jp.12.7428089	22835
jp.12.7428090	22836
jp.12.7428091	22837
jp.12.7428092	22838
jp.12.7428093	22839
jp.12.7428094	22840
jp.12.7428095	22841
jp.12.7428096	22842
jp.12.7428097	22843
jp.12.7428098	22844
jp.12.7428099	22845
jp.12.7428100	22846
jp.12.7428101	22847
jp.12.7428102	22848
jp.12.7428103	22849
jp.12.7428104	22850
jp.12.7428105	22851
jp.12.7428106	22852
jp.12.7428107	22853
jp.12.7428108	22854
jp.12.7428109	22855
jp.12.7428110	22856
jp.12.7428111	22857
jp.12.7428112	22858
jp.12.7428113	22859
jp.12.7428114	22860
jp.12.7428115	22861
jp.12.7428116	22862
jp.12.7428117	22863
jp.12.7428118	22864
jp.12.7428119	22865
jp.12.7428120	22866
jp.12.7428121	22867
jp.12.7429513	22868
jp.12.7429514	22869
jp.12.7429515	22870
jp.12.7429516	22871
jp.12.8301405	22987
jp.12.9072585	23021
jp.13	21829
jp.13.11668516	23032
jp.13.1847945	21846
jp.13.1848845	21878
jp.13.1849826	21910
jp.13.1851005	21949
jp.13.1851011	21950
jp.13.1851159	21956
jp.13.1852830	22006
jp.13.1855132	22083
jp.13.1855204	22090
jp.13.1859161	22218
jp.13.1859671	22246
jp.13.1859755	22251
jp.13.1860701	22279
jp.13.1860702	22280
jp.13.1861308	22308
jp.13.1862022	22334
jp.13.1862625	22347
jp.13.1864981	22445
jp.13.1865383	22462
jp.13.1865406	22464
jp.13.1865409	22465
jp.13.1865470	22470
jp.13.7370808	22659
jp.13.7370809	22660
jp.13.7370810	22661
jp.13.7370811	22662
jp.13.7370812	22663
jp.13.7370813	22664
jp.13.7370814	22665
jp.13.7370815	22666
jp.13.7370816	22667
jp.13.7370817	22668
jp.13.7370818	22669
jp.13.7370819	22670
jp.13.7370820	22671
jp.13.7370821	22672
jp.14	21840
jp.14.1848088	21850
jp.14.1848093	21851
jp.14.1852162	21985
jp.14.1852883	22010
jp.14.1859082	22212
jp.14.2110701	22487
jp.14.2110728	22488
jp.14.2111256	22512
jp.14.2111741	22523
jp.14.2111742	22524
jp.14.2111899	22534
jp.14.2112115	22538
jp.14.2112231	22541
jp.14.2112334	22548
jp.14.2112342	22549
jp.14.2112399	22551
jp.14.2112616	22561
jp.14.2112704	22565
jp.14.2112705	22566
jp.14.2112766	22569
jp.14.6950859	22651
jp.14.7452677	22906
jp.14.7452678	22907
jp.14.7452680	22908
jp.14.7452799	22909
jp.14.7452800	22910
jp.14.7452801	22911
jp.14.7452802	22912
jp.14.7452804	22913
jp.14.7452805	22914
jp.14.7452807	22915
jp.14.7452808	22916
jp.14.7452809	22917
jp.14.7452810	22918
jp.14.8304033	22990
jp.14.8304034	22991
jp.14.8304035	22992
jp.14.8741149	23011
jp.14.9072668	23022
jp.15	21828
jp.15.1848973	21883
jp.15.1851337	21963
jp.15.1854977	22076
jp.15.1855000	22077
jp.15.1858904	22206
jp.15.1860240	22271
jp.15.1860811	22287
jp.15.1860845	22291
jp.15.1863340	22379
jp.15.7467838	22956
jp.15.7467839	22957
jp.15.7467840	22958
jp.15.7467879	22959
jp.15.7467880	22960
jp.15.7467881	22961
jp.15.7467882	22962
jp.16	21839
jp.16.11497023	23029
jp.16.2110604	22486
jp.16.2110732	22489
jp.16.2110852	22494
jp.16.2111005	22499
jp.16.2111528	22515
jp.16.2111833	22528
jp.16.2111883	22532
jp.16.2112223	22540
jp.16.2112264	22544
jp.16.2112424	22553
jp.16.2112441	22554
jp.16.2112655	22563
jp.16.2112822	22570
jp.16.2128940	22605
jp.16.2128941	22606
jp.16.2129400	22614
jp.16.2129423	22615
jp.16.7441804	22876
jp.16.7441805	22877
jp.16.7441806	22878
jp.16.7441808	22879
jp.16.7441816	22880
jp.16.7441817	22881
jp.17	21827
jp.17.1847982	21847
jp.17.1851095	21953
jp.17.1851654	21976
jp.17.1853186	22019
jp.17.1855768	22108
jp.17.1856906	22146
jp.17.1857664	22175
jp.17.1859337	22233
jp.17.1860119	22268
jp.17.1860835	22290
jp.17.7391347	22689
jp.17.7391348	22690
jp.17.9036694	23017
jp.18	21826
jp.18.1850587	21935
jp.18.1851576	21975
jp.18.1852587	21998
jp.18.1852852	22009
jp.18.1853737	22040
jp.18.1855201	22089
jp.18.1857710	22176
jp.18.1860823	22289
jp.18.1861090	22298
jp.18.1862007	22333
jp.18.1865399	22463
jp.18.1865649	22472
jp.18.1865650	22473
jp.18.7383987	22676
jp.18.7383988	22677
jp.18.7383990	22678
jp.18.7383991	22679
jp.18.7383992	22680
jp.18.7383993	22681
jp.18.7383994	22682
jp.18.7383995	22683
jp.18.7383996	22684
jp.18.7383997	22685
jp.18.7383998	22686
jp.18.7383999	22687
jp.18.8300556	22980
jp.18.8714932	23004
jp.19	21825
jp.19.1847999	21848
jp.19.1848308	21855
jp.19.1848350	21856
jp.19.1848595	21869
jp.19.1853293	22026
jp.19.1854744	22066
jp.19.1855966	22113
jp.19.1856849	22143
jp.19.1856851	22144
jp.19.1858593	22198
jp.19.1859635	22244
jp.19.1860670	22278
jp.19.1861448	22313
jp.19.1862461	22342
jp.19.1863429	22382
jp.19.1864091	22408
jp.19.1864622	22432
jp.19.1864864	22437
jp.19.1864928	22441
jp.19.1865009	22447
jp.19.1865011	22448
jp.19.7468160	22967
jp.19.7470888	22974
jp.19.7470889	22975
jp.19.7470890	22976
jp.20	21824
jp.20.1849927	21916
jp.20.1849928	21917
jp.20.1849939	21918
jp.20.1851029	21952
jp.20.1851387	21969
jp.20.1855637	22104
jp.20.1856197	22123
jp.20.1856389	22131
jp.20.1859127	22217
jp.20.1863048	22367
jp.20.1865426	22467
jp.20.1865443	22469
jp.20.1865726	22475
jp.20.7405897	22724
jp.20.7405898	22725
jp.20.7405899	22726
jp.20.7405900	22727
jp.21	21823
jp.21.1848441	21859
jp.21.1848443	21860
jp.21.1849062	21886
jp.21.1850743	21940
jp.21.1850744	21941
jp.21.1857206	22162
jp.21.1858418	22195
jp.21.1859488	22241
jp.21.1859490	22242
jp.21.1862350	22339
jp.21.1864973	22443
jp.21.1864975	22444
jp.21.1865168	22453
jp.21.1865358	22459
jp.21.1865360	22460
jp.21.7412705	22764
jp.21.7412706	22765
jp.21.7412708	22766
jp.21.7412709	22767
jp.21.7413150	22768
jp.21.7413151	22769
jp.21.7413152	22770
jp.21.7413153	22771
jp.22	21822
jp.22.1848224	21853
jp.22.1849362	21893
jp.22.1851574	21974
jp.22.1856196	22122
jp.22.1857764	22177
jp.22.1857906	22180
jp.22.1859202	22219
jp.22.1860633	22277
jp.22.1860951	22293
jp.22.1864008	22404
jp.22.1864872	22438
jp.22.7412122	22752
jp.22.7412123	22753
jp.22.7412124	22754
jp.22.7412125	22755
jp.22.7412197	22756
jp.22.7412198	22757
jp.22.7412199	22758
jp.22.7412200	22759
jp.22.7412201	22760
jp.22.7412210	22761
jp.23	21821
jp.23.1848370	21857
jp.23.1848873	21879
jp.23.1849544	21900
jp.23.1850342	21932
jp.23.1851345	21964
jp.23.1852464	21994
jp.23.1853513	22032
jp.23.1856290	22127
jp.23.1857355	22165
jp.23.1857496	22169
jp.23.1857965	22181
jp.23.1857966	22182
jp.23.1858408	22194
jp.23.1859297	22226
jp.23.1861434	22311
jp.23.1861901	22330
jp.23.7417702	22796
jp.23.7417703	22797
jp.23.7417704	22798
jp.23.7417710	22799
jp.23.7417711	22800
jp.24	21838
jp.24.12324190	23034
jp.24.2110755	22491
jp.24.2111014	22500
jp.24.2111045	22503
jp.24.2111130	22505
jp.24.2111147	22506
jp.24.2111817	22527
jp.24.2111889	22533
jp.24.2112074	22536
jp.24.2112092	22537
jp.24.2112261	22543
jp.24.2112306	22545
jp.24.2112525	22556
jp.24.2112574	22559
jp.24.7446984	22887
jp.24.7446985	22888
jp.24.7446986	22889
jp.24.7446987	22890
jp.24.7446988	22891
jp.24.7446990	22892
jp.24.7446991	22893
jp.24.7447001	22894
jp.24.8303940	22988
jp.24.8303941	22989
jp.25	21820
jp.25.1853223	22021
jp.25.1855094	22079
jp.25.1855473	22100
jp.25.1856706	22139
jp.25.1856774	22140
jp.25.1858035	22184
jp.25.1858599	22199
jp.25.1862036	22336
jp.25.1862717	22352
jp.25.1864313	22418
jp.25.7413964	22772
jp.25.7413965	22773
jp.25.7413967	22774
jp.25.7413968	22775
jp.25.7413970	22776
jp.26	21819
jp.26.10629642	23026
jp.26.1849427	21895
jp.26.1851356	21965
jp.26.1851362	21966
jp.26.1851367	21967
jp.26.1852001	21980
jp.26.1852186	21987
jp.26.1852253	21990
jp.26.1852309	21991
jp.26.1853055	22014
jp.26.1854184	22051
jp.26.1854378	22056
jp.26.1855829	22109
jp.26.1856209	22124
jp.26.1857141	22156
jp.26.1857516	22170
jp.26.1858856	22204
jp.26.1858938	22208
jp.26.1859278	22225
jp.26.1859364	22236
jp.26.1860414	22275
jp.26.1860552	22276
jp.26.1861606	22318
jp.26.1861837	22328
jp.26.1861858	22329
jp.26.1862841	22363
jp.26.1863187	22374
jp.26.1864555	22427
jp.26.1864613	22431
jp.26.7416552	22792
jp.26.7416554	22793
jp.26.7417078	22794
jp.26.7417079	22795
jp.27	21818
jp.27.1852895	22011
jp.27.1855163	22086
jp.27.1856152	22119
jp.27.1857159	22158
jp.27.1857466	22168
jp.27.1859301	22227
jp.27.1861758	22325
jp.27.1862734	22354
jp.27.7418804	22805
jp.27.7418805	22806
jp.27.7418806	22807
jp.27.7418807	22808
jp.27.7418808	22809
jp.27.7418809	22810
jp.27.7418810	22811
jp.27.7418811	22812
jp.27.8301120	22986
jp.28	21817
jp.28.1848164	21852
jp.28.1848592	21868
jp.28.1848602	21870
jp.28.1849448	21896
jp.28.1850395	21933
jp.28.1852501	21995
jp.28.1853062	22015
jp.28.1855604	22103
jp.28.1859955	22263
jp.28.1861747	22323
jp.28.1861748	22324
jp.28.1863538	22388
jp.28.1863590	22390
jp.28.7411375	22749
jp.28.7411376	22750
jp.28.7411377	22751
jp.28.7412211	22762
jp.28.7412212	22763
jp.28.9036699	23018
jp.29	21816
jp.29.1849786	21907
jp.29.1850218	21928
jp.29.1852604	22000
jp.29.1852957	22012
jp.29.1852981	22013
jp.29.1853313	22027
jp.29.1854443	22059
jp.29.1855274	22094
jp.29.1855427	22099
jp.29.1856195	22121
jp.29.1856876	22145
jp.29.1859323	22232
jp.29.1859907	22260
jp.29.1860308	22272
jp.29.1860992	22294
jp.29.1861238	22304
jp.29.1862804	22361
jp.29.1863539	22389
jp.29.1865200	22455
jp.29.7468155	22963
jp.29.7468157	22964
jp.29.7468158	22965
jp.29.7468159	22966
jp.29.7468177	22968
jp.29.7468178	22969
jp.29.7468179	22970
jp.29.7468180	22971
jp.29.7468181	22972
jp.29.7468182	22973
jp.30	21815
jp.30.1849092	21887
jp.30.1849160	21888
jp.30.1849659	21905
jp.30.1850823	21943
jp.30.1853234	22022
jp.30.1854480	22060
jp.30.1855742	22106
jp.30.1858008	22183
jp.30.1859233	22221
jp.30.1862367	22340
jp.30.1864667	22435
jp.30.7279571	22652
jp.30.7414041	22777
jp.30.7414042	22778
jp.30.7414050	22779
jp.30.7414051	22780
jp.30.8739980	23006
jp.31	21814
jp.31.1849518	21898
jp.31.1849672	21906
jp.31.1850139	21923
jp.31.1850741	21939
jp.31.1851133	21955
jp.31.1854380	22057
jp.31.1854770	22068
jp.31.1857232	22163
jp.31.1858309	22190
jp.31.1858395	22193
jp.31.1859776	22254
jp.31.1859989	22264
jp.31.1864698	22436
jp.31.1865049	22449
jp.31.7405219	22713
jp.31.7405220	22714
jp.31.7405221	22715
jp.31.7405222	22716
jp.31.7405223	22717
jp.31.7405224	22718
jp.31.7405225	22719
jp.31.7405226	22720
jp.31.7405227	22721
jp.31.7405228	22722
jp.31.7405229	22723
jp.32	21812
jp.32.1848519	21863
jp.32.1850033	21919
jp.32.1850907	21947
jp.32.1851123	21954
jp.32.1851482	21972
jp.32.1852523	21996
jp.32.1852642	22001
jp.32.1852716	22004
jp.32.1853167	22017
jp.32.1853897	22042
jp.32.1855493	22101
jp.32.1856974	22149
jp.32.1857043	22151
jp.32.1857170	22160
jp.32.1857563	22173
jp.32.1859382	22238
jp.32.1859747	22249
jp.32.1859848	22256
jp.32.1859912	22261
jp.32.1860764	22282
jp.32.1860870	22292
jp.32.1861089	22297
jp.32.1861094	22299
jp.32.1861785	22326
jp.32.1862032	22335
jp.32.1862538	22343
jp.32.1862751	22355
jp.32.1863185	22373
jp.32.1863476	22384
jp.32.1864125	22411
jp.32.1864413	22420
jp.32.7391698	22697
jp.32.7391699	22698
jp.32.7391700	22699
jp.32.7391701	22700
jp.32.7391703	22701
jp.32.8300631	22982
jp.32.8714934	23005
jp.33	21811
jp.33.1849903	21915
jp.33.1850771	21942
jp.33.1850832	21944
jp.33.1853274	22025
jp.33.1854650	22063
jp.33.1855238	22092
jp.33.1856784	22141
jp.33.1859936	22262
jp.33.1862779	22359
jp.33.7391354	22691
jp.33.7391355	22692
jp.33.7391356	22693
jp.33.7391357	22694
jp.33.7391358	22695
jp.33.7391363	22696
jp.33.8300623	22981
jp.34	21810
jp.34.10942180	23028
jp.34.11668552	23033
jp.34.1848902	21880
jp.34.1848915	21881
jp.34.1849187	21891
jp.34.1849586	21903
jp.34.1850180	21925
jp.34.1850300	21931
jp.34.1851882	21978
jp.34.1852833	22007
jp.34.1853207	22020
jp.34.1854369	22054
jp.34.1855405	22097
jp.34.1856987	22150
jp.34.1857143	22157
jp.34.1858728	22201
jp.34.1859316	22230
jp.34.1859369	22237
jp.34.1859584	22243
jp.34.1859726	22247
jp.34.1859739	22248
jp.34.1861469	22314
jp.34.1861470	22315
jp.34.1862192	22337
jp.34.1862655	22349
jp.34.1862777	22358
jp.34.1863058	22368
jp.34.1863182	22372
jp.34.1863481	22385
jp.34.1864030	22405
jp.34.1864112	22410
jp.34.1864636	22433
jp.34.1865056	22450
jp.34.7458572	22932
jp.34.7458573	22933
jp.34.7464121	22934
jp.34.7464122	22935
jp.34.7464123	22936
jp.34.7464124	22937
jp.34.7464125	22938
jp.34.7464126	22939
jp.34.7464127	22940
jp.34.7464128	22941
jp.34.8304212	22993
jp.34.8304213	22994
jp.34.8304214	22995
jp.34.8304215	22996
jp.34.9881554	23024
jp.35	21809
jp.35.1848489	21862
jp.35.1853408	22028
jp.35.1853552	22034
jp.35.1854152	22048
jp.35.1856237	22126
jp.35.1856568	22134
jp.35.1858063	22185
jp.35.1858739	22202
jp.35.1858984	22211
jp.35.1862635	22348
jp.35.1863686	22394
jp.35.1864254	22417
jp.35.6822197	22650
jp.35.7394802	22711
jp.35.7394806	22712
jp.35.8740424	23008
jp.36	21808
jp.36.1854361	22053
jp.36.1854750	22067
jp.36.1854781	22069
jp.36.1857549	22171
jp.36.1857590	22174
jp.36.1861082	22296
jp.36.1863308	22378
jp.36.1863519	22386
jp.36.7392547	22704
jp.36.7392548	22705
jp.36.7392549	22706
jp.36.7392557	22707
jp.36.7392558	22708
jp.37	21807
jp.37.1848772	21875
jp.37.1851274	21961
jp.37.1851376	21968
jp.37.1851401	21970
jp.37.1851714	21977
jp.37.1852349	21992
jp.37.1854181	22050
jp.37.1854900	22074
jp.37.1856971	22148
jp.37.1859485	22240
jp.37.1860327	22274
jp.37.1861167	22302
jp.37.1863288	22377
jp.37.1863397	22380
jp.37.1863526	22387
jp.37.1863944	22401
jp.37.1864089	22407
jp.37.1864104	22409
jp.37.1864131	22412
jp.37.1864943	22442
jp.37.7418312	22801
jp.37.7418320	22802
jp.37.7418321	22803
jp.37.7418322	22804
jp.37.8301106	22983
jp.37.8301107	22984
jp.37.8301108	22985
jp.37.9036693	23016
jp.38	21806
jp.38.1848775	21876
jp.38.1849052	21885
jp.38.1851957	21979
jp.38.1852170	21986
jp.38.1853473	22030
jp.38.1859750	22250
jp.38.1860097	22266
jp.38.1861696	22321
jp.38.1865004	22446
jp.38.2111324	22513
jp.38.2111674	22519
jp.38.2111835	22529
jp.38.2112845	22571
jp.38.7453512	22919
jp.38.7453513	22920
jp.38.7453516	22921
jp.38.7453517	22922
jp.38.7453590	22923
jp.38.8739981	23007
jp.39	21805
jp.39.10172903	23025
jp.39.1850156	21924
jp.39.1856299	22128
jp.39.1856695	22137
jp.39.1858900	22205
jp.39.1859771	22253
jp.39.1860803	22286
jp.39.1861303	22307
jp.39.1864902	22440
jp.39.1865306	22457
jp.39.7406321	22729
jp.39.7406322	22730
jp.39.7406323	22731
jp.39.7406324	22732
jp.39.7406325	22733
jp.39.7406326	22734
jp.40	21804
jp.40.1850731	21938
jp.40.1851306	21962
jp.40.1851451	21971
jp.40.1851510	21973
jp.40.1852083	21982
jp.40.1852140	21984
jp.40.1852582	21997
jp.40.1852675	22003
jp.40.1853655	22037
jp.40.1853724	22039
jp.40.1854160	22049
jp.40.1855156	22085
jp.40.1855502	22102
jp.40.1855848	22110
jp.40.1856366	22129
jp.40.1856368	22130
jp.40.1856786	22142
jp.40.1856942	22147
jp.40.1857091	22154
jp.40.1857420	22166
jp.40.1857869	22179
jp.40.1858346	22191
jp.40.1858665	22200
jp.40.1858941	22209
jp.40.1858962	22210
jp.40.1859087	22213
jp.40.1859115	22216
jp.40.1859211	22220
jp.40.1859308	22229
jp.40.1859779	22255
jp.40.1861322	22309
jp.40.1861634	22319
jp.40.1862576	22344
jp.40.1862703	22351
jp.40.1862768	22357
jp.40.1862785	22360
jp.40.1863251	22376
jp.40.1863453	22383
jp.40.1863780	22398
jp.40.1864148	22413
jp.40.1864242	22416
jp.40.1864487	22421
jp.40.1864514	22422
jp.40.1864529	22423
jp.40.1865187	22454
jp.40.1865425	22466
jp.40.1865750	22476
jp.40.2111520	22514
jp.40.7475133	22977
jp.40.7475134	22978
jp.40.7475135	22979
jp.40.8304374	23000
jp.40.8304375	23001
jp.40.8304376	23002
jp.41	21803
jp.41.1848276	21854
jp.41.1848416	21858
jp.41.1849887	21914
jp.41.1850247	21930
jp.41.1853173	22018
jp.41.1853248	22024
jp.41.1862590	22345
jp.41.7392255	22702
jp.41.7392260	22703
jp.42	21802
jp.42.1849235	21892
jp.42.1849870	21913
jp.42.1850038	21920
jp.42.1851028	21951
jp.42.1852239	21989
jp.42.1853505	22031
jp.42.1855693	22105
jp.42.1855873	22111
jp.42.1858253	22187
jp.42.1861653	22320
jp.42.1862610	22346
jp.42.7391183	22688
jp.43	21801
jp.43.1848936	21882
jp.43.1850706	21937
jp.43.1852105	21983
jp.43.1855225	22091
jp.43.1860774	22284
jp.43.1860782	22285
jp.43.1861287	22306
jp.43.1862767	22356
jp.43.1862875	22364
jp.43.1863079	22369
jp.43.1865121	22451
jp.43.1865123	22452
jp.43.7411112	22746
jp.43.7411113	22747
jp.43.7411114	22748
jp.44	21837
jp.44.1849562	21902
jp.44.1853136	22016
jp.44.1855187	22088
jp.44.1862730	22353
jp.44.2110496	22482
jp.44.2110552	22484
jp.44.2111061	22504
jp.44.2111245	22511
jp.44.2111620	22517
jp.44.2111692	22522
jp.44.2111778	22525
jp.44.2111805	22526
jp.44.2111850	22530
jp.44.2112407	22552
jp.44.2112756	22567
jp.44.2112760	22568
jp.44.7450014	22895
jp.44.7450018	22896
jp.44.7450462	22897
jp.44.7450463	22898
jp.44.7450466	22899
jp.45	21800
jp.45.1848548	21864
jp.45.1848678	21873
jp.45.1849494	21897
jp.45.1852222	21988
jp.45.1853738	22041
jp.45.1856090	22118
jp.45.1857072	22153
jp.45.1858484	22196
jp.45.1858497	22197
jp.45.1861209	22303
jp.45.1862301	22338
jp.45.1862667	22350
jp.45.1863413	22381
jp.45.1865762	22477
jp.45.7392999	22709
jp.45.7393001	22710
jp.45.8740711	23010
jp.46	21799
jp.46.1848648	21871
jp.46.1849406	21894
jp.46.1849556	21901
jp.46.1853562	22035
jp.46.1855121	22082
jp.46.1855362	22095
jp.46.1857168	22159
jp.46.1859096	22215
jp.46.1859260	22223
jp.46.1864076	22406
jp.46.7415908	22785
jp.46.7415909	22786
jp.46.7415914	22787
jp.46.7415915	22788
jp.46.7415916	22789
jp.46.7415917	22790
jp.46.7415926	22791
jp.46.9062326	23019
jp.47	21813
jp.47.1848816	21877
jp.47.1849184	21889
jp.47.1850107	21922
jp.47.1852456	21993
jp.47.1854344	22052
jp.47.1855990	22114
jp.47.1856030	22115
jp.47.1856061	22117
jp.47.1858371	22192
jp.47.1861279	22305
jp.47.1861412	22310
jp.47.1863626	22391
jp.47.7415817	22781
jp.47.7415819	22782
jp.47.7415820	22783
jp.47.7415821	22784
ke-01	23066
ke-02	23077
ke-03	23065
ke-04	23064
ke-05	23072
ke-06	23063
ke-07	23062
ke-08	23076
ke-09	23061
ke-10	23074
ke-11	23060
ke-12	23059
ke-13	23058
ke-14	23057
ke-15	23056
ke-16	23055
ke-17	23054
ke-18	23053
ke-19	23052
ke-20	23051
ke-21	23083
ke-22	23070
ke-23	23071
ke-24	23050
ke-25	23049
ke-26	23048
ke-27	23078
ke-28	23047
ke-29	23046
ke-30	23045
ke-31	23079
ke-32	23084
ke-33	23080
ke-34	23081
ke-35	23067
ke-36	23075
ke-37	23044
ke-38	23043
ke-39	23073
ke-40	23042
ke-41	23041
ke-42	23040
ke-43	23039
ke-44	23038
ke-45	23068
ke-46	23037
ke-47	23036
ke.05	23045
ke.05.7667649	23092
ke.10	23066
ke.11	23077
ke.12	23065
ke.13	23064
ke.13.7602535	23088
ke.14	23072
ke.15	23063
ke.15.7667992	23097
ke.16	23062
ke.16.8299464	23107
ke.17	23076
ke.17.7800141	23102
ke.17.7802748	23103
ke.18	23061
ke.18.7667663	23093
ke.19	23074
ke.19.11258224	23113
ke.20	23060
ke.20.7667626	23089
ke.20.7667629	23090
ke.21	23059
ke.22	23058
ke.22.179328	23085
ke.22.8693007	23108
ke.23	23057
ke.23.7667639	23091
ke.23.7667674	23096
ke.24	23056
ke.25	23055
ke.25.7667668	23094
ke.25.8051335	23105
ke.26	23054
ke.26.7602531	23087
ke.27	23053
ke.27.11170827	23110
ke.27.7667670	23095
ke.28	23052
ke.29	23051
ke.30	23069
ke.30.189739	23083
ke.31	23070
ke.31.187246	23086
ke.32	23071
ke.33	23050
ke.34	23049
ke.34.7733024	23100
ke.34.8298605	23106
ke.35	23048
ke.35.11258464	23114
ke.35.8693009	23109
ke.36	23078
ke.36.7909895	23104
ke.37	23047
ke.38	23046
ke.38.7669154	23099
ke.39	23079
ke.40	23082
ke.40.7602644	23084
ke.41	23080
ke.41.11257923	23112
ke.42	23081
ke.43	23067
ke.44	23075
ke.45	23044
ke.46	23043
ke.47	23073
ke.48	23042
ke.49	23041
ke.49.7733025	23101
ke.50	23040
ke.51	23039
ke.52	23038
ke.53	23068
ke.53.11239665	23111
ke.54	23037
ke.55	23036
ke.55.7668897	23098
kg-b	23116
kg-c	23122
kg-gb	23120
kg-go	23123
kg-j	23121
kg-n	23118
kg-o	23115
kg-t	23117
kg-y	23119
kg.01	23120
kg.01.1527315	23129
kg.01.1527506	23131
kg.01.1527686	23133
kg.01.8220960	23151
kg.02	23122
kg.02.10291336	23168
kg.02.1527358	23130
kg.02.1527509	23132
kg.02.1527974	23136
kg.02.1528261	23137
kg.02.1528472	23138
kg.02.1528867	23139
kg.02.7667441	23142
kg.02.8739737	23155
kg.03	23121
kg.03.1527194	23127
kg.03.7910407	23147
kg.03.8139375	23149
kg.03.8139376	23150
kg.03.9165680	23158
kg.03.9165682	23159
kg.03.9165683	23160
kg.03.9165780	23164
kg.04	23118
kg.04.10237161	23167
kg.04.7649245	23140
kg.04.7654212	23141
kg.04.9165773	23162
kg.04.9165774	23163
kg.06	23117
kg.06.1527296	23128
kg.06.1527687	23134
kg.06.1527920	23135
kg.06.9165692	23161
kg.07	23119
kg.07.10237012	23166
kg.07.8046904	23148
kg.07.8308862	23152
kg.07.8357767	23153
kg.07.8537999	23154
kg.08	23115
kg.08.7667445	23143
kg.08.7910403	23144
kg.08.7910404	23145
kg.08.7910405	23146
kg.08.8739771	23156
kg.08.9165129	23157
kg.08.9192641	23165
kg.09	23116
kg.09.1222597	23124
kg.09.1222671	23125
kg.09.1222703	23126
kg.10	23123
kh-1	23192
kh-10	23182
kh-11	23181
kh-12	23179
kh-13	23178
kh-14	23177
kh-15	23169
kh-16	23176
kh-17	23175
kh-18	23191
kh-19	23173
kh-2	23170
kh-20	23172
kh-21	23171
kh-22	23174
kh-23	23183
kh-24	23180
kh-25	23193
kh-3	23190
kh-4	23189
kh-5	23188
kh-6	23187
kh-7	23186
kh-8	23185
kh-9	23184
kh.02	23190
kh.02.0301	23247
kh.02.0302	23321
kh.02.0303	23223
kh.02.0305	23227
kh.02.0306	23322
kh.02.0307	23323
kh.02.0308	23324
kh.02.0313	23325
kh.02.0314	23326
kh.02.0315	23327
kh.03	23189
kh.03.0401	23220
kh.03.0402	23279
kh.03.0403	23213
kh.03.0404	23328
kh.03.0405	23329
kh.03.0406	23221
kh.03.0407	23280
kh.03.0408	23330
kh.04	23188
kh.04.0501	23277
kh.04.0502	23278
kh.04.0503	23204
kh.04.0504	23331
kh.04.0505	23201
kh.04.0506	23332
kh.04.0507	23333
kh.04.0508	23334
kh.05	23187
kh.05.0601	23224
kh.05.0602	23208
kh.05.0603	23214
kh.05.0604	23232
kh.05.0605	23308
kh.05.0606	23335
kh.05.0607	23225
kh.05.0608	23196
kh.07	23185
kh.07.0801	23207
kh.07.0802	23337
kh.07.0803	23288
kh.07.0804	23336
kh.07.0805	23338
kh.07.0806	23339
kh.07.0807	23340
kh.07.0808	23385
kh.07.0809	23341
kh.07.0810	23342
kh.07.0811	23289
kh.08	23184
kh.08.0901	23210
kh.08.0902	23344
kh.08.0903	23205
kh.08.0904	23274
kh.08.0905	23275
kh.08.0906	23310
kh.08.0907	23345
kh.09	23182
kh.09.1001	23346
kh.09.1002	23222
kh.09.1003	23347
kh.09.1004	23348
kh.09.1005	23349
kh.09.1006	23271
kh.10	23181
kh.10.1101	23268
kh.10.1102	23350
kh.10.1103	23351
kh.10.1104	23269
kh.10.1105	23270
kh.12	23169
kh.12.1501	23217
kh.12.1502	23272
kh.12.1503	23219
kh.12.1504	23363
kh.12.1505	23218
kh.12.1506	23273
kh.13	23178
kh.13.1301	23256
kh.13.1302	23209
kh.13.1303	23354
kh.13.1304	23257
kh.13.1305	23199
kh.13.1306	23233
kh.13.1307	23258
kh.13.1308	23259
kh.14	23177
kh.14.1401	23355
kh.14.1402	23356
kh.14.1403	23357
kh.14.1404	23358
kh.14.1405	23299
kh.14.1406	23360
kh.14.1407	23361
kh.14.1408	23359
kh.14.1409	23300
kh.14.1410	23384
kh.14.1411	23301
kh.14.1412	23362
kh.14.1413	23302
kh.17	23173
kh.17.1901	23260
kh.17.1902	23371
kh.17.1903	23372
kh.17.1904	23228
kh.17.1905	23373
kh.18	23172
kh.18.2001	23374
kh.18.2002	23382
kh.18.2003	23376
kh.18.2004	23375
kh.18.2005	23234
kh.18.2006	23386
kh.18.2007	23383
kh.18.2008	23303
kh.19	23171
kh.19.2101	23281
kh.19.2102	23377
kh.19.2103	23282
kh.19.2104	23378
kh.19.2105	23206
kh.19.2106	23379
kh.19.2107	23198
kh.19.2108	23283
kh.19.2109	23380
kh.19.2110	23381
kh.21	23186
kh.21.0701	23316
kh.21.0702	23315
kh.21.0703	23317
kh.21.0704	23285
kh.21.0705	23286
kh.21.0706	23314
kh.21.0707	23287
kh.21.0708	23313
kh.22	23179
kh.22.1201	23294
kh.22.1202	23291
kh.22.1203	23293
kh.22.1204	23292
kh.22.1205	23298
kh.22.1206	23296
kh.22.1207	23290
kh.22.1208	23295
kh.22.1209	23297
kh.22.1210	23389
kh.22.1211	23390
kh.22.1212	23391
kh.22.1213	23392
kh.22.1214	23388
kh.23	23176
kh.23.1601	23261
kh.23.1602	23262
kh.23.1603	23263
kh.23.1604	23264
kh.23.1605	23364
kh.23.1606	23265
kh.23.1607	23266
kh.23.1608	23267
kh.23.1609	23365
kh.24	23175
kh.24.1701	23229
kh.24.1702	23307
kh.24.1703	23366
kh.24.1704	23367
kh.24.1706	23368
kh.24.1707	23200
kh.24.1709	23253
kh.24.1710	23226
kh.24.1711	23369
kh.24.1712	23370
kh.24.1713	23231
kh.24.1714	23230
kh.25	23192
kh.25.0102	23318
kh.25.0103	23319
kh.25.0104	23320
kh.25.0105	23309
kh.25.0106	23311
kh.25.0107	23194
kh.25.0108	23235
kh.25.0109	23236
kh.25.0110	23252
kh.26	23183
kh.26.2301	23284
kh.26.2302	23387
kh.27	23174
kh.27.2201	23254
kh.27.2202	23212
kh.27.2203	23352
kh.27.2204	23197
kh.27.2205	23255
kh.28	23191
kh.28.1801	23312
kh.28.1802	23353
kh.28.1803	23276
kh.28.1804	23343
kh.29	23170
kh.29.0201	23304
kh.29.0202	23237
kh.29.0203	23211
kh.29.0204	23238
kh.29.0205	23305
kh.29.0206	23216
kh.29.0207	23239
kh.29.0208	23215
kh.29.0209	23240
kh.29.0210	23241
kh.29.0211	23306
kh.29.0212	23242
kh.29.0213	23243
kh.29.0214	23244
kh.30	23180
kh.30.2401	23246
kh.30.2402	23245
kh.31	23193
kh.31.2501	23248
kh.31.2502	23203
kh.31.2503	23202
kh.31.2504	23249
kh.31.2505	23250
kh.31.2506	23251
kh.31.2507	23195
ki-g	23393
ki-l	23394
ki-p	23395
ki.01	23393
ki.01.ag	23396
ki.01.ak	23398
ki.01.am	23397
ki.01.ao	23399
ki.01.ba	23400
ki.01.be	23401
ki.01.bt	23403
ki.01.ku	23409
ki.01.me	23414
ki.01.mi	23410
ki.01.mn	23411
ki.01.ni	23417
ki.01.no	23418
ki.01.on	23419
ki.01.tm	23425
ki.01.tr	23423
ki.01.tw	23426
ki.02	23394
ki.02.ca	23404
ki.02.fl	23406
ki.02.kt	23408
ki.02.ml	23412
ki.02.sb	23422
ki.02.te	23427
ki.02.tu	23424
ki.02.vo	23428
ki.03	23395
ki.03.bi	23402
ki.03.en	23405
ki.03.ka	23407
ki.03.ma	23413
ki.03.mk	23415
ki.03.nk	23416
ki.03.or	23420
ki.03.ra	23421
km-a	23431
km-g	23430
km-m	23429
km.01	23431
km.02	23430
km.03	23429
kn-01	23445
kn-02	23444
kn-03	23443
kn-04	23442
kn-05	23441
kn-06	23440
kn-07	23439
kn-08	23438
kn-09	23437
kn-10	23436
kn-11	23435
kn-12	23434
kn-13	23433
kn-15	23432
kn-k	23446
kn-n	23447
kn.01	23445
kn.02	23444
kn.03	23443
kn.04	23442
kn.05	23441
kn.06	23440
kn.07	23439
kn.08	23438
kn.09	23437
kn.10	23436
kn.11	23435
kn.12	23434
kn.13	23433
kn.15	23432
kp-01	23448
kp-02	23449
kp-03	23450
kp-04	23457
kp-05	23452
kp-06	23453
kp-07	23451
kp-08	23454
kp-09	23456
kp-10	23455
kp-13	23458
kp-14	23459
kp-15	23460
kp.01	23457
kp.01.2039045	23585
kp.01.2039456	23587
kp.01.2039499	23588
kp.01.2039727	23593
kp.01.2040482	23600
kp.01.2040630	23601
kp.01.2041138	23606
kp.01.2042491	23621
kp.01.2042891	23626
kp.01.2043336	23628
kp.01.2043568	23633
kp.01.2043879	23636
kp.01.2044013	23638
kp.01.2044491	23643
kp.01.2044602	23644
kp.01.2044803	23647
kp.01.2045006	23648
kp.01.2045178	23651
kp.03	23454
kp.03.12902802	23659
kp.03.1866638	23473
kp.03.1873885	23531
kp.03.1875280	23540
kp.03.1875589	23544
kp.03.1877442	23562
kp.03.1877447	23563
kp.03.1878321	23570
kp.03.2039115	23586
kp.03.2039905	23595
kp.03.2040063	23596
kp.03.2040953	23604
kp.03.2041012	23605
kp.03.2041812	23615
kp.03.2041826	23616
kp.03.2043679	23634
kp.03.2044051	23640
kp.03.2044126	23642
kp.03.2045125	23650
kp.03.6258675	23655
kp.06	23452
kp.06.1866571	23470
kp.06.1867379	23478
kp.06.1867428	23479
kp.06.1868579	23484
kp.06.1869582	23497
kp.06.1870278	23502
kp.06.1870659	23505
kp.06.1871541	23510
kp.06.1871938	23517
kp.06.1871968	23518
kp.06.1873016	23527
kp.06.1873174	23528
kp.06.1875061	23538
kp.06.1876125	23549
kp.06.1876380	23553
kp.06.1877609	23564
kp.06.1878459	23573
kp.06.1879031	23575
kp.06.1879491	23578
kp.06.1879681	23581
kp.06.8594115	23657
kp.07	23453
kp.07.1865966	23464
kp.07.1865975	23465
kp.07.1867256	23476
kp.07.1867627	23480
kp.07.1868997	23489
kp.07.1869140	23493
kp.07.1869433	23496
kp.07.1870041	23500
kp.07.1870370	23503
kp.07.1870544	23504
kp.07.1870881	23507
kp.07.1870984	23508
kp.07.1871875	23514
kp.07.1872337	23522
kp.07.1875414	23542
kp.07.1875793	23547
kp.07.1876510	23555
kp.07.1876874	23559
kp.07.1877875	23567
kp.09	23451
kp.09.1866905	23475
kp.09.1867930	23483
kp.09.1870827	23506
kp.09.1871928	23515
kp.09.1872294	23521
kp.09.1872704	23525
kp.09.1874228	23533
kp.09.1875385	23541
kp.09.1875619	23545
kp.09.1875637	23546
kp.09.1875980	23548
kp.09.1876674	23556
kp.09.1877150	23560
kp.09.1878166	23568
kp.09.1878230	23569
kp.09.1879312	23577
kp.09.1879673	23580
kp.11	23450
kp.11.1865779	23461
kp.11.1866454	23469
kp.11.1866590	23471
kp.11.1867275	23477
kp.11.1867778	23481
kp.11.1868849	23488
kp.11.1869746	23499
kp.11.1872626	23523
kp.11.1872819	23526
kp.11.1875055	23537
kp.11.1875101	23539
kp.11.1875509	23543
kp.11.1876770	23558
kp.11.1878391	23572
kp.11.1878581	23574
kp.11.2039522	23589
kp.11.2039624	23592
kp.11.2039860	23594
kp.11.2040192	23599
kp.11.2040892	23603
kp.11.2041535	23609
kp.11.2041678	23611
kp.11.2044670	23645
kp.11.2045038	23649
kp.11.6279118	23656
kp.12	23448
kp.12.11791938	23658
kp.12.1866090	23467
kp.12.1866614	23472
kp.12.1867918	23482
kp.12.1868593	23485
kp.12.1868813	23487
kp.12.1869019	23491
kp.12.1869227	23494
kp.12.1869345	23495
kp.12.1871416	23509
kp.12.1871810	23511
kp.12.1871937	23516
kp.12.1872260	23520
kp.12.1873641	23530
kp.12.1874339	23534
kp.12.1874534	23535
kp.12.1876132	23550
kp.12.1876156	23551
kp.12.1876737	23557
kp.12.1877859	23566
kp.13	23455
kp.13.2039548	23590
kp.13.2040183	23598
kp.13.2041411	23607
kp.13.2041443	23608
kp.13.2041726	23613
kp.13.2041732	23614
kp.13.2041997	23617
kp.13.2042211	23618
kp.13.2043475	23629
kp.13.2043532	23632
kp.13.2043834	23635
kp.13.2044027	23639
kp.14	23459
kp.14.12902805	23661
kp.14.1883585	23582
kp.14.1883586	23583
kp.15	23449
kp.15.12902804	23660
kp.15.1865781	23462
kp.15.1865786	23463
kp.15.1866047	23466
kp.15.1866367	23468
kp.15.1866790	23474
kp.15.1868812	23486
kp.15.1869013	23490
kp.15.1869039	23492
kp.15.1869676	23498
kp.15.1870271	23501
kp.15.1871865	23512
kp.15.1871869	23513
kp.15.1872201	23519
kp.15.1873193	23529
kp.15.1874222	23532
kp.15.1874668	23536
kp.15.1876403	23554
kp.15.1877192	23561
kp.15.1877796	23565
kp.15.1878380	23571
kp.15.1879614	23579
kp.15.2040178	23597
kp.15.6258672	23652
kp.15.6258673	23653
kp.15.6258674	23654
kp.17	23456
kp.17.2038910	23584
kp.17.2039588	23591
kp.17.2041593	23610
kp.17.2041700	23612
kp.17.2042256	23619
kp.17.2042268	23620
kp.17.2042710	23623
kp.17.2042719	23624
kp.17.2042740	23625
kp.17.2042989	23627
kp.17.2043476	23630
kp.17.2043486	23631
kp.17.2043963	23637
kp.17.2044094	23641
kp.17.2044754	23646
kp.18	23458
kp.18.2040675	23602
kp.18.2042641	23622
kp.19	23460
kp.19.1872688	23524
kp.19.1876370	23552
kp.19.1879105	23576
kr-11	23665
kr-26	23666
kr-27	23664
kr-28	23671
kr-29	23669
kr-30	23663
kr-31	23662
kr-41	23668
kr-42	23670
kr-43	23673
kr-44	23672
kr-45	23675
kr-46	23674
kr-47	23667
kr-48	23677
kr-49	23676
kr-50	23678
kr.01	23676
kr.01.39010	23825
kr.01.39020	23730
kr.03	23675
kr.03.35010	23812
kr.03.35020	23769
kr.03.35030	23793
kr.03.35040	23814
kr.03.35050	23753
kr.03.35060	23772
kr.03.35310	23895
kr.03.35320	23823
kr.03.35330	23756
kr.03.35340	23828
kr.03.35350	23792
kr.03.35360	23723
kr.03.35370	23784
kr.03.35380	23742
kr.05	23673
kr.05.33010	23817
kr.05.33020	23807
kr.05.33030	23826
kr.05.33320	23743
kr.05.33330	23750
kr.05.33340	23684
kr.05.33350	23822
kr.05.33360	23782
kr.05.33370	23702
kr.05.33380	23716
kr.05.33390	23865
kr.06	23670
kr.06.32010	23810
kr.06.32020	23698
kr.06.32030	23787
kr.06.32040	23711
kr.06.32050	23847
kr.06.32060	23729
kr.06.32070	23894
kr.06.32310	23797
kr.06.32320	23798
kr.06.32330	23679
kr.06.32340	23739
kr.06.32350	23815
kr.06.32360	23811
kr.06.32370	23846
kr.06.32380	23697
kr.06.32390	23791
kr.06.32400	23775
kr.06.32410	23694
kr.10	23666
kr.10.21010	23809
kr.10.21020	23731
kr.10.21030	23712
kr.10.21040	23686
kr.10.21050	23898
kr.10.21060	23709
kr.10.21070	23906
kr.10.21080	23905
kr.10.21090	23884
kr.10.21100	23836
kr.10.21110	23886
kr.10.21120	23885
kr.10.21130	23883
kr.10.21140	23889
kr.10.21150	23882
kr.10.21310	23887
kr.11	23665
kr.11.11010	23816
kr.11.11020	23808
kr.11.11030	23680
kr.11.11040	23837
kr.11.11050	23838
kr.11.11060	23714
kr.11.11070	23839
kr.11.11080	23841
kr.11.11090	23728
kr.11.11100	23715
kr.11.11110	23840
kr.11.11120	23701
kr.11.11130	23732
kr.11.11140	23760
kr.11.11150	23842
kr.11.11160	23786
kr.11.11170	23767
kr.11.11180	23843
kr.11.11190	23683
kr.11.11200	23710
kr.11.11210	23765
kr.11.11220	23844
kr.11.11230	23788
kr.11.11240	23845
kr.11.11250	23727
kr.12	23671
kr.12.23010	23899
kr.12.23020	23862
kr.12.23030	23900
kr.12.23040	23861
kr.12.23050	23860
kr.12.23060	23859
kr.12.23070	23858
kr.12.23080	23857
kr.12.23310	23790
kr.12.23320	23888
kr.13	23668
kr.13.31010	23721
kr.13.31020	23725
kr.13.31030	23708
kr.13.31040	23833
kr.13.31050	23741
kr.13.31060	23851
kr.13.31070	23738
kr.13.31080	23713
kr.13.31090	23849
kr.13.31100	23774
kr.13.31110	23854
kr.13.31120	23855
kr.13.31130	23752
kr.13.31140	23852
kr.13.31150	23735
kr.13.31160	23850
kr.13.31170	23853
kr.13.31180	23848
kr.13.31190	23681
kr.13.31200	23749
kr.13.31210	23794
kr.13.31220	23834
kr.13.31230	23771
kr.13.31240	23891
kr.13.31250	23764
kr.13.31260	23856
kr.13.31270	23748
kr.13.31280	23690
kr.13.31350	23689
kr.13.31370	23897
kr.13.31380	23696
kr.14	23667
kr.14.37010	23747
kr.14.37020	23699
kr.14.37030	23890
kr.14.37040	23835
kr.14.37050	23773
kr.14.37060	23805
kr.14.37070	23687
kr.14.37080	23736
kr.14.37090	23892
kr.14.37100	23761
kr.14.37310	23768
kr.14.37320	23706
kr.14.37330	23896
kr.14.37340	23870
kr.14.37350	23685
kr.14.37360	23818
kr.14.37370	23777
kr.14.37380	23726
kr.14.37390	23824
kr.14.37400	23693
kr.14.37410	23746
kr.14.37420	23705
kr.14.37430	23703
kr.15	23664
kr.15.22010	23874
kr.15.22020	23876
kr.15.22030	23872
kr.15.22040	23873
kr.15.22050	23875
kr.15.22060	23877
kr.15.22070	23871
kr.15.22310	23719
kr.16	23674
kr.16.36010	23758
kr.16.36020	23691
kr.16.36030	23722
kr.16.36040	23755
kr.16.36060	23762
kr.16.36310	23718
kr.16.36320	23779
kr.16.36330	23766
kr.16.36350	23781
kr.16.36360	23744
kr.16.36370	23795
kr.16.36380	23831
kr.16.36390	23789
kr.16.36400	23803
kr.16.36410	23688
kr.16.36420	23757
kr.16.36430	23801
kr.16.36440	23682
kr.16.36450	23829
kr.16.36460	23700
kr.16.36470	23821
kr.16.36480	23734
kr.17	23672
kr.17.34010	23819
kr.17.34020	23778
kr.17.34030	23745
kr.17.34040	23832
kr.17.34050	23724
kr.17.34060	23751
kr.17.34070	23864
kr.17.34080	23717
kr.17.34310	23770
kr.17.34330	23740
kr.17.34340	23733
kr.17.34350	23813
kr.17.34360	23796
kr.17.34370	23692
kr.17.34380	23863
kr.18	23669
kr.18.24010	23881
kr.18.24020	23878
kr.18.24030	23879
kr.18.24040	23880
kr.18.24050	23763
kr.19	23663
kr.19.25010	23869
kr.19.25020	23868
kr.19.25030	23867
kr.19.25040	23866
kr.19.25050	23720
kr.20	23677
kr.20.38030	23820
kr.20.38050	23806
kr.20.38060	23893
kr.20.38070	23785
kr.20.38080	23759
kr.20.38090	23780
kr.20.38100	23695
kr.20.38110	23827
kr.20.38310	23707
kr.20.38320	23802
kr.20.38330	23830
kr.20.38340	23776
kr.20.38350	23754
kr.20.38360	23804
kr.20.38370	23737
kr.20.38380	23800
kr.20.38390	23783
kr.20.38400	23799
kr.21	23662
kr.21.26010	23903
kr.21.26020	23901
kr.21.26030	23902
kr.21.26040	23904
kr.21.26310	23704
kr.22	23678
kr.22.29010	23907
kw-ah	23912
kw-fa	23911
kw-ha	23908
kw-ja	23910
kw-ku	23909
kw-mu	23913
kw.02	23909
kw.02.12216231	23914
kw.02.12216232	23915
kw.02.12216233	23916
kw.02.12216234	23917
kw.02.12216235	23918
kw.02.12216236	23919
kw.02.12216237	23920
kw.02.12216238	23921
kw.02.12216239	23922
kw.02.12216240	23923
kw.02.12216323	23924
kw.02.12216328	23925
kw.02.12216329	23926
kw.02.12216330	23927
kw.02.12216331	23928
kw.02.12216350	23947
kw.02.12216351	23948
kw.02.12216352	23949
kw.02.12216353	23950
kw.02.12216354	23951
kw.02.12216355	23952
kw.02.12216356	23953
kw.02.12216357	23954
kw.02.12216358	23955
kw.02.12216359	23956
kw.02.12216360	23957
kw.02.12216361	23958
kw.02.12216362	23959
kw.02.12216363	23960
kw.02.12216364	23961
kw.02.12216365	23962
kw.02.12216366	23963
kw.02.12216367	23964
kw.04	23912
kw.04.12216332	23929
kw.04.12216333	23930
kw.04.12216334	23931
kw.04.12216335	23932
kw.04.12216336	23933
kw.04.12216368	23965
kw.04.12216369	23966
kw.04.12216370	23967
kw.04.12216371	23968
kw.04.12216372	23969
kw.04.12216373	23970
kw.04.12216374	23971
kw.04.12216375	23972
kw.04.12216376	23973
kw.04.12216377	23974
kw.04.12216378	23975
kw.04.12216379	23976
kw.04.12216380	23977
kw.05	23910
kw.05.12216337	23934
kw.05.12216338	23935
kw.05.12216339	23936
kw.05.12216340	23937
kw.05.12216341	23938
kw.05.12216342	23939
kw.05.12216343	23940
kw.05.12216344	23941
kw.05.12216381	23978
kw.05.12216382	23979
kw.05.12216383	23980
kw.05.12216384	23981
kw.05.12216385	23982
kw.05.12216386	23983
kw.05.12216387	23984
kw.05.12216388	23985
kw.07	23911
kw.07.12216345	23942
kw.07.12216346	23943
kw.07.12216347	23944
kw.07.12216389	23986
kw.07.12216390	23987
kw.07.12216391	23988
kw.07.12216392	23989
kw.07.12216393	23990
kw.07.12216394	23991
kw.07.12216395	23992
kw.07.12216396	23993
kw.07.12216397	23994
kw.07.12216398	23995
kw.07.12216399	23996
kw.07.12216400	23997
kw.07.12216401	23998
kw.07.12216402	23999
kw.08	23908
kw.08.12216348	23945
kw.08.12216403	24000
kw.08.12216404	24001
kw.08.12216405	24002
kw.08.12216406	24003
kw.08.12216407	24004
kw.08.12216408	24005
kw.08.12216409	24006
kw.08.12216410	24007
kw.08.12216411	24008
kw.08.12216412	24009
kw.08.12216413	24010
kw.08.12216414	24011
kw.08.12216415	24012
kw.09	23913
kw.09.12216349	23946
kw.09.12216416	24013
kw.09.12216417	24014
kw.09.12216418	24015
kw.09.12216419	24016
kw.09.12216420	24017
kw.09.12216421	24018
kw.09.12216422	24019
kw.09.12216423	24020
kw.09.12216424	24021
kw.09.12216425	24022
ky.10346796	24023
ky.10375968	24024
ky.10375969	24025
ky.10375970	24026
ky.10375971	24027
ky.10375972	24028
kz-10	24047
kz-11	24034
kz-15	24032
kz-19	24043
kz-23	24031
kz-27	24029
kz-31	24040
kz-33	24048
kz-35	24039
kz-39	24038
kz-43	24037
kz-47	24030
kz-55	24036
kz-59	24035
kz-61	24041
kz-62	24049
kz-63	24033
kz-71	24046
kz-75	24042
kz-79	24044
kz.01	24043
kz.01.11886905	24312
kz.01.12533979	24327
kz.01.1517577	24114
kz.01.1518519	24132
kz.01.1520746	24163
kz.01.1522816	24202
kz.01.1524438	24227
kz.01.1526489	24263
kz.01.1537281	24294
kz.01.1537283	24296
kz.02	24042
kz.02.12522073	24323
kz.02.1521711	24185
kz.02.1522943	24205
kz.02.1524128	24216
kz.02.1524315	24221
kz.02.1524792	24236
kz.02.1525804	24249
kz.02.1526020	24252
kz.02.1537282	24295
kz.03	24034
kz.03.12474018	24313
kz.03.12539745	24328
kz.03.1516873	24100
kz.03.1517012	24102
kz.03.1517044	24103
kz.03.1517166	24105
kz.03.1517189	24106
kz.03.1517439	24112
kz.03.1518002	24123
kz.03.1519052	24140
kz.03.1519241	24143
kz.03.1519433	24147
kz.03.1521227	24172
kz.03.1521748	24186
kz.03.1521995	24189
kz.03.1522531	24195
kz.03.1522599	24196
kz.03.1524313	24220
kz.03.1524603	24231
kz.03.1525806	24250
kz.03.1526033	24253
kz.03.1526056	24254
kz.03.1526436	24262
kz.03.1537265	24280
kz.04	24032
kz.04.1522334	24193
kz.04.1523423	24210
kz.04.1523782	24215
kz.04.607866	24053
kz.04.608031	24055
kz.04.608677	24058
kz.04.608707	24059
kz.04.608796	24061
kz.04.608866	24062
kz.04.608948	24066
kz.04.609408	24068
kz.04.609786	24072
kz.04.610114	24081
kz.04.610385	24085
kz.04.610656	24087
kz.04.610687	24089
kz.04.828331	24095
kz.05	24046
kz.05.12482487	24314
kz.05.12482488	24315
kz.05.12482489	24316
kz.05.12482490	24317
kz.06	24031
kz.06.11886716	24310
kz.06.11886717	24311
kz.06.608723	24060
kz.06.608914	24064
kz.06.608919	24065
kz.06.608966	24067
kz.06.609795	24073
kz.06.609923	24075
kz.06.610044	24079
kz.06.610444	24086
kz.06.828321	24091
kz.07	24029
kz.07.607687	24050
kz.07.607842	24052
kz.07.608022	24054
kz.07.608048	24056
kz.07.608573	24057
kz.07.609453	24069
kz.07.609541	24070
kz.07.609717	24071
kz.07.609902	24074
kz.07.609952	24076
kz.07.609964	24077
kz.07.609978	24078
kz.07.610089	24080
kz.07.610130	24082
kz.07.610162	24083
kz.07.610685	24088
kz.07.828320	24090
kz.08	24045
kz.09	24030
kz.09.11886715	24309
kz.09.607726	24051
kz.09.608878	24063
kz.09.610297	24084
kz.09.828323	24092
kz.09.828324	24093
kz.09.828325	24094
kz.10	24041
kz.10.12518736	24322
kz.10.1517878	24121
kz.10.1517946	24122
kz.10.1518678	24137
kz.10.1519452	24148
kz.10.1519675	24150
kz.10.1520258	24157
kz.10.1521354	24176
kz.10.1521378	24179
kz.10.1521407	24182
kz.10.1522640	24198
kz.10.1522812	24201
kz.10.1524384	24225
kz.10.1524885	24239
kz.10.1525042	24242
kz.10.1526412	24261
kz.10.1537271	24286
kz.10.1537273	24287
kz.10.1537274	24288
kz.10.1537276	24289
kz.10.8739752	24305
kz.11	24036
kz.11.1516632	24097
kz.11.1517194	24107
kz.11.1517619	24115
kz.11.1517745	24119
kz.11.1519247	24144
kz.11.1520238	24155
kz.11.1521012	24169
kz.11.1521382	24180
kz.11.1522019	24190
kz.11.1523663	24213
kz.11.1523767	24214
kz.11.1524322	24222
kz.11.1525651	24248
kz.11.1537290	24302
kz.11.1537292	24303
kz.12	24039
kz.12.1517288	24108
kz.12.1518252	24126
kz.12.1518281	24127
kz.12.1519197	24141
kz.12.1520325	24158
kz.12.1520497	24160
kz.12.1520873	24166
kz.12.1520952	24167
kz.12.1523004	24207
kz.12.1524382	24224
kz.12.1526570	24264
kz.12.1526940	24267
kz.12.1537252	24275
kz.12.1537255	24277
kz.12.1537266	24281
kz.12.1537267	24282
kz.12.1537268	24283
kz.12.1537269	24284
kz.12.1537270	24285
kz.12.9072845	24308
kz.12510143	24047
kz.12510143.12483022	24318
kz.12510143.12483025	24319
kz.12510143.1516846	24099
kz.12510143.1517718	24117
kz.12510143.1522504	24194
kz.12510143.1525133	24244
kz.12510143.1525406	24247
kz.12510143.1525986	24251
kz.12510143.1526967	24268
kz.12510144	24048
kz.12510144.12530101	24325
kz.12510144.1518545	24133
kz.12510144.1519704	24151
kz.12510144.1520251	24156
kz.12510144.1522636	24197
kz.12510144.1522739	24199
kz.12510144.1523101	24208
kz.12510144.1523500	24211
kz.12510144.1524156	24217
kz.12510144.1524969	24240
kz.12510144.1526298	24258
kz.12510144.1526631	24265
kz.12510144.1537284	24297
kz.12510145	24049
kz.12510145.1516894	24101
kz.12510145.1517740	24118
kz.12510145.1537254	24276
kz.12510145.1537256	24278
kz.12510145.1537257	24279
kz.13	24038
kz.13.12526813	24324
kz.13.1517715	24116
kz.13.1518463	24131
kz.13.1519416	24146
kz.13.1520378	24159
kz.13.1520735	24162
kz.13.1521358	24177
kz.13.1521667	24184
kz.13.1522333	24192
kz.13.1523115	24209
kz.13.1523544	24212
kz.13.1524278	24219
kz.13.1524425	24226
kz.13.1525120	24243
kz.13.1526209	24256
kz.13.1526321	24259
kz.13.1526340	24260
kz.13.1537245	24269
kz.13.1537246	24270
kz.13.1537247	24271
kz.13.1537248	24272
kz.13.1537249	24273
kz.13.1537251	24274
kz.14	24037
kz.14.12530995	24326
kz.14.1517322	24109
kz.14.1518202	24125
kz.14.1518650	24135
kz.14.1522859	24203
kz.14.1522998	24206
kz.14.1524477	24230
kz.14.1524798	24237
kz.14.1526248	24257
kz.15	24033
kz.15.12485887	24320
kz.15.1516437	24096
kz.15.1516713	24098
kz.15.1517057	24104
kz.15.1517810	24120
kz.15.1518334	24128
kz.15.1518415	24129
kz.15.1518456	24130
kz.15.1519224	24142
kz.15.1519757	24152
kz.15.1520548	24161
kz.15.1521109	24170
kz.15.1521244	24173
kz.15.1521759	24188
kz.15.1522926	24204
kz.15.1524226	24218
kz.15.1524717	24233
kz.15.1524882	24238
kz.15.1525198	24245
kz.15.1526637	24266
kz.15.1537285	24298
kz.15.1537286	24299
kz.15.1537288	24300
kz.15.1537289	24301
kz.15.1537309	24304
kz.1537272	24044
kz.1537272.12518735	24321
kz.16	24035
kz.16.1517353	24110
kz.16.1517412	24111
kz.16.1517502	24113
kz.16.1518161	24124
kz.16.1518835	24138
kz.16.1518912	24139
kz.16.1519383	24145
kz.16.1519834	24153
kz.16.1520047	24154
kz.16.1520854	24165
kz.16.1521151	24171
kz.16.1521352	24175
kz.16.1521375	24178
kz.16.1521400	24181
kz.16.1521634	24183
kz.16.1522032	24191
kz.16.1522808	24200
kz.16.1524440	24229
kz.16.1524749	24234
kz.16.1524766	24235
kz.16.1525010	24241
kz.16.1525293	24246
kz.16.1526177	24255
kz.17	24040
kz.17.1518589	24134
kz.17.1518673	24136
kz.17.1519552	24149
kz.17.1520845	24164
kz.17.1520965	24168
kz.17.1521288	24174
kz.17.1521754	24187
kz.17.1524333	24223
kz.17.1524439	24228
kz.17.1524678	24232
kz.17.1537277	24290
kz.17.1537278	24291
kz.17.1537279	24292
kz.17.1537280	24293
kz.17.8739769	24306
kz.17.8739777	24307
la-at	24341
la-bk	24343
la-bl	24344
la-ch	24340
la-ho	24339
la-kh	24338
la-lm	24337
la-lp	24336
la-ou	24335
la-ph	24334
la-sl	24333
la-sv	24332
la-vi	24331
la-vt	24345
la-xa	24330
la-xe	24342
la-xi	24329
la-xs	24346
la.01	24341
la.01.1701	24414
la.01.1702	24415
la.01.1703	24416
la.01.1704	24418
la.01.1705	24417
la.02	24340
la.02.1601	24372
la.02.1602	24419
la.02.1603	24410
la.02.1604	24371
la.02.1605	24370
la.02.1606	24365
la.02.1607	24406
la.02.1608	24360
la.02.1609	24383
la.02.1610	24393
la.03	24339
la.03.0701	24476
la.03.0702	24349
la.03.0703	24482
la.03.0704	24451
la.03.0705	24400
la.03.0706	24450
la.03.0707	24473
la.03.0708	24474
la.03.0709	24483
la.03.0710	24403
la.07	24335
la.07.0401	24352
la.07.0402	24390
la.07.0403	24381
la.07.0404	24453
la.07.0405	24409
la.07.0406	24399
la.07.0407	24377
la.13	24330
la.13.0801	24353
la.13.0802	24440
la.13.0803	24401
la.13.0804	24348
la.13.0805	24350
la.13.0806	24439
la.13.0807	24375
la.13.0808	24397
la.13.0809	24475
la.13.0810	24484
la.13.0811	24485
la.14	24329
la.14.0901	24369
la.14.0902	24396
la.14.0903	24446
la.14.0904	24448
la.14.0905	24384
la.14.0906	24449
la.14.0907	24447
la.15	24338
la.15.1201	24394
la.15.1202	24385
la.15.1203	24429
la.15.1204	24402
la.15.1205	24404
la.15.1206	24432
la.15.1207	24433
la.15.1208	24430
la.15.1209	24431
la.15.1210	24491
la.16	24337
la.16.0301	24387
la.16.0302	24362
la.16.0303	24459
la.16.0304	24458
la.16.0305	24457
la.17	24336
la.17.0601	24386
la.17.0602	24493
la.17.0603	24380
la.17.0604	24374
la.17.0605	24382
la.17.0606	24379
la.17.0607	24444
la.17.0608	24443
la.17.0609	24441
la.17.0610	24445
la.17.0611	24442
la.17.0612	24494
la.18	24334
la.18.0201	24367
la.18.0202	24460
la.18.0203	24391
la.18.0204	24471
la.18.0205	24461
la.18.0206	24462
la.18.0207	24407
la.19	24333
la.19.1401	24364
la.19.1402	24359
la.19.1403	24412
la.19.1404	24389
la.19.1405	24354
la.19.1406	24392
la.19.1407	24388
la.19.1408	24423
la.20	24332
la.20.1301	24480
la.20.1302	24424
la.20.1303	24425
la.20.1304	24368
la.20.1305	24351
la.20.1306	24378
la.20.1307	24421
la.20.1308	24361
la.20.1309	24405
la.20.1310	24422
la.20.1311	24426
la.20.1312	24428
la.20.1313	24427
la.20.1314	24479
la.20.1315	24472
la.22	24343
la.22.0501	24347
la.22.0502	24455
la.22.0503	24456
la.22.0504	24454
la.22.0505	24373
la.23	24344
la.23.1101	24477
la.23.1102	24434
la.23.1103	24376
la.23.1104	24408
la.23.1105	24395
la.23.1106	24452
la.23.1107	24489
la.24	24345
la.24.0101	24463
la.24.0102	24466
la.24.0103	24465
la.24.0104	24464
la.24.0105	24468
la.24.0106	24467
la.24.0107	24363
la.24.0108	24469
la.24.0109	24470
la.26	24342
la.26.1501	24413
la.26.1502	24420
la.26.1503	24411
la.26.1504	24358
la.27	24331
la.27.1001	24366
la.27.1002	24356
la.27.1003	24436
la.27.1004	24398
la.27.1005	24355
la.27.1006	24438
la.27.1007	24478
la.27.1008	24486
la.27.1009	24487
la.27.1010	24488
la.27.1013	24490
la.28	24346
la.28.1801	24481
la.28.1802	24357
la.28.1803	24492
la.28.1804	24437
la.28.1805	24435
lb-ak	24501
lb-as	24497
lb-ba	24496
lb-bh	24502
lb-bi	24499
lb-ja	24498
lb-jl	24495
lb-na	24500
lb.04	24496
lb.05	24495
lb.05.10119971	24530
lb.05.272300	24509
lb.05.273201	24510
lb.05.277225	24516
lb.05.278156	24517
lb.05.279440	24519
lb.05.280424	24524
lb.05.7838967	24529
lb.06	24498
lb.06.267006	24506
lb.06.273359	24511
lb.06.7735345	24528
lb.07	24500
lb.07.271225	24508
lb.07.274311	24512
lb.07.276591	24514
lb.07.278915	24518
lb.07.7646521	24526
lb.08	24499
lb.08.266042	24504
lb.08.268737	24507
lb.08.280280	24522
lb.09	24497
lb.09.10121424	24531
lb.09.10126909	24532
lb.09.265845	24503
lb.09.266825	24505
lb.09.276358	24513
lb.09.279676	24520
lb.09.280329	24523
lb.09.7735321	24527
lb.10	24501
lb.10.280572	24525
lb.11	24502
lb.11.277129	24515
lb.11.279999	24521
lc-01	24541
lc-02	24540
lc-03	24539
lc-05	24538
lc-06	24537
lc-07	24536
lc-08	24535
lc-10	24534
lc-11	24533
lc-12	24542
lc.01	24541
lc.01.40020000	24757
lc.01.40020100	24758
lc.01.40050000	24759
lc.01.40060000	24764
lc.01.40070000	24766
lc.01.40080000	24769
lc.01.40090000	24771
lc.01.40100000	24772
lc.01.40110000	24762
lc.01.40120000	24756
lc.01.40130000	24776
lc.01.40140000	24777
lc.01.40150000	24778
lc.01.40170000	24768
lc.01.40180000	24773
lc.01.40180100	24760
lc.01.40180101	24765
lc.01.40180300	24603
lc.01.40200000	24782
lc.01.40210000	24721
lc.01.40220000	24726
lc.01.40230000	24571
lc.01.40230100	24783
lc.01.40240000	24781
lc.01.40250000	24709
lc.01.40260000	24775
lc.01.40260100	24614
lc.03	24540
lc.03.10060000	24767
lc.03.10070000	24602
lc.03.10090000	24637
lc.03.10160000	24663
lc.03.10170000	24774
lc.03.10190000	24770
lc.03.10200100	24784
lc.03.10240000	24779
lc.03.10243800	24780
lc.03.10244800	24616
lc.03.10245500	24670
lc.03.10250000	24786
lc.03.10270000	24787
lc.03.10310000	24753
lc.03.10380000	24763
lc.03.10400000	24667
lc.03.10470000	24588
lc.03.10480000	24638
lc.03.10570000	24644
lc.03.10580000	24793
lc.03.10670000	24789
lc.03.10690000	24801
lc.03.10700000	24797
lc.03.10720000	24802
lc.03.10760000	24803
lc.03.10920000	24805
lc.03.10930000	24806
lc.03.10940000	24560
lc.03.20010000	24565
lc.03.20020000	24807
lc.03.20040000	24809
lc.03.20120000	24810
lc.03.20130000	24811
lc.03.20150000	24813
lc.03.20180100	24814
lc.03.20210000	24816
lc.03.20220000	24727
lc.03.20230000	24607
lc.03.20231400	24817
lc.03.20280000	24641
lc.03.20370000	24819
lc.03.20370400	24820
lc.03.20500000	24818
lc.03.20500100	24821
lc.03.20500300	24825
lc.03.20501400	24826
lc.03.20550000	24828
lc.03.20550100	24829
lc.03.20590000	24830
lc.03.20600000	24831
lc.03.20600100	24808
lc.03.20600200	24719
lc.03.20600400	24815
lc.03.20600700	24673
lc.03.20630000	24751
lc.03.20630100	24832
lc.03.20630300	24822
lc.03.20630400	24704
lc.03.20640000	24827
lc.03.20650000	24713
lc.03.20680000	24661
lc.03.20750000	24833
lc.03.20750100	24639
lc.03.20780000	24834
lc.03.20781100	24835
lc.03.20790000	24836
lc.03.20800000	24823
lc.03.20810000	24676
lc.03.20820000	24804
lc.03.20820100	24629
lc.03.20890000	24841
lc.03.20910000	24711
lc.03.30030000	24650
lc.03.30030100	24651
lc.03.30030200	24622
lc.03.30030201	24652
lc.03.30030202	24842
lc.03.30030203	24837
lc.03.30030400	24648
lc.03.30030500	24599
lc.03.30030501	24722
lc.03.30031100	24649
lc.03.30031101	24543
lc.03.30050000	24556
lc.03.30110000	24750
lc.03.30110100	24838
lc.03.30110200	24791
lc.03.30110400	24847
lc.03.30110500	24848
lc.03.30110501	24741
lc.03.30110502	24843
lc.03.30110504	24724
lc.03.30110505	24839
lc.03.30110506	24795
lc.03.30110600	24645
lc.03.30110700	24630
lc.03.30110800	24761
lc.03.30110900	24845
lc.03.30110901	24846
lc.03.30300000	24593
lc.03.30300100	24849
lc.03.30300300	24850
lc.03.30320000	24852
lc.03.30330000	24671
lc.03.30340000	24812
lc.03.30390000	24647
lc.03.30410000	24718
lc.03.30410200	24578
lc.03.30430000	24798
lc.03.30460000	24621
lc.03.30490000	24840
lc.03.30530000	24853
lc.03.30530100	24854
lc.03.30530200	24752
lc.03.30530300	24851
lc.03.30610000	24561
lc.03.30730000	24856
lc.03.30740000	24712
lc.03.30770100	24863
lc.03.30830000	24857
lc.03.30840000	24858
lc.03.30850000	24855
lc.03.30870000	24860
lc.04	24539
lc.04.70010000	24653
lc.04.70020000	24558
lc.04.70030000	24562
lc.04.70040000	24728
lc.04.70060000	24733
lc.04.70080000	24654
lc.04.70090000	24734
lc.04.70100000	24705
lc.04.70110000	24749
lc.04.70120000	24572
lc.04.70140000	24861
lc.04.70150000	24745
lc.04.70160000	24696
lc.04.70170000	24735
lc.04.70180000	24862
lc.04.70180100	24717
lc.04.70190000	24871
lc.04.70200000	24864
lc.04.70210000	24872
lc.04.70240000	24868
lc.04.70250000	24873
lc.04.70260000	24742
lc.04.70270000	24642
lc.04.70280000	24615
lc.04.70290000	24874
lc.04.70300000	24875
lc.04.70310000	24549
lc.04.70320000	24559
lc.04.70350000	24594
lc.04.70360000	24824
lc.04.70370000	24546
lc.04.70370200	24865
lc.04.70380000	24876
lc.04.70390000	24725
lc.04.70400000	24877
lc.04.70420000	24729
lc.04.70430000	24866
lc.04.70430100	24867
lc.04.70440000	24870
lc.05	24538
lc.05.110010000	24883
lc.05.110020000	24885
lc.05.110030000	24880
lc.05.110040000	24879
lc.05.110060000	24890
lc.05.110070000	24723
lc.05.110080000	24891
lc.05.110090000	24624
lc.05.110100000	24625
lc.05.110110000	24623
lc.05.110120000	24882
lc.05.110120100	24878
lc.05.110120200	24889
lc.05.110120300	24893
lc.05.110130000	24881
lc.05.110140000	24900
lc.05.110140100	24901
lc.05.110140200	24886
lc.05.110140300	24892
lc.05.110140400	24657
lc.05.110150000	24902
lc.05.110170000	24716
lc.05.110180000	24699
lc.05.110190000	24904
lc.05.110220000	24608
lc.05.110230000	24905
lc.05.110240000	24643
lc.05.110250000	24894
lc.05.110250100	24743
lc.05.110250300	24896
lc.05.110250400	24897
lc.05.110250500	24702
lc.05.110270000	24909
lc.05.110280000	24596
lc.05.110290000	24910
lc.05.110300000	24698
lc.05.110330000	24898
lc.05.110360000	24907
lc.05.110370000	24744
lc.05.110370100	24887
lc.05.110370200	24888
lc.05.110380000	24908
lc.05.110390000	24694
lc.05.110390100	24605
lc.05.110400000	24913
lc.05.110401800	24915
lc.05.110410000	24632
lc.05.110420000	24736
lc.05.110430000	24746
lc.05.110440000	24917
lc.05.110450000	24655
lc.06	24537
lc.06.120010000	24918
lc.06.120020100	24911
lc.06.120040000	24919
lc.06.120040100	24899
lc.06.120040200	24920
lc.06.120050000	24921
lc.06.120060000	24550
lc.06.120060100	24747
lc.06.120080000	24706
lc.06.120080100	24755
lc.06.120100000	24922
lc.06.120100100	24903
lc.06.120110000	24618
lc.06.120120000	24923
lc.06.120130000	24610
lc.06.120130100	24924
lc.06.120130200	24926
lc.06.120130300	24929
lc.06.120130400	24930
lc.06.120130500	24933
lc.06.120130600	24739
lc.06.120130700	24748
lc.06.120130800	24934
lc.06.120131000	24927
lc.06.120131100	24935
lc.06.120150000	24573
lc.06.120170000	24574
lc.06.120170100	24912
lc.06.120170200	24937
lc.06.120180000	24640
lc.06.120190000	24570
lc.06.120190100	24575
lc.06.120200000	24617
lc.06.120230000	24626
lc.06.120230100	24941
lc.06.120230200	24942
lc.06.120230400	24943
lc.06.120230500	24940
lc.06.120230600	24895
lc.06.120230700	24947
lc.06.120230800	24931
lc.06.120230900	24936
lc.06.120231000	24948
lc.06.120250000	24950
lc.06.120260000	24952
lc.06.120260100	24662
lc.06.120270000	24938
lc.06.120290000	24611
lc.06.120290100	24953
lc.06.120290200	24944
lc.06.120290300	24949
lc.06.120290400	24954
lc.06.120290500	24955
lc.06.120300000	24577
lc.06.120310000	24957
lc.06.120330000	24675
lc.06.120330100	24959
lc.06.120330200	24960
lc.06.120330400	24612
lc.06.120330403	24714
lc.06.120330500	24656
lc.06.120330600	24961
lc.06.120330700	24666
lc.06.120330900	24958
lc.06.120331000	24946
lc.06.120331100	24966
lc.06.120331200	24967
lc.06.120331201	24963
lc.06.120331202	24969
lc.06.120331300	24568
lc.06.120331400	24972
lc.06.120331500	24968
lc.06.120331600	24631
lc.06.120340000	24970
lc.06.120350000	24973
lc.06.120390000	24551
lc.06.120410000	24964
lc.06.120440000	24975
lc.06.120440100	24976
lc.06.120440200	24971
lc.06.120450000	24576
lc.06.120460000	24965
lc.06.120500000	24978
lc.06.120501100	24979
lc.06.120520000	24557
lc.06.120520300	24974
lc.06.120520400	24981
lc.06.120530000	24982
lc.06.120530100	24980
lc.06.120540000	24730
lc.06.120550000	24951
lc.07	24536
lc.07.80010000	24664
lc.07.80020000	24983
lc.07.80030000	24986
lc.07.80030100	24985
lc.07.80040000	24987
lc.07.80050000	24677
lc.07.80060000	24906
lc.07.80070000	24945
lc.07.80080000	24962
lc.07.80110000	24988
lc.07.80110100	24989
lc.07.80120000	24992
lc.07.80130000	24991
lc.07.80140000	24613
lc.07.80150000	24995
lc.07.80160000	24707
lc.07.80220000	24996
lc.07.80230000	24997
lc.07.80250000	24999
lc.07.80260000	24701
lc.07.80270000	25002
lc.07.80280000	24679
lc.07.80290000	25005
lc.07.80300000	25006
lc.07.80310000	25007
lc.07.80320000	25009
lc.07.80330000	25000
lc.07.80350000	24731
lc.07.80360000	24604
lc.07.80390000	25001
lc.07.80410000	25015
lc.07.80411300	24681
lc.08	24535
lc.08.100010000	25016
lc.08.100030000	24606
lc.08.100060000	24754
lc.08.100070000	25008
lc.08.100090000	24635
lc.08.100090200	25017
lc.08.100090300	25018
lc.08.100090400	25013
lc.08.100090500	24990
lc.08.100090600	24994
lc.08.100110000	24563
lc.08.100120000	24633
lc.08.100130000	25020
lc.08.100140000	24544
lc.08.100160000	24737
lc.08.100170000	24682
lc.08.100170300	24683
lc.08.100170400	25014
lc.08.100170500	24684
lc.08.100180000	24636
lc.08.100180100	24708
lc.08.100210000	24732
lc.08.100240000	24740
lc.08.100260000	25022
lc.08.100280000	25023
lc.08.100290000	25024
lc.08.100300000	25025
lc.08.100310000	24998
lc.08.100320000	24634
lc.08.100330000	24628
lc.08.100340000	25029
lc.08.100350000	24720
lc.08.100360000	24555
lc.08.100370000	24589
lc.08.100380000	24715
lc.08.100400000	24710
lc.08.100410000	25028
lc.08.100420000	24703
lc.08.100430000	24547
lc.08.100430100	24582
lc.08.100460000	24695
lc.08.100470000	24580
lc.08.100480000	24583
lc.08.100490000	24584
lc.08.100510000	24585
lc.08.100520000	25032
lc.08.100530000	24586
lc.08.100530100	24685
lc.08.100530200	25034
lc.08.100530400	25036
lc.08.100530600	25037
lc.08.100540000	24548
lc.08.100570000	24552
lc.08.100580000	25038
lc.08.100590000	24587
lc.08.100600000	25039
lc.08.100610000	24687
lc.08.100620000	24600
lc.08.100630000	24688
lc.08.100640000	24553
lc.08.100650000	24689
lc.08.100660000	25003
lc.08.100670000	24646
lc.08.100680000	24620
lc.08.100690000	25010
lc.08.100700000	25011
lc.08.100710000	25012
lc.08.100720000	24680
lc.08.100740000	24579
lc.09	24534
lc.09.60010000	24697
lc.09.60020000	25019
lc.09.60030000	25021
lc.09.60040000	24567
lc.09.60050000	25026
lc.09.60060000	25027
lc.09.60070000	24700
lc.09.60090000	25030
lc.09.60100000	24678
lc.09.60110000	25031
lc.09.60120000	24658
lc.09.60130000	24660
lc.09.60140000	25040
lc.09.60150000	25041
lc.09.60160000	25042
lc.09.60170000	25043
lc.09.60170100	24690
lc.09.60180000	25033
lc.09.60190000	25035
lc.09.60200000	24686
lc.09.60230000	25045
lc.09.60240000	25046
lc.09.60260000	25049
lc.09.60260100	25044
lc.09.60270000	24569
lc.09.60280000	24844
lc.09.60290000	24598
lc.09.60310000	24939
lc.09.60320000	24993
lc.09.60340000	24984
lc.09.60350000	25050
lc.09.60370000	24674
lc.09.60390000	25051
lc.09.60420000	24691
lc.09.60430000	24665
lc.09.60440000	24669
lc.09.60450000	24977
lc.09.60460000	24884
lc.09.60470000	24566
lc.09.60480000	24914
lc.09.60490000	25052
lc.09.60490100	25053
lc.09.60490700	25054
lc.09.60500000	25055
lc.09.60530000	24916
lc.09.60550000	24925
lc.09.60570000	24928
lc.09.60580000	24869
lc.09.60600000	24932
lc.09.60630000	24597
lc.09.60640000	24595
lc.09.60660000	24956
lc.09.60670000	25047
lc.09.60680000	25059
lc.09.60700000	25048
lc.09.60710000	24859
lc.09.60720000	24590
lc.10	24533
lc.10.90010000	25060
lc.10.90010300	25061
lc.10.90010500	25058
lc.10.90030000	25064
lc.10.90030200	25004
lc.10.90040000	25065
lc.10.90050000	25056
lc.10.90060000	24591
lc.10.90090000	25066
lc.10.90100000	25062
lc.10.90110000	24692
lc.10.90120000	25057
lc.10.90130000	25063
lc.10.90140000	25069
lc.10.90150000	25070
lc.10.90160000	24619
lc.10.90170000	25067
lc.10.90180000	25068
lc.10.90190000	25076
lc.10.90190300	24738
lc.10.90220000	25071
lc.10.90230000	24672
lc.10.90240000	25072
lc.10.90250000	25073
lc.10.90260000	24592
lc.10.90260100	25074
lc.10.90270000	24545
lc.10.90280000	25077
lc.10.90300000	25078
lc.10.90330000	25079
lc.10.90340000	25081
lc.10.90350000	24627
lc.10.90360000	25082
lc.10.90360100	25083
lc.10.90370000	25075
lc.10.90380000	25084
lc.10.90400000	25080
lc.10.90410000	25085
lc.10.90430000	25086
lc.10.90433300	24693
lc.10.90440000	25087
lc.10.90440100	24564
lc.10.90510000	24601
lc.10.90520000	24668
lc.10.90530000	25088
lc.10.90540000	24659
lc.12	24542
lc.12.50010000	24785
lc.12.50020000	24788
lc.12.50030000	24609
lc.12.50040000	24790
lc.12.50060000	24792
lc.12.50070000	24794
lc.12.50080000	24796
lc.12.50110000	24799
lc.12.50130000	24581
lc.12.50140000	24554
lc.12.50141100	24800
li-01	25099
li-02	25098
li-03	25097
li-04	25096
li-05	25095
li-06	25094
li-07	25093
li-08	25092
li-09	25091
li-10	25090
li-11	25089
li.01	25099
li.02	25098
li.03	25097
li.04	25096
li.05	25095
li.06	25094
li.07	25093
li.08	25092
li.09	25091
li.10	25090
li.11	25089
lk-1	25100
lk-11	25129
lk-12	25127
lk-13	25124
lk-2	25106
lk-21	25123
lk-22	25118
lk-23	25114
lk-3	25102
lk-31	25128
lk-32	25117
lk-33	25126
lk-4	25107
lk-41	25125
lk-42	25121
lk-43	25119
lk-44	25109
lk-45	25115
lk-5	25108
lk-51	25130
lk-52	25133
lk-53	25110
lk-6	25104
lk-61	25120
lk-62	25112
lk-7	25105
lk-71	25132
lk-72	25113
lk-8	25101
lk-81	25131
lk-82	25116
lk-9	25103
lk-91	25111
lk-92	25122
lk.29	25106
lk.29.21	25123
lk.29.22	25118
lk.29.23	25114
lk.30	25105
lk.30.71	25132
lk.30.72	25113
lk.32	25104
lk.32.61	25120
lk.32.62	25112
lk.33	25103
lk.33.91	25111
lk.33.92	25122
lk.34	25102
lk.34.31	25128
lk.34.32	25117
lk.34.33	25126
lk.35	25101
lk.35.81	25131
lk.35.82	25116
lk.36	25100
lk.36.11	25129
lk.36.12	25127
lk.36.13	25124
lk.37	25108
lk.37.51	25130
lk.37.52	25133
lk.37.53	25110
lk.38	25107
lk.38.41	25125
lk.38.42	25119
lk.38.43	25109
lk.38.44	25115
lk.38.45	25121
lr-bg	25142
lr-bm	25143
lr-cm	25140
lr-gb	25141
lr-gg	25139
lr-gk	25144
lr-gp	25147
lr-lo	25138
lr-mg	25145
lr-mo	25136
lr-my	25137
lr-ni	25135
lr-rg	25148
lr-ri	25146
lr-si	25134
lr.01	25142
lr.01.2272532	25149
lr.01.2274124	25174
lr.01.2274491	25186
lr.01.2274578	25189
lr.01.2275814	25205
lr.01.2276212	25213
lr.01.2277288	25244
lr.01.7669284	25271
lr.01.7669285	25272
lr.01.9645113	25300
lr.01.9645114	25301
lr.01.9645115	25302
lr.01.9645116	25303
lr.09	25135
lr.09.2272565	25150
lr.09.2272804	25152
lr.09.2274125	25175
lr.09.2274221	25176
lr.09.2275644	25201
lr.09.2276973	25231
lr.09.2277003	25233
lr.09.2277028	25235
lr.09.2279133	25269
lr.09.7669286	25273
lr.09.7669299	25277
lr.09.9295768	25287
lr.09.9645132	25314
lr.09.9645133	25315
lr.09.9645134	25316
lr.09.9645135	25317
lr.09.9645136	25318
lr.09.9645137	25319
lr.09.9645138	25320
lr.09.9645139	25321
lr.09.9645140	25322
lr.09.9645141	25323
lr.09.9645142	25324
lr.09.9645143	25325
lr.10	25134
lr.10.2273181	25153
lr.10.2273473	25159
lr.10.2273482	25160
lr.10.2273679	25169
lr.10.2273682	25170
lr.10.2274043	25172
lr.10.2274591	25190
lr.10.2274596	25191
lr.10.2274818	25194
lr.10.2274827	25195
lr.10.2275067	25197
lr.10.2275592	25200
lr.10.2276117	25210
lr.10.2276156	25211
lr.10.2276354	25214
lr.10.2276356	25215
lr.10.2278113	25258
lr.10.7911028	25284
lr.10.9645156	25337
lr.10.9645157	25338
lr.10.9645158	25339
lr.10.9645160	25340
lr.10.9645161	25341
lr.10.9645162	25342
lr.10.9645163	25343
lr.10.9645164	25344
lr.10.9645165	25345
lr.10.9645166	25346
lr.10.9645167	25347
lr.10.9645168	25348
lr.10.9645169	25349
lr.10.9645170	25350
lr.11	25141
lr.11.2273621	25164
lr.11.2273622	25165
lr.11.2273635	25167
lr.11.2276367	25216
lr.11.2276820	25225
lr.11.2277306	25245
lr.11.2277366	25248
lr.11.2278080	25257
lr.11.7669301	25279
lr.11.7669302	25280
lr.11.7669303	25281
lr.11.9645122	25306
lr.11.9645125	25307
lr.11.9645126	25308
lr.11.9645127	25309
lr.11.9645128	25310
lr.11.9645129	25311
lr.11.9645130	25312
lr.11.9645131	25313
lr.12	25140
lr.12.2273511	25161
lr.12.2273632	25166
lr.12.2274351	25182
lr.12.2275757	25203
lr.12.2276661	25220
lr.12.2277160	25242
lr.12.7911025	25283
lr.12.9645004	25288
lr.13	25137
lr.13.2272794	25151
lr.13.2273404	25157
lr.13.2273858	25171
lr.13.2274269	25178
lr.13.2274336	25181
lr.13.2274373	25183
lr.13.2274403	25184
lr.13.2274476	25185
lr.13.2274569	25188
lr.13.2274778	25193
lr.13.2275351	25199
lr.13.2276614	25218
lr.13.2276816	25224
lr.13.2276908	25228
lr.13.2276909	25229
lr.13.2277011	25234
lr.13.2277030	25236
lr.13.2277061	25239
lr.13.2277359	25246
lr.13.2277383	25249
lr.13.2277593	25250
lr.13.2277859	25253
lr.13.2278062	25255
lr.13.2278356	25262
lr.13.2278880	25267
lr.13.8260606	25285
lr.13.9645230	25367
lr.13.9645231	25368
lr.13.9645232	25369
lr.13.9645233	25370
lr.13.9645234	25371
lr.14	25136
lr.14.2273549	25162
lr.14.2276087	25209
lr.14.2277769	25251
lr.14.2278073	25256
lr.14.7669292	25274
lr.14.7669297	25275
lr.14.7669298	25276
lr.14.7669300	25278
lr.14.9645118	25304
lr.14.9645120	25305
lr.15	25143
lr.15.2275016	25196
lr.15.2276737	25221
lr.15.2277849	25252
lr.15.8714531	25286
lr.15.9645005	25289
lr.15.9645006	25290
lr.16	25144
lr.16.13423958	25372
lr.16.2273190	25155
lr.16.2274101	25173
lr.16.2276161	25212
lr.16.2276626	25219
lr.16.2277191	25243
lr.16.2278169	25259
lr.16.2278361	25263
lr.16.2278890	25268
lr.16.9645219	25356
lr.16.9645220	25357
lr.16.9645221	25358
lr.16.9645222	25359
lr.16.9645223	25360
lr.16.9645224	25361
lr.16.9645225	25362
lr.16.9645226	25363
lr.16.9645227	25364
lr.16.9645228	25365
lr.16.9645229	25366
lr.17	25145
lr.17.2275179	25198
lr.17.2276853	25227
lr.17.7670839	25282
lr.18	25146
lr.18.2274273	25179
lr.18.2277365	25247
lr.18.9645144	25326
lr.18.9645145	25327
lr.18.9645146	25328
lr.18.9645147	25329
lr.18.9645148	25330
lr.18.9645149	25331
lr.18.9645150	25332
lr.18.9645151	25333
lr.19	25139
lr.19.2273657	25168
lr.19.2274312	25180
lr.19.2274719	25192
lr.19.2275728	25202
lr.19.2276801	25223
lr.19.2276983	25232
lr.19.2277043	25238
lr.19.2278611	25265
lr.19.9645153	25334
lr.19.9645154	25335
lr.19.9645155	25336
lr.20	25138
lr.20.2273272	25156
lr.20.2275898	25207
lr.20.2276054	25208
lr.20.2276555	25217
lr.20.2276828	25226
lr.20.2277082	25240
lr.20.2277102	25241
lr.20.2278307	25261
lr.20.2569974	25270
lr.20.9645009	25293
lr.20.9645106	25294
lr.20.9645107	25295
lr.20.9645108	25296
lr.20.9645110	25297
lr.20.9645111	25298
lr.20.9645112	25299
lr.21	25147
lr.21.2275770	25204
lr.21.2276743	25222
lr.21.2278250	25260
lr.21.2278379	25264
lr.21.2278733	25266
lr.21.9645007	25291
lr.21.9645008	25292
lr.22	25148
lr.22.2273186	25154
lr.22.2273443	25158
lr.22.2273599	25163
lr.22.2274235	25177
lr.22.2274502	25187
lr.22.2275896	25206
lr.22.2276934	25230
lr.22.2277041	25237
lr.22.2278019	25254
lr.22.9645171	25351
lr.22.9645172	25352
lr.22.9645173	25353
lr.22.9645174	25354
lr.22.9645175	25355
ls-a	25378
ls-b	25381
ls-c	25380
ls-d	25382
ls-e	25379
ls-f	25377
ls-g	25374
ls-h	25375
ls-j	25376
ls-k	25373
ls.10	25382
ls.10.7670808	25388
ls.10.7670809	25389
ls.10.7670811	25390
ls.10.7670815	25391
ls.10.7670819	25392
ls.10.7670820	25393
ls.11	25381
ls.11.11258465	25395
ls.11.11280716	25396
ls.12	25380
ls.12.7303922	25383
ls.12.7670780	25386
ls.12.7670807	25387
ls.13	25379
ls.14	25378
ls.14.11256888	25394
ls.14.11428652	25397
ls.14.7304421	25384
ls.14.7522489	25385
ls.15	25377
ls.16	25376
ls.17	25375
ls.18	25374
ls.19	25373
lt-01	25425
lt-02	25423
lt-03	25424
lt-04	25454
lt-05	25422
lt-06	25438
lt-07	25421
lt-08	25467
lt-09	25455
lt-10	25428
lt-11	25442
lt-12	25447
lt-13	25429
lt-14	25463
lt-15	25420
lt-16	25419
lt-17	25464
lt-18	25430
lt-19	25443
lt-20	25418
lt-21	25417
lt-22	25433
lt-23	25439
lt-24	25426
lt-25	25416
lt-26	25450
lt-27	25456
lt-28	25415
lt-29	25465
lt-30	25444
lt-31	25414
lt-32	25413
lt-33	25412
lt-34	25440
lt-35	25451
lt-36	25431
lt-37	25445
lt-38	25432
lt-39	25466
lt-40	25441
lt-41	25436
lt-42	25458
lt-43	25411
lt-44	25410
lt-45	25448
lt-46	25435
lt-47	25459
lt-48	25434
lt-49	25460
lt-50	25446
lt-51	25449
lt-52	25461
lt-53	25462
lt-54	25452
lt-55	25427
lt-56	25437
lt-57	25408
lt-58	25409
lt-59	25453
lt-60	25457
lt-al	25398
lt-kl	25400
lt-ku	25399
lt-mr	25401
lt-pn	25402
lt-sa	25403
lt-ta	25404
lt-te	25405
lt-ut	25406
lt-vl	25407
lt.56	25398
lt.56.11	25423
lt.56.15	25421
lt.56.33	25424
lt.56.38	25427
lt.56.59	25426
lt.57	25399
lt.57.12	25422
lt.57.19	25420
lt.57.46	25428
lt.57.49	25429
lt.57.52	25419
lt.57.53	25430
lt.57.69	25431
lt.57.72	25432
lt.58	25400
lt.58.21	25418
lt.58.23	25415
lt.58.25	25414
lt.58.55	25417
lt.58.56	25433
lt.58.75	25434
lt.58.88	25435
lt.59	25401
lt.59.18	25416
lt.59.39	25437
lt.59.48	25463
lt.59.58	25464
lt.59.84	25436
lt.60	25402
lt.60.27	25413
lt.60.36	25438
lt.60.57	25439
lt.60.66	25412
lt.60.67	25440
lt.60.73	25441
lt.61	25403
lt.61.29	25411
lt.61.32	25425
lt.61.47	25442
lt.61.54	25443
lt.61.65	25444
lt.61.71	25445
lt.61.91	25410
lt.62	25404
lt.62.63	25465
lt.62.77	25446
lt.62.87	25448
lt.62.94	25447
lt.63	25405
lt.63.61	25450
lt.63.68	25451
lt.63.74	25466
lt.63.78	25449
lt.64	25406
lt.64.30	25453
lt.64.34	25454
lt.64.43	25457
lt.64.45	25455
lt.64.62	25456
lt.64.82	25452
lt.65	25407
lt.65.13	25408
lt.65.41	25409
lt.65.42	25467
lt.65.79	25461
lt.65.81	25462
lt.65.85	25458
lt.65.86	25460
lt.65.89	25459
lu-ca	25479
lu-cl	25478
lu-di	25477
lu-ec	25476
lu-es	25475
lu-gr	25474
lu-lu	25473
lu-me	25472
lu-rd	25471
lu-rm	25470
lu-vd	25469
lu-wi	25468
lu.ca	25479
lu.ca.03	25497
lu.ca.04	25498
lu.ca.05	25499
lu.ca.06	25500
lu.ca.07	25501
lu.ca.08	25502
lu.ca.09	25503
lu.ca.10	25504
lu.ca.11	25505
lu.ca.8641865	25583
lu.cl	25478
lu.cl.01	25533
lu.cl.03	25534
lu.cl.09	25481
lu.cl.10	25535
lu.cl.63	25584
lu.di	25477
lu.di.02	25536
lu.di.03	25537
lu.di.04	25493
lu.di.06	25538
lu.di.07	25489
lu.di.08	25495
lu.di.11	25539
lu.di.12	25540
lu.di.13	25541
lu.di.8641526	25582
lu.ec	25476
lu.ec.01	25558
lu.ec.02	25559
lu.ec.03	25560
lu.ec.04	25561
lu.ec.05	25490
lu.ec.06	25562
lu.ec.07	25563
lu.ec.08	25564
lu.es	25475
lu.es.01	25494
lu.es.02	25492
lu.es.03	25491
lu.es.04	25506
lu.es.05	25507
lu.es.06	25487
lu.es.07	25508
lu.es.08	25509
lu.es.09	25485
lu.es.10	25510
lu.es.11	25511
lu.es.12	25484
lu.es.13	25483
lu.es.14	25482
lu.gr	25474
lu.gr.01	25565
lu.gr.02	25566
lu.gr.03	25567
lu.gr.04	25488
lu.gr.05	25568
lu.gr.06	25569
lu.gr.07	25570
lu.gr.09	25571
lu.lu	25473
lu.lu.01	25512
lu.lu.02	25513
lu.lu.03	25514
lu.lu.04	25515
lu.lu.05	25516
lu.lu.06	25517
lu.lu.07	25518
lu.lu.08	25519
lu.lu.09	25520
lu.lu.10	25521
lu.lu.2960317	25486
lu.me	25472
lu.me.01	25522
lu.me.02	25523
lu.me.03	25524
lu.me.04	25525
lu.me.05	25526
lu.me.06	25527
lu.me.07	25528
lu.me.08	25529
lu.me.09	25530
lu.me.10	25531
lu.me.11	25532
lu.rd	25471
lu.rd.02	25542
lu.rd.05	25543
lu.rd.06	25544
lu.rd.07	25545
lu.rd.09	25546
lu.rd.10	25547
lu.rd.11	25548
lu.rd.12	25549
lu.rd.13	25550
lu.rd.8641291	25581
lu.rm	25470
lu.rm.00	25572
lu.rm.02	25573
lu.rm.03	25574
lu.rm.04	25575
lu.rm.05	25576
lu.rm.06	25577
lu.rm.07	25578
lu.rm.08	25579
lu.vd	25469
lu.vd.01	25555
lu.vd.02	25556
lu.vd.03	25557
lu.wi	25468
lu.wi.01	25551
lu.wi.02	25552
lu.wi.04	25553
lu.wi.05	25496
lu.wi.11	25480
lu.wi.13	25554
lu.wi.8641289	25580
lv-002	25614
lv-007	25613
lv-011	25619
lv-015	25612
lv-016	25611
lv-022	25610
lv-026	25608
lv-033	25607
lv-041	25604
lv-042	25606
lv-047	25602
lv-050	25601
lv-052	25617
lv-054	25599
lv-056	25620
lv-058	25598
lv-059	25597
lv-062	25615
lv-067	25596
lv-068	25616
lv-073	25595
lv-077	25593
lv-080	25622
lv-087	25618
lv-088	25591
lv-089	25624
lv-091	25623
lv-094	25625
lv-097	25590
lv-099	25589
lv-101	25588
lv-102	25621
lv-106	25585
lv-111	25627
lv-112	25626
lv-113	25587
lv-dgv	25609
lv-jel	25605
lv-jur	25603
lv-lpx	25600
lv-rez	25594
lv-rix	25592
lv-ven	25586
lv.01	25614
lv.01.0320201	25628
lv.01.0320244	25631
lv.01.0321007	25788
lv.01.0321027	25793
lv.01.0321050	25776
lv.01.0321078	25825
lv.01.0321080	25826
lv.01.0321084	25827
lv.01.0321086	25828
lv.01.0321413	25987
lv.01.0321442	26012
lv.01.0321458	26013
lv.01.0321492	26014
lv.01.0326146	25876
lv.01.0326154	25867
lv.01.0326160	25886
lv.01.0327166	25980
lv.01.0327170	25981
lv.01.0327174	25983
lv.01.0327196	25984
lv.01.0328200	26113
lv.02	25613
lv.02.0360201	25649
lv.02.0360242	25650
lv.02.0360244	25651
lv.02.0360252	25652
lv.02.0360256	25654
lv.02.0360258	25655
lv.02.0360260	25656
lv.02.0360264	25657
lv.02.0360268	25658
lv.02.0360272	25659
lv.02.0360274	25660
lv.02.0360276	25637
lv.02.0360280	25653
lv.02.0360288	25661
lv.02.0360294	25662
lv.02.0360296	25663
lv.03	25612
lv.03.0380201	26183
lv.03.0380246	25686
lv.03.0380248	25687
lv.03.0380250	25688
lv.03.0380252	25689
lv.03.0380256	25690
lv.03.0380258	25691
lv.03.0380266	25692
lv.03.0380286	25693
lv.03.0380290	25694
lv.03.0380294	25695
lv.03.0381615	26193
lv.03.0381660	26192
lv.03.0381670	26206
lv.03.0381678	26208
lv.03.0381682	26207
lv.03.0381692	26209
lv.03.0381698	26210
lv.03.0384400	25685
lv.03.0387564	26075
lv.03.0387574	26076
lv.04	25611
lv.04.0400201	25696
lv.04.0400246	25697
lv.04.0400250	25698
lv.04.0400252	25700
lv.04.0400256	25701
lv.04.0400260	25702
lv.04.0400268	25703
lv.04.0400272	25704
lv.04.0400292	25705
lv.04.0406400	25817
lv.04.0407776	26079
lv.04.0407788	26023
lv.04.0407796	26066
lv.04.0409544	26162
lv.04.0409562	26177
lv.04.0409580	26147
lv.04.0409584	26178
lv.04.0409590	26194
lv.04.0409594	26195
lv.05	25610
lv.05.0420201	25719
lv.05.0420290	25722
lv.05.0421211	25881
lv.05.0421262	25926
lv.05.0424742	25665
lv.05.0424746	25666
lv.05.0424768	25667
lv.05.0424778	25668
lv.05.0424796	25669
lv.05.0425756	25829
lv.05.0425798	25819
lv.05.0427360	26025
lv.05.0427364	26026
lv.05.0427372	26027
lv.05.0427394	26028
lv.05.0427574	26004
lv.05.0427580	26007
lv.05.0427582	26008
lv.05.0429350	26141
lv.05.0429354	26173
lv.05.0429358	26174
lv.05.0429386	26175
lv.05.0429392	26176
lv.06	25609
lv.06.0050000	25744
lv.08	25608
lv.08.0460201	25748
lv.08.0460242	25767
lv.08.0460246	25768
lv.08.0460252	25753
lv.08.0460254	25769
lv.08.0460260	25770
lv.08.0460268	25772
lv.08.0460272	25773
lv.08.0460280	25774
lv.08.0460284	25775
lv.08.0460298	25777
lv.08.0460805	25670
lv.08.0460825	25680
lv.08.0460850	25672
lv.08.0460864	25677
lv.08.0460876	25678
lv.08.0460890	25679
lv.08.0460894	25681
lv.08.0468944	26144
lv.08.0468956	26145
lv.08.0468988	26146
lv.09	25607
lv.09.0500201	25699
lv.09.0500244	25800
lv.09.0500248	25801
lv.09.0500252	25802
lv.09.0500256	25803
lv.09.0500260	25804
lv.09.0500264	25805
lv.09.0500268	25808
lv.09.0500272	25809
lv.09.0500276	25807
lv.09.0500284	25810
lv.09.0500288	25811
lv.09.0500290	25812
lv.09.0500294	25814
lv.10	25606
lv.10.0110000	25831
lv.10.0560248	25832
lv.10.0560252	25833
lv.10.0560254	25834
lv.10.0560266	25835
lv.10.0560274	25836
lv.10.0560282	25837
lv.10.0560298	25838
lv.10.0560805	26182
lv.10.0560825	25639
lv.10.0560844	25640
lv.10.0560862	25641
lv.10.0561815	25972
lv.10.0561835	26205
lv.10.0561858	26140
lv.10.0561880	26152
lv.10.0561888	26159
lv.10.0566946	25905
lv.10.0566968	25906
lv.10.0566970	25889
lv.10.0566976	25907
lv.10.0566994	25910
lv.10.0566996	25911
lv.10.0568786	26083
lv.10.0568790	26084
lv.11	25605
lv.11.0090000	25839
lv.12	25604
lv.12.0540248	25840
lv.12.0540252	25841
lv.12.0540256	25842
lv.12.0540258	25749
lv.12.0540260	25843
lv.12.0540262	25844
lv.12.0540270	25847
lv.12.0540274	25848
lv.12.0540282	25849
lv.12.0540286	25850
lv.12.0540290	25851
lv.12.0540292	25852
lv.12.0540296	25854
lv.12.0546744	26002
lv.12.0546766	26187
lv.12.0546778	26003
lv.13	25603
lv.13.0130000	25855
lv.14	25602
lv.14.0600201	25894
lv.14.0600248	25887
lv.14.0600262	25888
lv.14.0600264	25890
lv.14.0600268	25891
lv.14.0600270	25892
lv.14.0600274	25893
lv.14.0600278	25895
lv.14.0600284	25896
lv.14.0600286	25897
lv.14.0600288	25899
lv.14.0600296	25900
lv.14.0601009	25736
lv.14.0601042	25730
lv.14.0601044	25732
lv.14.0601046	25734
lv.14.0601050	25735
lv.14.0601054	25738
lv.14.0601056	25739
lv.14.0601076	25741
lv.14.0601080	25740
lv.14.0601090	25743
lv.14.0601092	25742
lv.14.0604358	26181
lv.14.0604372	25629
lv.14.0604394	25630
lv.15	25601
lv.15.0620201	25917
lv.15.0620246	25912
lv.15.0620250	25914
lv.15.0620254	25909
lv.15.0620258	25916
lv.15.0620260	25918
lv.15.0620264	25919
lv.15.0620272	25920
lv.15.0620274	25915
lv.15.0620280	25921
lv.15.0620284	25922
lv.15.0620290	25902
lv.15.0620292	25923
lv.15.0620296	25924
lv.15.0621209	25664
lv.15.0621229	26117
lv.15.0621268	26114
lv.15.0621278	26115
lv.15.0621282	26085
lv.15.0624200	25648
lv.16	25600
lv.16.0170000	25898
lv.18	25599
lv.18.0660201	25928
lv.18.0660252	25927
lv.18.0660264	25929
lv.18.0660268	25930
lv.18.0660276	25931
lv.18.0660280	25933
lv.18.0660284	25934
lv.18.0660288	25935
lv.18.0661007	25642
lv.18.0661017	25646
lv.18.0661027	25643
lv.18.0661037	25647
lv.18.0661044	25644
lv.18.0661048	25645
lv.18.0661405	26037
lv.18.0661415	26081
lv.18.0661425	26053
lv.18.0661435	26082
lv.18.0661460	26080
lv.19	25598
lv.19.0680201	25946
lv.19.0680246	25942
lv.19.0680250	25943
lv.19.0680258	25944
lv.19.0680260	25945
lv.19.0680278	25947
lv.19.0680280	25948
lv.19.0680286	25949
lv.19.0680288	25950
lv.19.0680292	25951
lv.19.0681009	25846
lv.19.0681054	25863
lv.19.0681068	25864
lv.19.0681070	25866
lv.19.0681072	25865
lv.19.0681094	25868
lv.19.0681817	26199
lv.19.0681864	26212
lv.19.0681884	26213
lv.19.0681896	26214
lv.19.0684944	25725
lv.19.0684948	25726
lv.19.0684966	25727
lv.19.0684990	25728
lv.19.0684998	25729
lv.20	25597
lv.20.0700201	25962
lv.20.0700242	25952
lv.20.0700244	25953
lv.20.0700246	25954
lv.20.0700250	25955
lv.20.0700262	25956
lv.20.0700266	25958
lv.20.0700268	25961
lv.20.0700270	25957
lv.20.0700274	25963
lv.20.0700276	25964
lv.20.0700282	25966
lv.20.0700286	25967
lv.20.0700290	25960
lv.20.0700296	25969
lv.20.0700807	25723
lv.20.0700827	25724
lv.20.0701413	25941
lv.20.0701458	25940
lv.20.0705554	25790
lv.20.0705560	25791
lv.20.0705592	25792
lv.21	25596
lv.21.0740201	25965
lv.21.0740252	25990
lv.21.0740256	25989
lv.21.0740260	25991
lv.21.0740268	25992
lv.21.0740272	25993
lv.21.0740276	25996
lv.21.0740280	25997
lv.21.0740288	25998
lv.21.0740292	25999
lv.21.0740605	25806
lv.21.0740625	25818
lv.21.0741009	25871
lv.21.0741029	25873
lv.21.0741044	25870
lv.21.0741084	25872
lv.21.0741413	25877
lv.21.0741433	25885
lv.21.0741448	25908
lv.21.0741464	25925
lv.22	25595
lv.22.0604342	26180
lv.22.0760201	25994
lv.22.0760244	26015
lv.22.0760256	26016
lv.22.0760258	26017
lv.22.0760274	26009
lv.22.0766348	26059
lv.22.0766362	26060
lv.22.0766370	26061
lv.22.0766376	26062
lv.22.0766378	26064
lv.22.0766380	26065
lv.22.0769164	26170
lv.22.0769190	26171
lv.22.0769194	26172
lv.23	25594
lv.23.0210000	26006
lv.24	25593
lv.24.0780242	26031
lv.24.0780244	26032
lv.24.0780246	25995
lv.24.0780250	26033
lv.24.0780252	26034
lv.24.0780254	26035
lv.24.0780256	26036
lv.24.0780258	26038
lv.24.0780260	26039
lv.24.0780262	26040
lv.24.0780266	26041
lv.24.0780268	26042
lv.24.0780270	26044
lv.24.0780272	26043
lv.24.0780274	26018
lv.24.0780276	26048
lv.24.0780278	26049
lv.24.0780280	26050
lv.24.0780282	26051
lv.24.0780284	26047
lv.24.0780286	26052
lv.24.0780288	26054
lv.24.0780292	26056
lv.24.0780294	26057
lv.24.0780296	26058
lv.24.0781817	25798
lv.24.0781848	25756
lv.24.0781890	26166
lv.24.0781898	26211
lv.25	25592
lv.25.0010000	26068
lv.27	25591
lv.27.0840201	26067
lv.27.0840248	26087
lv.27.0840256	26088
lv.27.0840258	26089
lv.27.0840262	26090
lv.27.0840266	26091
lv.27.0840270	26093
lv.27.0840272	26095
lv.27.0840276	26096
lv.27.0840282	26099
lv.27.0840286	26100
lv.27.0840288	26102
lv.27.0840292	26103
lv.27.0840294	26104
lv.27.0840296	26106
lv.27.0840298	26107
lv.27.0840605	25710
lv.27.0840625	25711
lv.27.0840644	25709
lv.27.0840652	25712
lv.27.0840680	25713
lv.28	25590
lv.28.0880201	25968
lv.28.0880213	26137
lv.28.0880215	26138
lv.28.0880217	25985
lv.28.0880237	26127
lv.28.0880242	26126
lv.28.0880246	26128
lv.28.0880254	26130
lv.28.0880258	26105
lv.28.0880264	26131
lv.28.0880268	26132
lv.28.0880270	26133
lv.28.0880272	26135
lv.28.0880274	26136
lv.28.0880286	25845
lv.28.0880292	26139
lv.28.0880294	26142
lv.28.0880296	26143
lv.28.0885150	25779
lv.28.0885162	25780
lv.28.0887600	25976
lv.28.0888301	26069
lv.29	25589
lv.29.0900201	26156
lv.29.0900246	26148
lv.29.0900248	26149
lv.29.0900254	26150
lv.29.0900258	26151
lv.29.0900268	26189
lv.29.0900274	26153
lv.29.0900278	26154
lv.29.0900280	26155
lv.29.0900284	26157
lv.29.0900296	26158
lv.29.0901211	25857
lv.29.0901244	25856
lv.29.0901262	25858
lv.29.0901270	25859
lv.29.0901288	25860
lv.29.0901292	25861
lv.29.0901294	25862
lv.29.0905150	25786
lv.29.0905166	25787
lv.29.0905182	25789
lv.29.0905756	25830
lv.29.0905790	25785
lv.30	25588
lv.30.0940201	26190
lv.30.0940252	26163
lv.30.0940266	26129
lv.30.0940288	26164
lv.30.0940292	26165
lv.30.0940296	26167
lv.31	25587
lv.31.0250000	25903
lv.31.0941813	26097
lv.31.0941817	26098
lv.31.0941860	26124
lv.31.0941876	26125
lv.31.0960244	25879
lv.31.0960252	25880
lv.31.0960264	25882
lv.31.0960288	25883
lv.31.0960296	25884
lv.31.0961011	26186
lv.31.0961031	25971
lv.31.0961076	25973
lv.31.0961082	25974
lv.31.0961084	25975
lv.31.0961615	26045
lv.31.0961656	26077
lv.31.0961658	26070
lv.31.0961668	26046
lv.31.0961694	26078
lv.31.0964746	25706
lv.31.0964762	25707
lv.31.0964784	25708
lv.31.0967148	25714
lv.31.0967154	25715
lv.31.0967170	25716
lv.31.0967178	25717
lv.31.0967190	25718
lv.31.0967192	25720
lv.31.0967366	25977
lv.31.0967372	25978
lv.32	25586
lv.32.0270000	26196
lv.33	25585
lv.33.0980213	25982
lv.33.0980233	25778
lv.33.0980244	26197
lv.33.0980250	26198
lv.33.0980256	26191
lv.33.0980260	25913
lv.33.0980266	26200
lv.33.0980270	26201
lv.33.0980274	26202
lv.33.0980278	26203
lv.33.0980284	26204
lv.33.0980290	26000
lv.33.0980294	26005
lv.34	25619
lv.34.0804400	26179
lv.34.0805200	25721
lv.80	25617
lv.80.0800605	26184
lv.80.0800625	25684
lv.80.0800807	25874
lv.80.0800856	25875
lv.80.0800870	25878
lv.90	25620
lv.90.0761211	25938
lv.90.0761252	25937
lv.90.0761266	25939
lv.90.0761268	25932
lv.90.0761282	25853
lv.90.0761286	25936
lv.95	25615
lv.95.0804948	25682
lv.95.0804988	25683
lv.95.0807600	25959
lv.a2	25616
lv.a2.0801009	25869
lv.a2.0801080	26001
lv.an	25627
lv.an.0440242	25737
lv.an.0440246	25745
lv.an.0440250	25746
lv.an.0440252	25747
lv.an.0440260	25750
lv.an.0440262	25751
lv.an.0440264	25752
lv.an.0440268	25754
lv.an.0440270	25755
lv.an.0440272	25757
lv.an.0440274	25758
lv.an.0440276	25759
lv.an.0440284	25760
lv.an.0440286	25761
lv.an.0440288	25762
lv.an.0440292	25763
lv.an.0440294	25764
lv.an.0440296	25765
lv.an.0440298	25766
lv.an.0440807	25731
lv.an.0440815	25813
lv.an.0440835	25823
lv.an.0440844	25820
lv.an.0440854	25821
lv.an.0440856	25815
lv.an.0440880	25822
lv.an.0440890	25816
lv.b5	25622
lv.b5.0801817	25733
lv.b5.0806000	25794
lv.b5.0808400	26071
lv.b5.0809600	26123
lv.c3	25618
lv.c3.0801211	26055
lv.c3.0801231	26086
lv.c5	25624
lv.c5.0801413	26108
lv.c5.0801433	26109
lv.c5.0809200	26110
lv.c7	25623
lv.c7.0801615	26072
lv.c7.0801642	26111
lv.c7.0801666	26094
lv.c7.0801694	26112
lv.c7.0801864	25824
lv.c7.0806956	25904
lv.c7.0806968	25901
lv.c7.0807400	25970
lv.d1	25625
lv.d1.0360805	25671
lv.d1.0360825	25673
lv.d1.0360848	25674
lv.d1.0360884	25675
lv.d1.0360890	25676
lv.d1.0427748	26029
lv.d1.0427776	26030
lv.d1.0941615	26092
lv.d1.0941644	26118
lv.d1.0941646	26119
lv.d1.0941648	26120
lv.d1.0941658	26121
lv.d1.0941670	26122
lv.d1.0941674	26063
lv.d1.0941680	26101
lv.d1.0941690	26116
lv.dn	25626
lv.dn.0640605	25632
lv.dn.0640642	25633
lv.dn.0640648	25634
lv.dn.0640666	25635
lv.dn.0640668	25636
lv.dn.0640672	25638
lv.dn.0640807	25771
lv.dn.0640827	25782
lv.dn.0640850	25781
lv.dn.0640888	25783
lv.dn.0640894	25784
lv.dn.0641009	26185
lv.dn.0641044	25795
lv.dn.0641056	25796
lv.dn.0641060	25797
lv.dn.0641076	25799
lv.dn.0641413	25979
lv.dn.0641486	26010
lv.dn.0641496	26011
lv.dn.0641615	26188
lv.dn.0641646	26019
lv.dn.0641658	26020
lv.dn.0641664	26021
lv.dn.0641682	26022
lv.dn.0641698	26024
lv.dn.0647978	25986
lv.dn.0647980	25988
lv.dn.0648552	26073
lv.dn.0648584	26074
lv.dn.0649354	26160
lv.dn.0649392	26161
lv.e1	25621
lv.e1.0701817	26168
lv.e1.0701878	26134
lv.e1.0701894	26169
ly-ba	26216
ly-bu	26231
ly-dr	26215
ly-gt	26226
ly-ja	26219
ly-jg	26232
ly-ji	26233
ly-ju	26229
ly-kf	26218
ly-mb	26234
ly-mi	26225
ly-mj	26217
ly-mq	26224
ly-nl	26223
ly-nq	26230
ly-sb	26222
ly-sr	26221
ly-tb	26220
ly-wa	26235
ly-wd	26236
ly-ws	26228
ly-za	26227
ly.63	26219
ly.64	26229
ly.65	26218
ly.66	26217
ly.67	26230
ly.68	26227
ly.69	26216
ly.70	26215
ly.71	26226
ly.72	26225
ly.73	26224
ly.74	26223
ly.74.2208403	26237
ly.75	26222
ly.76	26221
ly.77	26220
ly.78	26228
ly.79	26231
ly.80	26232
ly.81	26233
ly.82	26234
ly.83	26235
ly.84	26236
ma-01	26238
ma-02	26239
ma-03	26240
ma-04	26241
ma-05	26242
ma-06	26243
ma-07	26244
ma-08	26245
ma-09	26246
ma-10	26247
ma-11	26248
ma-12	26249
ma-agd	26286
ma-aou	26304
ma-asz	26288
ma-azi	26284
ma-bem	26283
ma-ber	26294
ma-bes	26282
ma-bod	26297
ma-bom	26281
ma-brr	26312
ma-cas	26301
ma-che	26280
ma-chi	26291
ma-cht	26298
ma-dri	26313
ma-err	26277
ma-esi	26276
ma-esm	26289
ma-fah	26300
ma-fes	26307
ma-fig	26275
ma-fqh	26324
ma-gue	26274
ma-guf	26311
ma-haj	26303
ma-hao	26299
ma-hoc	26285
ma-ifr	26273
ma-ine	26272
ma-jdi	26279
ma-jra	26295
ma-ken	26271
ma-kes	26278
ma-khe	26270
ma-khn	26269
ma-kho	26268
ma-laa	26267
ma-lar	26266
ma-mar	26292
ma-mdf	26316
ma-med	26310
ma-mek	26290
ma-mid	26320
ma-moh	26308
ma-mou	26302
ma-nad	26265
ma-nou	26306
ma-oua	26264
ma-oud	26305
ma-ouj	26263
ma-ouz	26315
ma-rab	26262
ma-reh	26321
ma-saf	26261
ma-sal	26260
ma-sef	26293
ma-set	26259
ma-sib	26318
ma-sif	26323
ma-sik	26258
ma-sil	26317
ma-skh	26287
ma-taf	26322
ma-tai	26296
ma-tao	26255
ma-tar	26254
ma-tat	26253
ma-taz	26252
ma-tet	26251
ma-tin	26314
ma-tiz	26250
ma-tng	26257
ma-tnt	26256
ma-yus	26319
ma-zag	26309
ma.01	26238
ma.01.051	26285
ma.01.151	26280
ma.01.227	26300
ma.01.331	26266
ma.01.405	26315
ma.01.511	26257
ma.01.571	26251
ma.01.573	26316
ma.02	26239
ma.02.113	26294
ma.02.167	26313
ma.02.251	26275
ma.02.265	26311
ma.02.275	26295
ma.02.381	26265
ma.02.411	26263
ma.02.533	26296
ma.03	26240
ma.03.061	26290
ma.03.131	26281
ma.03.171	26303
ma.03.231	26307
ma.03.271	26273
ma.03.451	26293
ma.03.531	26255
ma.03.561	26252
ma.03.591	26302
ma.04	26241
ma.04.281	26271
ma.04.291	26270
ma.04.421	26262
ma.04.441	26260
ma.04.481	26258
ma.04.491	26317
ma.04.501	26287
ma.05	26242
ma.05.081	26284
ma.05.091	26283
ma.05.255	26324
ma.05.301	26269
ma.05.311	26268
ma.06	26243
ma.06.111	26282
ma.06.117	26312
ma.06.141	26301
ma.06.181	26279
ma.06.355	26310
ma.06.371	26308
ma.06.385	26306
ma.06.461	26259
ma.06.467	26318
ma.07	26244
ma.07.041	26299
ma.07.161	26291
ma.07.191	26278
ma.07.211	26276
ma.07.351	26292
ma.07.427	26321
ma.07.431	26261
ma.07.585	26319
ma.08	26245
ma.08.201	26277
ma.08.363	26320
ma.08.401	26264
ma.08.577	26314
ma.08.587	26309
ma.09	26246
ma.09.001	26286
ma.09.163	26298
ma.09.273	26272
ma.09.541	26254
ma.09.551	26253
ma.09.581	26250
ma.10	26247
ma.10.071	26288
ma.10.261	26274
ma.10.473	26323
ma.10.521	26256
ma.11	26248
ma.11.121	26297
ma.11.221	26289
ma.11.321	26267
ma.11.537	26322
ma.12	26249
ma.12.066	26304
ma.12.391	26305
mc-cl	26326
mc-co	26327
mc-fo	26328
mc-ga	26329
mc-je	26330
mc-la	26331
mc-ma	26332
mc-mc	26333
mc-mg	26334
mc-mo	26335
mc-mu	26336
mc-ph	26337
mc-sd	26338
mc-so	26339
mc-sp	26340
mc-sr	26341
mc-vr	26342
mc.00	26325
md-an	26354
md-ba	26379
md-bd	26378
md-br	26372
md-bs	26373
md-ca	26364
md-cl	26363
md-cm	26371
md-cr	26358
md-cs	26361
md-ct	26362
md-cu	26360
md-do	26370
md-dr	26369
md-du	26368
md-ed	26343
md-fa	26367
md-fl	26366
md-ga	26377
md-gl	26365
md-hi	26374
md-ia	26359
md-le	26356
md-ni	26355
md-oc	26353
md-or	26352
md-re	26351
md-ri	26350
md-sd	26375
md-si	26357
md-sn	26376
md-so	26349
md-st	26348
md-sv	26347
md-ta	26346
md-te	26345
md-un	26344
md.51	26377
md.57	26360
md.58	26376
md.59	26354
md.60	26379
md.61	26373
md.62	26378
md.63	26372
md.64	26364
md.65	26362
md.66	26363
md.67	26361
md.68	26371
md.69	26358
md.70	26370
md.71	26369
md.72	26368
md.73	26343
md.74	26367
md.75	26366
md.76	26365
md.77	26374
md.78	26359
md.79	26356
md.80	26355
md.81	26353
md.82	26352
md.83	26351
md.84	26350
md.85	26357
md.86	26375
md.87	26349
md.88	26347
md.89	26348
md.90	26346
md.91	26345
md.92	26344
me-01	26400
me-02	26399
me-03	26393
me-04	26398
me-05	26397
me-06	26396
me-07	26395
me-08	26394
me-09	26392
me-10	26391
me-11	26390
me-12	26389
me-13	26388
me-14	26387
me-15	26386
me-16	26384
me-17	26380
me-18	26385
me-19	26383
me-20	26382
me-21	26381
me-22	26401
me-23	26402
me-24	26403
me-25	26404
me.01	26400
me.02	26399
me.03	26393
me.04	26398
me.05	26397
me.06	26396
me.07	26395
me.08	26394
me.09	26392
me.10	26391
me.11	26390
me.12	26389
me.13	26388
me.14	26387
me.15	26386
me.16	26384
me.17	26380
me.18	26385
me.19	26383
me.20	26382
me.21	26381
me.22	26401
me.23	26402
me.24	26403
me.25	26404
mg-a	26428
mg-d	26429
mg-f	26430
mg-m	26431
mg-t	26432
mg-u	26433
mg.11	26416
mg.11.11101001	26527
mg.11.11101002	26528
mg.11.11101003	26529
mg.11.11101004	26530
mg.11.11101005	26531
mg.11.11101006	26518
mg.11.11102	26523
mg.11.11103	26478
mg.11.11104	26477
mg.11.11106	26438
mg.11.11107	26491
mg.11.11115	26479
mg.11.11117	26437
mg.12	26414
mg.12.12108	26444
mg.12.12109	26464
mg.12.12110	26446
mg.12.12114	26445
mg.12.12116	26492
mg.12.12118	26443
mg.12.12120	26532
mg.13	26415
mg.13.13105	26495
mg.13.13112	26496
mg.13.13113	26497
mg.14	26413
mg.14.14111	26493
mg.14.14119	26494
mg.21	26420
mg.21.21201	26440
mg.21.21205	26498
mg.21.21208	26441
mg.21.21219	26499
mg.21.21220	26533
mg.21.21224	26534
mg.21.21225	26535
mg.22	26419
mg.22.22202	26470
mg.22.22203	26442
mg.22.22204	26471
mg.22.22223	26472
mg.24	26421
mg.24.24216	26539
mg.24.24218	26552
mg.24.24221	26519
mg.25	26422
mg.25.25213	26458
mg.25.25214	26459
mg.25.25215	26520
mg.25.25217	26524
mg.25.25222	26525
mg.26	26426
mg.26.23210	26501
mg.26.23211	26500
mg.26.23212	26540
mg.27	26427
mg.27.23206	26536
mg.27.23207	26537
mg.27.23209	26538
mg.31	26417
mg.31.31301	26450
mg.31.31306	26436
mg.31.31307	26551
mg.31.31308	26513
mg.31.31309	26514
mg.31.31310	26451
mg.31.31311	26515
mg.32	26408
mg.32.32302	26508
mg.32.32303	26455
mg.32.32304	26456
mg.32.32305	26516
mg.32.32315	26454
mg.32.32318	26517
mg.33	26411
mg.33.33312	26435
mg.33.33313	26434
mg.33.33314	26439
mg.33.33316	26468
mg.33.33317	26469
mg.41	26409
mg.41.41401	26503
mg.41.41403	26541
mg.41.41405	26542
mg.41.41406	26453
mg.41.41407	26543
mg.41.41415	26502
mg.42	26407
mg.42.42409	26544
mg.42.42410	26449
mg.42.42411	26545
mg.42.42412	26448
mg.42.42413	26447
mg.42.42414	26462
mg.42.42423	26546
mg.43	26410
mg.43.43404	26504
mg.43.43408	26505
mg.43.43416	26547
mg.44	26412
mg.44.44402	26548
mg.44.44417	26507
mg.44.44420	26549
mg.44.44421	26506
mg.44.44422	26550
mg.51	26425
mg.51.51501	26467
mg.51.51503	26476
mg.51.51504	26461
mg.51.51505	26463
mg.51.51506	26482
mg.51.51507	26481
mg.51.51512	26480
mg.51.51520	26466
mg.51.51521	26488
mg.52	26424
mg.52.52513	26484
mg.52.52514	26489
mg.52.52516	26483
mg.52.52518	26485
mg.53	26423
mg.53.53515	26490
mg.53.53517	26457
mg.53.53519	26460
mg.54	26418
mg.54.54502	26475
mg.54.54508	26473
mg.54.54509	26474
mg.54.54510	26521
mg.54.54511	26465
mg.71	26405
mg.71.71713	26487
mg.71.71715	26486
mg.71.71717	26511
mg.71.71718	26510
mg.71.71719	26522
mg.72	26406
mg.72.72710	26512
mg.72.72711	26509
mg.72.72712	26452
mg.72.72716	26526
mh-alk	26555
mh-all	26554
mh-arn	26556
mh-aur	26557
mh-ebo	26560
mh-eni	26561
mh-jab	26581
mh-jal	26563
mh-kil	26583
mh-kwa	26564
mh-l	26586
mh-lae	26565
mh-lib	26584
mh-lik	26566
mh-maj	26567
mh-mal	26568
mh-mej	26585
mh-mil	26569
mh-nmk	26570
mh-nmu	26571
mh-ron	26572
mh-t	26587
mh-uja	26576
mh-uti	26578
mh-wth	26579
mh-wtj	26580
mh.007	26553
mh.010	26554
mh.030	26555
mh.040	26556
mh.050	26557
mh.060	26558
mh.070	26559
mh.073	26575
mh.080	26560
mh.090	26561
mh.100	26562
mh.110	26581
mh.120	26563
mh.130	26582
mh.140	26583
mh.150	26564
mh.160	26565
mh.170	26584
mh.180	26566
mh.190	26567
mh.300	26568
mh.310	26585
mh.320	26569
mh.330	26570
mh.340	26571
mh.350	26572
mh.360	26573
mh.385	26574
mh.390	26576
mh.400	26577
mh.410	26578
mh.420	26579
mh.430	26580
mk-101	26651
mk-102	26603
mk-103	26601
mk-104	26624
mk-105	26604
mk-106	26633
mk-107	26602
mk-108	26648
mk-109	26613
mk-201	26607
mk-202	26653
mk-203	26617
mk-204	26599
mk-205	26600
mk-206	26626
mk-207	26598
mk-208	26591
mk-209	26638
mk-210	26605
mk-211	26644
mk-301	26652
mk-303	26616
mk-304	26657
mk-307	26625
mk-308	26632
mk-310	26634
mk-311	26636
mk-312	26645
mk-313	26614
mk-401	26596
mk-402	26593
mk-403	26588
mk-404	26594
mk-405	26620
mk-406	26595
mk-407	26597
mk-408	26592
mk-409	26639
mk-410	26646
mk-501	26608
mk-502	26618
mk-503	26619
mk-504	26628
mk-505	26629
mk-506	26609
mk-507	26606
mk-508	26637
mk-509	26589
mk-601	26611
mk-602	26612
mk-603	26654
mk-604	26621
mk-605	26656
mk-606	26623
mk-607	26641
mk-608	26649
mk-609	26650
mk-701	26590
mk-702	26627
mk-703	26630
mk-704	26631
mk-705	26640
mk-706	26643
mk-801	26667
mk-802	26610
mk-803	26668
mk-804	26662
mk-805	26661
mk-806	26655
mk-807	26622
mk-808	26663
mk-809	26664
mk-810	26635
mk-811	26665
mk-812	26642
mk-813	26647
mk-814	26660
mk-815	26659
mk-816	26615
mk-817	26666
mk.01	26610
mk.04	26607
mk.06	26608
mk.08	26596
mk.11	26593
mk.12	26612
mk.18	26614
mk.19	26605
mk.20	26615
mk.22	26617
mk.25	26601
mk.28	26619
mk.33	26620
mk.35	26603
mk.36	26622
mk.40	26600
mk.43	26625
mk.46	26626
mk.47	26597
mk.51	26590
mk.52	26627
mk.53	26628
mk.54	26629
mk.59	26631
mk.60	26604
mk.62	26598
mk.69	26633
mk.72	26592
mk.78	26591
mk.79	26635
mk.80	26636
mk.83	26638
mk.84	26639
mk.85	26640
mk.86	26589
mk.87	26602
mk.92	26642
mk.97	26643
mk.98	26644
mk.a2	26647
mk.a4	26648
mk.a5	26649
mk.a9	26594
mk.b3	26652
mk.b4	26653
mk.b7	26654
mk.c2	26655
mk.c3	26656
mk.c6	26599
mk.c7	26611
mk.c9	26613
mk.d2	26616
mk.d3	26618
mk.d4	26621
mk.d5	26623
mk.d6	26624
mk.d7	26630
mk.d8	26632
mk.d9	26609
mk.e1	26606
mk.e2	26634
mk.e3	26637
mk.e4	26641
mk.e5	26595
mk.e6	26645
mk.e7	26646
mk.e8	26650
mk.e9	26588
mk.f1	26651
mk.f5	26657
mk.f6	26658
mk.f6.29	26661
mk.f6.32	26662
mk.f6.41	26663
mk.f6.44	26664
mk.f6.90	26665
mk.f6.a3	26666
mk.f6.c8	26659
mk.f6.d1	26660
mk.f6.f3	26667
mk.f6.f4	26668
ml-1	26674
ml-10	26678
ml-2	26673
ml-3	26670
ml-4	26671
ml-5	26672
ml-6	26669
ml-7	26675
ml-8	26677
ml-9	26679
ml-bko	26676
ml.01	26676
ml.01.11996137	26729
ml.03	26674
ml.03.7701481	26691
ml.03.7701501	26697
ml.03.8261489	26701
ml.03.8261494	26705
ml.03.8299787	26711
ml.03.8334585	26712
ml.03.8631403	26714
ml.04	26672
ml.04.7670549	26680
ml.04.7701484	26692
ml.04.7701493	26693
ml.04.7701494	26694
ml.04.8299587	26706
ml.04.8299589	26708
ml.04.8299590	26709
ml.04.8299591	26710
ml.05	26671
ml.05.7701201	26686
ml.05.7701202	26687
ml.05.7701496	26695
ml.05.7701500	26696
ml.05.8631514	26719
ml.05.8631515	26720
ml.05.8631516	26721
ml.06	26670
ml.06.7670554	26683
ml.06.7701502	26698
ml.06.7729902	26700
ml.06.8334591	26713
ml.06.8631446	26716
ml.06.8631512	26717
ml.06.8631513	26718
ml.07	26673
ml.07.7701199	26684
ml.07.7701200	26685
ml.07.7701503	26699
ml.07.8261491	26702
ml.07.8261492	26703
ml.07.8261493	26704
ml.07.8631413	26715
ml.08	26669
ml.08.7670552	26681
ml.08.7701470	26689
ml.08.7701473	26690
ml.08.8299588	26707
ml.08.8631536	26722
ml.09	26675
ml.09.7670553	26682
ml.09.8631537	26723
ml.09.8631538	26724
ml.10	26677
ml.10.7701465	26688
ml.10.8631540	26726
ml.10.8631541	26727
ml.10.8631542	26728
ml.12070575	26678
ml.12070577	26679
ml.12070577.8631539	26725
mm-01	26732
mm-02	26735
mm-03	26738
mm-04	26737
mm-05	26730
mm-06	26733
mm-07	26742
mm-11	26741
mm-12	26739
mm-13	26740
mm-14	26743
mm-15	26736
mm-16	26734
mm-17	26731
mm-18	26744
mm.01	26734
mm.01.mmr012d001	26775
mm.01.mmr012d002	26776
mm.01.mmr012d003	26769
mm.01.mmr012d004	26753
mm.01.mmr012d005	26809
mm.02	26743
mm.02.mmr004d001	26804
mm.02.mmr004d002	26806
mm.02.mmr004d003	26805
mm.03	26742
mm.03.mmr017d001	26774
mm.03.mmr017d002	26771
mm.03.mmr017d003	26761
mm.03.mmr017d004	26777
mm.03.mmr017d005	26765
mm.03.mmr017d006	26755
mm.04	26741
mm.04.mmr001d001	26759
mm.04.mmr001d002	26779
mm.04.mmr001d003	26773
mm.04.mmr001d004	26778
mm.05	26740
mm.05.mmr003d001	26780
mm.05.mmr003d002	26781
mm.05.mmr003d003	26782
mm.05.mmr003d004	26807
mm.06	26739
mm.06.mmr002d001	26784
mm.06.mmr002d002	26783
mm.08	26737
mm.08.mmr010d001	26766
mm.08.mmr010d002	26786
mm.08.mmr010d003	26768
mm.08.mmr010d004	26760
mm.08.mmr010d005	26785
mm.08.mmr010d006	26745
mm.08.mmr010d007	26764
mm.10	26732
mm.10.mmr005d001	26754
mm.10.mmr005d002	26752
mm.10.mmr005d003	26810
mm.10.mmr005d004	26770
mm.10.mmr005d005	26787
mm.10.mmr005d006	26788
mm.10.mmr005d007	26746
mm.10.mmr005d008	26758
mm.10.mmr005d009	26814
mm.11	26731
mm.11.mmr014d001	26789
mm.11.mmr014d002	26794
mm.11.mmr014d003	26795
mm.11.mmr015d001	26797
mm.11.mmr015d002	26793
mm.11.mmr015d003	26792
mm.11.mmr015d005	26815
mm.11.mmr015d006	26803
mm.11.mmr015d007	26816
mm.11.mmr015d008	26817
mm.11.mmr016d001	26796
mm.11.mmr016d002	26791
mm.11.mmr016d003	26790
mm.12	26730
mm.12.mmr006d001	26751
mm.12.mmr006d002	26763
mm.12.mmr006d003	26798
mm.13	26736
mm.13.mmr011d001	26799
mm.13.mmr011d002	26749
mm.15	26738
mm.15.mmr009d001	26767
mm.15.mmr009d002	26762
mm.15.mmr009d003	26748
mm.15.mmr009d004	26757
mm.15.mmr009d005	26800
mm.16	26735
mm.16.mmr007d001	26772
mm.16.mmr007d002	26747
mm.16.mmr008d001	26756
mm.16.mmr008d002	26750
mm.17	26733
mm.17.mmr013d001	26812
mm.17.mmr013d002	26811
mm.17.mmr013d003	26801
mm.17.mmr013d004	26802
mm.18	26744
mm.18.mmr018d001	26813
mm.18.mmr018d002	26808
mn-035	26839
mn-037	26837
mn-039	26831
mn-041	26830
mn-043	26819
mn-046	26818
mn-047	26825
mn-049	26827
mn-051	26826
mn-053	26829
mn-055	26828
mn-057	26821
mn-059	26832
mn-061	26834
mn-063	26833
mn-064	26838
mn-065	26820
mn-067	26835
mn-069	26823
mn-071	26822
mn-073	26836
mn-1	26824
mn.01	26836
mn.01.1515709	26841
mn.01.6618894	27001
mn.01.6619019	27024
mn.01.6619020	27025
mn.01.6619021	27026
mn.01.6619022	27027
mn.01.6619023	27028
mn.01.6619024	27029
mn.01.6619025	27030
mn.01.6619026	27031
mn.01.6619027	27032
mn.01.6619028	27033
mn.01.6619029	27034
mn.01.6619030	27035
mn.01.6619031	27036
mn.01.6619032	27037
mn.01.6619033	27038
mn.01.6619034	27039
mn.01.6619035	27040
mn.01.6619036	27041
mn.01.6998261	27201
mn.01.7667597	27206
mn.02	26823
mn.02.6619062	27061
mn.02.6619063	27062
mn.02.6619064	27063
mn.02.6619065	27064
mn.02.6619066	27065
mn.02.6619067	27066
mn.02.6619068	27067
mn.02.6619069	27068
mn.02.6619070	27069
mn.02.6619071	27070
mn.02.6619072	27071
mn.02.6619073	27072
mn.02.6619074	27073
mn.02.6619075	27074
mn.02.6619076	27075
mn.02.6619077	27076
mn.02.6619078	27077
mn.02.6619079	27078
mn.02.6619080	27079
mn.02.6619081	27080
mn.02.6998274	27202
mn.02.7667614	27207
mn.03	26822
mn.03.1516281	26843
mn.03.6619140	27114
mn.03.6619141	27115
mn.03.6619142	27116
mn.03.6619143	27117
mn.03.6619144	27118
mn.03.6619145	27119
mn.03.6619146	27120
mn.03.6619147	27121
mn.03.6619149	27122
mn.03.6619150	27123
mn.03.6619151	27124
mn.03.6619152	27125
mn.03.6619153	27126
mn.03.6998284	27203
mn.06	26834
mn.06.10375939	27215
mn.06.10375940	27216
mn.06.6618688	26850
mn.06.6618689	26851
mn.06.6618690	26852
mn.06.6618691	26853
mn.06.6618692	26854
mn.06.6618693	26855
mn.06.6618694	26856
mn.06.6618695	26857
mn.06.6618696	26858
mn.06.6618697	26859
mn.06.6618698	26860
mn.06.6618699	26861
mn.06.6618700	26862
mn.06.6618701	26863
mn.06.6988033	27196
mn.06.6988036	27197
mn.06.6988038	27198
mn.07	26833
mn.07.11886725	27224
mn.07.6618754	26894
mn.07.6618755	26895
mn.07.6618756	26896
mn.07.6618757	26897
mn.07.6618758	26898
mn.07.6618760	26899
mn.07.6618761	26900
mn.07.6618762	26901
mn.07.6618763	26902
mn.07.6618764	26903
mn.07.6618765	26904
mn.07.6618766	26905
mn.07.6618767	26906
mn.07.6618768	26907
mn.07.6618771	26910
mn.07.6997394	27200
mn.07.6999252	27204
mn.08	26832
mn.08.6618769	26908
mn.08.6618803	26925
mn.08.6618804	26926
mn.08.6618805	26927
mn.08.6618806	26928
mn.08.6618807	26929
mn.08.6618808	26930
mn.08.6618809	26931
mn.08.6618810	26932
mn.08.6618811	26933
mn.08.6618812	26934
mn.08.6618813	26935
mn.08.6618814	26936
mn.08.6618815	26937
mn.08.6618816	26938
mn.08.6618817	26939
mn.08.6987992	27190
mn.09	26821
mn.09.1515279	26840
mn.09.6619214	27146
mn.09.6619215	27147
mn.09.6619216	27148
mn.09.6619217	27149
mn.09.6619218	27150
mn.09.6619220	27151
mn.09.6619221	27152
mn.09.6619222	27153
mn.09.6619223	27154
mn.09.6619224	27155
mn.09.6619226	27157
mn.09.6619227	27158
mn.09.6619228	27159
mn.09.6619229	27160
mn.09.6619230	27161
mn.09.6619231	27162
mn.09.6619232	27163
mn.09.6619233	27164
mn.09.6619234	27165
mn.09.6619235	27166
mn.09.6619236	27167
mn.09.6619238	27168
mn.09.6987797	27170
mn.09.6987802	27171
mn.10	26820
mn.10.10375936	27212
mn.10.6619082	27081
mn.10.6619083	27082
mn.10.6619084	27083
mn.10.6619085	27084
mn.10.6619086	27085
mn.10.6619087	27086
mn.10.6619088	27087
mn.10.6619089	27088
mn.10.6619090	27089
mn.10.6619091	27090
mn.10.6619092	27091
mn.10.6619093	27092
mn.10.6619094	27093
mn.10.6619095	27094
mn.10.6619096	27095
mn.10.6619097	27096
mn.10.6619098	27097
mn.10.6619099	27098
mn.10.6619225	27156
mn.11	26831
mn.11.11898755	27225
mn.11.6618715	26877
mn.11.6618719	26878
mn.11.6618720	26879
mn.11.6618721	26880
mn.11.6618722	26881
mn.11.6618723	26882
mn.11.6618725	26883
mn.11.6618726	26884
mn.11.6618727	26885
mn.11.6618728	26886
mn.11.6618729	26887
mn.11.6618730	26888
mn.11.6618731	26889
mn.11.6618732	26890
mn.11.6618733	26891
mn.11.6618734	26892
mn.11.6618735	26893
mn.11.6988013	27195
mn.12	26819
mn.12.10375932	27208
mn.12.1516065	26842
mn.12.6619109	27099
mn.12.6619110	27100
mn.12.6619111	27101
mn.12.6619113	27102
mn.12.6619115	27103
mn.12.6619116	27104
mn.12.6619117	27105
mn.12.6619118	27106
mn.12.6619119	27107
mn.12.6619120	27108
mn.12.6619121	27109
mn.12.6619122	27110
mn.12.6619123	27111
mn.12.6619124	27112
mn.12.6619126	27113
mn.12.6987811	27172
mn.13	26830
mn.13.10375937	27213
mn.13.10375938	27214
mn.13.2029006	26845
mn.13.6618997	27003
mn.13.6618998	27004
mn.13.6618999	27005
mn.13.6619000	27006
mn.13.6619001	27007
mn.13.6619002	27008
mn.13.6619003	27009
mn.13.6619004	27010
mn.13.6619005	27011
mn.13.6619006	27012
mn.13.6619007	27013
mn.13.6619008	27014
mn.13.6619009	27015
mn.13.6619010	27016
mn.13.6619011	27017
mn.13.6619013	27018
mn.13.6619014	27019
mn.13.6619015	27020
mn.13.6619016	27021
mn.13.6619017	27022
mn.13.6619018	27023
mn.13.6987854	27175
mn.13.6987860	27176
mn.13.6987865	27177
mn.13.6999363	27205
mn.14	26829
mn.14.2029819	26846
mn.14.6618789	26911
mn.14.6618790	26912
mn.14.6618791	26913
mn.14.6618792	26914
mn.14.6618793	26915
mn.14.6618794	26916
mn.14.6618795	26917
mn.14.6618796	26918
mn.14.6618797	26919
mn.14.6618798	26920
mn.14.6618799	26921
mn.14.6618800	26922
mn.14.6618801	26923
mn.14.6618802	26924
mn.14.6987984	27189
mn.15	26828
mn.15.10375951	27217
mn.15.10375952	27218
mn.15.10375953	27219
mn.15.10375954	27220
mn.15.2028174	26844
mn.15.6619042	27042
mn.15.6619043	27043
mn.15.6619044	27044
mn.15.6619045	27045
mn.15.6619046	27046
mn.15.6619047	27047
mn.15.6619048	27048
mn.15.6619049	27049
mn.15.6619050	27050
mn.15.6619051	27051
mn.15.6619052	27052
mn.15.6619053	27053
mn.15.6619054	27054
mn.15.6619056	27055
mn.15.6619057	27056
mn.15.6619058	27057
mn.15.6619059	27058
mn.15.6619060	27059
mn.15.6619061	27060
mn.16	26827
mn.16.10375955	27221
mn.16.10375957	27222
mn.16.2032552	26849
mn.16.6618857	26970
mn.16.6618859	26971
mn.16.6618861	26972
mn.16.6618862	26973
mn.16.6618863	26974
mn.16.6618864	26975
mn.16.6618865	26976
mn.16.6618866	26977
mn.16.6618867	26978
mn.16.6618868	26979
mn.16.6618869	26980
mn.16.6618870	26981
mn.16.6618872	26982
mn.16.6618873	26983
mn.16.6618874	26984
mn.16.6987957	27180
mn.16.6987969	27181
mn.16.6987971	27182
mn.16.6987972	27183
mn.17	26826
mn.17.6618702	26864
mn.17.6618703	26865
mn.17.6618704	26866
mn.17.6618705	26867
mn.17.6618706	26868
mn.17.6618707	26869
mn.17.6618708	26870
mn.17.6618709	26871
mn.17.6618710	26872
mn.17.6618711	26873
mn.17.6618712	26874
mn.17.6618713	26875
mn.17.6618714	26876
mn.17.6988047	27199
mn.18	26825
mn.18.11608745	27223
mn.18.2032465	26847
mn.18.2032495	26848
mn.18.6618770	26909
mn.18.6618822	26940
mn.18.6618823	26941
mn.18.6618824	26942
mn.18.6618826	26943
mn.18.6618827	26944
mn.18.6618828	26945
mn.18.6618829	26946
mn.18.6618830	26947
mn.18.6618831	26948
mn.18.6618832	26949
mn.18.6618834	26950
mn.18.6618835	26951
mn.18.6618836	26952
mn.18.6618837	26953
mn.18.6618838	26954
mn.18.6618839	26955
mn.18.6618840	26956
mn.18.6618841	26957
mn.18.6618842	26958
mn.18.6618843	26959
mn.18.6618844	26960
mn.18.6618845	26961
mn.18.6618846	26962
mn.18.6618847	26963
mn.18.6618848	26964
mn.18.6618851	26965
mn.18.6987939	27178
mn.18.6987952	27179
mn.18.6988008	27191
mn.19	26818
mn.19.10375933	27209
mn.19.10375934	27210
mn.19.10375935	27211
mn.19.6619154	27127
mn.19.6619155	27128
mn.19.6619156	27129
mn.19.6619157	27130
mn.19.6619158	27131
mn.19.6619159	27132
mn.19.6619160	27133
mn.19.6619161	27134
mn.19.6619162	27135
mn.19.6619163	27136
mn.19.6619164	27137
mn.19.6619165	27138
mn.19.6619166	27139
mn.19.6619167	27140
mn.19.6619168	27141
mn.19.6619169	27142
mn.19.6619170	27143
mn.19.6619171	27144
mn.19.6619172	27145
mn.19.6987792	27169
mn.20	26824
mn.20.6618852	26966
mn.21	26835
mn.21.6618878	26987
mn.21.6618879	26988
mn.21.6618881	26989
mn.21.6618882	26990
mn.21.6618883	26991
mn.21.6618884	26992
mn.21.6618885	26993
mn.21.6618886	26994
mn.21.6618887	26995
mn.21.6618888	26996
mn.21.6618889	26997
mn.21.6618890	26998
mn.21.6618892	26999
mn.21.6618893	27000
mn.21.6618895	27002
mn.21.6987814	27173
mn.21.6987819	27174
mn.21.6987974	27184
mn.21.6987975	27185
mn.21.6987976	27186
mn.23	26837
mn.23.13442374	27226
mn.23.6618853	26967
mn.23.6618854	26968
mn.23.6618855	26969
mn.24	26838
mn.24.6988010	27192
mn.24.6988011	27193
mn.24.6988012	27194
mn.25	26839
mn.25.6618875	26985
mn.25.6618877	26986
mn.25.6987977	27187
mn.25.6987978	27188
mo.11875154	27227
mo.11875155	27228
mo.11875156	27229
mo.11875157	27230
mo.11875158	27231
mo.11875159	27232
mo.11875160	27233
mo.11875161	27234
mp.085	27238
mp.085.7733402	27239
mp.085.7733403	27240
mp.085.7733404	27241
mp.085.7733405	27242
mp.085.7733406	27243
mp.085.7733407	27244
mp.085.7733408	27245
mp.085.7733409	27246
mp.085.7733410	27247
mp.085.7733411	27248
mp.085.7733412	27249
mp.100	27235
mp.110	27236
mp.120	27237
mp.120.7755008	27250
mq.mq	27251
mq.mq.972	27252
mr-01	27258
mr-02	27257
mr-03	27263
mr-04	27260
mr-05	27262
mr-06	27253
mr-07	27264
mr-08	27261
mr-09	27255
mr-10	27259
mr-11	27254
mr-12	27256
mr-13	27265
mr-14	27266
mr-15	27267
mr.01	27258
mr.01.11996537	27322
mr.01.9212608	27288
mr.01.9212609	27289
mr.01.9212623	27296
mr.01.9212655	27314
mr.01.9222754	27315
mr.01.9226996	27319
mr.02	27257
mr.02.9212606	27287
mr.02.9212625	27298
mr.02.9212627	27299
mr.02.9226673	27318
mr.03	27263
mr.03.9212602	27283
mr.03.9212605	27286
mr.03.9212624	27297
mr.03.9212638	27308
mr.03.9229053	27320
mr.04	27260
mr.04.9212603	27284
mr.04.9212629	27301
mr.04.9212634	27305
mr.04.9212642	27311
mr.05	27262
mr.05.7910308	27268
mr.05.8335141	27274
mr.05.9212619	27294
mr.05.9212631	27303
mr.05.9212635	27306
mr.06	27253
mr.06.7910309	27269
mr.06.8051339	27271
mr.06.8051340	27272
mr.06.8051341	27273
mr.06.9212604	27285
mr.06.9212614	27291
mr.07	27264
mr.07.9212615	27292
mr.07.9212628	27300
mr.07.9212641	27310
mr.07.9212644	27313
mr.08	27261
mr.08.11996536	27321
mr.08.9212637	27307
mr.09	27255
mr.09.7910310	27270
mr.09.9212630	27302
mr.09.9212633	27304
mr.10	27259
mr.10.9212601	27282
mr.10.9212620	27295
mr.11	27254
mr.11.9212610	27290
mr.11.9212618	27293
mr.11.9212643	27312
mr.12	27256
mr.12.9212639	27309
mr.13	27265
mr.13.9212586	27277
mr.13.9212593	27279
mr.13.9222773	27317
mr.14	27266
mr.14.9212580	27276
mr.14.9212594	27280
mr.14.9212597	27281
mr.15	27267
mr.15.9212577	27275
mr.15.9212590	27278
mr.15.9222769	27316
ms.01	27325
ms.02	27324
ms.03	27323
mt-01	27326
mt-02	27327
mt-03	27328
mt-04	27329
mt-05	27330
mt-06	27331
mt-07	27332
mt-08	27333
mt-09	27334
mt-10	27335
mt-11	27341
mt-12	27342
mt-13	27336
mt-14	27337
mt-15	27338
mt-16	27339
mt-17	27340
mt-18	27343
mt-19	27344
mt-20	27350
mt-21	27351
mt-22	27352
mt-23	27353
mt-24	27354
mt-25	27355
mt-26	27356
mt-27	27357
mt-28	27358
mt-29	27345
mt-30	27359
mt-31	27346
mt-32	27360
mt-33	27347
mt-34	27348
mt-35	27349
mt-36	27361
mt-37	27362
mt-38	27363
mt-39	27364
mt-40	27365
mt-41	27366
mt-42	27367
mt-43	27368
mt-44	27369
mt-45	27371
mt-46	27370
mt-47	27372
mt-48	27374
mt-49	27373
mt-50	27375
mt-51	27377
mt-52	27379
mt-53	27376
mt-54	27378
mt-55	27380
mt-56	27381
mt-57	27382
mt-58	27384
mt-59	27383
mt-60	27393
mt-61	27385
mt-62	27386
mt-63	27387
mt-64	27388
mt-65	27390
mt-66	27389
mt-67	27391
mt-68	27392
mt.01	27326
mt.02	27327
mt.03	27328
mt.04	27329
mt.05	27330
mt.06	27331
mt.07	27332
mt.08	27333
mt.09	27334
mt.10	27335
mt.11	27336
mt.12	27337
mt.13	27338
mt.14	27339
mt.15	27340
mt.16	27341
mt.17	27342
mt.18	27343
mt.19	27344
mt.20	27345
mt.21	27346
mt.22	27347
mt.23	27348
mt.24	27349
mt.25	27350
mt.26	27351
mt.27	27352
mt.28	27353
mt.29	27354
mt.30	27355
mt.31	27356
mt.32	27357
mt.33	27358
mt.34	27359
mt.35	27360
mt.36	27361
mt.37	27362
mt.38	27363
mt.39	27364
mt.40	27365
mt.41	27366
mt.42	27367
mt.43	27368
mt.44	27369
mt.45	27370
mt.46	27371
mt.47	27372
mt.48	27373
mt.49	27374
mt.50	27375
mt.51	27376
mt.52	27377
mt.53	27378
mt.54	27379
mt.55	27380
mt.56	27381
mt.57	27382
mt.58	27383
mt.59	27384
mt.60	27393
mt.61	27385
mt.62	27386
mt.63	27387
mt.64	27388
mt.65	27389
mt.66	27390
mt.67	27391
mt.68	27392
mu-ag	27394
mu-bl	27403
mu-cc	27404
mu-fl	27402
mu-gp	27401
mu-mo	27400
mu-pa	27399
mu-pl	27397
mu-pw	27398
mu-ro	27405
mu-rr	27396
mu-sa	27395
mu.12	27403
mu.13	27402
mu.14	27401
mu.15	27400
mu.16	27399
mu.17	27398
mu.18	27397
mu.19	27396
mu.20	27395
mu.21	27394
mu.22	27404
mu.23	27405
mv-00	27426
mv-01	27409
mv-02	27424
mv-03	27414
mv-04	27406
mv-05	27415
mv-07	27418
mv-08	27407
mv-12	27413
mv-13	27410
mv-14	27421
mv-17	27422
mv-20	27423
mv-23	27417
mv-24	27408
mv-25	27411
mv-26	27416
mv-27	27420
mv-28	27419
mv-29	27412
mv-mle	27425
mv.01	27409
mv.05	27415
mv.10346475	27426
mv.30	27424
mv.31	27423
mv.32	27422
mv.33	27421
mv.34	27420
mv.35	27419
mv.36	27418
mv.37	27417
mv.38	27416
mv.39	27414
mv.40	27425
mv.41	27413
mv.42	27412
mv.43	27411
mv.44	27410
mv.45	27408
mv.46	27407
mv.47	27406
mw-ba	27454
mw-bl	27453
mw-c	27429
mw-ck	27452
mw-cr	27451
mw-ct	27430
mw-de	27449
mw-do	27448
mw-kr	27447
mw-ks	27446
mw-li	27445
mw-lk	27455
mw-mc	27442
mw-mg	27443
mw-mh	27444
mw-mu	27441
mw-mw	27440
mw-mz	27439
mw-n	27428
mw-nb	27437
mw-ne	27457
mw-ni	27434
mw-nk	27436
mw-ns	27435
mw-nu	27438
mw-ph	27456
mw-ru	27433
mw-s	27427
mw-sa	27432
mw-th	27450
mw-zo	27431
mw.c	27429
mw.c.06	27449
mw.c.07	27448
mw.c.09	27446
mw.c.11	27445
mw.c.13	27442
mw.c.16	27438
mw.c.18	27436
mw.c.20	27434
mw.c.22	27432
mw.n	27428
mw.n.04	27430
mw.n.08	27447
mw.n.15	27439
mw.n.17	27437
mw.n.21	27433
mw.n.27	27455
mw.s	27427
mw.s.02	27452
mw.s.03	27451
mw.s.05	27450
mw.s.12	27443
mw.s.19	27435
mw.s.23	27431
mw.s.24	27453
mw.s.25	27440
mw.s.26	27454
mw.s.28	27444
mw.s.29	27441
mw.s.30	27456
mw.s.31	27457
mx-agu	27489
mx-bcn	27488
mx-bcs	27487
mx-cam	27474
mx-chh	27486
mx-chp	27473
mx-cmx	27472
mx-coa	27485
mx-col	27484
mx-dur	27483
mx-gro	27471
mx-gua	27482
mx-hid	27470
mx-jal	27481
mx-mex	27469
mx-mic	27480
mx-mor	27468
mx-nay	27479
mx-nle	27467
mx-oax	27466
mx-pue	27465
mx-que	27464
mx-roo	27463
mx-sin	27477
mx-slp	27478
mx-son	27476
mx-tab	27462
mx-tam	27461
mx-tla	27460
mx-ver	27459
mx-yuc	27458
mx-zac	27475
mx.01	27489
mx.01.001	27500
mx.01.002	27501
mx.01.003	27502
mx.01.004	27503
mx.01.005	27504
mx.01.006	27505
mx.01.007	27506
mx.01.008	27507
mx.01.009	27508
mx.01.010	27509
mx.01.011	27510
mx.02	27488
mx.02.001	27495
mx.02.002	27496
mx.02.003	27497
mx.02.004	27498
mx.02.005	27499
mx.02.006	29955
mx.02.007	29954
mx.03	27487
mx.03.001	27494
mx.03.002	27493
mx.03.003	27492
mx.03.008	27490
mx.03.009	27491
mx.04	27474
mx.04.001	27511
mx.04.002	27512
mx.04.003	27513
mx.04.004	27514
mx.04.005	27515
mx.04.006	29526
mx.04.007	27516
mx.04.008	27517
mx.04.009	27518
mx.04.010	27519
mx.04.011	27520
mx.04.012	29956
mx.04.013	29957
mx.05	27473
mx.05.001	27522
mx.05.002	27523
mx.05.003	27524
mx.05.004	27526
mx.05.005	27527
mx.05.006	27528
mx.05.007	27529
mx.05.008	27530
mx.05.009	27531
mx.05.010	27532
mx.05.011	27533
mx.05.012	27535
mx.05.013	27536
mx.05.014	27537
mx.05.015	27538
mx.05.016	27539
mx.05.017	27550
mx.05.018	27551
mx.05.019	27552
mx.05.020	27553
mx.05.021	27554
mx.05.022	27540
mx.05.023	27541
mx.05.024	27542
mx.05.025	27543
mx.05.026	27544
mx.05.027	27545
mx.05.028	27546
mx.05.029	27547
mx.05.030	27548
mx.05.031	27549
mx.05.032	27555
mx.05.033	27556
mx.05.034	29572
mx.05.035	27654
mx.05.036	27655
mx.05.037	27656
mx.05.038	27657
mx.05.039	27658
mx.05.040	27660
mx.05.041	27661
mx.05.042	27662
mx.05.043	27663
mx.05.044	27664
mx.05.045	27665
mx.05.046	27666
mx.05.047	27667
mx.05.048	27668
mx.05.049	27669
mx.05.050	27670
mx.05.051	27671
mx.05.052	27672
mx.05.053	27673
mx.05.054	27674
mx.05.055	27675
mx.05.056	27676
mx.05.057	27677
mx.05.058	27678
mx.05.059	27679
mx.05.060	27680
mx.05.061	27681
mx.05.062	27682
mx.05.063	27683
mx.05.064	27684
mx.05.065	27685
mx.05.066	27686
mx.05.067	27687
mx.05.068	27688
mx.05.069	27689
mx.05.070	27690
mx.05.071	27691
mx.05.072	27692
mx.05.073	27693
mx.05.074	27694
mx.05.075	27695
mx.05.076	27696
mx.05.077	27697
mx.05.078	27561
mx.05.079	27698
mx.05.080	27699
mx.05.081	27700
mx.05.082	27701
mx.05.083	27702
mx.05.084	27703
mx.05.085	27704
mx.05.086	27705
mx.05.087	27706
mx.05.088	27707
mx.05.089	27708
mx.05.090	27709
mx.05.091	27710
mx.05.092	27711
mx.05.093	27712
mx.05.094	27713
mx.05.096	27714
mx.05.097	27715
mx.05.098	27716
mx.05.099	27717
mx.05.100	27718
mx.05.101	27719
mx.05.102	27637
mx.05.103	27720
mx.05.104	27721
mx.05.105	27722
mx.05.106	27650
mx.05.107	27723
mx.05.108	27724
mx.05.109	27725
mx.05.110	27726
mx.05.111	27727
mx.05.112	27728
mx.05.113	27525
mx.05.114	27534
mx.05.115	27729
mx.05.116	27730
mx.05.117	27731
mx.05.118	27732
mx.05.119	27733
mx.05.120	29952
mx.05.121	29949
mx.05.122	29951
mx.05.123	29950
mx.05.124	29948
mx.05.125	29953
mx.06	27486
mx.06.001	27734
mx.06.002	27764
mx.06.003	27735
mx.06.004	27736
mx.06.005	27737
mx.06.006	27738
mx.06.007	27739
mx.06.008	27740
mx.06.009	27741
mx.06.010	27742
mx.06.011	27743
mx.06.012	27744
mx.06.013	27745
mx.06.014	27746
mx.06.015	27747
mx.06.016	27748
mx.06.017	27763
mx.06.018	27749
mx.06.019	27750
mx.06.020	27751
mx.06.021	27752
mx.06.022	27753
mx.06.023	27754
mx.06.024	27755
mx.06.025	27756
mx.06.026	27757
mx.06.027	27758
mx.06.028	27759
mx.06.029	27760
mx.06.030	27761
mx.06.031	27762
mx.06.032	29573
mx.06.033	29574
mx.06.034	29575
mx.06.035	29576
mx.06.036	29577
mx.06.037	29578
mx.06.038	29579
mx.06.039	29580
mx.06.040	29581
mx.06.041	29582
mx.06.042	29583
mx.06.043	27765
mx.06.044	27766
mx.06.045	27767
mx.06.046	27768
mx.06.047	27769
mx.06.048	27770
mx.06.049	27771
mx.06.050	27772
mx.06.051	27773
mx.06.052	27774
mx.06.053	27775
mx.06.054	27776
mx.06.055	27777
mx.06.056	27778
mx.06.057	27779
mx.06.058	27780
mx.06.059	27781
mx.06.060	27782
mx.06.061	27783
mx.06.062	27784
mx.06.063	27558
mx.06.064	27785
mx.06.065	27786
mx.06.066	27787
mx.06.067	27788
mx.07	27485
mx.07.001	29527
mx.07.002	29528
mx.07.003	29529
mx.07.004	29530
mx.07.005	29531
mx.07.006	29532
mx.07.007	29533
mx.07.008	29534
mx.07.009	29535
mx.07.010	29536
mx.07.011	29537
mx.07.012	29538
mx.07.013	29539
mx.07.014	29540
mx.07.015	29541
mx.07.016	29542
mx.07.017	29543
mx.07.018	29544
mx.07.019	29545
mx.07.020	29546
mx.07.021	29547
mx.07.022	29548
mx.07.023	29549
mx.07.024	29550
mx.07.025	29551
mx.07.026	29552
mx.07.027	29553
mx.07.028	29554
mx.07.029	29555
mx.07.030	29556
mx.07.031	29557
mx.07.032	29558
mx.07.033	29559
mx.07.034	29560
mx.07.035	29561
mx.07.036	29562
mx.07.037	29563
mx.07.038	29564
mx.08	27484
mx.08.001	29565
mx.08.002	29566
mx.08.003	29567
mx.08.004	29568
mx.08.005	27659
mx.08.006	27639
mx.08.007	27640
mx.08.008	29569
mx.08.009	29570
mx.08.010	29571
mx.09	27472
mx.09.002	27575
mx.09.003	27584
mx.09.004	27586
mx.09.005	27590
mx.09.006	27596
mx.09.007	27597
mx.09.008	27600
mx.09.009	27603
mx.09.010	27567
mx.09.011	27620
mx.09.012	27621
mx.09.013	27623
mx.09.014	27576
mx.09.015	27587
mx.09.016	27602
mx.09.017	27622
mx.10	27483
mx.10.001	27789
mx.10.002	27790
mx.10.003	27791
mx.10.004	27792
mx.10.005	27793
mx.10.006	27794
mx.10.007	27795
mx.10.008	27796
mx.10.009	27797
mx.10.010	27798
mx.10.011	27799
mx.10.012	27800
mx.10.013	27801
mx.10.014	27802
mx.10.015	27803
mx.10.016	27804
mx.10.017	27805
mx.10.018	27806
mx.10.019	27807
mx.10.020	27808
mx.10.021	27809
mx.10.022	27810
mx.10.023	27811
mx.10.024	27812
mx.10.025	27813
mx.10.026	27562
mx.10.027	27814
mx.10.028	27815
mx.10.029	27816
mx.10.030	27817
mx.10.031	27818
mx.10.032	27819
mx.10.033	27820
mx.10.034	27821
mx.10.035	27822
mx.10.036	27823
mx.10.037	27824
mx.10.038	27825
mx.10.039	27826
mx.11	27482
mx.11.001	27827
mx.11.002	27828
mx.11.003	27829
mx.11.004	27830
mx.11.005	27831
mx.11.006	27832
mx.11.007	27833
mx.11.008	27834
mx.11.009	27835
mx.11.010	27836
mx.11.011	27837
mx.11.012	27838
mx.11.013	27839
mx.11.014	27840
mx.11.015	27841
mx.11.016	27842
mx.11.017	27843
mx.11.018	27844
mx.11.019	27845
mx.11.020	27846
mx.11.021	27847
mx.11.022	27848
mx.11.023	27849
mx.11.024	27850
mx.11.025	27851
mx.11.026	27852
mx.11.027	27853
mx.11.028	27854
mx.11.029	27855
mx.11.030	27856
mx.11.031	27857
mx.11.032	27858
mx.11.033	27859
mx.11.034	27860
mx.11.035	27861
mx.11.036	27862
mx.11.037	27863
mx.11.038	27864
mx.11.039	27865
mx.11.040	27866
mx.11.041	27867
mx.11.042	27868
mx.11.043	27869
mx.11.044	27870
mx.11.045	27871
mx.11.046	27872
mx.12	27471
mx.12.001	27873
mx.12.002	27874
mx.12.003	27875
mx.12.004	27876
mx.12.005	27877
mx.12.006	27878
mx.12.007	27879
mx.12.008	27880
mx.12.009	27881
mx.12.010	27882
mx.12.011	27883
mx.12.012	27884
mx.12.013	27885
mx.12.014	27642
mx.12.015	27886
mx.12.016	27887
mx.12.017	27888
mx.12.018	27889
mx.12.019	27890
mx.12.020	27891
mx.12.021	27892
mx.12.022	27893
mx.12.023	27895
mx.12.024	27896
mx.12.025	27897
mx.12.026	27898
mx.12.027	27899
mx.12.028	27900
mx.12.029	27901
mx.12.030	27902
mx.12.031	27903
mx.12.032	27904
mx.12.033	27905
mx.12.034	27906
mx.12.035	27907
mx.12.036	27908
mx.12.037	27909
mx.12.038	27910
mx.12.039	27911
mx.12.040	27912
mx.12.041	27913
mx.12.042	27914
mx.12.043	27915
mx.12.044	27916
mx.12.045	27917
mx.12.046	27918
mx.12.047	27919
mx.12.048	27920
mx.12.049	27921
mx.12.050	27922
mx.12.051	27923
mx.12.052	27924
mx.12.053	27925
mx.12.054	27926
mx.12.055	27927
mx.12.056	27928
mx.12.057	27929
mx.12.058	27930
mx.12.059	27931
mx.12.060	27932
mx.12.061	27933
mx.12.062	27934
mx.12.063	27935
mx.12.064	27936
mx.12.065	27937
mx.12.066	27938
mx.12.067	27939
mx.12.068	27940
mx.12.069	27941
mx.12.070	27942
mx.12.071	27943
mx.12.072	27944
mx.12.073	27945
mx.12.074	27946
mx.12.075	27947
mx.12.076	27948
mx.12.077	29584
mx.12.078	27949
mx.12.079	27950
mx.12.080	27951
mx.12.081	27952
mx.13	27470
mx.13.001	27953
mx.13.002	27954
mx.13.003	27955
mx.13.004	27956
mx.13.005	27957
mx.13.006	27958
mx.13.007	27959
mx.13.008	27960
mx.13.009	27961
mx.13.010	27962
mx.13.011	27963
mx.13.012	27964
mx.13.013	27965
mx.13.014	27966
mx.13.015	27967
mx.13.016	27968
mx.13.017	27969
mx.13.018	27970
mx.13.019	27971
mx.13.020	27972
mx.13.021	27973
mx.13.022	27974
mx.13.023	27975
mx.13.024	27976
mx.13.025	27977
mx.13.026	27978
mx.13.027	27979
mx.13.028	27980
mx.13.029	27981
mx.13.030	27982
mx.13.031	27983
mx.13.032	27984
mx.13.033	27985
mx.13.034	27986
mx.13.035	27987
mx.13.036	27988
mx.13.037	27989
mx.13.038	27990
mx.13.039	27991
mx.13.040	27992
mx.13.041	27993
mx.13.042	27994
mx.13.043	27995
mx.13.044	27996
mx.13.045	27997
mx.13.046	27998
mx.13.047	27894
mx.13.048	27999
mx.13.049	28000
mx.13.050	28001
mx.13.051	28002
mx.13.052	28003
mx.13.053	28004
mx.13.054	28005
mx.13.055	28006
mx.13.056	28007
mx.13.057	28008
mx.13.058	28009
mx.13.059	28010
mx.13.060	28011
mx.13.061	28012
mx.13.062	28013
mx.13.063	28014
mx.13.064	28015
mx.13.065	28016
mx.13.066	28017
mx.13.067	28018
mx.13.068	28019
mx.13.069	27619
mx.13.070	28020
mx.13.071	28021
mx.13.072	28022
mx.13.073	28023
mx.13.074	28024
mx.13.075	28025
mx.13.076	28026
mx.13.077	28027
mx.13.078	28028
mx.13.079	28029
mx.13.080	28030
mx.13.081	28031
mx.13.082	28032
mx.13.083	28033
mx.13.084	28034
mx.14	27481
mx.14.001	28035
mx.14.002	28036
mx.14.003	28037
mx.14.004	28038
mx.14.005	28039
mx.14.006	28040
mx.14.007	28041
mx.14.008	28042
mx.14.009	28043
mx.14.010	28044
mx.14.011	28045
mx.14.012	28046
mx.14.013	28047
mx.14.014	28048
mx.14.015	28049
mx.14.016	28050
mx.14.017	29585
mx.14.018	28051
mx.14.019	27559
mx.14.020	28052
mx.14.021	28053
mx.14.022	28054
mx.14.023	28055
mx.14.024	28056
mx.14.025	28057
mx.14.026	28058
mx.14.027	28059
mx.14.028	28060
mx.14.029	28061
mx.14.030	28062
mx.14.031	28063
mx.14.032	28064
mx.14.033	28065
mx.14.034	28066
mx.14.035	28067
mx.14.036	28068
mx.14.037	28069
mx.14.038	28070
mx.14.039	28071
mx.14.040	28072
mx.14.041	28073
mx.14.042	28074
mx.14.043	28075
mx.14.044	28076
mx.14.045	28077
mx.14.046	28078
mx.14.047	28079
mx.14.048	27652
mx.14.049	28080
mx.14.050	28081
mx.14.051	28082
mx.14.052	28083
mx.14.053	28084
mx.14.054	28085
mx.14.055	28086
mx.14.056	28087
mx.14.057	28088
mx.14.058	28089
mx.14.059	28090
mx.14.060	28091
mx.14.061	28092
mx.14.062	28093
mx.14.063	28094
mx.14.064	28095
mx.14.065	28096
mx.14.066	28097
mx.14.067	28098
mx.14.068	28099
mx.14.069	28100
mx.14.070	28101
mx.14.071	28102
mx.14.072	28103
mx.14.073	28104
mx.14.074	28105
mx.14.075	28106
mx.14.076	28107
mx.14.077	28108
mx.14.078	28109
mx.14.079	28110
mx.14.080	28111
mx.14.081	28112
mx.14.082	28113
mx.14.083	28114
mx.14.084	28115
mx.14.085	28116
mx.14.086	28117
mx.14.087	28118
mx.14.088	28119
mx.14.089	28120
mx.14.090	28121
mx.14.091	28122
mx.14.092	28123
mx.14.093	28124
mx.14.094	28125
mx.14.095	28126
mx.14.096	28127
mx.14.097	28128
mx.14.098	28129
mx.14.099	28130
mx.14.100	28131
mx.14.101	28132
mx.14.102	28133
mx.14.103	28134
mx.14.104	28135
mx.14.105	28136
mx.14.106	28137
mx.14.107	28138
mx.14.108	28139
mx.14.109	27638
mx.14.110	28140
mx.14.111	28141
mx.14.112	28142
mx.14.113	28143
mx.14.114	28144
mx.14.115	28145
mx.14.116	28146
mx.14.117	28147
mx.14.118	28148
mx.14.119	28149
mx.14.120	28150
mx.14.121	28151
mx.14.122	28152
mx.14.123	29586
mx.14.124	29587
mx.14.125	29588
mx.15	27469
mx.15.001	29589
mx.15.002	27566
mx.15.003	29590
mx.15.004	29591
mx.15.005	29592
mx.15.006	29593
mx.15.007	29594
mx.15.008	29595
mx.15.009	27568
mx.15.010	27569
mx.15.011	27570
mx.15.012	29596
mx.15.013	27571
mx.15.014	29597
mx.15.015	27572
mx.15.016	27573
mx.15.017	27574
mx.15.018	29598
mx.15.019	29599
mx.15.020	27582
mx.15.021	29600
mx.15.022	27583
mx.15.023	27585
mx.15.024	27588
mx.15.025	27577
mx.15.026	29601
mx.15.027	29602
mx.15.028	27578
mx.15.029	27579
mx.15.030	27580
mx.15.031	27581
mx.15.032	29603
mx.15.033	27565
mx.15.034	27589
mx.15.035	27591
mx.15.036	27592
mx.15.037	27593
mx.15.038	29604
mx.15.039	27595
mx.15.040	29605
mx.15.041	29606
mx.15.042	29607
mx.15.043	29608
mx.15.044	27598
mx.15.045	29609
mx.15.046	29610
mx.15.047	29611
mx.15.048	29612
mx.15.049	29613
mx.15.050	27599
mx.15.051	29614
mx.15.052	29615
mx.15.053	27601
mx.15.054	29616
mx.15.055	29617
mx.15.056	28153
mx.15.057	27564
mx.15.058	27605
mx.15.059	27604
mx.15.060	27606
mx.15.061	27607
mx.15.062	28154
mx.15.063	28155
mx.15.064	28156
mx.15.065	27608
mx.15.066	28157
mx.15.067	28158
mx.15.068	27609
mx.15.069	27610
mx.15.070	28180
mx.15.071	28159
mx.15.072	28160
mx.15.073	28161
mx.15.074	28162
mx.15.075	27611
mx.15.076	28163
mx.15.077	28164
mx.15.078	28165
mx.15.079	28166
mx.15.080	28167
mx.15.081	27612
mx.15.082	28168
mx.15.083	27613
mx.15.084	27614
mx.15.085	28169
mx.15.086	28170
mx.15.087	28171
mx.15.088	28172
mx.15.089	27615
mx.15.090	28173
mx.15.091	27616
mx.15.092	27617
mx.15.093	27618
mx.15.094	27632
mx.15.095	27624
mx.15.096	27633
mx.15.097	28174
mx.15.098	28175
mx.15.099	27625
mx.15.100	27626
mx.15.101	28176
mx.15.102	28177
mx.15.103	28178
mx.15.104	27627
mx.15.105	28179
mx.15.106	29618
mx.15.107	29619
mx.15.108	27628
mx.15.109	27629
mx.15.110	29620
mx.15.111	29621
mx.15.112	27634
mx.15.113	29622
mx.15.114	28181
mx.15.115	27563
mx.15.116	28182
mx.15.117	28183
mx.15.118	28184
mx.15.119	28185
mx.15.120	27631
mx.15.121	27594
mx.15.122	27630
mx.15.123	28186
mx.15.124	28187
mx.15.125	28188
mx.16	27480
mx.16.001	28189
mx.16.002	28190
mx.16.003	28279
mx.16.004	28191
mx.16.005	28192
mx.16.006	28193
mx.16.007	28194
mx.16.008	28195
mx.16.009	28196
mx.16.010	28197
mx.16.011	28198
mx.16.012	28199
mx.16.013	28200
mx.16.014	28201
mx.16.015	28202
mx.16.016	28203
mx.16.017	28204
mx.16.018	28205
mx.16.019	28206
mx.16.020	28207
mx.16.021	28208
mx.16.022	28209
mx.16.023	28210
mx.16.024	28211
mx.16.025	28212
mx.16.026	28213
mx.16.027	28214
mx.16.028	28215
mx.16.029	28216
mx.16.030	28217
mx.16.031	28218
mx.16.032	28219
mx.16.033	28220
mx.16.034	28222
mx.16.035	28223
mx.16.036	28224
mx.16.037	28225
mx.16.038	28226
mx.16.039	28227
mx.16.040	28228
mx.16.041	28229
mx.16.042	28230
mx.16.043	28231
mx.16.044	28232
mx.16.045	28233
mx.16.046	28234
mx.16.047	28235
mx.16.048	28236
mx.16.049	28237
mx.16.050	28238
mx.16.051	28239
mx.16.052	28240
mx.16.053	28241
mx.16.054	28242
mx.16.055	28243
mx.16.056	28244
mx.16.057	28245
mx.16.058	28246
mx.16.059	28247
mx.16.060	28248
mx.16.061	28249
mx.16.062	28250
mx.16.063	28251
mx.16.064	28252
mx.16.065	28253
mx.16.066	28254
mx.16.067	28255
mx.16.068	28256
mx.16.069	28257
mx.16.070	28258
mx.16.071	28259
mx.16.072	28260
mx.16.073	28261
mx.16.074	28262
mx.16.075	28263
mx.16.076	28264
mx.16.077	28265
mx.16.078	28266
mx.16.079	28267
mx.16.080	28268
mx.16.081	28269
mx.16.082	28270
mx.16.083	28271
mx.16.084	28272
mx.16.085	28273
mx.16.086	28274
mx.16.087	28275
mx.16.088	28276
mx.16.089	28277
mx.16.090	28278
mx.16.091	28280
mx.16.092	28281
mx.16.093	28282
mx.16.094	28283
mx.16.095	29623
mx.16.096	28284
mx.16.097	28285
mx.16.098	28286
mx.16.099	28287
mx.16.100	28288
mx.16.101	28289
mx.16.102	28290
mx.16.103	27649
mx.16.104	28291
mx.16.105	28292
mx.16.106	28293
mx.16.107	28294
mx.16.108	28295
mx.16.109	28296
mx.16.110	28297
mx.16.111	28298
mx.16.112	28299
mx.16.113	28300
mx.17	27468
mx.17.001	28301
mx.17.002	28302
mx.17.003	28303
mx.17.004	28304
mx.17.005	28305
mx.17.006	28306
mx.17.007	28307
mx.17.008	28308
mx.17.009	28309
mx.17.010	28310
mx.17.011	28311
mx.17.012	28312
mx.17.013	28313
mx.17.014	28314
mx.17.015	28315
mx.17.016	28316
mx.17.017	27521
mx.17.018	28317
mx.17.019	28318
mx.17.020	28319
mx.17.021	28320
mx.17.022	28321
mx.17.023	28322
mx.17.024	28323
mx.17.025	28324
mx.17.026	28325
mx.17.027	28326
mx.17.028	28327
mx.17.029	28328
mx.17.030	28329
mx.17.031	28330
mx.17.032	28331
mx.17.033	28332
mx.17.034	29958
mx.17.035	29960
mx.17.036	29959
mx.18	27479
mx.18.001	28333
mx.18.002	28334
mx.18.003	28335
mx.18.004	28336
mx.18.005	28337
mx.18.006	28338
mx.18.007	28339
mx.18.008	28340
mx.18.009	28341
mx.18.010	28342
mx.18.011	28343
mx.18.012	28344
mx.18.013	28345
mx.18.014	28346
mx.18.015	28347
mx.18.016	28348
mx.18.017	28349
mx.18.018	28350
mx.18.019	28351
mx.18.020	28352
mx.19	27467
mx.19.001	28353
mx.19.002	28354
mx.19.003	28355
mx.19.004	28356
mx.19.005	28357
mx.19.006	28358
mx.19.007	28359
mx.19.008	28360
mx.19.009	28361
mx.19.010	28362
mx.19.011	28363
mx.19.012	28364
mx.19.013	28365
mx.19.014	28366
mx.19.015	28367
mx.19.016	28368
mx.19.017	28369
mx.19.018	28370
mx.19.019	28371
mx.19.020	28372
mx.19.021	28373
mx.19.022	28374
mx.19.023	28375
mx.19.024	28376
mx.19.025	28377
mx.19.026	28378
mx.19.027	28379
mx.19.028	28221
mx.19.029	28380
mx.19.030	28381
mx.19.031	28382
mx.19.032	28383
mx.19.033	28384
mx.19.034	28385
mx.19.035	27647
mx.19.036	28387
mx.19.037	28388
mx.19.038	28389
mx.19.039	28390
mx.19.040	28391
mx.19.041	28392
mx.19.042	28393
mx.19.043	28394
mx.19.044	28395
mx.19.045	28396
mx.19.046	28397
mx.19.047	28398
mx.19.048	28399
mx.19.049	28400
mx.19.050	28401
mx.19.051	28402
mx.20	27466
mx.20.001	28403
mx.20.002	28404
mx.20.003	28405
mx.20.004	28406
mx.20.005	28407
mx.20.006	28408
mx.20.007	28409
mx.20.008	28410
mx.20.009	28411
mx.20.010	28412
mx.20.011	28413
mx.20.012	28414
mx.20.013	28415
mx.20.014	28416
mx.20.015	28417
mx.20.016	28418
mx.20.017	28419
mx.20.018	28420
mx.20.019	28421
mx.20.020	28422
mx.20.021	28423
mx.20.022	28424
mx.20.023	28425
mx.20.024	28426
mx.20.025	28427
mx.20.026	28428
mx.20.027	28429
mx.20.028	28430
mx.20.029	28431
mx.20.030	28432
mx.20.031	28433
mx.20.032	28434
mx.20.033	28435
mx.20.034	28436
mx.20.035	28437
mx.20.036	28438
mx.20.037	28439
mx.20.038	28440
mx.20.039	28441
mx.20.040	28442
mx.20.041	28443
mx.20.042	28444
mx.20.043	28445
mx.20.044	28446
mx.20.045	28447
mx.20.046	28448
mx.20.047	28449
mx.20.048	28450
mx.20.049	28451
mx.20.050	28452
mx.20.051	28453
mx.20.052	28454
mx.20.053	28455
mx.20.054	28456
mx.20.055	28457
mx.20.056	28458
mx.20.057	28459
mx.20.058	28460
mx.20.059	28461
mx.20.060	28462
mx.20.061	28463
mx.20.062	28464
mx.20.063	28465
mx.20.064	28466
mx.20.065	28467
mx.20.066	28468
mx.20.067	28469
mx.20.068	28470
mx.20.069	28471
mx.20.070	28472
mx.20.071	28473
mx.20.072	28474
mx.20.073	28475
mx.20.074	28476
mx.20.075	28477
mx.20.076	28478
mx.20.077	28479
mx.20.078	28480
mx.20.079	28481
mx.20.080	28482
mx.20.081	28483
mx.20.082	28484
mx.20.083	28485
mx.20.084	28486
mx.20.085	28487
mx.20.086	28488
mx.20.087	28489
mx.20.088	28490
mx.20.089	28491
mx.20.090	28492
mx.20.091	28493
mx.20.092	28494
mx.20.093	28495
mx.20.094	28496
mx.20.095	28497
mx.20.096	28498
mx.20.097	28499
mx.20.098	28500
mx.20.099	28501
mx.20.100	28502
mx.20.101	28503
mx.20.102	28504
mx.20.103	28505
mx.20.104	28506
mx.20.105	28507
mx.20.106	28508
mx.20.107	28509
mx.20.108	28510
mx.20.109	28511
mx.20.110	28512
mx.20.111	28513
mx.20.112	28514
mx.20.113	28515
mx.20.114	28516
mx.20.115	28517
mx.20.116	28518
mx.20.117	28519
mx.20.118	28520
mx.20.119	28521
mx.20.120	28522
mx.20.121	28523
mx.20.122	28524
mx.20.123	28525
mx.20.124	28526
mx.20.125	28527
mx.20.126	28528
mx.20.127	28529
mx.20.128	28530
mx.20.129	28531
mx.20.130	28533
mx.20.131	28534
mx.20.132	28535
mx.20.133	28536
mx.20.134	28537
mx.20.135	28538
mx.20.136	28539
mx.20.137	28540
mx.20.138	28541
mx.20.139	28542
mx.20.140	28543
mx.20.141	28544
mx.20.142	28545
mx.20.143	28546
mx.20.144	28547
mx.20.145	28548
mx.20.146	28549
mx.20.147	28550
mx.20.148	28551
mx.20.149	28552
mx.20.150	28553
mx.20.151	28554
mx.20.152	28555
mx.20.153	28556
mx.20.154	28557
mx.20.155	28558
mx.20.156	28559
mx.20.157	28560
mx.20.158	28561
mx.20.159	28562
mx.20.160	28563
mx.20.161	28564
mx.20.162	28565
mx.20.163	28566
mx.20.164	28567
mx.20.165	28568
mx.20.166	28569
mx.20.167	28570
mx.20.168	28571
mx.20.169	28572
mx.20.170	28573
mx.20.171	28574
mx.20.172	28575
mx.20.173	28576
mx.20.174	28577
mx.20.175	28578
mx.20.176	28579
mx.20.177	28580
mx.20.178	28581
mx.20.179	28583
mx.20.180	28584
mx.20.181	28585
mx.20.182	28586
mx.20.183	28587
mx.20.184	28588
mx.20.185	28589
mx.20.186	28590
mx.20.187	28591
mx.20.188	28592
mx.20.189	28593
mx.20.190	28594
mx.20.191	28595
mx.20.192	28596
mx.20.193	28597
mx.20.194	28598
mx.20.195	28599
mx.20.196	28600
mx.20.197	28601
mx.20.198	28602
mx.20.199	28603
mx.20.200	28604
mx.20.201	28605
mx.20.202	28606
mx.20.203	28607
mx.20.204	28608
mx.20.205	28609
mx.20.206	28610
mx.20.207	28611
mx.20.208	28612
mx.20.209	28613
mx.20.210	28614
mx.20.211	28615
mx.20.212	28616
mx.20.213	28617
mx.20.214	28618
mx.20.215	28619
mx.20.216	28620
mx.20.217	28621
mx.20.218	28622
mx.20.219	28623
mx.20.220	28624
mx.20.221	28625
mx.20.222	28626
mx.20.223	28627
mx.20.224	28628
mx.20.225	28629
mx.20.226	28630
mx.20.227	28631
mx.20.228	28632
mx.20.229	28633
mx.20.230	28634
mx.20.231	28635
mx.20.232	28636
mx.20.233	28637
mx.20.234	28638
mx.20.235	28639
mx.20.236	28640
mx.20.237	28641
mx.20.238	28642
mx.20.239	28643
mx.20.240	28644
mx.20.241	28645
mx.20.242	28646
mx.20.243	28647
mx.20.244	28648
mx.20.245	28649
mx.20.246	28651
mx.20.247	28652
mx.20.248	28653
mx.20.249	28654
mx.20.250	28655
mx.20.251	28656
mx.20.252	28657
mx.20.253	28658
mx.20.254	28659
mx.20.255	28660
mx.20.256	28661
mx.20.257	28662
mx.20.258	28663
mx.20.259	28664
mx.20.260	28665
mx.20.261	28666
mx.20.262	28667
mx.20.263	28668
mx.20.264	28669
mx.20.265	28670
mx.20.266	28671
mx.20.267	28672
mx.20.268	28673
mx.20.269	28674
mx.20.270	28675
mx.20.271	28676
mx.20.272	28677
mx.20.273	28678
mx.20.274	28679
mx.20.275	28680
mx.20.276	28681
mx.20.277	28682
mx.20.278	28683
mx.20.279	28684
mx.20.280	28685
mx.20.281	28686
mx.20.282	28687
mx.20.283	28688
mx.20.284	28689
mx.20.285	28690
mx.20.286	28691
mx.20.287	28692
mx.20.288	28693
mx.20.289	28694
mx.20.290	28695
mx.20.291	28696
mx.20.292	28697
mx.20.293	28698
mx.20.294	28699
mx.20.295	28700
mx.20.296	28701
mx.20.297	28702
mx.20.298	28703
mx.20.299	28704
mx.20.300	28705
mx.20.301	28706
mx.20.302	28707
mx.20.303	28708
mx.20.304	28709
mx.20.305	28710
mx.20.306	28711
mx.20.307	28712
mx.20.308	28713
mx.20.309	28714
mx.20.310	28715
mx.20.311	28716
mx.20.312	28717
mx.20.313	28718
mx.20.314	28719
mx.20.315	28720
mx.20.316	28721
mx.20.317	28722
mx.20.318	28723
mx.20.319	28724
mx.20.320	28725
mx.20.321	28726
mx.20.322	28727
mx.20.323	28728
mx.20.324	28729
mx.20.325	28730
mx.20.326	28731
mx.20.327	28732
mx.20.328	28733
mx.20.329	28734
mx.20.330	28735
mx.20.331	28736
mx.20.332	28737
mx.20.333	28738
mx.20.334	28739
mx.20.335	28740
mx.20.336	28741
mx.20.337	28742
mx.20.338	28743
mx.20.339	28744
mx.20.340	28745
mx.20.341	28746
mx.20.342	28747
mx.20.343	28748
mx.20.344	28749
mx.20.345	28750
mx.20.346	28751
mx.20.347	28752
mx.20.348	28753
mx.20.349	28754
mx.20.350	28755
mx.20.351	28756
mx.20.352	28757
mx.20.353	28758
mx.20.354	28759
mx.20.355	28760
mx.20.356	28761
mx.20.357	28762
mx.20.358	28763
mx.20.359	28764
mx.20.360	28765
mx.20.361	28766
mx.20.362	28767
mx.20.363	28768
mx.20.364	28769
mx.20.365	28770
mx.20.366	28771
mx.20.367	28772
mx.20.368	28773
mx.20.369	28774
mx.20.370	28775
mx.20.371	28776
mx.20.372	28778
mx.20.373	28779
mx.20.374	28780
mx.20.375	28781
mx.20.376	28782
mx.20.377	28783
mx.20.378	28784
mx.20.379	28785
mx.20.380	28786
mx.20.381	28787
mx.20.382	28788
mx.20.383	28789
mx.20.384	28790
mx.20.385	28791
mx.20.386	28792
mx.20.387	28793
mx.20.388	28794
mx.20.389	28795
mx.20.390	28796
mx.20.391	28797
mx.20.392	28798
mx.20.393	28799
mx.20.394	28800
mx.20.395	28801
mx.20.396	28802
mx.20.397	28803
mx.20.398	28804
mx.20.399	28805
mx.20.400	28806
mx.20.401	28807
mx.20.402	28808
mx.20.403	28809
mx.20.404	28810
mx.20.405	28811
mx.20.406	28812
mx.20.407	28813
mx.20.408	28814
mx.20.409	28815
mx.20.410	28816
mx.20.411	28817
mx.20.412	28818
mx.20.413	28819
mx.20.414	28820
mx.20.415	28821
mx.20.416	28822
mx.20.417	28823
mx.20.418	28824
mx.20.419	28825
mx.20.420	28826
mx.20.421	28827
mx.20.422	28828
mx.20.423	28829
mx.20.424	28830
mx.20.425	28831
mx.20.426	28832
mx.20.427	28833
mx.20.428	28834
mx.20.429	28835
mx.20.430	28836
mx.20.431	28837
mx.20.432	28838
mx.20.433	28839
mx.20.434	28840
mx.20.435	28841
mx.20.436	28842
mx.20.437	28843
mx.20.438	28844
mx.20.439	28845
mx.20.440	28846
mx.20.441	28847
mx.20.442	28848
mx.20.443	28849
mx.20.444	28850
mx.20.445	28851
mx.20.446	28852
mx.20.447	28853
mx.20.448	28854
mx.20.449	28855
mx.20.450	28856
mx.20.451	28857
mx.20.452	28858
mx.20.453	28859
mx.20.454	28860
mx.20.455	28861
mx.20.456	28862
mx.20.457	28863
mx.20.458	28864
mx.20.459	28865
mx.20.460	28866
mx.20.461	28867
mx.20.462	28868
mx.20.463	28869
mx.20.464	28870
mx.20.465	28871
mx.20.466	28872
mx.20.467	28873
mx.20.468	28874
mx.20.469	28875
mx.20.470	28876
mx.20.471	28877
mx.20.472	28878
mx.20.473	28879
mx.20.474	28880
mx.20.475	28881
mx.20.476	28882
mx.20.477	28883
mx.20.478	28884
mx.20.479	28885
mx.20.480	28886
mx.20.481	28887
mx.20.482	28888
mx.20.483	28889
mx.20.484	28890
mx.20.485	28891
mx.20.486	28892
mx.20.487	28893
mx.20.488	28894
mx.20.489	28895
mx.20.490	28896
mx.20.491	28897
mx.20.492	28898
mx.20.493	28899
mx.20.494	28900
mx.20.495	28901
mx.20.496	28902
mx.20.497	28903
mx.20.498	28904
mx.20.499	28905
mx.20.500	28906
mx.20.501	28907
mx.20.502	28908
mx.20.503	28909
mx.20.504	28910
mx.20.505	28911
mx.20.506	28912
mx.20.507	28913
mx.20.508	28914
mx.20.509	28915
mx.20.510	28916
mx.20.511	28917
mx.20.512	28918
mx.20.513	28919
mx.20.514	28920
mx.20.515	28921
mx.20.516	28922
mx.20.517	28923
mx.20.518	28924
mx.20.519	28925
mx.20.520	28926
mx.20.521	28927
mx.20.522	28928
mx.20.523	28929
mx.20.524	28930
mx.20.525	28931
mx.20.526	28932
mx.20.527	28933
mx.20.528	28934
mx.20.529	28935
mx.20.530	28936
mx.20.531	28937
mx.20.532	28938
mx.20.533	28939
mx.20.534	28940
mx.20.535	28942
mx.20.536	28943
mx.20.537	28944
mx.20.538	28945
mx.20.539	28946
mx.20.540	28947
mx.20.541	28948
mx.20.542	28949
mx.20.543	28950
mx.20.544	28951
mx.20.545	28952
mx.20.546	28953
mx.20.547	28954
mx.20.548	28955
mx.20.549	28956
mx.20.550	28957
mx.20.551	28958
mx.20.552	28959
mx.20.553	28960
mx.20.554	28961
mx.20.555	28962
mx.20.556	28963
mx.20.557	28964
mx.20.558	28965
mx.20.559	28966
mx.20.560	28967
mx.20.561	28968
mx.20.562	28969
mx.20.563	28970
mx.20.564	28971
mx.20.565	28972
mx.20.566	28973
mx.20.567	28974
mx.20.568	28975
mx.20.569	28976
mx.20.570	28977
mx.21	27465
mx.21.001	28978
mx.21.002	28979
mx.21.003	28980
mx.21.004	28981
mx.21.005	28982
mx.21.006	28983
mx.21.007	28984
mx.21.008	28985
mx.21.009	28986
mx.21.010	28987
mx.21.011	28988
mx.21.012	28989
mx.21.013	28990
mx.21.014	28991
mx.21.015	28992
mx.21.016	28993
mx.21.017	28994
mx.21.018	28995
mx.21.019	28996
mx.21.020	28997
mx.21.021	28998
mx.21.022	28999
mx.21.023	29000
mx.21.024	29001
mx.21.025	29002
mx.21.026	29003
mx.21.027	29004
mx.21.028	29005
mx.21.029	29006
mx.21.030	29007
mx.21.031	29008
mx.21.032	29009
mx.21.033	29010
mx.21.034	29011
mx.21.035	29012
mx.21.036	29013
mx.21.037	27653
mx.21.038	29014
mx.21.039	29015
mx.21.040	29016
mx.21.041	29017
mx.21.042	29018
mx.21.043	29019
mx.21.044	29020
mx.21.045	29021
mx.21.046	29022
mx.21.047	27651
mx.21.048	29023
mx.21.049	29024
mx.21.050	29025
mx.21.051	29026
mx.21.052	29027
mx.21.053	29028
mx.21.054	29029
mx.21.055	29030
mx.21.056	29031
mx.21.057	29032
mx.21.058	29033
mx.21.059	29034
mx.21.060	29035
mx.21.061	29036
mx.21.062	29037
mx.21.063	29038
mx.21.064	29039
mx.21.065	29040
mx.21.066	29041
mx.21.067	29042
mx.21.068	29043
mx.21.069	29044
mx.21.070	29045
mx.21.071	29046
mx.21.072	29047
mx.21.073	29048
mx.21.074	29049
mx.21.075	29050
mx.21.076	29051
mx.21.077	29052
mx.21.078	29053
mx.21.079	29054
mx.21.080	29055
mx.21.081	29056
mx.21.082	29057
mx.21.083	29058
mx.21.084	29059
mx.21.085	29060
mx.21.086	29061
mx.21.087	29062
mx.21.088	29063
mx.21.089	29064
mx.21.090	29065
mx.21.091	29066
mx.21.092	29067
mx.21.093	29068
mx.21.094	29069
mx.21.095	29070
mx.21.096	29071
mx.21.097	29072
mx.21.098	29073
mx.21.099	29074
mx.21.100	29075
mx.21.101	29076
mx.21.102	29077
mx.21.103	29079
mx.21.104	29080
mx.21.105	29081
mx.21.106	29082
mx.21.107	29083
mx.21.108	29084
mx.21.109	29085
mx.21.110	29086
mx.21.111	29087
mx.21.112	29088
mx.21.113	29089
mx.21.114	29090
mx.21.115	29091
mx.21.116	29092
mx.21.117	29093
mx.21.118	29094
mx.21.119	29095
mx.21.120	29096
mx.21.121	29097
mx.21.122	29098
mx.21.123	29099
mx.21.124	29100
mx.21.125	29101
mx.21.126	29102
mx.21.127	29103
mx.21.128	29104
mx.21.129	29105
mx.21.130	29106
mx.21.131	29107
mx.21.132	29108
mx.21.133	29109
mx.21.134	29110
mx.21.135	29111
mx.21.136	29112
mx.21.137	29113
mx.21.138	29114
mx.21.139	29115
mx.21.140	29116
mx.21.141	29118
mx.21.142	29119
mx.21.143	29120
mx.21.144	29121
mx.21.145	29122
mx.21.146	29123
mx.21.147	29124
mx.21.148	29125
mx.21.149	29126
mx.21.150	29127
mx.21.151	29128
mx.21.152	29129
mx.21.153	29130
mx.21.154	29131
mx.21.155	29132
mx.21.156	29133
mx.21.157	29134
mx.21.158	29135
mx.21.159	29136
mx.21.160	29137
mx.21.161	29138
mx.21.162	29139
mx.21.163	29140
mx.21.164	29141
mx.21.165	29142
mx.21.166	29143
mx.21.167	29144
mx.21.168	29145
mx.21.169	29146
mx.21.170	29147
mx.21.171	29148
mx.21.172	29149
mx.21.173	29150
mx.21.174	29151
mx.21.175	29152
mx.21.176	29153
mx.21.177	29154
mx.21.178	29155
mx.21.179	29156
mx.21.180	29157
mx.21.181	29158
mx.21.182	29159
mx.21.183	29160
mx.21.184	29161
mx.21.185	29162
mx.21.186	29163
mx.21.187	29164
mx.21.188	29165
mx.21.189	29166
mx.21.190	29167
mx.21.191	29168
mx.21.192	29169
mx.21.193	29170
mx.21.194	27648
mx.21.195	29171
mx.21.196	29172
mx.21.197	29173
mx.21.198	29174
mx.21.199	29175
mx.21.200	29176
mx.21.201	29177
mx.21.202	29178
mx.21.203	29179
mx.21.204	29180
mx.21.205	29181
mx.21.206	28386
mx.21.207	29182
mx.21.208	29183
mx.21.209	29184
mx.21.210	29185
mx.21.211	29186
mx.21.212	29187
mx.21.213	29188
mx.21.214	29189
mx.21.215	29190
mx.21.216	29191
mx.21.217	29192
mx.22	27464
mx.22.001	29193
mx.22.002	29194
mx.22.003	29195
mx.22.004	29196
mx.22.005	29197
mx.22.006	29198
mx.22.007	29199
mx.22.008	29200
mx.22.009	29201
mx.22.010	29202
mx.22.011	29203
mx.22.012	29204
mx.22.013	29205
mx.22.014	29206
mx.22.015	29207
mx.22.016	29208
mx.22.017	29209
mx.22.018	29210
mx.23	27463
mx.23.001	29211
mx.23.002	29212
mx.23.003	29213
mx.23.004	29214
mx.23.005	27641
mx.23.006	29215
mx.23.007	29216
mx.23.008	29217
mx.23.009	29218
mx.23.010	29219
mx.23.011	29947
mx.24	27478
mx.24.001	29220
mx.24.002	29221
mx.24.003	29223
mx.24.004	29224
mx.24.005	29225
mx.24.006	29226
mx.24.007	29227
mx.24.008	29228
mx.24.009	29229
mx.24.010	29230
mx.24.011	29231
mx.24.012	29232
mx.24.013	29233
mx.24.014	29234
mx.24.015	29235
mx.24.016	29236
mx.24.017	29237
mx.24.018	29238
mx.24.019	29239
mx.24.020	29240
mx.24.021	29241
mx.24.022	29242
mx.24.023	29243
mx.24.024	29244
mx.24.025	29245
mx.24.026	29246
mx.24.027	29247
mx.24.028	29248
mx.24.029	29249
mx.24.030	29250
mx.24.031	29251
mx.24.032	29252
mx.24.033	29253
mx.24.034	29254
mx.24.035	29255
mx.24.036	29256
mx.24.037	29257
mx.24.038	29258
mx.24.039	29259
mx.24.040	29260
mx.24.041	29261
mx.24.042	29262
mx.24.043	29263
mx.24.044	29264
mx.24.045	29265
mx.24.046	29266
mx.24.047	29267
mx.24.048	29268
mx.24.049	29269
mx.24.050	29270
mx.24.051	29271
mx.24.052	29272
mx.24.053	29273
mx.24.054	29274
mx.24.055	29275
mx.24.056	29276
mx.24.057	29277
mx.24.058	29278
mx.25	27477
mx.25.001	29279
mx.25.002	29280
mx.25.003	29281
mx.25.004	29282
mx.25.005	29283
mx.25.006	29284
mx.25.007	29285
mx.25.008	29286
mx.25.009	29287
mx.25.010	29288
mx.25.011	28582
mx.25.012	29289
mx.25.013	29290
mx.25.014	29291
mx.25.015	29292
mx.25.016	29293
mx.25.017	29294
mx.25.018	29295
mx.26	27476
mx.26.001	29296
mx.26.002	29297
mx.26.003	29298
mx.26.004	29299
mx.26.005	29300
mx.26.006	29301
mx.26.007	29302
mx.26.008	29303
mx.26.009	29304
mx.26.010	29305
mx.26.011	29306
mx.26.012	29307
mx.26.013	29308
mx.26.014	29309
mx.26.015	29310
mx.26.016	29311
mx.26.017	29312
mx.26.018	29313
mx.26.019	29314
mx.26.020	29315
mx.26.021	29316
mx.26.022	29317
mx.26.023	29318
mx.26.024	29319
mx.26.025	29320
mx.26.026	29321
mx.26.027	29322
mx.26.028	29323
mx.26.029	29324
mx.26.030	29325
mx.26.031	29326
mx.26.032	29327
mx.26.033	29328
mx.26.034	29329
mx.26.035	29330
mx.26.036	29331
mx.26.037	29332
mx.26.038	29333
mx.26.039	29334
mx.26.040	29335
mx.26.041	29336
mx.26.042	29337
mx.26.043	29338
mx.26.044	29339
mx.26.045	29340
mx.26.046	29341
mx.26.047	29342
mx.26.048	29343
mx.26.049	29344
mx.26.050	29345
mx.26.051	29346
mx.26.052	29347
mx.26.053	29348
mx.26.054	29349
mx.26.055	29350
mx.26.056	29351
mx.26.057	29352
mx.26.058	29353
mx.26.059	29354
mx.26.060	29355
mx.26.061	29356
mx.26.062	29357
mx.26.063	29358
mx.26.064	29359
mx.26.065	29360
mx.26.066	29361
mx.26.067	29362
mx.26.068	29363
mx.26.069	29364
mx.26.070	29365
mx.26.071	27636
mx.26.072	29366
mx.27	27462
mx.27.001	29367
mx.27.002	29368
mx.27.003	28650
mx.27.004	28941
mx.27.005	29369
mx.27.006	29370
mx.27.007	29371
mx.27.008	29372
mx.27.009	29373
mx.27.010	29374
mx.27.011	29375
mx.27.012	29376
mx.27.013	29377
mx.27.014	29378
mx.27.015	29379
mx.27.016	29380
mx.27.017	29381
mx.28	27461
mx.28.001	29382
mx.28.002	27644
mx.28.003	29383
mx.28.004	29384
mx.28.005	29385
mx.28.006	29386
mx.28.007	29387
mx.28.008	29388
mx.28.009	29389
mx.28.010	29390
mx.28.011	29391
mx.28.012	29392
mx.28.013	29393
mx.28.014	29394
mx.28.015	29395
mx.28.016	29396
mx.28.017	28777
mx.28.018	29078
mx.28.019	29397
mx.28.020	29398
mx.28.021	29399
mx.28.022	29400
mx.28.023	29401
mx.28.024	29402
mx.28.025	29403
mx.28.026	29404
mx.28.027	29405
mx.28.028	29406
mx.28.029	29407
mx.28.030	29408
mx.28.031	29409
mx.28.032	27557
mx.28.033	29410
mx.28.034	29411
mx.28.035	29412
mx.28.036	29413
mx.28.037	29414
mx.28.038	29415
mx.28.039	29416
mx.28.040	29417
mx.28.041	29418
mx.28.042	29419
mx.28.043	29420
mx.29	27460
mx.29.001	29421
mx.29.002	29422
mx.29.003	29423
mx.29.004	29424
mx.29.005	29425
mx.29.006	29426
mx.29.007	29427
mx.29.008	29428
mx.29.009	29429
mx.29.010	29430
mx.29.011	29431
mx.29.012	29432
mx.29.013	29433
mx.29.014	29434
mx.29.015	29435
mx.29.016	29436
mx.29.017	29437
mx.29.018	29438
mx.29.019	29439
mx.29.020	29440
mx.29.021	29441
mx.29.022	29442
mx.29.023	29443
mx.29.024	29444
mx.29.025	29445
mx.29.026	29446
mx.29.027	29447
mx.29.028	29448
mx.29.029	29449
mx.29.030	29450
mx.29.031	29451
mx.29.032	29452
mx.29.033	29453
mx.29.034	29454
mx.29.035	29455
mx.29.036	29456
mx.29.037	29457
mx.29.038	29458
mx.29.039	29459
mx.29.040	29460
mx.29.041	29461
mx.29.042	29462
mx.29.043	29463
mx.29.044	29464
mx.29.045	29500
mx.29.046	29465
mx.29.047	29466
mx.29.048	29467
mx.29.049	29468
mx.29.050	29469
mx.29.051	29470
mx.29.052	29471
mx.29.053	29472
mx.29.054	29473
mx.29.055	29474
mx.29.056	29475
mx.29.057	29476
mx.29.058	29477
mx.29.059	29478
mx.29.060	29479
mx.30	27459
mx.30.001	29480
mx.30.002	29481
mx.30.003	29482
mx.30.004	29483
mx.30.005	29484
mx.30.006	29485
mx.30.007	29486
mx.30.008	29487
mx.30.009	29488
mx.30.010	29489
mx.30.011	29490
mx.30.012	29491
mx.30.013	29492
mx.30.014	29493
mx.30.015	29494
mx.30.016	29495
mx.30.017	29496
mx.30.018	29497
mx.30.019	29498
mx.30.020	29499
mx.30.021	29501
mx.30.022	29502
mx.30.023	29503
mx.30.024	29504
mx.30.025	29505
mx.30.026	29506
mx.30.027	29706
mx.30.028	29507
mx.30.029	29508
mx.30.030	29509
mx.30.031	29510
mx.30.032	29511
mx.30.033	29512
mx.30.034	29513
mx.30.035	29514
mx.30.036	29515
mx.30.037	29516
mx.30.038	29517
mx.30.039	29518
mx.30.040	29519
mx.30.041	29520
mx.30.042	29521
mx.30.043	29522
mx.30.044	29523
mx.30.045	29524
mx.30.046	29525
mx.30.047	29624
mx.30.048	29625
mx.30.049	29626
mx.30.050	29627
mx.30.051	29628
mx.30.052	29629
mx.30.053	29630
mx.30.054	29631
mx.30.055	29632
mx.30.056	29633
mx.30.057	29634
mx.30.058	29635
mx.30.059	29636
mx.30.060	29637
mx.30.061	29638
mx.30.062	29639
mx.30.063	29640
mx.30.064	29641
mx.30.065	29642
mx.30.066	29643
mx.30.067	29644
mx.30.068	29645
mx.30.069	29646
mx.30.070	29647
mx.30.071	27560
mx.30.072	29648
mx.30.073	29649
mx.30.074	29650
mx.30.075	29651
mx.30.076	29652
mx.30.077	29653
mx.30.078	29654
mx.30.079	29655
mx.30.080	29656
mx.30.081	29657
mx.30.082	29658
mx.30.083	29659
mx.30.084	29660
mx.30.085	29661
mx.30.086	29662
mx.30.087	29663
mx.30.088	29664
mx.30.089	29665
mx.30.090	29666
mx.30.091	29667
mx.30.092	29668
mx.30.093	29669
mx.30.094	29670
mx.30.095	29671
mx.30.096	29672
mx.30.097	29673
mx.30.098	29674
mx.30.099	29675
mx.30.100	29676
mx.30.101	29677
mx.30.102	29678
mx.30.103	29679
mx.30.104	29680
mx.30.105	29681
mx.30.106	29682
mx.30.107	29683
mx.30.108	29684
mx.30.109	29685
mx.30.110	29686
mx.30.111	29687
mx.30.112	29688
mx.30.113	29689
mx.30.114	29690
mx.30.115	29691
mx.30.116	29692
mx.30.117	29693
mx.30.118	29694
mx.30.119	29695
mx.30.120	29696
mx.30.121	29697
mx.30.122	29698
mx.30.123	29699
mx.30.124	29700
mx.30.125	29701
mx.30.126	29702
mx.30.127	29703
mx.30.128	29704
mx.30.129	29705
mx.30.130	29707
mx.30.131	29708
mx.30.132	29709
mx.30.133	29710
mx.30.134	29711
mx.30.135	29712
mx.30.136	29713
mx.30.137	29714
mx.30.138	29715
mx.30.139	29716
mx.30.140	29717
mx.30.141	29718
mx.30.142	29719
mx.30.143	29720
mx.30.144	29721
mx.30.145	29722
mx.30.146	29723
mx.30.147	29724
mx.30.148	29725
mx.30.149	29726
mx.30.150	29727
mx.30.151	29728
mx.30.152	29729
mx.30.153	29730
mx.30.154	29731
mx.30.155	29732
mx.30.156	29733
mx.30.157	29734
mx.30.158	29735
mx.30.159	29736
mx.30.160	29737
mx.30.161	29738
mx.30.162	29739
mx.30.163	29740
mx.30.164	29741
mx.30.165	29742
mx.30.166	29743
mx.30.167	29744
mx.30.168	29745
mx.30.169	29746
mx.30.170	29747
mx.30.171	29748
mx.30.172	29749
mx.30.173	29750
mx.30.174	29751
mx.30.175	29752
mx.30.176	29753
mx.30.177	29754
mx.30.178	29755
mx.30.179	29756
mx.30.180	29757
mx.30.181	29758
mx.30.182	29759
mx.30.183	29760
mx.30.184	29761
mx.30.185	29762
mx.30.186	29763
mx.30.187	29764
mx.30.188	29765
mx.30.189	29766
mx.30.190	29767
mx.30.191	29768
mx.30.192	29769
mx.30.193	29770
mx.30.194	29771
mx.30.195	29772
mx.30.196	29773
mx.30.197	29774
mx.30.198	29775
mx.30.199	29776
mx.30.200	29777
mx.30.201	29778
mx.30.202	29779
mx.30.203	29780
mx.30.204	29781
mx.30.205	29782
mx.30.206	29783
mx.30.207	29784
mx.30.208	29785
mx.30.209	29786
mx.30.210	29787
mx.30.211	29788
mx.30.212	29789
mx.31	27458
mx.31.001	29790
mx.31.002	29791
mx.31.003	29792
mx.31.004	29793
mx.31.005	29794
mx.31.006	29795
mx.31.007	29796
mx.31.008	29797
mx.31.009	29798
mx.31.010	29799
mx.31.011	29800
mx.31.012	29801
mx.31.013	29802
mx.31.014	29803
mx.31.015	29804
mx.31.016	29805
mx.31.017	29806
mx.31.018	29807
mx.31.019	29808
mx.31.020	29809
mx.31.021	29810
mx.31.022	29811
mx.31.023	29812
mx.31.024	29813
mx.31.025	29814
mx.31.026	29815
mx.31.027	29816
mx.31.028	29817
mx.31.029	29818
mx.31.030	29819
mx.31.031	29820
mx.31.032	29821
mx.31.033	29822
mx.31.034	29823
mx.31.035	29824
mx.31.036	29825
mx.31.037	29826
mx.31.038	29827
mx.31.039	29828
mx.31.040	29829
mx.31.041	29830
mx.31.042	29831
mx.31.043	29832
mx.31.044	29833
mx.31.045	29834
mx.31.046	29835
mx.31.047	29836
mx.31.048	29837
mx.31.049	29838
mx.31.050	29839
mx.31.051	29840
mx.31.052	29841
mx.31.053	29842
mx.31.054	29843
mx.31.055	29844
mx.31.056	29845
mx.31.057	29846
mx.31.058	29847
mx.31.059	29848
mx.31.060	29849
mx.31.061	29850
mx.31.062	29851
mx.31.063	29852
mx.31.064	29853
mx.31.065	29854
mx.31.066	29855
mx.31.067	29856
mx.31.068	29857
mx.31.069	29858
mx.31.070	29859
mx.31.071	29860
mx.31.072	29117
mx.31.073	29222
mx.31.074	29861
mx.31.075	29862
mx.31.076	29863
mx.31.077	29864
mx.31.078	29865
mx.31.079	29866
mx.31.080	29867
mx.31.081	29868
mx.31.082	29869
mx.31.083	29870
mx.31.084	29871
mx.31.085	29872
mx.31.086	29873
mx.31.087	29874
mx.31.088	29875
mx.31.089	29876
mx.31.090	29877
mx.31.091	29878
mx.31.092	29879
mx.31.093	29880
mx.31.094	29881
mx.31.095	29882
mx.31.096	29883
mx.31.097	29884
mx.31.098	29885
mx.31.099	29886
mx.31.100	29887
mx.31.101	29888
mx.31.102	29889
mx.31.103	29890
mx.31.104	29891
mx.31.105	29892
mx.31.106	29893
mx.32	27475
mx.32.001	29894
mx.32.002	29895
mx.32.003	29896
mx.32.004	27635
mx.32.005	29897
mx.32.006	29898
mx.32.007	29899
mx.32.008	27643
mx.32.009	29900
mx.32.010	29901
mx.32.011	29902
mx.32.012	29903
mx.32.013	29904
mx.32.014	29905
mx.32.015	29906
mx.32.016	29907
mx.32.017	29908
mx.32.018	29909
mx.32.019	29910
mx.32.020	29911
mx.32.021	29912
mx.32.022	29913
mx.32.023	29914
mx.32.024	27645
mx.32.025	29915
mx.32.026	29916
mx.32.027	27646
mx.32.028	29917
mx.32.029	29918
mx.32.030	29919
mx.32.031	29920
mx.32.032	29921
mx.32.033	29922
mx.32.034	29923
mx.32.035	29924
mx.32.036	29925
mx.32.037	29926
mx.32.038	28532
mx.32.039	29927
mx.32.040	29928
mx.32.041	29929
mx.32.042	29930
mx.32.043	29931
mx.32.044	29932
mx.32.045	29933
mx.32.046	29934
mx.32.047	29935
mx.32.048	29936
mx.32.049	29937
mx.32.050	29938
mx.32.051	29939
mx.32.052	29940
mx.32.053	29941
mx.32.054	29942
mx.32.055	29943
mx.32.056	29944
mx.32.057	29945
mx.32.058	29946
my-01	29974
my-02	29973
my-03	29970
my-04	29961
my-05	29969
my-06	29968
my-07	29972
my-08	29967
my-09	29966
my-10	29963
my-11	29962
my-12	29965
my-13	29964
my-14	29971
my-15	29975
my-16	29976
my.01	29974
my.01.0101	29979
my.01.0102	29982
my.01.0103	29983
my.01.0104	29981
my.01.0105	30079
my.01.0106	30093
my.01.0107	29984
my.01.0108	29986
my.01.0109	29980
my.01.0110	29985
my.02	29973
my.02.0201	30004
my.02.0202	30003
my.02.0203	30031
my.02.0204	30059
my.02.0205	30028
my.02.0206	30001
my.02.0207	29977
my.02.0208	30029
my.02.0209	30030
my.02.0210	30096
my.02.0211	30058
my.02.0212	30024
my.03	29970
my.03.0301	30070
my.03.0302	30116
my.03.0303	30062
my.03.0304	30032
my.03.0305	30065
my.03.0306	30102
my.03.0307	30063
my.03.0308	30106
my.03.0309	30005
my.03.0310	30064
my.04	29961
my.04.0601	30073
my.04.0602	30112
my.04.0603	30089
my.05	29969
my.05.0701	30082
my.05.0702	30083
my.05.0703	30114
my.05.0704	30120
my.05.0705	30101
my.05.0706	30109
my.05.0707	30099
my.06	29968
my.06.0801	30076
my.06.0802	30013
my.06.0803	30022
my.06.0804	30021
my.06.0805	30078
my.06.0806	30097
my.06.0807	30104
my.06.0808	30090
my.06.0809	30084
my.06.0810	30012
my.06.0811	29978
my.07	29967
my.07.0901	30071
my.07.0902	30117
my.07.0903	30098
my.07.0904	30086
my.07.0905	30111
my.07.0906	30009
my.07.0907	30008
my.07.0908	30002
my.07.0909	30118
my.07.0910	30091
my.08	29966
my.08.1001	30092
my.09	29972
my.09.1101	30061
my.09.1102	30014
my.09.1103	30108
my.09.1104	30060
my.09.1105	30015
my.11	29964
my.11.1301	30074
my.11.1302	30006
my.11.1303	30044
my.11.1304	30036
my.11.1305	30050
my.11.1306	30080
my.11.1307	30072
my.11.1308	30110
my.11.1309	30027
my.11.1310	30045
my.11.1311	30007
my.11.1312	30042
my.11.1313	30043
my.11.1314	30038
my.11.1315	30035
my.11.1316	30047
my.11.1317	30088
my.11.1318	30085
my.11.1319	30048
my.11.1320	30023
my.11.1321	30105
my.11.1322	30051
my.11.1323	30037
my.11.1324	30026
my.11.1325	30068
my.11.1326	30025
my.11.1327	30040
my.11.1328	30094
my.11.1329	30041
my.11.1330	30039
my.11.1331	30046
my.12	29963
my.12.1701	30016
my.12.1702	30019
my.12.1703	30017
my.12.1704	29988
my.12.1705	30010
my.12.1706	29987
my.12.1707	30018
my.12.1708	30020
my.12.1709	30011
my.13	29962
my.13.1501	30067
my.13.1502	30115
my.13.1503	30081
my.13.1504	30075
my.13.1505	30077
my.13.1506	30087
my.13.1507	30066
my.14	29971
my.14.0401	30095
my.15	29975
my.15.0501	30103
my.16	29965
my.16.1201	30000
my.16.1202	30069
my.16.1203	29997
my.16.1204	30055
my.16.1205	30052
my.16.1206	30033
my.16.1207	30054
my.16.1208	29989
my.16.1209	30049
my.16.1210	30057
my.16.1211	30056
my.16.1212	30119
my.16.1213	29990
my.16.1214	29991
my.16.1215	30053
my.16.1216	30107
my.16.1217	29993
my.16.1218	29994
my.16.1219	29996
my.16.1220	29998
my.16.1221	29992
my.16.1222	29995
my.16.1223	29999
my.16.1224	30113
my.16.1225	30034
my.17	29976
my.17.1601	30100
mz-a	30124
mz-b	30127
mz-g	30129
mz-i	30128
mz-l	30126
mz-mpm	30131
mz-n	30125
mz-p	30130
mz-q	30121
mz-s	30123
mz-t	30122
mz.01	30130
mz.01.1028315	30133
mz.01.1029247	30135
mz.01.1037368	30147
mz.01.1039148	30151
mz.01.1042455	30160
mz.01.1045383	30163
mz.01.12041484	30293
mz.01.12041567	30295
mz.01.7874119	30207
mz.01.7909845	30247
mz.01.7909876	30248
mz.01.7911292	30249
mz.01.8299277	30251
mz.01.9252727	30259
mz.01.9252729	30261
mz.01.9252735	30266
mz.01.9252736	30267
mz.02	30129
mz.02.1040936	30156
mz.02.1049858	30169
mz.02.10668849	30272
mz.02.7670759	30179
mz.02.7670767	30180
mz.02.7670771	30182
mz.02.7670772	30183
mz.02.7670774	30184
mz.02.7874104	30203
mz.02.9072735	30256
mz.02.9252728	30260
mz.02.9408663	30270
mz.03	30128
mz.03.1045762	30164
mz.03.7670754	30176
mz.03.7670768	30181
mz.03.7909714	30238
mz.03.7909715	30239
mz.03.7909780	30240
mz.03.7909781	30241
mz.03.7909783	30242
mz.03.7909784	30243
mz.03.7909785	30244
mz.03.7909786	30245
mz.03.9252722	30258
mz.03.9252733	30265
mz.03.9252738	30268
mz.04	30126
mz.04.1039852	30153
mz.04.1090080	30174
mz.04.12041485	30294
mz.04.7670756	30177
mz.04.7701205	30185
mz.04.7873976	30192
mz.04.7873980	30193
mz.04.7873983	30194
mz.04.8301113	30252
mz.04.8693192	30253
mz.05	30123
mz.05.1040396	30154
mz.05.1045789	30165
mz.05.1051852	30170
mz.05.1052372	30171
mz.05.7873984	30195
mz.05.7873985	30196
mz.05.7873986	30197
mz.05.7874046	30202
mz.05.7874471	30219
mz.05.7874472	30220
mz.05.7874473	30221
mz.05.7874474	30222
mz.05.7874614	30223
mz.06	30125
mz.06.1033355	30136
mz.06.1035018	30137
mz.06.1035470	30139
mz.06.1037020	30142
mz.06.1037178	30143
mz.06.1037222	30144
mz.06.1037282	30145
mz.06.1037286	30146
mz.06.1038879	30149
mz.06.1039205	30152
mz.06.1046627	30166
mz.06.10703926	30288
mz.06.10703927	30289
mz.06.7732034	30187
mz.06.7732035	30188
mz.06.7732036	30189
mz.06.7732037	30190
mz.06.7732038	30191
mz.06.7874406	30208
mz.06.7874408	30209
mz.06.7874410	30210
mz.06.7874411	30211
mz.06.9072697	30255
mz.06.9252730	30262
mz.07	30124
mz.07.1027397	30132
mz.07.1039135	30150
mz.07.1041189	30158
mz.07.10651614	30271
mz.07.7732033	30186
mz.07.7874115	30205
mz.07.7874117	30206
mz.07.7874414	30212
mz.07.7874416	30213
mz.07.7874417	30214
mz.07.7874418	30215
mz.07.7874419	30216
mz.07.7874420	30217
mz.07.7874421	30218
mz.07.8299276	30250
mz.07.9252721	30257
mz.08	30122
mz.08.1035304	30138
mz.08.1037394	30148
mz.08.1040587	30155
mz.08.1041912	30159
mz.08.1042871	30161
mz.08.10703925	30287
mz.08.10704473	30290
mz.08.11204389	30292
mz.08.7874106	30204
mz.08.7905000	30234
mz.08.7905199	30235
mz.08.7905529	30236
mz.08.7909828	30246
mz.08.9252731	30263
mz.08.9252732	30264
mz.08.9252739	30269
mz.09	30121
mz.09.1028433	30134
mz.09.1045351	30162
mz.09.1049181	30167
mz.09.1053142	30173
mz.09.10701342	30282
mz.09.10701343	30283
mz.09.10701344	30284
mz.09.10702916	30285
mz.09.10703116	30286
mz.09.11189152	30291
mz.09.7873988	30198
mz.09.7873991	30199
mz.09.7873993	30200
mz.09.7874708	30227
mz.09.7874710	30228
mz.09.7874711	30229
mz.09.7874712	30230
mz.09.7874724	30231
mz.09.7874726	30232
mz.09.7880951	30233
mz.09.7909704	30237
mz.09.8714615	30254
mz.10	30127
mz.10.1035732	30140
mz.10.1037018	30141
mz.10.1040948	30157
mz.10.1049260	30168
mz.10.1052446	30172
mz.10.10701340	30280
mz.10.10701341	30281
mz.10.7646374	30175
mz.10.7670758	30178
mz.10.7874045	30201
mz.10.7874620	30224
mz.10.7874622	30225
mz.10.7874624	30226
mz.11	30131
mz.11.10683815	30273
mz.11.10685827	30274
mz.11.10685828	30275
mz.11.10685829	30276
mz.11.10685830	30277
mz.11.10685831	30278
mz.11.10685832	30279
na-ca	30296
na-er	30298
na-ha	30299
na-ka	30300
na-ke	30308
na-kh	30297
na-ku	30301
na-kw	30309
na-od	30307
na-oh	30303
na-on	30305
na-os	30304
na-ot	30306
na-ow	30302
na.21	30297
na.21.11125897	30323
na.21.11257205	30336
na.21.11287032	30342
na.21.11609877	30355
na.28	30296
na.28.11467713	30351
na.29	30298
na.29.7931905	30314
na.29.7931906	30315
na.29.7931907	30316
na.29.7931908	30317
na.29.7931909	30318
na.30	30299
na.30.11257257	30339
na.30.11427240	30343
na.30.7931910	30319
na.31	30300
na.31.11257293	30340
na.31.7931911	30320
na.31.7931912	30321
na.32	30301
na.32.7931901	30310
na.32.7931902	30311
na.32.7931903	30312
na.32.7931904	30313
na.33	30302
na.33.11205493	30327
na.33.11205499	30328
na.33.11238950	30332
na.33.11428769	30347
na.35	30303
na.35.11204872	30324
na.36	30304
na.36.11256953	30335
na.36.11257223	30338
na.36.11428097	30345
na.36.11495912	30354
na.36.11979320	30356
na.37	30305
na.37.11205500	30329
na.37.11257218	30337
na.37.11428032	30344
na.37.11428703	30346
na.37.11467743	30352
na.38	30306
na.38.11204947	30325
na.38.11205505	30330
na.38.11257350	30341
na.38.11467812	30353
na.39	30307
na.39.10400504	30322
na.39.11204952	30326
na.39.11428998	30348
na.40	30308
na.40.11205595	30331
na.40.11256901	30334
na.40.11429192	30350
na.41	30309
na.41.11256866	30333
na.41.11429079	30349
nc.01	30358
nc.01.98801	30380
nc.01.98804	30386
nc.01.98807	30383
nc.01.98808	30382
nc.01.98810	30379
nc.01.98811	30389
nc.01.98812	30378
nc.01.98819	30372
nc.01.98822	30369
nc.01.98823	30368
nc.01.98824	30367
nc.01.98825	30366
nc.01.98826	30392
nc.01.98827	30365
nc.01.98830	30362
nc.01.98831	30361
nc.01.98833	30391
nc.02	30357
nc.02.98802	30388
nc.02.98803	30387
nc.02.98805	30385
nc.02.98806	30384
nc.02.98809	30381
nc.02.98813	30390
nc.02.98816	30375
nc.02.98817	30374
nc.02.98818	30373
nc.02.98821	30370
nc.02.98828	30364
nc.02.98829	30363
nc.02.98832	30360
nc.03	30359
nc.03.98814	30377
nc.03.98815	30376
nc.03.98820	30371
ne-1	30398
ne-2	30397
ne-3	30396
ne-4	30395
ne-5	30394
ne-6	30399
ne-7	30393
ne-8	30400
ne.01	30398
ne.01.11996007	30442
ne.01.11996009	30444
ne.01.11996022	30456
ne.01.2446795	30426
ne.01.8624000	30431
ne.01.8624001	30432
ne.02	30397
ne.02.11996010	30445
ne.02.11996019	30453
ne.02.11996024	30458
ne.02.2440494	30408
ne.02.2441446	30412
ne.02.2445703	30422
ne.03	30396
ne.03.11204211	30438
ne.03.11996008	30443
ne.03.11996020	30454
ne.03.11996027	30461
ne.03.2441629	30414
ne.03.2444487	30418
ne.03.2445487	30420
ne.03.2445552	30421
ne.04	30395
ne.04.11996004	30439
ne.04.11996006	30441
ne.04.2438821	30401
ne.04.2441193	30409
ne.04.2441290	30411
ne.04.2446266	30423
ne.04.8299475	30427
ne.04.8624179	30433
ne.04.8624180	30434
ne.06	30394
ne.06.11996025	30459
ne.06.11996028	30462
ne.06.11996030	30464
ne.06.11996032	30466
ne.06.11996034	30467
ne.06.2438973	30402
ne.06.2439375	30404
ne.06.2441528	30413
ne.06.2442477	30415
ne.06.2443303	30416
ne.06.2446465	30424
ne.06.2446752	30425
ne.06.8624181	30435
ne.07	30393
ne.07.10943048	30436
ne.07.11204206	30437
ne.07.11996011	30446
ne.07.11996014	30448
ne.07.11996017	30451
ne.07.11996018	30452
ne.07.11996023	30457
ne.07.11996026	30460
ne.07.2439154	30403
ne.07.2441216	30410
ne.07.2444218	30417
ne.08	30400
ne.08.2440482	30407
ne.09	30399
ne.09.11996005	30440
ne.09.11996013	30447
ne.09.11996015	30449
ne.09.11996016	30450
ne.09.11996021	30455
ne.09.11996029	30463
ne.09.11996031	30465
ne.09.2439811	30405
ne.09.2440370	30406
ne.09.2444994	30419
ne.09.8334576	30428
ne.09.8334577	30429
ne.09.8334578	30430
ng-ab	30488
ng-ad	30490
ng-ak	30486
ng-an	30485
ng-ba	30484
ng-be	30483
ng-bo	30482
ng-by	30494
ng-cr	30481
ng-de	30489
ng-eb	30495
ng-ed	30491
ng-ek	30496
ng-en	30492
ng-fc	30487
ng-go	30497
ng-im	30480
ng-ji	30493
ng-kd	30479
ng-ke	30500
ng-kn	30478
ng-ko	30501
ng-kt	30477
ng-kw	30476
ng-la	30475
ng-na	30498
ng-ni	30474
ng-og	30473
ng-on	30472
ng-os	30502
ng-oy	30471
ng-pl	30470
ng-ri	30469
ng-so	30468
ng-ta	30503
ng-yo	30504
ng-za	30499
ng.05	30475
ng.05.25001	30726
ng.05.25002	30799
ng.05.25003	30765
ng.05.25004	30707
ng.05.25005	30705
ng.05.25006	30709
ng.05.25007	30767
ng.05.25008	30791
ng.05.25009	30768
ng.05.25010	30766
ng.05.25011	30769
ng.05.25012	30505
ng.05.25013	30703
ng.05.25014	30770
ng.05.25015	30708
ng.05.25016	30771
ng.05.25017	30704
ng.05.25018	30798
ng.05.9485473	31278
ng.05.9485474	31279
ng.05.9485475	31280
ng.05.9485476	31281
ng.11	30487
ng.11.15001	30977
ng.11.15002	30682
ng.11.15003	30976
ng.11.15004	30979
ng.11.15005	30978
ng.11.15006	30980
ng.16	30473
ng.16.28001	31015
ng.16.28002	31016
ng.16.28003	31012
ng.16.28004	31009
ng.16.28005	31010
ng.16.28006	31017
ng.16.28007	31013
ng.16.28008	30713
ng.16.28009	31019
ng.16.28010	31020
ng.16.28011	30712
ng.16.28012	30710
ng.16.28013	31008
ng.16.28014	31011
ng.16.28015	30727
ng.16.28016	31014
ng.16.28017	30711
ng.16.28018	31021
ng.16.28019	31018
ng.16.28020	30702
ng.21	30486
ng.21.3001	31142
ng.21.3002	30674
ng.21.3003	31149
ng.21.3004	30510
ng.21.3005	31136
ng.21.3006	31138
ng.21.3007	31145
ng.21.3008	31147
ng.21.3009	31141
ng.21.3010	31134
ng.21.3011	31137
ng.21.3012	31132
ng.21.3013	31146
ng.21.3014	31133
ng.21.3015	31130
ng.21.3016	31135
ng.21.3017	31148
ng.21.3018	30511
ng.21.3019	30675
ng.21.3020	31144
ng.21.3021	30676
ng.21.3022	31131
ng.21.3023	31152
ng.21.3024	30677
ng.21.3025	31153
ng.21.3026	30512
ng.21.3027	31150
ng.21.3028	31143
ng.21.3029	31140
ng.21.3030	31151
ng.21.3031	31139
ng.22	30481
ng.22.9001	30795
ng.22.9002	31160
ng.22.9003	31164
ng.22.9004	31275
ng.22.9005	31155
ng.22.9006	31159
ng.22.9007	30633
ng.22.9008	31162
ng.22.9009	31163
ng.22.9010	31157
ng.22.9011	30792
ng.22.9012	31156
ng.22.9013	30794
ng.22.9014	30796
ng.22.9015	31161
ng.22.9016	30793
ng.22.9017	31158
ng.22.9018	31154
ng.23	30479
ng.23.19001	30749
ng.23.19002	30686
ng.23.19003	30789
ng.23.19004	30687
ng.23.19005	30964
ng.23.19006	30966
ng.23.19007	30960
ng.23.19008	30685
ng.23.19009	30690
ng.23.19010	30688
ng.23.19011	30684
ng.23.19012	30963
ng.23.19013	30959
ng.23.19014	30962
ng.23.19015	30965
ng.23.19016	30693
ng.23.19017	30961
ng.23.19018	30689
ng.23.19019	30692
ng.23.19020	30750
ng.23.19021	30751
ng.23.19022	30958
ng.23.19023	30691
ng.24	30477
ng.24.401	30870
ng.24.402	30848
ng.24.403	30845
ng.24.404	30858
ng.24.405	30851
ng.24.406	30861
ng.24.407	30872
ng.24.408	30874
ng.24.409	30864
ng.24.410	30854
ng.24.411	30855
ng.24.412	30862
ng.24.413	30871
ng.24.414	30873
ng.24.415	30859
ng.24.416	30844
ng.24.417	30869
ng.24.418	30847
ng.24.419	30867
ng.24.420	30568
ng.24.421	30846
ng.24.422	30850
ng.24.423	30860
ng.24.424	30569
ng.24.425	30868
ng.24.426	30852
ng.24.427	30853
ng.24.428	30865
ng.24.429	30866
ng.24.430	30849
ng.24.431	30570
ng.24.432	30863
ng.24.433	30856
ng.24.434	30857
ng.25	30485
ng.25.4001	31093
ng.25.4002	30513
ng.25.4003	30553
ng.25.4004	30514
ng.25.4005	30515
ng.25.4006	30516
ng.25.4007	31092
ng.25.4008	30781
ng.25.4009	31096
ng.25.4010	30554
ng.25.4011	30555
ng.25.4012	31094
ng.25.4013	30556
ng.25.4014	31095
ng.25.4015	30557
ng.25.4016	30558
ng.25.4017	30720
ng.25.4018	31097
ng.25.4019	30559
ng.25.4020	30560
ng.25.4021	30561
ng.26	30483
ng.26.7001	31184
ng.26.7002	30678
ng.26.7003	31182
ng.26.7004	30630
ng.26.7005	30631
ng.26.7006	30562
ng.26.7007	30563
ng.26.7008	30679
ng.26.7009	30797
ng.26.7010	30680
ng.26.7011	30632
ng.26.7012	30564
ng.26.7013	30776
ng.26.7014	31185
ng.26.7015	30565
ng.26.7016	30778
ng.26.7017	31186
ng.26.7018	30779
ng.26.7019	30777
ng.26.7020	31183
ng.26.7021	31187
ng.26.7022	30681
ng.26.7023	30566
ng.26.9485482	31286
ng.26.9485483	31287
ng.27	30482
ng.27.101	31234
ng.27.102	31254
ng.27.103	31250
ng.27.104	31257
ng.27.105	31255
ng.27.106	31253
ng.27.107	31252
ng.27.108	31246
ng.27.109	31238
ng.27.110	31237
ng.27.111	31251
ng.27.112	31256
ng.27.113	31247
ng.27.114	31249
ng.27.115	31244
ng.27.116	31248
ng.27.117	31236
ng.27.118	31259
ng.27.119	31245
ng.27.120	31241
ng.27.121	31242
ng.27.122	31235
ng.27.123	31240
ng.27.124	31260
ng.27.125	31243
ng.27.126	31239
ng.27.127	31258
ng.28	30480
ng.28.17001	30590
ng.28.17002	30591
ng.28.17003	30592
ng.28.17004	31119
ng.28.17005	31121
ng.28.17006	31122
ng.28.17007	30593
ng.28.17008	31118
ng.28.17009	30594
ng.28.17010	31123
ng.28.17011	30595
ng.28.17012	31116
ng.28.17013	30596
ng.28.17014	31124
ng.28.17015	31125
ng.28.17016	30597
ng.28.17017	31115
ng.28.17018	30598
ng.28.17019	30599
ng.28.17020	31120
ng.28.17021	30600
ng.28.17022	30601
ng.28.17023	30602
ng.28.17024	31117
ng.28.17025	31126
ng.28.17026	30603
ng.28.17027	30605
ng.28.9485478	31283
ng.29	30478
ng.29.20001	30895
ng.29.20002	30763
ng.29.20003	30696
ng.29.20004	30885
ng.29.20005	30756
ng.29.20006	30891
ng.29.20007	30886
ng.29.20008	30878
ng.29.20009	30887
ng.29.20010	30883
ng.29.20011	30892
ng.29.20012	30898
ng.29.20013	30762
ng.29.20014	30889
ng.29.20015	30517
ng.29.20016	30876
ng.29.20017	30880
ng.29.20018	30753
ng.29.20019	30567
ng.29.20020	30894
ng.29.20021	30882
ng.29.20022	30698
ng.29.20023	30875
ng.29.20024	30897
ng.29.20025	30695
ng.29.20026	30881
ng.29.20027	30758
ng.29.20028	30764
ng.29.20029	30893
ng.29.20030	30700
ng.29.20031	30877
ng.29.20032	30757
ng.29.20033	30890
ng.29.20034	30694
ng.29.20035	30697
ng.29.20036	30884
ng.29.20037	30896
ng.29.20038	30879
ng.29.20039	30754
ng.29.20040	30752
ng.29.20041	30888
ng.29.20042	30755
ng.29.20043	30899
ng.29.20044	30699
ng.30	30476
ng.30.24001	30759
ng.30.24002	30760
ng.30.24003	30997
ng.30.24004	30996
ng.30.24005	30706
ng.30.24006	30990
ng.30.24007	30991
ng.30.24008	30725
ng.30.24009	30993
ng.30.24010	30994
ng.30.24011	30732
ng.30.24012	30989
ng.30.24013	30992
ng.30.24014	30995
ng.30.24015	30724
ng.30.24016	30761
ng.31	30474
ng.31.27001	30620
ng.31.27002	30621
ng.31.27003	30623
ng.31.27004	30624
ng.31.27005	30974
ng.31.27006	30626
ng.31.27007	30627
ng.31.27008	30643
ng.31.27009	30644
ng.31.27010	30519
ng.31.27011	30969
ng.31.27012	30975
ng.31.27013	30645
ng.31.27014	30520
ng.31.27015	30968
ng.31.27016	30972
ng.31.27017	30521
ng.31.27018	30648
ng.31.27019	30649
ng.31.27020	30522
ng.31.27021	30967
ng.31.27022	30970
ng.31.27023	30971
ng.31.27024	30683
ng.31.27025	30973
ng.32	30471
ng.32.31001	30723
ng.32.31002	30722
ng.32.31003	31000
ng.32.31004	30999
ng.32.31005	31006
ng.32.31006	30721
ng.32.31007	30730
ng.32.31008	30800
ng.32.31009	30729
ng.32.31010	30728
ng.32.31011	31005
ng.32.31012	30656
ng.32.31013	30657
ng.32.31014	30659
ng.32.31015	30731
ng.32.31016	31004
ng.32.31017	31003
ng.32.31018	30537
ng.32.31019	30660
ng.32.31020	30661
ng.32.31021	31001
ng.32.31022	31007
ng.32.31023	31002
ng.32.31024	30538
ng.32.31025	30539
ng.32.31026	30540
ng.32.31027	30541
ng.32.31028	30662
ng.32.31029	30663
ng.32.31030	30664
ng.32.31031	30998
ng.32.31032	30665
ng.32.31033	30666
ng.35	30490
ng.35.2001	31226
ng.35.2002	30607
ng.35.2003	31232
ng.35.2004	31227
ng.35.2005	31220
ng.35.2006	31223
ng.35.2007	31218
ng.35.2008	31231
ng.35.2009	31224
ng.35.2010	30613
ng.35.2011	31219
ng.35.2012	31230
ng.35.2013	31215
ng.35.2014	31216
ng.35.2015	31217
ng.35.2016	31225
ng.35.2017	31222
ng.35.2018	31221
ng.35.2019	31233
ng.35.2020	31228
ng.35.2021	31229
ng.36	30489
ng.36.10001	30719
ng.36.10002	30571
ng.36.10003	31090
ng.36.10004	31089
ng.36.10005	30573
ng.36.10006	30572
ng.36.10007	30574
ng.36.10008	30575
ng.36.10009	30576
ng.36.10010	30577
ng.36.10011	30578
ng.36.10012	30579
ng.36.10013	31088
ng.36.10014	30580
ng.36.10015	30581
ng.36.10016	31091
ng.36.10017	31087
ng.36.10018	30582
ng.36.10019	30583
ng.36.10020	30584
ng.36.10021	30585
ng.36.10022	30588
ng.36.10023	30586
ng.36.10024	30587
ng.36.10025	30589
ng.37	30491
ng.37.12001	31075
ng.37.12002	31066
ng.37.12003	31071
ng.37.12004	31070
ng.37.12005	31072
ng.37.12006	31069
ng.37.12007	31078
ng.37.12008	31076
ng.37.12009	31077
ng.37.12010	31068
ng.37.12011	30783
ng.37.12012	31067
ng.37.12013	30718
ng.37.12014	30717
ng.37.12015	30716
ng.37.12016	31074
ng.37.12017	31073
ng.37.12018	30782
ng.39	30493
ng.39.18001	30912
ng.39.18002	30911
ng.39.18004	30904
ng.39.18005	30920
ng.39.18006	30907
ng.39.18007	30921
ng.39.18008	30926
ng.39.18009	30900
ng.39.18010	30903
ng.39.18011	30919
ng.39.18012	30915
ng.39.18013	30918
ng.39.18014	30913
ng.39.18015	30902
ng.39.18016	30909
ng.39.18017	30923
ng.39.18018	30925
ng.39.18019	30901
ng.39.18020	30910
ng.39.18021	30922
ng.39.18022	30924
ng.39.18023	30908
ng.39.18024	30905
ng.39.18025	30916
ng.39.18026	30914
ng.39.18027	30917
ng.39.18030	30906
ng.40	30500
ng.40.501	30809
ng.40.502	30813
ng.40.503	30811
ng.40.504	30812
ng.40.505	30733
ng.40.506	30810
ng.40.507	30804
ng.40.508	30802
ng.40.509	30806
ng.40.510	30738
ng.40.511	30737
ng.40.512	30805
ng.40.513	30734
ng.40.514	30736
ng.40.515	30640
ng.40.516	30807
ng.40.517	30801
ng.40.518	30803
ng.40.519	30808
ng.40.520	30641
ng.40.521	30642
ng.40.9485472	31277
ng.40.9492098	31289
ng.41	30501
ng.41.23001	30606
ng.41.23002	31082
ng.41.23003	31084
ng.41.23004	30608
ng.41.23005	31083
ng.41.23006	30609
ng.41.23007	31085
ng.41.23008	30610
ng.41.23009	30611
ng.41.23010	30612
ng.41.23011	31079
ng.41.23012	31080
ng.41.23013	30614
ng.41.23014	30615
ng.41.23015	31081
ng.41.23016	30616
ng.41.23017	30518
ng.41.23018	31086
ng.41.23019	30617
ng.41.23020	30618
ng.41.23021	30619
ng.42	30502
ng.42.30001	31025
ng.42.30002	31024
ng.42.30003	30650
ng.42.30004	30651
ng.42.30005	30653
ng.42.30006	30654
ng.42.30007	30523
ng.42.30008	31026
ng.42.30009	30524
ng.42.30010	31022
ng.42.30011	30525
ng.42.30012	30526
ng.42.30013	31033
ng.42.30014	30527
ng.42.30015	31029
ng.42.30016	30528
ng.42.30017	30529
ng.42.30018	31032
ng.42.30019	31031
ng.42.30020	30530
ng.42.30021	30531
ng.42.30022	30532
ng.42.30023	31023
ng.42.30024	31030
ng.42.30025	30533
ng.42.30026	30534
ng.42.30027	30535
ng.42.30028	30536
ng.42.30029	31028
ng.42.30030	31027
ng.43	30503
ng.43.35001	31193
ng.43.35002	31196
ng.43.35003	31198
ng.43.35004	31203
ng.43.35005	31195
ng.43.35006	31194
ng.43.35007	31192
ng.43.35008	31188
ng.43.35009	31201
ng.43.35010	31189
ng.43.35011	31202
ng.43.35012	31199
ng.43.35013	31200
ng.43.35014	31197
ng.43.35015	31191
ng.43.35016	31190
ng.44	30504
ng.44.701	31266
ng.44.702	30652
ng.44.703	31270
ng.44.704	31274
ng.44.705	31271
ng.44.706	31267
ng.44.707	30655
ng.44.708	30658
ng.44.709	31268
ng.44.710	31265
ng.44.711	31261
ng.44.712	31272
ng.44.713	31262
ng.44.714	31273
ng.44.715	31269
ng.44.716	31264
ng.44.717	31263
ng.44.9485484	31288
ng.45	30488
ng.45.1001	30506
ng.45.1002	30507
ng.45.1003	31128
ng.45.1004	31127
ng.45.1005	30508
ng.45.1006	30787
ng.45.1007	30670
ng.45.1008	30745
ng.45.1009	30788
ng.45.1010	30604
ng.45.1011	31129
ng.45.1012	30671
ng.45.1013	30509
ng.45.1014	30672
ng.45.1015	30785
ng.45.1016	30786
ng.45.1017	30673
ng.45.9485480	31284
ng.45.9485481	31285
ng.46	30484
ng.46.5001	30941
ng.46.5002	30622
ng.46.5003	30625
ng.46.5004	30934
ng.46.5005	30628
ng.46.5006	30930
ng.46.5007	30939
ng.46.5008	30931
ng.46.5009	30932
ng.46.5010	30937
ng.46.5011	30935
ng.46.5012	30936
ng.46.5013	30940
ng.46.5014	30629
ng.46.5015	30927
ng.46.5016	30933
ng.46.5017	30942
ng.46.5018	30929
ng.46.5019	30928
ng.46.5020	30938
ng.47	30492
ng.47.14001	31181
ng.47.14002	30746
ng.47.14003	30637
ng.47.14004	31179
ng.47.14005	30742
ng.47.14006	31180
ng.47.14007	31178
ng.47.14008	30638
ng.47.14009	31176
ng.47.14010	30780
ng.47.14011	30747
ng.47.14012	30784
ng.47.14013	31177
ng.47.14014	30741
ng.47.14015	31175
ng.47.14016	30639
ng.47.14017	30790
ng.48	30472
ng.48.29001	31064
ng.48.29002	31065
ng.48.29003	31063
ng.48.29004	31062
ng.48.29005	31059
ng.48.29006	31058
ng.48.29007	31051
ng.48.29008	30715
ng.48.29009	31057
ng.48.29010	31050
ng.48.29011	31056
ng.48.29012	31053
ng.48.29013	30714
ng.48.29014	31052
ng.48.29015	31055
ng.48.29016	31054
ng.48.29017	31061
ng.48.29018	31060
ng.49	30470
ng.49.32001	30949
ng.49.32002	30954
ng.49.32003	30948
ng.49.32004	30953
ng.49.32005	30952
ng.49.32006	30951
ng.49.32007	30943
ng.49.32008	30944
ng.49.32009	30945
ng.49.32010	30957
ng.49.32011	30947
ng.49.32012	30955
ng.49.32013	30646
ng.49.32014	30956
ng.49.32015	30950
ng.49.32016	30647
ng.49.32017	30946
ng.50	30469
ng.50.33001	31107
ng.50.33002	31106
ng.50.33003	30542
ng.50.33004	30543
ng.50.33005	30544
ng.50.33006	31112
ng.50.33007	31110
ng.50.33008	31109
ng.50.33009	31111
ng.50.33010	31108
ng.50.33011	30545
ng.50.33012	30667
ng.50.33013	30668
ng.50.33014	30748
ng.50.33015	30744
ng.50.33016	30546
ng.50.33017	30669
ng.50.33018	31113
ng.50.33019	30547
ng.50.33020	31114
ng.50.33021	30548
ng.50.33022	30743
ng.50.33023	30549
ng.50.9485477	31282
ng.51	30468
ng.51.601	30815
ng.51.602	30550
ng.51.603	30826
ng.51.604	30818
ng.51.605	30820
ng.51.606	30814
ng.51.607	30817
ng.51.608	31276
ng.51.609	30821
ng.51.610	30830
ng.51.611	30823
ng.51.612	30824
ng.51.613	30819
ng.51.614	30828
ng.51.615	30825
ng.51.616	30551
ng.51.617	30552
ng.51.618	30829
ng.51.619	30816
ng.51.620	30827
ng.51.621	30740
ng.51.622	30822
ng.51.623	30739
ng.52	30494
ng.52.6001	31105
ng.52.6002	31098
ng.52.6003	31102
ng.52.6004	31104
ng.52.6005	31103
ng.52.6006	31100
ng.52.6007	31099
ng.52.6008	31101
ng.53	30495
ng.53.11001	31170
ng.53.11002	30634
ng.53.11003	31165
ng.53.11004	31168
ng.53.11005	31169
ng.53.11006	31172
ng.53.11007	30635
ng.53.11008	31166
ng.53.11009	31174
ng.53.11010	30636
ng.53.11011	31173
ng.53.11012	31167
ng.53.11013	31171
ng.54	30496
ng.54.13001	31044
ng.54.13002	31034
ng.54.13003	31042
ng.54.13004	31049
ng.54.13005	31035
ng.54.13006	31046
ng.54.13007	31045
ng.54.13008	31038
ng.54.13009	31036
ng.54.13010	31048
ng.54.13011	31041
ng.54.13012	31039
ng.54.13013	31043
ng.54.13014	31047
ng.54.13015	31037
ng.54.13016	31040
ng.55	30497
ng.55.16001	31208
ng.55.16002	31206
ng.55.16003	31205
ng.55.16004	31212
ng.55.16005	31213
ng.55.16006	31210
ng.55.16007	31207
ng.55.16008	31211
ng.55.16009	31214
ng.55.16010	31204
ng.55.16011	31209
ng.56	30498
ng.56.26001	30772
ng.56.26002	30988
ng.56.26003	30987
ng.56.26004	30983
ng.56.26005	30775
ng.56.26006	30982
ng.56.26007	30984
ng.56.26008	30773
ng.56.26009	30701
ng.56.26010	30985
ng.56.26011	30774
ng.56.26012	30981
ng.56.26013	30986
ng.57	30499
ng.57.801	30840
ng.57.802	30836
ng.57.803	30835
ng.57.804	30839
ng.57.805	30841
ng.57.806	30735
ng.57.807	30842
ng.57.808	30834
ng.57.809	30832
ng.57.810	30838
ng.57.811	30831
ng.57.812	30837
ng.57.813	30843
ng.57.814	30833
ni-an	31305
ni-as	31306
ni-bo	31304
ni-ca	31303
ni-ci	31302
ni-co	31301
ni-es	31300
ni-gr	31299
ni-ji	31298
ni-le	31297
ni-md	31296
ni-mn	31295
ni-ms	31294
ni-mt	31293
ni-ns	31292
ni-ri	31290
ni-sj	31291
ni.01	31304
ni.01.5005	31345
ni.01.5010	31427
ni.01.5015	31425
ni.01.5020	31329
ni.01.5025	31316
ni.01.5030	31340
ni.02	31303
ni.02.7505	31338
ni.02.7510	31396
ni.02.7515	31407
ni.02.7520	31409
ni.02.7525	31404
ni.02.7530	31388
ni.02.7535	31326
ni.02.7540	31392
ni.03	31302
ni.03.3005	31335
ni.03.3010	31350
ni.03.3015	31419
ni.03.3020	31323
ni.03.3025	31402
ni.03.3030	31358
ni.03.3035	31321
ni.03.3040	31311
ni.03.3045	31420
ni.03.3050	31405
ni.03.3055	31413
ni.03.3060	31421
ni.03.3065	31363
ni.04	31301
ni.04.6505	31415
ni.04.6507	31439
ni.04.6510	31395
ni.04.6515	31390
ni.04.6520	31325
ni.04.6525	31324
ni.04.6530	31334
ni.04.6535	31431
ni.04.6540	31310
ni.04.6545	31458
ni.05	31300
ni.05.2505	31360
ni.05.2510	31414
ni.05.2515	31400
ni.05.2520	31344
ni.05.2525	31385
ni.05.2530	31336
ni.06	31299
ni.06.7005	31410
ni.06.7010	31408
ni.06.7015	31399
ni.06.7020	31369
ni.07	31298
ni.07.1005	31436
ni.07.1010	31433
ni.07.1012	31434
ni.07.1015	31435
ni.07.1020	31333
ni.07.1025	31330
ni.07.1030	31393
ni.07.1035	31397
ni.08	31297
ni.08.3505	31432
ni.08.3510	31403
ni.08.3515	31327
ni.08.3520	31406
ni.08.3525	31387
ni.08.3530	31319
ni.08.3535	31357
ni.08.3540	31384
ni.08.3545	31389
ni.08.3550	31370
ni.09	31296
ni.09.2005	31320
ni.09.2010	31312
ni.09.2015	31318
ni.09.2020	31343
ni.09.2025	31364
ni.09.2030	31307
ni.09.2035	31339
ni.09.2040	31386
ni.09.2045	31346
ni.10	31295
ni.10.5505	31349
ni.10.5510	31315
ni.10.5515	31378
ni.10.5520	31423
ni.10.5522	31455
ni.10.5525	31382
ni.10.5530	31456
ni.10.5532	31457
ni.10.5535	31332
ni.11	31294
ni.11.6005	31367
ni.11.6010	31380
ni.11.6015	31314
ni.11.6020	31394
ni.11.6025	31381
ni.11.6030	31368
ni.11.6035	31422
ni.11.6040	31341
ni.11.6045	31366
ni.12	31293
ni.12.4005	31437
ni.12.4010	31355
ni.12.4015	31438
ni.12.4020	31348
ni.12.4025	31322
ni.12.4030	31379
ni.12.4035	31331
ni.12.4040	31377
ni.12.4045	31371
ni.12.4050	31401
ni.12.4055	31352
ni.12.4060	31317
ni.12.4065	31417
ni.13	31292
ni.13.0505	31398
ni.13.0510	31372
ni.13.0515	31416
ni.13.0520	31351
ni.13.0525	31374
ni.13.0530	31411
ni.13.0535	31383
ni.13.0540	31328
ni.13.0545	31365
ni.13.0550	31418
ni.13.0555	31356
ni.13.0560	31308
ni.14	31291
ni.14.8505	31376
ni.14.8510	31451
ni.14.8515	31337
ni.14.8520	31353
ni.14.8525	31452
ni.14.8530	31459
ni.15	31290
ni.15.8005	31313
ni.15.8010	31429
ni.15.8015	31362
ni.15.8020	31426
ni.15.8025	31375
ni.15.8030	31430
ni.15.8035	31347
ni.15.8040	31354
ni.15.8045	31342
ni.15.8050	31424
ni.17	31305
ni.17.9105	31309
ni.17.9110	31359
ni.17.9115	31444
ni.17.9120	31447
ni.17.9125	31441
ni.17.9127	31448
ni.17.9130	31440
ni.17.9135	31361
ni.18	31306
ni.18.9305	31443
ni.18.9310	31391
ni.18.9312	31445
ni.18.9315	31450
ni.18.9316	31442
ni.18.9320	31446
ni.18.9323	31454
ni.18.9325	31373
ni.18.9330	31449
ni.18.9335	31412
ni.18.9340	31428
ni.18.9345	31453
nl-aw	31472
nl-bq1	31473
nl-bq2	31474
nl-bq3	31475
nl-cw	31476
nl-dr	31470
nl-fl	31471
nl-fr	31469
nl-ge	31468
nl-gr	31467
nl-li	31466
nl-nb	31465
nl-nh	31464
nl-ov	31463
nl-sx	31477
nl-ut	31462
nl-ze	31461
nl-zh	31460
nl.01	31470
nl.01.0106	31719
nl.01.0109	31687
nl.01.0114	31662
nl.01.0118	31623
nl.01.0119	31594
nl.01.1680	31788
nl.01.1681	31700
nl.01.1690	31741
nl.01.1699	31782
nl.01.1701	31750
nl.01.1730	31779
nl.01.1731	31789
nl.02	31469
nl.02.0059	31730
nl.02.0060	31725
nl.02.0072	31641
nl.02.0074	31636
nl.02.0080	31610
nl.02.0085	31574
nl.02.0086	31571
nl.02.0088	31548
nl.02.0090	31541
nl.02.0093	31532
nl.02.0096	31511
nl.02.0098	31497
nl.02.0737	31791
nl.02.1891	31684
nl.02.1900	31797
nl.02.1940	31801
nl.02.1949	31806
nl.02.1970	31814
nl.03	31468
nl.03.0197	31731
nl.03.0200	31721
nl.03.0202	31720
nl.03.0203	31714
nl.03.0209	31706
nl.03.0213	31694
nl.03.0214	31690
nl.03.0216	31686
nl.03.0221	31677
nl.03.0222	31676
nl.03.0225	31671
nl.03.0226	31670
nl.03.0228	31667
nl.03.0230	31663
nl.03.0232	31659
nl.03.0233	31658
nl.03.0243	31643
nl.03.0244	31640
nl.03.0246	31637
nl.03.0252	31629
nl.03.0262	31604
nl.03.0263	31600
nl.03.0267	31587
nl.03.0268	31586
nl.03.0269	31578
nl.03.0273	31565
nl.03.0274	31562
nl.03.0275	31560
nl.03.0277	31553
nl.03.0279	31550
nl.03.0281	31529
nl.03.0285	31507
nl.03.0289	31502
nl.03.0293	31498
nl.03.0294	31493
nl.03.0296	31495
nl.03.0297	31488
nl.03.0299	31484
nl.03.0301	31480
nl.03.0302	31582
nl.03.0668	31770
nl.03.1509	31737
nl.03.1586	31742
nl.03.1705	31748
nl.03.1734	31775
nl.03.1740	31773
nl.03.1859	31781
nl.03.1876	31785
nl.03.1945	31649
nl.03.1955	31762
nl.03.1960	31810
nl.04	31467
nl.04.0014	31648
nl.04.0037	31537
nl.04.0047	31520
nl.04.0765	31746
nl.04.1895	31792
nl.04.1950	31807
nl.04.1952	31808
nl.04.1966	31809
nl.04.1969	31499
nl.04.1979	31815
nl.05	31466
nl.05.0882	31763
nl.05.0888	31713
nl.05.0889	31712
nl.05.0893	31711
nl.05.0899	31693
nl.05.0907	31655
nl.05.0917	31635
nl.05.0928	31614
nl.05.0935	31598
nl.05.0938	31595
nl.05.0944	31591
nl.05.0946	31590
nl.05.0957	31556
nl.05.0965	31545
nl.05.0971	31534
nl.05.0981	31522
nl.05.0983	31515
nl.05.0984	31514
nl.05.0986	31509
nl.05.0988	31500
nl.05.0994	31790
nl.05.1507	31745
nl.05.1640	31740
nl.05.1641	31752
nl.05.1669	31769
nl.05.1711	31669
nl.05.1729	31739
nl.05.1883	31761
nl.05.1894	31794
nl.05.1903	31795
nl.05.1954	31812
nl.06	31465
nl.06.0743	31718
nl.06.0744	31717
nl.06.0748	31709
nl.06.0753	31707
nl.06.0755	31701
nl.06.0757	31697
nl.06.0758	31696
nl.06.0762	31680
nl.06.0766	31675
nl.06.0770	31665
nl.06.0772	31664
nl.06.0777	31657
nl.06.0779	31656
nl.06.0784	31654
nl.06.0785	31652
nl.06.0794	31632
nl.06.0796	31546
nl.06.0797	31628
nl.06.0798	31626
nl.06.0809	31603
nl.06.0820	31583
nl.06.0823	31580
nl.06.0824	31579
nl.06.0826	31575
nl.06.0828	31570
nl.06.0840	31552
nl.06.0845	31544
nl.06.0847	31539
nl.06.0848	31538
nl.06.0851	31535
nl.06.0855	31528
nl.06.0858	31521
nl.06.0861	31517
nl.06.0865	31506
nl.06.0866	31505
nl.06.0867	31504
nl.06.0873	31492
nl.06.0879	31481
nl.06.1652	31777
nl.06.1655	31774
nl.06.1658	31776
nl.06.1659	31771
nl.06.1667	31778
nl.06.1674	31555
nl.06.1706	31783
nl.06.1709	31734
nl.06.1719	31597
nl.06.1721	31772
nl.06.1723	31755
nl.06.1724	31708
nl.06.1728	31704
nl.06.1771	31744
nl.06.1948	31805
nl.06.1959	31811
nl.06.1982	31816
nl.06.1991	31817
nl.07	31464
nl.07.0358	31732
nl.07.0361	31728
nl.07.0362	31723
nl.07.0363	31722
nl.07.0373	31710
nl.07.0375	31705
nl.07.0376	31703
nl.07.0377	31702
nl.07.0383	31688
nl.07.0384	31678
nl.07.0385	31668
nl.07.0388	31661
nl.07.0392	31646
nl.07.0394	31645
nl.07.0396	31639
nl.07.0397	31638
nl.07.0399	31634
nl.07.0400	31681
nl.07.0402	31625
nl.07.0405	31622
nl.07.0406	31620
nl.07.0415	31612
nl.07.0417	31611
nl.07.0420	31596
nl.07.0431	31573
nl.07.0432	31572
nl.07.0437	31569
nl.07.0439	31566
nl.07.0441	31551
nl.07.0448	31531
nl.07.0450	31526
nl.07.0451	31525
nl.07.0453	31516
nl.07.0473	31487
nl.07.0479	31489
nl.07.0498	31760
nl.07.0532	31749
nl.07.0852	31695
nl.07.0880	31768
nl.07.1598	31735
nl.07.1696	31733
nl.07.1911	31799
nl.07.1942	31804
nl.07.1980	31818
nl.09	31462
nl.09.0307	31724
nl.09.0308	31716
nl.09.0310	31683
nl.09.0312	31692
nl.09.0313	31691
nl.09.0317	31666
nl.09.0321	31621
nl.09.0327	31606
nl.09.0331	31602
nl.09.0335	31592
nl.09.0339	31561
nl.09.0340	31559
nl.09.0342	31540
nl.09.0344	31523
nl.09.0345	31519
nl.09.0351	31490
nl.09.0352	31494
nl.09.0353	31618
nl.09.0355	31485
nl.09.0356	31589
nl.09.0589	31568
nl.09.0632	31491
nl.09.0736	31756
nl.09.1581	31674
nl.09.1904	31796
nl.09.1961	31513
nl.10	31461
nl.10.0654	31698
nl.10.0664	31653
nl.10.0677	31619
nl.10.0678	31616
nl.10.0687	31593
nl.10.0703	31563
nl.10.0715	31533
nl.10.0716	31530
nl.10.0717	31518
nl.10.0718	31510
nl.10.1676	31757
nl.10.1695	31759
nl.10.1714	31542
nl.11	31460
nl.11.0482	31729
nl.11.0484	31726
nl.11.0489	31715
nl.11.0502	31689
nl.11.0503	31682
nl.11.0505	31673
nl.11.0512	31651
nl.11.0513	31650
nl.11.0518	31547
nl.11.0523	31642
nl.11.0531	31631
nl.11.0534	31627
nl.11.0537	31615
nl.11.0542	31613
nl.11.0546	31609
nl.11.0547	31608
nl.11.0553	31605
nl.11.0556	31599
nl.11.0569	31588
nl.11.0575	31584
nl.11.0579	31581
nl.11.0590	31567
nl.11.0597	31558
nl.11.0599	31554
nl.11.0603	31557
nl.11.0606	31549
nl.11.0610	31543
nl.11.0613	31751
nl.11.0622	31512
nl.11.0626	31508
nl.11.0627	31503
nl.11.0629	31501
nl.11.0637	31483
nl.11.0638	31482
nl.11.0642	31479
nl.11.1525	31787
nl.11.1621	31786
nl.11.1783	31766
nl.11.1842	31767
nl.11.1884	31738
nl.11.1892	31793
nl.11.1901	31798
nl.11.1916	31758
nl.11.1924	31800
nl.11.1926	31736
nl.11.1930	31803
nl.11.1931	31802
nl.11.1963	31624
nl.11.1978	31813
nl.11.1992	31819
nl.15	31463
nl.15.0141	31727
nl.15.0147	31699
nl.15.0148	31685
nl.15.0150	31679
nl.15.0153	31660
nl.15.0158	31647
nl.15.0160	31644
nl.15.0163	31633
nl.15.0164	31630
nl.15.0166	31617
nl.15.0168	31601
nl.15.0173	31577
nl.15.0175	31576
nl.15.0177	31564
nl.15.0180	31536
nl.15.0183	31527
nl.15.0189	31496
nl.15.0193	31478
nl.15.1700	31753
nl.15.1708	31747
nl.15.1735	31784
nl.15.1742	31743
nl.15.1773	31754
nl.15.1774	31780
nl.15.1896	31765
nl.16	31471
nl.16.0034	31764
nl.16.0050	31486
nl.16.0171	31585
nl.16.0184	31524
nl.16.0303	31672
nl.16.0995	31607
no-03	31826
no-11	31824
no-15	31828
no-18	31827
no-21	31835
no-22	31836
no-30	31837
no-34	31833
no-38	31838
no-42	31832
no-46	31834
no-50	31831
no-54	31839
no.01	31830
no.01.3201	32082
no.01.3203	32090
no.01.3205	32182
no.01.3207	32193
no.01.3209	31882
no.01.3212	31964
no.01.3214	32043
no.01.3216	31868
no.01.3218	32091
no.01.3220	32057
no.01.3222	31984
no.01.3224	31946
no.01.3226	32148
no.01.3228	32144
no.01.3230	32035
no.01.3232	31962
no.01.3234	31981
no.01.3236	32003
no.01.3238	31966
no.01.3240	32060
no.01.3242	32009
no.04	31829
no.04.3301	32152
no.04.3303	32153
no.04.3305	32141
no.04.3310	32147
no.04.3312	31987
no.04.3314	31950
no.04.3316	31970
no.04.3318	31999
no.04.3320	32142
no.04.3322	32194
no.04.3324	32031
no.04.3326	32015
no.04.3328	32098
no.04.3330	32139
no.04.3332	31927
no.04.3334	32045
no.04.3336	31937
no.04.3338	32143
no.05	31820
no.05.5601	31860
no.05.5603	32100
no.05.5605	31842
no.05.5607	32103
no.05.5610	31854
no.05.5612	31852
no.05.5614	31849
no.05.5616	31856
no.05.5618	31847
no.05.5620	31845
no.05.5622	32102
no.05.5624	31850
no.05.5626	31857
no.05.5628	31840
no.05.5630	31858
no.05.5632	31859
no.05.5634	32101
no.05.5636	31846
no.08	31828
no.08.1505	32118
no.08.1506	31969
no.08.1508	32126
no.08.1511	31873
no.08.1514	32130
no.08.1515	32125
no.08.1516	31880
no.08.1517	32018
no.08.1520	31954
no.08.1525	31901
no.08.1528	31895
no.08.1531	32128
no.08.1532	32037
no.08.1535	32123
no.08.1539	32122
no.08.1547	32120
no.08.1554	32119
no.08.1557	32036
no.08.1560	31893
no.08.1563	31898
no.08.1566	31897
no.08.1573	31921
no.08.1576	32086
no.08.1577	31862
no.08.1578	32186
no.08.1579	32196
no.08.1580	32019
no.09	31827
no.09.1804	32110
no.09.1806	32108
no.09.1811	32076
no.09.1812	31915
no.09.1813	32069
no.09.1815	32113
no.09.1816	31864
no.09.1818	32112
no.09.1820	32097
no.09.1822	31990
no.09.1824	31872
no.09.1825	32030
no.09.1826	32017
no.09.1827	32066
no.09.1828	31965
no.09.1832	32016
no.09.1833	32111
no.09.1834	31980
no.09.1835	31890
no.09.1836	31938
no.09.1837	31973
no.09.1838	32038
no.09.1839	32078
no.09.1840	31933
no.09.1841	32051
no.09.1845	31912
no.09.1848	31906
no.09.1851	31986
no.09.1853	32053
no.09.1856	31936
no.09.1857	31877
no.09.1859	32047
no.09.1860	32109
no.09.1865	31875
no.09.1866	32023
no.09.1867	32107
no.09.1868	31957
no.09.1870	31908
no.09.1871	32105
no.09.1874	31968
no.09.1875	32020
no.12	31826
no.12.0301	32146
no.13	31825
no.13.3101	32170
no.13.3103	32160
no.13.3105	32163
no.13.3107	32167
no.13.3110	32008
no.13.3112	31947
no.13.3114	32161
no.13.3116	31923
no.13.3118	32185
no.13.3120	31945
no.13.3122	32157
no.13.3124	32093
no.14	31824
no.14.1101	32059
no.14.1103	32166
no.14.1106	32154
no.14.1108	32168
no.14.1111	31918
no.14.1112	31982
no.14.1114	32074
no.14.1119	32024
no.14.1120	32002
no.14.1121	31894
no.14.1122	32033
no.14.1124	31917
no.14.1127	31944
no.14.1130	31900
no.14.1133	32012
no.14.1134	32150
no.14.1135	31931
no.14.1144	31993
no.14.1145	32073
no.14.1146	31883
no.14.1149	32155
no.14.1151	31878
no.14.1160	32151
no.17	31823
no.17.4001	32169
no.17.4003	32159
no.17.4005	32149
no.17.4010	31926
no.17.4012	32080
no.17.4014	32000
no.17.4016	32064
no.17.4018	32162
no.17.4020	32188
no.17.4022	31928
no.17.4024	32013
no.17.4026	31892
no.17.4028	31994
no.17.4030	31963
no.17.4032	32040
no.17.4034	32156
no.17.4036	32145
no.18	31822
no.18.5501	32104
no.18.5503	32106
no.18.5510	31998
no.18.5512	31891
no.18.5514	32006
no.18.5516	32028
no.18.5518	31991
no.18.5520	32079
no.18.5522	31934
no.18.5524	31977
no.18.5526	31909
no.18.5528	32063
no.18.5530	32192
no.18.5532	32081
no.18.5534	31853
no.18.5536	31848
no.18.5538	31841
no.18.5540	31855
no.18.5542	31843
no.18.5544	31844
no.18.5546	31851
no.20	31821
no.20.3901	32071
no.20.3903	32158
no.20.3905	32164
no.20.3907	32171
no.20.3909	32165
no.20.3911	32179
no.21	31831
no.21.5001	31889
no.21.5006	31905
no.21.5007	32115
no.21.5014	32116
no.21.5020	31953
no.21.5021	31956
no.21.5022	31942
no.21.5025	32124
no.21.5026	32021
no.21.5027	32121
no.21.5028	31974
no.21.5029	31924
no.21.5031	31976
no.21.5032	31930
no.21.5033	31886
no.21.5034	31972
no.21.5035	31904
no.21.5036	32041
no.21.5037	32117
no.21.5038	31869
no.21.5041	31920
no.21.5042	32114
no.21.5043	31935
no.21.5044	31967
no.21.5045	32027
no.21.5046	32010
no.21.5047	31951
no.21.5049	32046
no.21.5052	31989
no.21.5053	32005
no.21.5054	32180
no.21.5055	32183
no.21.5056	32014
no.21.5057	31955
no.21.5058	32099
no.21.5059	32190
no.21.5060	32191
no.21.5061	31941
no.34	31833
no.34.3401	32001
no.34.3403	32134
no.34.3405	32133
no.34.3407	32137
no.34.3411	31939
no.34.3412	31983
no.34.3413	31907
no.34.3414	31959
no.34.3415	31910
no.34.3416	32061
no.34.3417	32026
no.34.3418	32087
no.34.3419	32138
no.34.3420	32058
no.34.3421	31888
no.34.3422	32094
no.34.3423	31902
no.34.3424	31943
no.34.3425	32056
no.34.3426	32129
no.34.3427	31885
no.34.3428	32096
no.34.3429	32044
no.34.3430	32127
no.34.3431	32065
no.34.3432	31988
no.34.3433	31922
no.34.3434	31985
no.34.3435	31876
no.34.3436	31960
no.34.3437	31929
no.34.3438	31911
no.34.3439	31940
no.34.3440	31949
no.34.3441	32039
no.34.3442	31952
no.34.3443	31865
no.34.3446	32029
no.34.3447	31914
no.34.3448	31958
no.34.3449	31913
no.34.3450	32055
no.34.3451	31961
no.34.3452	31866
no.34.3453	31948
no.34.3454	32132
no.42	31832
no.42.4201	32172
no.42.4202	32175
no.42.4203	32174
no.42.4204	32178
no.42.4205	32177
no.42.4206	32176
no.42.4207	32173
no.42.4211	32034
no.42.4212	31871
no.42.4213	31887
no.42.4214	32042
no.42.4215	31867
no.42.4216	32075
no.42.4217	32095
no.42.4218	32004
no.42.4219	32052
no.42.4220	32068
no.42.4221	31874
no.42.4222	32067
no.42.4223	31870
no.42.4224	32092
no.42.4225	31978
no.42.4226	32022
no.42.4227	31996
no.42.4228	31925
no.46	31834
no.46.4601	32077
no.46.4602	32187
no.46.4611	32054
no.46.4612	31896
no.46.4613	32072
no.46.4614	31903
no.46.4615	32049
no.46.4616	31884
no.46.4617	31995
no.46.4618	31881
no.46.4619	32062
no.46.4620	31879
no.46.4621	31861
no.46.4622	31997
no.46.4623	31932
no.46.4624	32184
no.46.4625	32084
no.46.4626	32136
no.46.4627	32089
no.46.4628	32135
no.46.4629	31971
no.46.4630	32140
no.46.4631	32195
no.46.4632	32083
no.46.4633	32050
no.46.4634	31975
no.46.4635	32025
no.46.4636	31916
no.46.4637	32007
no.46.4638	32011
no.46.4639	31863
no.46.4640	31919
no.46.4641	32085
no.46.4642	31992
no.46.4643	32131
no.46.4644	31979
no.46.4645	32088
no.46.4646	32048
no.46.4647	32181
no.46.4648	32070
no.46.4649	32189
no.46.4650	32032
no.46.4651	31899
np-p1	32197
np-p2	32198
np-p3	32199
np-p4	32200
np-p5	32201
np-p6	32202
np-p7	32203
np.1	32197
np.1.12095460	32208
np.1.12095467	32215
np.1.12095475	32223
np.1.12095477	32225
np.1.12095486	32234
np.1.12095492	32240
np.1.12095498	32246
np.1.12095500	32248
np.1.12095517	32265
np.1.12095523	32271
np.1.12095524	32272
np.1.12095528	32276
np.1.12095529	32277
np.1.12095530	32278
np.2	32198
np.2.12095457	32205
np.2.12095468	32216
np.2.12095489	32237
np.2.12095502	32250
np.2.12095512	32260
np.2.12095518	32266
np.2.12095519	32267
np.2.12095522	32270
np.3	32199
np.3.12095459	32207
np.3.12095461	32209
np.3.12095466	32214
np.3.12095469	32217
np.3.12095484	32232
np.3.12095485	32233
np.3.12095487	32235
np.3.12095490	32238
np.3.12095497	32245
np.3.12095504	32252
np.3.12095511	32259
np.3.12095520	32268
np.3.12095521	32269
np.4	32200
np.4.12095472	32220
np.4.12095483	32231
np.4.12095488	32236
np.4.12095491	32239
np.4.12095494	32242
np.4.12095495	32243
np.4.12095496	32244
np.4.12095501	32249
np.4.12095507	32255
np.4.12095526	32274
np.4.12095527	32275
np.5	32201
np.5.12095456	32204
np.5.12095458	32206
np.5.12095464	32212
np.5.12095473	32221
np.5.12095482	32230
np.5.12095499	32247
np.5.12095503	32251
np.5.12095506	32254
np.5.12095513	32261
np.5.12095514	32262
np.5.12095515	32263
np.5.12095531	32279
np.6	32202
np.6.12095463	32211
np.6.12095470	32218
np.6.12095474	32222
np.6.12095476	32224
np.6.12095478	32226
np.6.12095480	32228
np.6.12095493	32241
np.6.12095516	32264
np.6.12095525	32273
np.6.12095532	32280
np.7	32203
np.7.12095462	32210
np.7.12095465	32213
np.7.12095471	32219
np.7.12095479	32227
np.7.12095481	32229
np.7.12095505	32253
np.7.12095508	32256
np.7.12095509	32257
np.7.12095510	32258
nr-01	32294
nr-02	32293
nr-03	32292
nr-04	32291
nr-05	32290
nr-06	32289
nr-07	32288
nr-08	32287
nr-09	32286
nr-10	32285
nr-11	32284
nr-12	32283
nr-13	32282
nr-14	32281
nr.01	32294
nr.02	32293
nr.03	32292
nr.04	32291
nr.05	32290
nr.06	32289
nr.07	32288
nr.08	32287
nr.09	32286
nr.10	32285
nr.11	32284
nr.12	32283
nr.13	32282
nr.14	32281
nz-auk	32307
nz-bop	32301
nz-can	32306
nz-cit	32308
nz-gis	32305
nz-hkb	32304
nz-mbh	32303
nz-mwt	32296
nz-nsn	32309
nz-ntl	32302
nz-ota	32310
nz-stl	32300
nz-tas	32298
nz-tki	32299
nz-wgn	32295
nz-wko	32297
nz-wtc	32311
nz.10	32308
nz.e7	32307
nz.e7.076	32333
nz.e8	32301
nz.e8.022	32375
nz.e8.023	32368
nz.e8.024	32322
nz.e8.025	32313
nz.e8.026	32328
nz.e8.027	32325
nz.e9	32306
nz.e9.054	32348
nz.e9.058	32346
nz.e9.059	32371
nz.e9.060	32338
nz.e9.062	32362
nz.e9.063	32334
nz.e9.064	32318
nz.e9.065	32352
nz.e9.066	32317
nz.e9.068	32377
nz.f1	32305
nz.f1.028	32331
nz.f2	32304
nz.f2.029	32316
nz.f2.030	32329
nz.f2.031	32356
nz.f2.032	32336
nz.f3	32296
nz.f3.036	32361
nz.f3.037	32373
nz.f3.038	32323
nz.f3.039	32353
nz.f3.040	32358
nz.f3.041	32376
nz.f3.042	32345
nz.f4	32303
nz.f4.053	32354
nz.f5	32309
nz.f5.052	32357
nz.f6	32302
nz.f6.001	32341
nz.f6.002	32312
nz.f6.003	32349
nz.f7	32310
nz.f7.069	32337
nz.f7.070	32360
nz.f7.071	32340
nz.f7.072	32339
nz.f8	32300
nz.f8.073	32363
nz.f8.074	32330
nz.f8.075	32347
nz.f9	32299
nz.f9.033	32326
nz.f9.034	32321
nz.f9.035	32364
nz.g1	32297
nz.g1.011	32319
nz.g1.012	32344
nz.g1.013	32370
nz.g1.015	32355
nz.g1.016	32343
nz.g1.017	32372
nz.g1.018	32324
nz.g1.019	32365
nz.g1.020	32315
nz.g1.021	32320
nz.g2	32295
nz.g2.043	32350
nz.g2.044	32359
nz.g2.045	32369
nz.g2.046	32351
nz.g2.047	32374
nz.g2.048	32327
nz.g2.049	32332
nz.g2.050	32366
nz.g3	32311
nz.g3.055	32335
nz.g3.056	32342
nz.g3.057	32314
nz.tas	32298
nz.tas.051	32367
om-bj	32379
om-bs	32388
om-bu	32386
om-da	32378
om-ma	32383
om-mu	32384
om-sj	32381
om-ss	32387
om-wu	32380
om-za	32382
om-zu	32385
om.01	32378
om.01.12215983	32439
om.01.12215984	32440
om.01.12215985	32441
om.01.12215986	32442
om.01.12215987	32443
om.01.12215988	32444
om.01.12215989	32445
om.01.12215990	32446
om.02	32379
om.02.12215959	32415
om.02.12215960	32416
om.02.12215961	32417
om.02.12215962	32418
om.02.12215963	32419
om.02.12215964	32420
om.03	32380
om.03.12215979	32435
om.03.12215980	32436
om.03.12215981	32437
om.03.12215982	32438
om.04	32381
om.04.12215965	32421
om.04.12215966	32422
om.04.12215967	32423
om.04.12215968	32424
om.04.12215969	32425
om.06	32383
om.06.12215903	32390
om.06.12215904	32391
om.06.12215905	32392
om.06.12215906	32393
om.06.12215907	32394
om.06.12215908	32395
om.07	32384
om.07.11748046	32389
om.07.12215991	32447
om.07.12215992	32448
om.07.12215993	32449
om.08	32385
om.08.12215909	32396
om.08.12215910	32397
om.08.12215911	32398
om.08.12215912	32399
om.08.12215913	32400
om.08.12215914	32401
om.08.12215915	32402
om.08.12215947	32403
om.08.12215948	32404
om.08.12215949	32405
om.09	32382
om.09.12215976	32432
om.09.12215977	32433
om.09.12215978	32434
om.10	32386
om.10.12215950	32406
om.10.12215951	32407
om.10.12215952	32408
om.11	32388
om.11.12215953	32409
om.11.12215954	32410
om.11.12215955	32411
om.11.12215956	32412
om.11.12215957	32413
om.11.12215958	32414
om.12	32387
om.12.12215970	32426
om.12.12215971	32427
om.12.12215972	32428
om.12.12215973	32429
om.12.12215974	32430
om.12.12215975	32431
pa-1	32459
pa-10	32462
pa-2	32457
pa-3	32456
pa-4	32458
pa-5	32455
pa-6	32454
pa-7	32453
pa-8	32452
pa-9	32450
pa-em	32460
pa-ky	32451
pa-nb	32461
pa-nt	32463
pa.01	32459
pa.01.0101	32521
pa.01.0102	32512
pa.01.0103	32508
pa.01.0104	32544
pa.02	32458
pa.02.0401	32527
pa.02.0402	32522
pa.02.0403	32520
pa.02.0404	32519
pa.02.0405	32518
pa.02.0406	32505
pa.02.0407	32504
pa.02.0408	32502
pa.02.0409	32479
pa.02.0410	32478
pa.02.0411	32475
pa.02.0412	32473
pa.02.0413	32465
pa.02.0414	32543
pa.03	32457
pa.03.0201	32528
pa.03.0202	32526
pa.03.0203	32498
pa.03.0204	32490
pa.03.0205	32488
pa.03.0206	32484
pa.04	32456
pa.04.0301	32506
pa.04.0302	32514
pa.04.0303	32503
pa.04.0304	32480
pa.04.0305	32470
pa.04.0306	32542
pa.05	32455
pa.05.0501	32511
pa.05.0502	32482
pa.05.0503	32541
pa.06	32454
pa.06.0601	32507
pa.06.0602	32497
pa.06.0603	32494
pa.06.0604	32489
pa.06.0605	32486
pa.06.0606	32483
pa.06.0607	32469
pa.07	32453
pa.07.0701	32501
pa.07.0702	32495
pa.07.0703	32493
pa.07.0704	32492
pa.07.0705	32485
pa.07.0706	32481
pa.07.0707	32464
pa.08	32452
pa.08.0802	32523
pa.08.0805	32510
pa.08.0806	32509
pa.08.0808	32487
pa.08.0810	32472
pa.08.0811	32466
pa.09	32451
pa.09.1001	32534
pa.10	32450
pa.10.0901	32524
pa.10.0902	32517
pa.10.0903	32516
pa.10.0904	32499
pa.10.0905	32496
pa.10.0906	32491
pa.10.0907	32477
pa.10.0908	32474
pa.10.0909	32471
pa.10.0910	32468
pa.10.0911	32467
pa.10.0912	32529
pa.11	32460
pa.11.1101	32533
pa.11.1102	32530
pa.12	32461
pa.12.1201	32538
pa.12.1202	32535
pa.12.1203	32532
pa.12.1204	32531
pa.12.1205	32539
pa.12.1206	32537
pa.12.1207	32536
pa.12.1208	32545
pa.12.1209	32540
pa.13	32462
pa.13.1301	32525
pa.13.1303	32515
pa.13.1304	32513
pa.13.1307	32500
pa.13.1309	32476
pa.nt	32463
pe-ama	32556
pe-anc	32555
pe-apu	32571
pe-are	32570
pe-aya	32569
pe-caj	32554
pe-cal	32568
pe-cus	32567
pe-huc	32553
pe-huv	32566
pe-ica	32565
pe-jun	32564
pe-lal	32552
pe-lam	32551
pe-lim	32563
pe-lma	32562
pe-lor	32550
pe-mdd	32561
pe-moq	32560
pe-pas	32559
pe-piu	32549
pe-pun	32558
pe-sam	32548
pe-tac	32557
pe-tum	32547
pe-uca	32546
pe.01	32556
pe.01.0101	32627
pe.01.0102	32635
pe.01.0103	32633
pe.01.0104	32727
pe.01.0105	32603
pe.01.0106	32586
pe.01.0107	32728
pe.02	32555
pe.02.0201	32612
pe.02.0202	32639
pe.02.0203	32637
pe.02.0204	32729
pe.02.0205	32709
pe.02.0206	32630
pe.02.0207	32730
pe.02.0208	32629
pe.02.0209	32621
pe.02.0210	32611
pe.02.0211	32610
pe.02.0212	32609
pe.02.0213	32600
pe.02.0214	32731
pe.02.0215	32592
pe.02.0216	32589
pe.02.0217	32654
pe.02.0218	32582
pe.02.0219	32579
pe.02.0220	32573
pe.03	32571
pe.03.0301	32720
pe.03.0302	32716
pe.03.0303	32713
pe.03.0304	32711
pe.03.0305	32689
pe.03.0306	32732
pe.03.0307	32684
pe.04	32570
pe.04.0401	32712
pe.04.0402	32706
pe.04.0403	32699
pe.04.0404	32698
pe.04.0405	32696
pe.04.0406	32690
pe.04.0407	32675
pe.04.0408	32669
pe.05	32569
pe.05.0501	32683
pe.05.0502	32702
pe.05.0503	32724
pe.05.0504	32679
pe.05.0505	32671
pe.05.0506	32668
pe.05.0507	32661
pe.05.0508	32733
pe.05.0509	32723
pe.05.0510	32643
pe.05.0511	32725
pe.06	32554
pe.06.0601	32631
pe.06.0602	32632
pe.06.0603	32628
pe.06.0604	32625
pe.06.0605	32623
pe.06.0606	32620
pe.06.0607	32617
pe.06.0608	32608
pe.06.0609	32585
pe.06.0610	32734
pe.06.0611	32583
pe.06.0612	32735
pe.06.0613	32581
pe.07	32568
pe.07.0701	32765
pe.08	32567
pe.08.0801	32688
pe.08.0802	32718
pe.08.0803	32714
pe.08.0804	32707
pe.08.0805	32705
pe.08.0806	32704
pe.08.0807	32692
pe.08.0808	32686
pe.08.0809	32672
pe.08.0810	32660
pe.08.0811	32658
pe.08.0812	32655
pe.08.0813	32644
pe.09	32566
pe.09.0901	32681
pe.09.0902	32719
pe.09.0903	32715
pe.09.0904	32697
pe.09.0905	32722
pe.09.0906	32736
pe.09.0907	32645
pe.10	32553
pe.10.1001	32613
pe.10.1002	32717
pe.10.1003	32619
pe.10.1004	32737
pe.10.1005	32615
pe.10.1006	32605
pe.10.1007	32602
pe.10.1008	32594
pe.10.1009	32738
pe.10.1010	32739
pe.10.1011	32740
pe.11	32565
pe.11.1101	32640
pe.11.1102	32694
pe.11.1103	32664
pe.11.1104	32662
pe.11.1105	32657
pe.12	32564
pe.12.1201	32680
pe.12.1202	32691
pe.12.1203	32695
pe.12.1204	32674
pe.12.1205	32673
pe.12.1206	32651
pe.12.1207	32646
pe.12.1208	32642
pe.12.1209	32721
pe.13	32552
pe.13.1301	32576
pe.13.1302	32741
pe.13.1303	32634
pe.13.1304	32742
pe.13.1305	32743
pe.13.1306	32596
pe.13.1307	32595
pe.13.1308	32591
pe.13.1309	32726
pe.13.1310	32580
pe.13.1311	32744
pe.13.1312	32745
pe.14	32551
pe.14.1401	32626
pe.14.1402	32618
pe.14.1403	32606
pe.15	32563
pe.15.1501	32766
pe.15.1502	32746
pe.15.1503	32708
pe.15.1504	32701
pe.15.1505	32703
pe.15.1506	32678
pe.15.1507	32677
pe.15.1508	32747
pe.15.1509	32748
pe.15.1510	32641
pe.16	32550
pe.16.1601	32599
pe.16.1602	32638
pe.16.1603	32604
pe.16.1604	32749
pe.16.1605	32588
pe.16.1606	32574
pe.16.1607	32750
pe.16.1608	32767
pe.17	32561
pe.17.1701	32648
pe.17.1702	32667
pe.17.1703	32649
pe.18	32560
pe.18.1801	32666
pe.18.1802	32685
pe.18.1803	32676
pe.19	32559
pe.19.1901	32659
pe.19.1902	32687
pe.19.1903	32663
pe.20	32549
pe.20.2001	32590
pe.20.2002	32636
pe.20.2003	32614
pe.20.2004	32598
pe.20.2005	32593
pe.20.2006	32578
pe.20.2007	32577
pe.20.2008	32751
pe.21	32558
pe.21.2101	32656
pe.21.2102	32710
pe.21.2103	32700
pe.21.2104	32693
pe.21.2105	32752
pe.21.2106	32682
pe.21.2107	32670
pe.21.2108	32665
pe.21.2109	32753
pe.21.2110	32754
pe.21.2111	32652
pe.21.2112	32653
pe.21.2113	32755
pe.22	32548
pe.22.2201	32597
pe.22.2202	32756
pe.22.2203	32757
pe.22.2204	32616
pe.22.2205	32607
pe.22.2206	32601
pe.22.2207	32758
pe.22.2208	32587
pe.22.2209	32584
pe.22.2210	32759
pe.23	32557
pe.23.2301	32650
pe.23.2302	32760
pe.23.2303	32761
pe.23.2304	32647
pe.24	32547
pe.24.2401	32575
pe.24.2402	32624
pe.24.2403	32572
pe.25	32546
pe.25.2501	32622
pe.25.2502	32762
pe.25.2503	32763
pe.25.2504	32764
pe.lma	32562
pf.01	32771
pf.01.98712	32781
pf.01.98715	32782
pf.01.98722	32774
pf.01.98725	32783
pf.01.98729	32815
pf.01.98733	32784
pf.01.98734	32785
pf.01.98735	32786
pf.01.98736	32787
pf.01.98738	32773
pf.01.98747	32816
pf.01.98748	32817
pf.01.98752	32820
pf.02	32770
pf.02.98714	32809
pf.02.98724	32810
pf.02.98728	32811
pf.02.98745	32812
pf.02.98750	32818
pf.02.98754	32819
pf.02.98758	32813
pf.03	32769
pf.03.98711	32788
pf.03.98713	32789
pf.03.98716	32790
pf.03.98717	32791
pf.03.98719	32792
pf.03.98720	32814
pf.03.98721	32793
pf.03.98726	32794
pf.03.98727	32795
pf.03.98730	32796
pf.03.98732	32797
pf.03.98737	32798
pf.03.98740	32799
pf.03.98742	32800
pf.03.98749	32801
pf.03.98751	32802
pf.03.98755	32803
pf.04	32768
pf.04.98718	32775
pf.04.98723	32776
pf.04.98731	32777
pf.04.98746	32778
pf.04.98756	32779
pf.04.98757	32780
pf.05	32772
pf.05.98739	32804
pf.05.98741	32805
pf.05.98743	32806
pf.05.98744	32807
pf.05.98753	32808
pg-cpk	32838
pg-cpm	32840
pg-ebr	32836
pg-ehg	32837
pg-epw	32834
pg-esw	32835
pg-gpk	32833
pg-hla	32841
pg-jwk	32842
pg-mba	32839
pg-mpl	32830
pg-mpm	32832
pg-mrl	32831
pg-ncd	32829
pg-nik	32828
pg-npp	32827
pg-nsb	32826
pg-san	32825
pg-shm	32824
pg-wbk	32821
pg-whm	32823
pg-wpd	32822
pg.01	32840
pg.01.2087633	32849
pg.01.2096826	32879
pg.01.2134008	32886
pg.01.7668019	32887
pg.02	32833
pg.02.2094002	32865
pg.02.2094142	32867
pg.03	32839
pg.03.2097572	32881
pg.03.8657199	32901
pg.03.8657203	32905
pg.03.9855462	32924
pg.04	32827
pg.04.2093690	32864
pg.04.8657190	32892
pg.05	32824
pg.05.2089577	32854
pg.05.2090988	32858
pg.05.2095923	32875
pg.05.8657202	32904
pg.05.8657218	32920
pg.06	32822
pg.06.8657194	32896
pg.06.8657196	32898
pg.06.9855465	32925
pg.07	32826
pg.07.8714537	32921
pg.07.8714538	32922
pg.07.8740754	32923
pg.08	32838
pg.08.2094124	32866
pg.08.2094554	32869
pg.08.2096611	32877
pg.08.2098576	32882
pg.08.8657200	32902
pg.08.8657204	32906
pg.09	32837
pg.09.2089207	32852
pg.09.2092104	32860
pg.09.2095037	32872
pg.09.2096222	32876
pg.09.2096740	32878
pg.09.8657205	32907
pg.09.8657206	32908
pg.09.9855501	32926
pg.10	32836
pg.10.2087893	32850
pg.10.2088199	32851
pg.10.2093683	32863
pg.10.8657207	32909
pg.11	32835
pg.11.2083536	32843
pg.11.2091472	32859
pg.11.2100764	32884
pg.11.2100931	32885
pg.11.8657208	32910
pg.11.8657209	32911
pg.12	32832
pg.12.2099273	32883
pg.12.7910339	32889
pg.12.8657191	32893
pg.12.8657192	32894
pg.12.8657210	32912
pg.12.9855506	32927
pg.13	32831
pg.13.7910338	32888
pg.14	32830
pg.14.2090950	32857
pg.14.2092738	32861
pg.14.2095129	32873
pg.14.2097417	32880
pg.14.8657188	32890
pg.14.8657211	32913
pg.14.8657212	32914
pg.14.8657213	32915
pg.14.9855507	32928
pg.15	32828
pg.15.2090019	32855
pg.15.2094341	32868
pg.16	32823
pg.16.2090408	32856
pg.16.8657195	32897
pg.16.8657214	32916
pg.16.8657215	32917
pg.17	32821
pg.17.2085943	32848
pg.17.2094745	32870
pg.18	32825
pg.18.2085584	32846
pg.18.2089418	32853
pg.18.8657189	32891
pg.18.8657198	32900
pg.19	32834
pg.19.2083851	32844
pg.19.2084245	32845
pg.19.2093564	32862
pg.19.2094755	32871
pg.19.8657193	32895
pg.20	32829
pg.20.9855526	32929
pg.21	32841
pg.21.2085770	32847
pg.21.8657201	32903
pg.21.8657216	32918
pg.22	32842
pg.22.2095253	32874
pg.22.8657197	32899
pg.22.8657217	32919
ph-00	32946
ph-01	32937
ph-02	32933
ph-03	32940
ph-05	32945
ph-06	32939
ph-07	32941
ph-08	32942
ph-09	32943
ph-10	32931
ph-11	32944
ph-12	32934
ph-13	32935
ph-14	32930
ph-15	32936
ph-40	32938
ph-41	32932
ph-abr	33021
ph-agn	33020
ph-ags	33019
ph-akl	33018
ph-alb	33017
ph-ant	33016
ph-apa	33023
ph-aur	33015
ph-ban	33013
ph-bas	33014
ph-ben	33010
ph-bil	33009
ph-boh	33008
ph-btg	33011
ph-btn	33012
ph-buk	33007
ph-bul	33006
ph-cag	33005
ph-cam	33002
ph-can	33004
ph-cap	33001
ph-cas	33003
ph-cat	33000
ph-cav	32999
ph-ceb	32998
ph-com	32997
ph-dao	32993
ph-das	32994
ph-dav	32995
ph-din	32992
ph-dvo	33027
ph-eas	32991
ph-gui	33025
ph-ifu	32990
ph-ili	32987
ph-iln	32989
ph-ils	32988
ph-isa	32986
ph-kal	33022
ph-lag	32985
ph-lan	32984
ph-las	32983
ph-ley	32981
ph-lun	32982
ph-mad	32980
ph-mas	32979
ph-mdc	32978
ph-mdr	32977
ph-mgn	33033
ph-mgs	33032
ph-mou	32974
ph-msc	32976
ph-msr	32975
ph-nco	32971
ph-nec	32973
ph-ner	32972
ph-nsa	32970
ph-nue	32969
ph-nuv	32968
ph-pam	32966
ph-pan	32965
ph-plw	32967
ph-que	32964
ph-qui	32963
ph-riz	32962
ph-rom	32961
ph-sar	33026
ph-sco	32957
ph-sig	32959
ph-sle	32956
ph-slu	32954
ph-sor	32958
ph-suk	32955
ph-sun	32953
ph-sur	32952
ph-tar	32951
ph-taw	32950
ph-wsa	32960
ph-zan	32948
ph-zas	32947
ph-zmb	32949
ph-zsi	33024
ph.01	32937
ph.01.28	32989
ph.01.29	32988
ph.01.36	32982
ph.01.51	32965
ph.02	32933
ph.02.08	33012
ph.02.14	33005
ph.02.31	32986
ph.02.48	32968
ph.02.68	32963
ph.03	32940
ph.03.07	33013
ph.03.13	33006
ph.03.47	32969
ph.03.50	32966
ph.03.63	32951
ph.03.64	32949
ph.03.g8	33015
ph.05	32945
ph.05.05	33017
ph.05.15	33004
ph.05.16	33003
ph.05.19	33000
ph.05.39	32979
ph.05.58	32958
ph.06	32939
ph.06.04	33018
ph.06.06	33016
ph.06.18	33001
ph.06.30	32987
ph.06.h3	32973
ph.06.j3	33025
ph.07	32941
ph.07.11	33008
ph.07.21	32998
ph.07.46	32972
ph.07.69	32959
ph.08	32942
ph.08.23	32991
ph.08.37	32981
ph.08.55	32960
ph.08.59	32956
ph.08.67	32970
ph.08.h9	33009
ph.09	32943
ph.09.65	32948
ph.09.66	32947
ph.09.zsi	33024
ph.10	32931
ph.10.12	33007
ph.10.17	33002
ph.10.34	32984
ph.10.42	32976
ph.10.43	32975
ph.11	32944
ph.11.25	32994
ph.11.26	32993
ph.11.i6	32997
ph.11.i7	32995
ph.11.p3	33027
ph.12	32934
ph.12.57	32971
ph.12.70	32957
ph.12.71	32955
ph.12.b8	32996
ph.12.m9	33026
ph.13	32935
ph.13.02	33020
ph.13.03	33019
ph.13.61	32953
ph.13.62	32952
ph.13.i9	32992
ph.14	32930
ph.14.22	33014
ph.14.35	32983
ph.14.60	32954
ph.14.72	32950
ph.14.mgn	33033
ph.14.mgs	33032
ph.15	32936
ph.15.01	33021
ph.15.10	33010
ph.15.27	32990
ph.15.32	33022
ph.15.44	32974
ph.15.h6	33023
ph.40	32938
ph.40.09	33011
ph.40.20	32999
ph.40.33	32985
ph.40.53	32962
ph.40.h2	32964
ph.41	32932
ph.41.38	32980
ph.41.40	32978
ph.41.41	32977
ph.41.49	32967
ph.41.54	32961
ph.ncr	32946
ph.ncr.133900000	33028
ph.ncr.137400000	33029
ph.ncr.137500000	33030
ph.ncr.137600000	33031
pk-ba	33039
pk-gb	33038
pk-is	33034
pk-jk	33040
pk-kp	33037
pk-pb	33036
pk-sd	33035
pk.02	33039
pk.02.1162104	33041
pk.02.1163052	33042
pk.02.1164895	33048
pk.02.1167527	33057
pk.02.1167820	33059
pk.02.1168444	33061
pk.02.1169249	33065
pk.02.1171867	33075
pk.02.1172115	33076
pk.02.1173463	33081
pk.02.1173663	33084
pk.02.1174059	33085
pk.02.11744842	33192
pk.02.1175293	33088
pk.02.1175527	33089
pk.02.1177445	33095
pk.02.1181950	33106
pk.02.13631695	33197
pk.02.6641896	33117
pk.02.6641912	33118
pk.02.6641919	33119
pk.02.6641922	33120
pk.02.6641923	33121
pk.02.6641952	33122
pk.02.6641955	33123
pk.02.6641960	33124
pk.02.6641961	33125
pk.02.6641963	33126
pk.02.6641965	33127
pk.02.6641972	33128
pk.02.8309758	33171
pk.02.8309759	33172
pk.03	33037
pk.03.1164211	33045
pk.03.1164536	33047
pk.03.1168195	33060
pk.03.1168705	33062
pk.03.1168875	33063
pk.03.1170122	33069
pk.03.1170875	33072
pk.03.1170950	33073
pk.03.1171388	33074
pk.03.1172574	33079
pk.03.1173489	33082
pk.03.1173641	33083
pk.03.1179754	33100
pk.03.1180280	33101
pk.03.1180282	33102
pk.03.1181064	33105
pk.03.1182146	33107
pk.03.1183459	33108
pk.03.1183781	33110
pk.03.1185055	33115
pk.03.12105028	33194
pk.03.12105031	33195
pk.03.7419039	33143
pk.03.7419040	33144
pk.03.7419041	33145
pk.03.7419043	33146
pk.03.7419044	33147
pk.03.7419047	33148
pk.03.7419048	33149
pk.03.7419049	33150
pk.03.7419050	33151
pk.03.7419051	33152
pk.03.7419052	33153
pk.03.7419053	33154
pk.03.7419054	33155
pk.03.7419055	33156
pk.03.7419056	33157
pk.03.8061265	33164
pk.03.8224052	33166
pk.04	33036
pk.04.10344547	33182
pk.04.1164908	33049
pk.04.1165218	33051
pk.04.1165999	33052
pk.04.1166545	33054
pk.04.1166991	33055
pk.04.1167458	33056
pk.04.1169603	33066
pk.04.1169821	33068
pk.04.1170424	33071
pk.04.1172449	33078
pk.04.1174623	33087
pk.04.1175862	33090
pk.04.1175906	33091
pk.04.1177651	33096
pk.04.1177658	33097
pk.04.1179399	33099
pk.04.1180287	33103
pk.04.1183876	33111
pk.04.1183882	33112
pk.04.1184248	33114
pk.04.11886901	33193
pk.04.7331706	33129
pk.04.7418846	33132
pk.04.7418850	33133
pk.04.7418888	33134
pk.04.7418890	33135
pk.04.7418962	33136
pk.04.7418963	33137
pk.04.7418964	33138
pk.04.7418965	33139
pk.04.7418966	33140
pk.04.7418967	33141
pk.04.7418968	33142
pk.04.7419159	33161
pk.04.8309731	33167
pk.05	33035
pk.05.10300608	33181
pk.05.1163570	33043
pk.05.1163602	33044
pk.05.1164407	33046
pk.05.1165106	33050
pk.05.1166162	33053
pk.05.1169115	33064
pk.05.1172127	33077
pk.05.1174349	33086
pk.05.11744831	33184
pk.05.11744832	33185
pk.05.11744833	33186
pk.05.11744835	33188
pk.05.11744837	33189
pk.05.1176514	33092
pk.05.1176733	33093
pk.05.1180802	33104
pk.05.1184051	33113
pk.05.12105033	33196
pk.05.1376894	33116
pk.05.7352189	33130
pk.05.7418822	33131
pk.05.7419156	33159
pk.05.7419157	33160
pk.05.9034783	33176
pk.05.9035095	33177
pk.05.9072726	33178
pk.05.9625763	33179
pk.05.9625902	33180
pk.06	33040
pk.06.1167717	33058
pk.06.1169606	33067
pk.06.1170297	33070
pk.06.1173037	33080
pk.06.7536187	33162
pk.06.7536188	33163
pk.06.8199376	33165
pk.06.8309754	33169
pk.06.8309755	33170
pk.06.8986039	33175
pk.07	33038
pk.07.11594770	33183
pk.07.11744834	33187
pk.07.11744838	33190
pk.07.11744839	33191
pk.07.1176775	33094
pk.07.1178336	33098
pk.07.1183615	33109
pk.07.7419077	33158
pk.07.8309748	33168
pk.07.8358419	33173
pk.07.8358421	33174
pk.08	33034
pl-02	33205
pl-04	33213
pl-06	33198
pl-08	33207
pl-10	33206
pl-12	33199
pl-14	33200
pl-16	33208
pl-18	33201
pl-20	33202
pl-22	33209
pl-24	33210
pl-26	33203
pl-28	33204
pl-30	33211
pl-32	33212
pl.72	33205
pl.72.0201	33314
pl.72.0202	33315
pl.72.0203	33316
pl.72.0204	33317
pl.72.0205	33325
pl.72.0206	33326
pl.72.0207	33508
pl.72.0208	33331
pl.72.0209	33332
pl.72.0210	33333
pl.72.0211	33341
pl.72.0212	33342
pl.72.0213	33343
pl.72.0214	33344
pl.72.0215	33345
pl.72.0216	33346
pl.72.0217	33347
pl.72.0218	33348
pl.72.0219	33356
pl.72.0220	33357
pl.72.0221	33358
pl.72.0222	33359
pl.72.0223	33360
pl.72.0224	33361
pl.72.0225	33362
pl.72.0226	33363
pl.72.0261	33306
pl.72.0262	33478
pl.72.0264	33311
pl.72.0265	33593
pl.73	33213
pl.73.0401	33414
pl.73.0402	33415
pl.73.0403	33416
pl.73.0404	33417
pl.73.0405	33418
pl.73.0406	33419
pl.73.0407	33420
pl.73.0408	33421
pl.73.0409	33422
pl.73.0410	33423
pl.73.0411	33424
pl.73.0412	33425
pl.73.0413	33426
pl.73.0414	33427
pl.73.0415	33428
pl.73.0416	33429
pl.73.0417	33430
pl.73.0418	33431
pl.73.0419	33432
pl.73.0461	33324
pl.73.0462	33479
pl.73.0463	33323
pl.73.0464	33476
pl.74	33206
pl.74.1001	33520
pl.74.1002	33437
pl.74.1003	33526
pl.74.1004	33527
pl.74.1005	33237
pl.74.1006	33529
pl.74.1007	33530
pl.74.1008	33531
pl.74.1009	33532
pl.74.1010	33516
pl.74.1011	33517
pl.74.1012	33518
pl.74.1013	33465
pl.74.1014	33519
pl.74.1015	33533
pl.74.1016	33534
pl.74.1017	33535
pl.74.1018	33536
pl.74.1019	33537
pl.74.1020	33538
pl.74.1021	33528
pl.74.1061	33236
pl.74.1062	33255
pl.74.1063	33483
pl.75	33198
pl.75.0601	33459
pl.75.0602	33246
pl.75.0603	33247
pl.75.0604	33248
pl.75.0605	33249
pl.75.0606	33250
pl.75.0607	33251
pl.75.0608	33252
pl.75.0609	33253
pl.75.0610	33374
pl.75.0611	33375
pl.75.0612	33376
pl.75.0613	33377
pl.75.0614	33378
pl.75.0615	33379
pl.75.0616	33380
pl.75.0617	33381
pl.75.0618	33382
pl.75.0619	33383
pl.75.0620	33384
pl.75.0661	33238
pl.75.0662	33239
pl.75.0663	33480
pl.75.0664	33240
pl.76	33207
pl.76.0801	33488
pl.76.0802	33540
pl.76.0803	33489
pl.76.0804	33365
pl.76.0805	33490
pl.76.0806	33491
pl.76.0807	33497
pl.76.0808	33498
pl.76.0809	33513
pl.76.0810	33366
pl.76.0811	33241
pl.76.0812	33322
pl.76.0861	33254
pl.76.0862	33501
pl.77	33199
pl.77.1201	33217
pl.77.1202	33218
pl.77.1203	33219
pl.77.1204	33220
pl.77.1205	33221
pl.77.1206	33278
pl.77.1207	33223
pl.77.1208	33216
pl.77.1209	33224
pl.77.1210	33334
pl.77.1211	33226
pl.77.1212	33227
pl.77.1213	33228
pl.77.1214	33229
pl.77.1215	33230
pl.77.1216	33335
pl.77.1217	33232
pl.77.1218	33233
pl.77.1219	33234
pl.77.1261	33222
pl.77.1262	33225
pl.77.1263	33231
pl.78	33200
pl.78.1401	33433
pl.78.1402	33434
pl.78.1403	33541
pl.78.1404	33438
pl.78.1405	33435
pl.78.1406	33267
pl.78.1407	33257
pl.78.1408	33436
pl.78.1409	33401
pl.78.1410	33402
pl.78.1411	33385
pl.78.1412	33387
pl.78.1413	33390
pl.78.1414	33389
pl.78.1415	33391
pl.78.1416	33392
pl.78.1417	33393
pl.78.1418	33386
pl.78.1419	33400
pl.78.1420	33394
pl.78.1421	33395
pl.78.1422	33396
pl.78.1423	33268
pl.78.1424	33397
pl.78.1425	33388
pl.78.1426	33403
pl.78.1427	33439
pl.78.1428	33269
pl.78.1429	33398
pl.78.1430	33399
pl.78.1432	33539
pl.78.1433	33260
pl.78.1434	33261
pl.78.1435	33262
pl.78.1436	33404
pl.78.1437	33440
pl.78.1438	33270
pl.78.1461	33484
pl.78.1462	33449
pl.78.1463	33492
pl.78.1464	33450
pl.78.1465	33235
pl.79	33208
pl.79.1601	33242
pl.79.1602	33556
pl.79.1603	33558
pl.79.1604	33271
pl.79.1605	33561
pl.79.1606	33243
pl.79.1607	33244
pl.79.1608	33272
pl.79.1609	33559
pl.79.1610	33557
pl.79.1611	33562
pl.79.1661	33328
pl.80	33201
pl.80.1801	33566
pl.80.1802	33567
pl.80.1803	33279
pl.80.1804	33340
pl.80.1805	33280
pl.80.1806	33284
pl.80.1807	33285
pl.80.1808	33405
pl.80.1809	33406
pl.80.1810	33287
pl.80.1811	33281
pl.80.1812	33407
pl.80.1813	33288
pl.80.1814	33408
pl.80.1815	33289
pl.80.1816	33290
pl.80.1817	33291
pl.80.1818	33409
pl.80.1819	33292
pl.80.1820	33568
pl.80.1821	33286
pl.80.1861	33486
pl.80.1862	33258
pl.80.1863	33329
pl.80.1864	33349
pl.81	33202
pl.81.2001	33351
pl.81.2002	33570
pl.81.2003	33571
pl.81.2004	33572
pl.81.2005	33573
pl.81.2006	33336
pl.81.2007	33337
pl.81.2008	33574
pl.81.2009	33575
pl.81.2010	33410
pl.81.2011	33576
pl.81.2012	33577
pl.81.2013	33552
pl.81.2014	33338
pl.81.2061	33282
pl.81.2062	33283
pl.81.2063	33451
pl.82	33209
pl.82.2201	33525
pl.82.2202	33441
pl.82.2203	33442
pl.82.2204	33481
pl.82.2205	33299
pl.82.2206	33295
pl.82.2207	33443
pl.82.2208	33296
pl.82.2209	33297
pl.82.2210	33578
pl.82.2211	33298
pl.82.2212	33579
pl.82.2213	33444
pl.82.2214	33445
pl.82.2215	33580
pl.82.2216	33581
pl.82.2261	33512
pl.82.2262	33453
pl.82.2263	33452
pl.82.2264	33330
pl.83	33210
pl.83.2401	33214
pl.83.2402	33542
pl.83.2403	33318
pl.83.2404	33273
pl.83.2405	33565
pl.83.2406	33274
pl.83.2407	33560
pl.83.2408	33319
pl.83.2409	33320
pl.83.2410	33543
pl.83.2411	33564
pl.83.2412	33321
pl.83.2413	33563
pl.83.2414	33544
pl.83.2415	33364
pl.83.2416	33545
pl.83.2417	33546
pl.83.2461	33301
pl.83.2462	33496
pl.83.2463	33477
pl.83.2464	33474
pl.83.2465	33256
pl.83.2466	33367
pl.83.2467	33471
pl.83.2468	33327
pl.83.2469	33302
pl.83.2470	33460
pl.83.2471	33475
pl.83.2472	33461
pl.83.2473	33300
pl.83.2474	33495
pl.83.2475	33485
pl.83.2476	33502
pl.83.2477	33494
pl.83.2478	33462
pl.83.2479	33463
pl.84	33203
pl.84.2601	33547
pl.84.2602	33548
pl.84.2603	33549
pl.84.2604	33307
pl.84.2605	33275
pl.84.2606	33411
pl.84.2607	33339
pl.84.2608	33550
pl.84.2609	33487
pl.84.2610	33507
pl.84.2611	33509
pl.84.2612	33551
pl.84.2613	33276
pl.84.2661	33472
pl.85	33204
pl.85.2801	33308
pl.85.2802	33293
pl.85.2803	33446
pl.85.2804	33294
pl.85.2805	33522
pl.85.2806	33309
pl.85.2807	33447
pl.85.2808	33370
pl.85.2809	33310
pl.85.2810	33582
pl.85.2811	33510
pl.85.2812	33448
pl.85.2813	33523
pl.85.2814	33215
pl.85.2815	33263
pl.85.2816	33511
pl.85.2817	33313
pl.85.2818	33524
pl.85.2819	33369
pl.85.2861	33592
pl.85.2862	33500
pl.86	33211
pl.86.3001	33587
pl.86.3002	33464
pl.86.3003	33590
pl.86.3004	33583
pl.86.3005	33584
pl.86.3006	33585
pl.86.3007	33277
pl.86.3008	33245
pl.86.3009	33591
pl.86.3010	33454
pl.86.3011	33586
pl.86.3012	33412
pl.86.3013	33413
pl.86.3014	33466
pl.86.3015	33467
pl.86.3016	33312
pl.86.3017	33553
pl.86.3018	33554
pl.86.3019	33455
pl.86.3020	33372
pl.86.3021	33504
pl.86.3022	33555
pl.86.3023	33456
pl.86.3024	33505
pl.86.3025	33588
pl.86.3026	33589
pl.86.3027	33514
pl.86.3028	33457
pl.86.3029	33468
pl.86.3030	33506
pl.86.3031	33458
pl.86.3061	33373
pl.86.3062	33473
pl.86.3063	33503
pl.86.3064	33368
pl.87	33212
pl.87.3201	33482
pl.87.3202	33469
pl.87.3203	33371
pl.87.3204	33304
pl.87.3205	33305
pl.87.3206	33499
pl.87.3207	33352
pl.87.3208	33353
pl.87.3209	33264
pl.87.3210	33515
pl.87.3211	33354
pl.87.3212	33355
pl.87.3213	33265
pl.87.3214	33303
pl.87.3215	33266
pl.87.3216	33521
pl.87.3217	33470
pl.87.3218	33569
pl.87.3261	33493
pl.87.3262	33350
pl.87.3263	33259
pm.97501	33595
pm.97502	33594
pr.001	33596
pr.001.7268167	33779
pr.001.7268336	33932
pr.001.7268409	33997
pr.001.7268435	34023
pr.001.7268442	34030
pr.001.7268445	34033
pr.001.7268529	34108
pr.001.7268558	34130
pr.001.7268744	34292
pr.001.7268777	34324
pr.001.7268778	34325
pr.001.7268954	34458
pr.001.7269027	34513
pr.001.7269070	34552
pr.001.7269086	34564
pr.001.7269089	34567
pr.001.8199258	34575
pr.003	33597
pr.003.7268063	33686
pr.003.7268119	33736
pr.003.7268170	33782
pr.003.7268215	33824
pr.003.7268217	33826
pr.003.7268350	33944
pr.003.7268377	33968
pr.003.7268418	34006
pr.003.7268423	34011
pr.003.7268434	34022
pr.003.7268512	34092
pr.003.7268541	34117
pr.003.7268595	34164
pr.003.7268600	34169
pr.003.7268620	34188
pr.003.7268695	34248
pr.003.7268756	34304
pr.003.7268905	34414
pr.005	33598
pr.005.7268050	33674
pr.005.7268111	33728
pr.005.7268168	33780
pr.005.7268171	33783
pr.005.7268210	33819
pr.005.7268262	33865
pr.005.7268289	33888
pr.005.7268290	33889
pr.005.7268304	33902
pr.005.7268366	33959
pr.005.7268443	34031
pr.005.7268596	34165
pr.005.7268597	34166
pr.005.7268669	34224
pr.005.7268716	34265
pr.005.7269076	34556
pr.007	33599
pr.007.7268173	33785
pr.007.7268221	33829
pr.007.7268247	33853
pr.007.7268288	33887
pr.007.7268514	34094
pr.007.7268528	34107
pr.007.7268686	34239
pr.007.7268688	34241
pr.007.7269011	34498
pr.007.7269015	34502
pr.009	33600
pr.009.7268139	33751
pr.009.7268178	33789
pr.009.7268180	33791
pr.009.7268216	33825
pr.009.7268334	33930
pr.009.7268566	34138
pr.009.7268735	34283
pr.009.7268765	34313
pr.009.7268920	34427
pr.011	33601
pr.011.7268064	33687
pr.011.7268079	33701
pr.011.7268107	33724
pr.011.7268143	33755
pr.011.7268194	33803
pr.011.7268195	33804
pr.011.7268196	33805
pr.011.7268285	33884
pr.011.7268341	33936
pr.011.7268348	33942
pr.011.7268353	33947
pr.011.7268354	33948
pr.011.7268378	33969
pr.011.7268451	34039
pr.011.7268487	34071
pr.011.7268621	34189
pr.011.7268659	34217
pr.011.7268712	34261
pr.011.7268759	34307
pr.011.7268768	34316
pr.011.7268859	34370
pr.011.7268889	34398
pr.011.7268902	34411
pr.013	33602
pr.013.7268150	33762
pr.013.7268151	33763
pr.013.7268205	33814
pr.013.7268207	33816
pr.013.7268214	33823
pr.013.7268306	33904
pr.013.7268349	33943
pr.013.7268376	33967
pr.013.7268384	33975
pr.013.7268407	33995
pr.013.7268454	34042
pr.013.7268455	34043
pr.013.7268467	34055
pr.013.7268499	34079
pr.013.7268660	34218
pr.013.7268890	34399
pr.013.7268942	34447
pr.013.7268995	34486
pr.013.7269028	34514
pr.015	33603
pr.015.7268197	33806
pr.015.7268213	33822
pr.015.7268430	34018
pr.015.7268722	34271
pr.015.7268762	34310
pr.015.7269088	34566
pr.017	33604
pr.017.7268232	33838
pr.017.7268394	33983
pr.017.7268408	33996
pr.017.7268721	34270
pr.019	33605
pr.019.7268234	33840
pr.019.7268235	33841
pr.019.7268312	33909
pr.019.7268470	34058
pr.019.7268479	34063
pr.019.7268726	34275
pr.019.7268853	34364
pr.019.7268867	34378
pr.021	33606
pr.021.7268065	33688
pr.021.7268144	33756
pr.021.7268246	33852
pr.021.7268270	33871
pr.021.7268425	34013
pr.021.7268426	34014
pr.021.7268466	34054
pr.021.7268532	34111
pr.021.7268653	34212
pr.021.7268703	34255
pr.021.7268714	34263
pr.021.7268990	34482
pr.023	33607
pr.023.7268226	33834
pr.023.7268260	33863
pr.023.7268279	33878
pr.023.7268419	34007
pr.023.7268568	34140
pr.023.7268569	34141
pr.023.7268657	34215
pr.023.7268670	34225
pr.023.7268741	34289
pr.025	33608
pr.025.7268222	33830
pr.025.7268250	33855
pr.025.7268263	33866
pr.025.7268287	33886
pr.025.7268313	33910
pr.025.7268314	33911
pr.025.7268903	34412
pr.025.7268963	34466
pr.025.7268983	34476
pr.025.7269043	34529
pr.025.7269055	34540
pr.027	33609
pr.027.7268075	33697
pr.027.7268085	33707
pr.027.7268163	33775
pr.027.7268310	33907
pr.027.7268311	33908
pr.027.7268650	34211
pr.027.7268754	34302
pr.027.7268823	34338
pr.027.7268831	34343
pr.027.7268848	34359
pr.027.7268997	34488
pr.027.7269090	34568
pr.027.7269093	34571
pr.029	33610
pr.029.7268128	33740
pr.029.7268326	33922
pr.029.7268328	33924
pr.029.7268462	34050
pr.029.7268573	34144
pr.029.7269046	34532
pr.031	33611
pr.031.7268236	33842
pr.031.7268282	33881
pr.031.7268323	33919
pr.031.7268329	33925
pr.031.7268346	33940
pr.031.7268352	33946
pr.031.7268363	33956
pr.031.7268484	34068
pr.031.7268631	34195
pr.031.7268934	34439
pr.031.7268961	34464
pr.031.7268987	34479
pr.031.7269053	34538
pr.033	33612
pr.033.7268356	33950
pr.033.7268723	34272
pr.035	33613
pr.035.7268061	33684
pr.035.7268135	33747
pr.035.7268136	33748
pr.035.7268251	33856
pr.035.7268359	33952
pr.035.7268364	33957
pr.035.7268386	33977
pr.035.7268432	34020
pr.035.7268516	34096
pr.035.7268517	34097
pr.035.7268545	34121
pr.035.7268638	34200
pr.035.7268639	34201
pr.035.7268671	34226
pr.035.7268739	34287
pr.035.7268742	34290
pr.035.7268755	34303
pr.035.7268846	34357
pr.035.7268879	34388
pr.035.7269016	34503
pr.035.7269041	34527
pr.035.7269072	34553
pr.037	33614
pr.037.7268054	33678
pr.037.7268072	33694
pr.037.7268141	33753
pr.037.7268438	34026
pr.037.7268583	34153
pr.037.7268862	34373
pr.037.7268884	34393
pr.037.7268950	34455
pr.039	33615
pr.039.7268073	33695
pr.039.7268074	33696
pr.039.7268109	33726
pr.039.7268401	33990
pr.039.7268468	34056
pr.039.7268508	34088
pr.039.7268751	34299
pr.039.7268781	34328
pr.039.7269044	34530
pr.041	33616
pr.041.7268051	33675
pr.041.7268080	33702
pr.041.7268211	33820
pr.041.7268245	33851
pr.041.7268252	33857
pr.041.7268480	34064
pr.041.7268672	34227
pr.041.7268873	34383
pr.041.7268880	34389
pr.041.7268885	34394
pr.041.7268957	34461
pr.041.7269014	34501
pr.041.7269042	34528
pr.041.7309609	34574
pr.043	33617
pr.043.7268091	33711
pr.043.7268092	33712
pr.043.7268140	33752
pr.043.7268469	34057
pr.043.7268577	34147
pr.043.7268717	34266
pr.043.7268736	34284
pr.043.7268743	34291
pr.043.7268835	34346
pr.043.7268971	34469
pr.043.7268986	34478
pr.045	33618
pr.045.7268057	33681
pr.045.7268100	33720
pr.045.7268153	33765
pr.045.7268360	33953
pr.045.7268696	34249
pr.045.7268729	34278
pr.045.7268760	34308
pr.045.7268910	34419
pr.045.7269069	34551
pr.047	33619
pr.047.7268077	33699
pr.047.7268110	33727
pr.047.7268129	33741
pr.047.7268155	33767
pr.047.7268164	33776
pr.047.7268591	34160
pr.047.7268610	34179
pr.047.7268701	34254
pr.047.7268713	34262
pr.047.7268718	34267
pr.047.7268720	34269
pr.047.7268730	34279
pr.047.7268786	34332
pr.049	33620
pr.049.7268134	33746
pr.049.7268390	33980
pr.049.7268397	33986
pr.049.7268773	34321
pr.049.7268774	34322
pr.049.7268972	34470
pr.051	33621
pr.051.7268154	33766
pr.051.7268382	33973
pr.051.7268474	34060
pr.051.7268590	34159
pr.051.7268605	34174
pr.051.7268913	34422
pr.053	33622
pr.053.7268147	33759
pr.053.7268277	33876
pr.053.7268385	33976
pr.053.7268392	33981
pr.053.7268697	34250
pr.053.7268852	34363
pr.053.7268863	34374
pr.053.7268891	34400
pr.053.7269003	34492
pr.054	33623
pr.054.7268393	33982
pr.055	33624
pr.055.7268084	33706
pr.055.7268206	33815
pr.055.7268325	33921
pr.055.7268343	33937
pr.055.7268374	33965
pr.055.7268422	34010
pr.055.7268668	34223
pr.055.7269018	34505
pr.057	33625
pr.057.7268181	33792
pr.057.7268291	33890
pr.057.7268344	33938
pr.057.7268345	33939
pr.057.7268417	34005
pr.057.7268439	34027
pr.057.7268525	34104
pr.057.7268582	34152
pr.057.7268724	34273
pr.057.7268784	34330
pr.059	33626
pr.059.7268103	33721
pr.059.7268238	33844
pr.059.7268257	33861
pr.059.7268365	33958
pr.059.7268440	34028
pr.059.7268493	34075
pr.059.7268504	34084
pr.059.7268509	34089
pr.059.7268565	34137
pr.059.7268580	34150
pr.059.7268588	34157
pr.059.7268737	34285
pr.059.7268769	34317
pr.059.7268856	34367
pr.059.7268865	34376
pr.059.7268932	34437
pr.059.7269009	34496
pr.061	33627
pr.061.7268305	33903
pr.061.7268398	33987
pr.061.7268427	34015
pr.061.7268441	34029
pr.061.7268458	34046
pr.061.7268601	34170
pr.061.7268822	34337
pr.061.7268895	34404
pr.061.7268992	34483
pr.061.7269012	34499
pr.063	33628
pr.063.7268058	33682
pr.063.7268448	34036
pr.063.7268459	34047
pr.063.7268507	34087
pr.063.7268510	34090
pr.063.7268602	34171
pr.063.7268635	34197
pr.063.7268700	34253
pr.063.7268858	34369
pr.063.7268881	34390
pr.065	33629
pr.065.7268108	33725
pr.065.7268176	33787
pr.065.7268248	33854
pr.065.7268271	33872
pr.065.7268308	33906
pr.065.7268337	33933
pr.065.7268351	33945
pr.065.7268452	34040
pr.065.7268453	34041
pr.065.7268693	34246
pr.067	33630
pr.067.7268255	33859
pr.067.7268420	34008
pr.067.7268481	34065
pr.067.7268482	34066
pr.067.7268515	34095
pr.067.7268556	34128
pr.069	33631
pr.069.7268094	33714
pr.069.7268203	33812
pr.069.7268272	33873
pr.069.7268321	33917
pr.069.7268322	33918
pr.069.7268355	33949
pr.069.7268486	34070
pr.069.7268579	34149
pr.069.7268599	34168
pr.069.7268618	34186
pr.069.7268837	34348
pr.069.7268886	34395
pr.069.7269029	34515
pr.071	33632
pr.071.7268113	33730
pr.071.7268208	33817
pr.071.7268209	33818
pr.071.7268227	33835
pr.071.7268253	33858
pr.071.7268403	33992
pr.071.7268404	33993
pr.071.7268436	34024
pr.071.7268444	34032
pr.071.7268496	34077
pr.071.7268526	34105
pr.071.7268564	34136
pr.071.7268680	34233
pr.071.7268764	34312
pr.073	33633
pr.073.7268090	33710
pr.073.7268095	33715
pr.073.7268521	34100
pr.073.7268522	34101
pr.073.7268523	34102
pr.073.7268607	34176
pr.073.7268753	34301
pr.073.7268906	34415
pr.073.7268952	34456
pr.073.7269074	34555
pr.073.7269092	34570
pr.075	33634
pr.075.7268087	33709
pr.075.7268096	33716
pr.075.7268193	33802
pr.075.7268300	33898
pr.075.7268339	33934
pr.075.7268371	33962
pr.075.7268433	34021
pr.075.7268501	34081
pr.075.7268533	34112
pr.075.7268574	34145
pr.075.7268898	34407
pr.075.7268900	34409
pr.075.7268943	34448
pr.075.7269038	34524
pr.077	33635
pr.077.7268055	33679
pr.077.7268056	33680
pr.077.7268292	33891
pr.077.7268446	34034
pr.077.7268447	34035
pr.077.7268535	34114
pr.077.7268562	34134
pr.077.7268603	34172
pr.077.7269064	34546
pr.077.7269065	34547
pr.079	33636
pr.079.7268112	33729
pr.079.7268317	33914
pr.079.7268542	34118
pr.079.7268543	34119
pr.079.7268544	34120
pr.079.7268567	34139
pr.079.7268719	34268
pr.079.7268731	34280
pr.079.7268732	34281
pr.079.7268766	34314
pr.079.7268947	34452
pr.079.7268993	34484
pr.081	33637
pr.081.7268241	33847
pr.081.7268274	33875
pr.081.7268301	33899
pr.081.7268379	33970
pr.081.7268539	34116
pr.081.7268547	34123
pr.081.7268548	34124
pr.081.7268663	34219
pr.081.7268752	34300
pr.081.7268758	34306
pr.081.7268787	34333
pr.081.7268916	34424
pr.083	33638
pr.083.7268068	33691
pr.083.7268069	33692
pr.083.7268190	33800
pr.083.7268201	33810
pr.083.7268267	33869
pr.083.7268273	33874
pr.083.7268380	33971
pr.083.7268402	33991
pr.083.7268550	34125
pr.083.7268613	34182
pr.083.7268614	34183
pr.083.7268615	34184
pr.083.7268691	34244
pr.083.7268715	34264
pr.083.7268839	34350
pr.083.7268904	34413
pr.085	33639
pr.085.7268052	33676
pr.085.7268097	33717
pr.085.7268261	33864
pr.085.7268367	33960
pr.085.7268555	34127
pr.085.7268677	34230
pr.085.7268840	34351
pr.085.7269030	34516
pr.087	33640
pr.087.7268327	33923
pr.087.7268571	34143
pr.087.7268647	34209
pr.087.7268648	34210
pr.087.7269047	34533
pr.087.7269048	34534
pr.089	33641
pr.089.7268530	34109
pr.089.7268578	34148
pr.089.7268608	34177
pr.089.7268637	34199
pr.089.7268763	34311
pr.089.7268935	34440
pr.091	33642
pr.091.7268116	33733
pr.091.7268117	33734
pr.091.7268224	33832
pr.091.7268225	33833
pr.091.7268611	34180
pr.091.7268893	34402
pr.091.7268894	34403
pr.091.7269036	34522
pr.091.7269037	34523
pr.093	33643
pr.093.7268268	33870
pr.093.7268490	34072
pr.093.7268491	34073
pr.093.7268492	34074
pr.093.7268623	34191
pr.093.7268625	34193
pr.093.7268678	34231
pr.095	33644
pr.095.7268303	33901
pr.095.7268370	33961
pr.095.7268563	34135
pr.095.7268640	34202
pr.095.7268641	34203
pr.095.7268642	34204
pr.095.7268727	34276
pr.095.7268841	34352
pr.095.7269022	34509
pr.095.7269433	34573
pr.097	33645
pr.097.7268184	33795
pr.097.7268242	33848
pr.097.7268421	34009
pr.097.7268497	34078
pr.097.7268527	34106
pr.097.7268557	34129
pr.097.7268559	34131
pr.097.7268598	34167
pr.097.7268644	34206
pr.097.7268645	34207
pr.097.7268658	34216
pr.097.7268679	34232
pr.097.7268692	34245
pr.097.7268854	34365
pr.097.7268869	34380
pr.097.7268899	34408
pr.097.7268901	34410
pr.097.7268911	34420
pr.097.7268926	34433
pr.097.7268933	34438
pr.097.7268948	34453
pr.099	33646
pr.099.7268060	33683
pr.099.7268066	33689
pr.099.7268121	33738
pr.099.7268130	33742
pr.099.7268165	33777
pr.099.7268335	33931
pr.099.7268622	34190
pr.099.7268664	34220
pr.099.7268698	34251
pr.099.7268767	34315
pr.099.7268788	34334
pr.099.7268922	34429
pr.099.7269084	34562
pr.101	33647
pr.101.7268131	33743
pr.101.7268231	33837
pr.101.7268400	33989
pr.101.7268673	34228
pr.101.7268681	34234
pr.101.7268682	34235
pr.101.7268683	34236
pr.101.7268738	34286
pr.101.7268750	34298
pr.101.7268907	34416
pr.101.7268978	34473
pr.101.7269049	34535
pr.101.7269057	34541
pr.101.7269062	34545
pr.103	33648
pr.103.7268142	33754
pr.103.7268160	33772
pr.103.7268485	34069
pr.103.7268594	34163
pr.103.7268619	34187
pr.103.7268690	34243
pr.103.7268746	34294
pr.103.7268896	34405
pr.103.7268897	34406
pr.103.7268999	34489
pr.105	33649
pr.105.7268166	33778
pr.105.7268202	33811
pr.105.7268361	33954
pr.105.7268362	33955
pr.105.7268413	34001
pr.105.7268575	34146
pr.105.7268694	34247
pr.105.7268704	34256
pr.107	33650
pr.107.7268098	33718
pr.107.7268145	33757
pr.107.7268146	33758
pr.107.7268179	33790
pr.107.7268240	33846
pr.107.7268243	33849
pr.107.7268244	33850
pr.107.7268256	33860
pr.107.7268265	33867
pr.107.7268284	33883
pr.107.7268410	33998
pr.107.7268636	34198
pr.107.7268709	34258
pr.107.7268710	34259
pr.107.7268745	34293
pr.107.7268936	34441
pr.107.7268959	34463
pr.109	33651
pr.109.7268161	33773
pr.109.7268204	33813
pr.109.7268223	33831
pr.109.7268280	33879
pr.109.7268281	33880
pr.109.7268429	34017
pr.109.7268500	34080
pr.109.7268505	34085
pr.109.7268604	34173
pr.109.7268626	34194
pr.109.7268687	34240
pr.109.7268689	34242
pr.109.7268740	34288
pr.109.7268776	34323
pr.109.7268847	34358
pr.109.7268919	34426
pr.111	33652
pr.111.7268114	33731
pr.111.7268132	33744
pr.111.7268237	33843
pr.111.7268372	33963
pr.111.7268511	34091
pr.111.7268581	34151
pr.111.7268747	34295
pr.111.7268850	34361
pr.111.7268931	34436
pr.111.7269000	34490
pr.111.7269023	34510
pr.111.7269024	34511
pr.111.7269025	34512
pr.113	33653
pr.113.7268062	33685
pr.113.7268115	33732
pr.113.7268126	33739
pr.113.7268200	33809
pr.113.7268266	33868
pr.113.7268315	33912
pr.113.7268316	33913
pr.113.7268340	33935
pr.113.7268428	34016
pr.113.7268586	34155
pr.113.7268587	34156
pr.113.7268592	34161
pr.113.7268593	34162
pr.113.7268612	34181
pr.113.7268634	34196
pr.113.7268674	34229
pr.113.7268770	34318
pr.113.7268779	34326
pr.113.7268780	34327
pr.113.7268785	34331
pr.113.7268860	34371
pr.113.7268872	34382
pr.113.7268876	34386
pr.113.7268949	34454
pr.113.7268962	34465
pr.113.7268982	34475
pr.113.7269005	34493
pr.113.7269006	34494
pr.113.7269032	34518
pr.113.7269035	34521
pr.113.7269066	34548
pr.115	33655
pr.115.7268070	33693
pr.115.7268093	33713
pr.115.7268283	33882
pr.115.7268414	34002
pr.115.7268868	34379
pr.115.7268964	34467
pr.115.7268973	34471
pr.115.7269033	34519
pr.117	33654
pr.117.7268120	33737
pr.117.7268218	33827
pr.117.7268239	33845
pr.117.7268302	33900
pr.117.7268375	33966
pr.117.7268513	34093
pr.117.7268789	34335
pr.117.7268838	34349
pr.117.7268883	34392
pr.117.7268908	34417
pr.119	33656
pr.119.7268082	33704
pr.119.7268083	33705
pr.119.7268449	34037
pr.119.7268450	34038
pr.119.7268472	34059
pr.119.7268524	34103
pr.119.7268609	34178
pr.119.7268909	34418
pr.119.7269094	34572
pr.121	33657
pr.121.7268584	34154
pr.121.7268875	34385
pr.121.7268882	34391
pr.121.7268941	34446
pr.121.7268996	34487
pr.121.7269020	34507
pr.121.7269021	34508
pr.121.7269045	34531
pr.123	33658
pr.123.7268174	33786
pr.123.7268546	34122
pr.123.7268725	34274
pr.123.7268864	34375
pr.123.7268912	34421
pr.123.7268953	34457
pr.125	33659
pr.125.7268118	33735
pr.125.7268157	33769
pr.125.7268158	33770
pr.125.7268198	33807
pr.125.7268295	33894
pr.125.7268296	33895
pr.125.7268416	34004
pr.125.7268477	34061
pr.125.7268478	34062
pr.125.7268616	34185
pr.125.7268654	34213
pr.125.7268878	34387
pr.125.7268924	34431
pr.125.7268925	34432
pr.125.7268927	34434
pr.125.7268938	34443
pr.125.7268939	34444
pr.125.7268970	34468
pr.125.7269054	34539
pr.127	33660
pr.127.7268138	33750
pr.127.7268162	33774
pr.127.7268293	33892
pr.127.7268411	33999
pr.127.7268463	34051
pr.127.7268464	34052
pr.127.7268465	34053
pr.127.7268665	34221
pr.127.7268666	34222
pr.127.7268708	34257
pr.127.7268790	34336
pr.127.7268842	34353
pr.127.7268944	34449
pr.127.7268945	34450
pr.127.7268975	34472
pr.127.7269002	34491
pr.127.7269050	34536
pr.127.7269058	34542
pr.129	33661
pr.129.7268067	33690
pr.129.7268358	33951
pr.129.7268381	33972
pr.129.7268395	33984
pr.129.7268457	34045
pr.129.7268506	34086
pr.129.7268843	34354
pr.129.7268849	34360
pr.129.7268857	34368
pr.129.7268870	34381
pr.129.7268979	34474
pr.131	33662
pr.131.7268076	33698
pr.131.7268081	33703
pr.131.7268137	33749
pr.131.7268177	33788
pr.131.7268191	33801
pr.131.7268220	33828
pr.131.7268297	33896
pr.131.7268373	33964
pr.131.7268412	34000
pr.131.7268415	34003
pr.131.7268431	34019
pr.131.7268456	34044
pr.131.7268483	34067
pr.131.7268534	34113
pr.131.7268589	34158
pr.131.7268656	34214
pr.131.7268748	34296
pr.131.7268749	34297
pr.131.7268757	34305
pr.131.7268782	34329
pr.131.7268921	34428
pr.131.7268958	34462
pr.131.7268984	34477
pr.131.7269010	34497
pr.133	33663
pr.133.7268148	33760
pr.133.7268258	33862
pr.133.7268387	33978
pr.133.7268388	33979
pr.133.7268519	34098
pr.133.7268520	34099
pr.133.7268771	34319
pr.133.7268989	34481
pr.135	33664
pr.135.7268105	33723
pr.135.7268405	33994
pr.135.7268685	34238
pr.135.7268711	34260
pr.135.7268761	34309
pr.135.7268844	34355
pr.135.7268851	34362
pr.135.7268914	34423
pr.135.7269039	34525
pr.137	33665
pr.137.7268318	33915
pr.137.7268646	34208
pr.137.7268728	34277
pr.137.7268946	34451
pr.137.7269040	34526
pr.139	33666
pr.139.7268133	33745
pr.139.7268156	33768
pr.139.7268347	33941
pr.139.7268538	34115
pr.139.7268855	34366
pr.139.7268861	34372
pr.139.7269013	34500
pr.139.7269052	34537
pr.141	33667
pr.141.7268104	33722
pr.141.7268152	33764
pr.141.7268199	33808
pr.141.7268212	33821
pr.141.7268286	33885
pr.141.7268324	33920
pr.141.7268330	33926
pr.141.7268332	33928
pr.141.7268424	34012
pr.141.7268553	34126
pr.141.7268560	34132
pr.141.7268606	34175
pr.141.7268734	34282
pr.141.7268887	34396
pr.141.7268923	34430
pr.141.7268940	34445
pr.141.7268955	34459
pr.141.7268956	34460
pr.141.7268988	34480
pr.141.7268994	34485
pr.141.7269034	34520
pr.141.7269060	34543
pr.141.7269082	34560
pr.141.7269083	34561
pr.143	33668
pr.143.7268086	33708
pr.143.7268228	33836
pr.143.7268319	33916
pr.143.7268383	33974
pr.143.7268624	34192
pr.143.7268643	34205
pr.143.7268937	34442
pr.143.7269067	34549
pr.145	33669
pr.145.7268053	33677
pr.145.7268078	33700
pr.145.7268182	33793
pr.145.7268187	33798
pr.145.7268188	33799
pr.145.7268278	33877
pr.145.7268827	34341
pr.145.7268832	34344
pr.145.7268833	34345
pr.145.7268845	34356
pr.145.7268888	34397
pr.145.7268892	34401
pr.145.7269068	34550
pr.145.7269091	34569
pr.147	33673
pr.147.7268396	33985
pr.147.7268495	34076
pr.147.7268570	34142
pr.147.7268684	34237
pr.147.7268825	34339
pr.147.7268826	34340
pr.147.7268829	34342
pr.147.7268836	34347
pr.149	33670
pr.149.7268331	33927
pr.149.7268333	33929
pr.149.7268460	34048
pr.149.7268461	34049
pr.149.7269061	34544
pr.149.7269079	34557
pr.149.7269080	34558
pr.149.7269081	34559
pr.151	33671
pr.151.7268169	33781
pr.151.7268298	33897
pr.151.7268307	33905
pr.151.7268437	34025
pr.151.7268503	34083
pr.151.7268531	34110
pr.151.7268561	34133
pr.151.7268772	34320
pr.151.7269031	34517
pr.151.7269085	34563
pr.153	33672
pr.153.7268099	33719
pr.153.7268149	33761
pr.153.7268159	33771
pr.153.7268172	33784
pr.153.7268183	33794
pr.153.7268185	33796
pr.153.7268186	33797
pr.153.7268233	33839
pr.153.7268294	33893
pr.153.7268399	33988
pr.153.7268502	34082
pr.153.7268699	34252
pr.153.7268866	34377
pr.153.7268874	34384
pr.153.7268917	34425
pr.153.7268930	34435
pr.153.7269008	34495
pr.153.7269017	34504
pr.153.7269019	34506
pr.153.7269073	34554
pr.153.7269087	34565
ps-bth	34582
ps-deb	34581
ps-gza	34593
ps-hbn	34591
ps-jem	34589
ps-jen	34578
ps-jrh	34588
ps-kys	34592
ps-nbs	34583
ps-ngz	34580
ps-qqa	34586
ps-rbh	34590
ps-rfh	34579
ps-slt	34587
ps-tbs	34585
ps-tkm	34584
ps.gz	34576
ps.gz.11184609	34593
ps.gz.7870260	34579
ps.gz.7870263	34580
ps.gz.7870268	34581
ps.gz.7871092	34592
ps.we	34577
ps.we.7828733	34578
ps.we.7870463	34582
ps.we.7870555	34583
ps.we.7870644	34584
ps.we.7870648	34585
ps.we.7870649	34586
ps.we.7870652	34587
ps.we.7870653	34588
ps.we.7870654	34589
ps.we.7870657	34590
ps.we.7870658	34591
pt-01	34612
pt-02	34602
pt-03	34611
pt-04	34610
pt-05	34601
pt-06	34609
pt-07	34600
pt-08	34599
pt-09	34608
pt-10	34598
pt-11	34597
pt-12	34596
pt-13	34607
pt-14	34595
pt-15	34594
pt-16	34606
pt-17	34605
pt-18	34604
pt-20	34613
pt-30	34603
pt.02	34612
pt.02.0101	34632
pt.02.0102	34633
pt.02.0103	34634
pt.02.0104	34635
pt.02.0105	34636
pt.02.0106	34637
pt.02.0107	34638
pt.02.0108	34639
pt.02.0109	34640
pt.02.0110	34641
pt.02.0111	34642
pt.02.0112	34643
pt.02.0113	34644
pt.02.0114	34645
pt.02.0115	34646
pt.02.0116	34647
pt.02.0117	34648
pt.02.0118	34649
pt.02.0119	34650
pt.03	34602
pt.03.0201	34651
pt.03.0202	34652
pt.03.0203	34653
pt.03.0204	34654
pt.03.0205	34655
pt.03.0206	34656
pt.03.0207	34657
pt.03.0208	34658
pt.03.0209	34659
pt.03.0210	34660
pt.03.0211	34661
pt.03.0212	34662
pt.03.0213	34663
pt.03.0214	34664
pt.04	34611
pt.04.0301	34665
pt.04.0302	34666
pt.04.0303	34667
pt.04.0304	34668
pt.04.0305	34669
pt.04.0306	34670
pt.04.0307	34671
pt.04.0308	34672
pt.04.0309	34673
pt.04.0310	34674
pt.04.0311	34675
pt.04.0312	34676
pt.04.0313	34677
pt.04.0314	34678
pt.05	34610
pt.05.0401	34679
pt.05.0402	34680
pt.05.0403	34681
pt.05.0404	34682
pt.05.0405	34683
pt.05.0406	34684
pt.05.0407	34685
pt.05.0408	34686
pt.05.0409	34687
pt.05.0410	34688
pt.05.0411	34689
pt.05.0412	34690
pt.06	34601
pt.06.0501	34691
pt.06.0502	34692
pt.06.0503	34693
pt.06.0504	34617
pt.06.0505	34694
pt.06.0506	34695
pt.06.0507	34696
pt.06.0508	34697
pt.06.0509	34698
pt.06.0510	34699
pt.06.0511	34622
pt.07	34609
pt.07.0601	34700
pt.07.0602	34701
pt.07.0603	34702
pt.07.0604	34703
pt.07.0605	34704
pt.07.0606	34705
pt.07.0607	34706
pt.07.0608	34707
pt.07.0609	34708
pt.07.0610	34709
pt.07.0611	34710
pt.07.0612	34711
pt.07.0613	34712
pt.07.0614	34713
pt.07.0615	34714
pt.07.0616	34715
pt.07.0617	34716
pt.08	34600
pt.08.0701	34717
pt.08.0702	34718
pt.08.0703	34719
pt.08.0704	34720
pt.08.0705	34721
pt.08.0706	34722
pt.08.0707	34723
pt.08.0708	34724
pt.08.0709	34725
pt.08.0710	34726
pt.08.0711	34727
pt.08.0712	34728
pt.08.0713	34729
pt.08.0714	34730
pt.09	34599
pt.09.0801	34731
pt.09.0802	34732
pt.09.0803	34733
pt.09.0804	34734
pt.09.0805	34735
pt.09.0806	34736
pt.09.0807	34737
pt.09.0808	34738
pt.09.0809	34739
pt.09.0810	34740
pt.09.0811	34741
pt.09.0812	34742
pt.09.0813	34743
pt.09.0814	34744
pt.09.0815	34745
pt.09.0816	34746
pt.10	34603
pt.10.3101	34892
pt.10.3102	34893
pt.10.3103	34894
pt.10.3104	34895
pt.10.3105	34896
pt.10.3106	34897
pt.10.3107	34898
pt.10.3108	34899
pt.10.3109	34900
pt.10.3110	34901
pt.10.3201	34902
pt.11	34608
pt.11.0901	34747
pt.11.0902	34748
pt.11.0903	34749
pt.11.0904	34750
pt.11.0905	34751
pt.11.0906	34616
pt.11.0907	34752
pt.11.0908	34753
pt.11.0909	34754
pt.11.0910	34755
pt.11.0911	34756
pt.11.0912	34757
pt.11.0913	34758
pt.11.0914	34759
pt.13	34598
pt.13.1001	34760
pt.13.1002	34761
pt.13.1003	34762
pt.13.1004	34763
pt.13.1005	34764
pt.13.1006	34765
pt.13.1007	34766
pt.13.1008	34767
pt.13.1009	34768
pt.13.1010	34769
pt.13.1011	34770
pt.13.1012	34771
pt.13.1013	34772
pt.13.1014	34773
pt.13.1015	34774
pt.13.1016	34775
pt.14	34597
pt.14.1101	34776
pt.14.1102	34777
pt.14.1103	34778
pt.14.1104	34779
pt.14.1105	34780
pt.14.1106	34618
pt.14.1107	34620
pt.14.1108	34781
pt.14.1109	34782
pt.14.1110	34783
pt.14.1111	34784
pt.14.1112	34785
pt.14.1113	34786
pt.14.1114	34787
pt.14.1115	34788
pt.14.1116	34789
pt.16	34596
pt.16.1201	34628
pt.16.1202	34790
pt.16.1203	34791
pt.16.1204	34792
pt.16.1205	34623
pt.16.1206	34614
pt.16.1207	34793
pt.16.1208	34794
pt.16.1209	34626
pt.16.1210	34624
pt.16.1211	34629
pt.16.1212	34621
pt.16.1213	34627
pt.16.1214	34625
pt.16.1215	34795
pt.17	34607
pt.17.1301	34796
pt.17.1302	34797
pt.17.1303	34798
pt.17.1304	34799
pt.17.1305	34800
pt.17.1306	34801
pt.17.1307	34802
pt.17.1308	34803
pt.17.1309	34804
pt.17.1310	34805
pt.17.1311	34806
pt.17.1312	34619
pt.17.1313	34807
pt.17.1314	34808
pt.17.1315	34809
pt.17.1316	34810
pt.17.1317	34811
pt.17.1318	34812
pt.18	34595
pt.18.1401	34813
pt.18.1402	34814
pt.18.1403	34815
pt.18.1404	34816
pt.18.1405	34817
pt.18.1406	34818
pt.18.1407	34819
pt.18.1408	34820
pt.18.1409	34821
pt.18.1410	34822
pt.18.1411	34823
pt.18.1412	34824
pt.18.1413	34825
pt.18.1414	34826
pt.18.1415	34827
pt.18.1416	34828
pt.18.1417	34829
pt.18.1418	34830
pt.18.1419	34831
pt.18.1420	34832
pt.18.1421	34833
pt.19	34594
pt.19.1501	34834
pt.19.1502	34835
pt.19.1503	34836
pt.19.1504	34837
pt.19.1505	34838
pt.19.1506	34839
pt.19.1507	34840
pt.19.1508	34841
pt.19.1509	34842
pt.19.1510	34631
pt.19.1511	34843
pt.19.1512	34844
pt.19.1513	34845
pt.20	34606
pt.20.1601	34846
pt.20.1602	34847
pt.20.1603	34848
pt.20.1604	34849
pt.20.1605	34850
pt.20.1606	34851
pt.20.1607	34852
pt.20.1608	34853
pt.20.1609	34854
pt.20.1610	34855
pt.21	34605
pt.21.1701	34856
pt.21.1702	34857
pt.21.1703	34858
pt.21.1704	34859
pt.21.1705	34860
pt.21.1706	34861
pt.21.1707	34862
pt.21.1708	34863
pt.21.1709	34864
pt.21.1710	34865
pt.21.1711	34866
pt.21.1712	34867
pt.21.1713	34868
pt.21.1714	34869
pt.22	34604
pt.22.1801	34870
pt.22.1802	34630
pt.22.1803	34871
pt.22.1804	34872
pt.22.1805	34873
pt.22.1806	34874
pt.22.1807	34875
pt.22.1808	34876
pt.22.1809	34877
pt.22.1810	34878
pt.22.1811	34879
pt.22.1812	34880
pt.22.1813	34881
pt.22.1814	34882
pt.22.1815	34883
pt.22.1816	34884
pt.22.1817	34885
pt.22.1818	34886
pt.22.1819	34887
pt.22.1820	34888
pt.22.1821	34615
pt.22.1822	34889
pt.22.1823	34890
pt.22.1824	34891
pt.23	34613
pt.23.4101	34903
pt.23.4201	34904
pt.23.4202	34905
pt.23.4203	34906
pt.23.4204	34907
pt.23.4205	34908
pt.23.4206	34909
pt.23.4301	34910
pt.23.4302	34911
pt.23.4401	34912
pt.23.4501	34913
pt.23.4502	34914
pt.23.4601	34915
pt.23.4602	34916
pt.23.4603	34917
pt.23.4701	34918
pt.23.4801	34919
pt.23.4802	34920
pt.23.4901	34921
pw-002	34926
pw-004	34927
pw-010	34928
pw-050	34925
pw-100	34924
pw-150	34929
pw-212	34930
pw-214	34931
pw-218	34933
pw-222	34934
pw-224	34922
pw-226	34932
pw-227	34935
pw-228	34936
pw-350	34937
pw-370	34923
pw.01	34926
pw.02	34927
pw.03	34928
pw.04	34925
pw.05	34924
pw.06	34929
pw.06.7732470	34938
pw.07	34930
pw.08	34931
pw.09	34933
pw.10	34934
pw.11	34922
pw.12	34932
pw.13	34935
pw.14	34936
pw.15	34937
pw.16	34923
py-1	34947
py-10	34953
py-11	34948
py-12	34942
py-13	34952
py-14	34949
py-15	34940
py-16	34954
py-19	34956
py-2	34939
py-3	34946
py-4	34945
py-5	34951
py-6	34950
py-7	34944
py-8	34943
py-9	34941
py-asu	34955
py.01	34953
py.01.1001	35148
py.01.1002	35129
py.01.1003	34967
py.01.1004	35162
py.01.1005	35195
py.01.1006	35137
py.01.1007	35145
py.01.1008	35183
py.01.1009	35045
py.01.1010	34975
py.01.1011	35153
py.01.1012	35130
py.01.1013	35034
py.01.1014	35103
py.01.1015	35170
py.01.1016	34957
py.01.1017	34984
py.01.1018	34983
py.01.1019	35135
py.01.1020	34999
py.01.1021	35107
py.01.1022	35088
py.02	34952
py.02.1301	35123
py.02.1302	35196
py.02.1303	35013
py.02.1304	35037
py.04	34951
py.04.0501	34991
py.04.0502	35054
py.04.0503	35166
py.04.0504	34981
py.04.0505	35005
py.04.0506	35172
py.04.0507	34988
py.04.0508	35136
py.04.0509	35128
py.04.0510	35035
py.04.0511	35189
py.04.0512	35096
py.04.0513	34972
py.04.0514	35173
py.04.0515	35017
py.04.0516	35026
py.04.0517	35178
py.04.0518	35161
py.04.0519	34978
py.04.0520	35197
py.04.0521	35154
py.04.0522	35090
py.05	34950
py.05.0601	35186
py.05.0602	34974
py.05.0603	35039
py.05.0604	35029
py.05.0605	35081
py.05.0606	35139
py.05.0607	35040
py.05.0608	35059
py.05.0609	35124
py.05.0610	35117
py.05.0611	35184
py.06	34948
py.06.1101	35012
py.06.1102	34976
py.06.1103	35058
py.06.1104	35062
py.06.1105	35171
py.06.1106	35201
py.06.1107	35099
py.06.1108	35179
py.06.1109	35082
py.06.1110	35125
py.06.1111	35165
py.06.1112	35011
py.06.1113	34970
py.06.1114	35141
py.06.1115	35072
py.06.1116	35176
py.06.1117	35190
py.06.1118	35070
py.06.1119	35098
py.07	34947
py.07.0101	35066
py.07.0102	35093
py.07.0103	35163
py.07.0104	35105
py.07.0105	35138
py.07.0106	35133
py.07.0107	35048
py.07.0108	35122
py.07.0109	35031
py.08	34946
py.08.0301	35181
py.08.0302	35036
py.08.0303	35187
py.08.0304	35150
py.08.0305	35020
py.08.0306	35075
py.08.0307	35121
py.08.0308	34962
py.08.0309	35200
py.08.0310	35016
py.08.0311	35050
py.08.0312	35134
py.08.0313	35015
py.08.0314	35021
py.08.0315	35115
py.08.0316	35100
py.08.0317	35146
py.08.0318	35000
py.08.0319	35078
py.08.0320	35076
py.10	34945
py.10.0401	34966
py.10.0402	35091
py.10.0403	35008
py.10.0404	35094
py.10.0405	35174
py.10.0406	35055
py.10.0407	35144
py.10.0408	35168
py.10.0409	35199
py.10.0410	35065
py.10.0411	35159
py.10.0412	35004
py.10.0413	35022
py.10.0414	34968
py.10.0415	35188
py.10.0416	35102
py.10.0417	35073
py.10.0418	35057
py.11	34944
py.11.0701	35019
py.11.0702	35101
py.11.0703	35025
py.11.0704	35061
py.11.0705	35147
py.11.0706	35126
py.11.0707	35110
py.11.0708	34982
py.11.0709	35175
py.11.0710	35192
py.11.0711	35056
py.11.0712	35074
py.11.0713	35202
py.11.0714	35028
py.11.0715	34969
py.11.0716	35024
py.11.0717	34973
py.11.0718	35118
py.11.0719	34958
py.11.0720	34980
py.11.0721	35113
py.11.0722	35108
py.11.0723	35083
py.11.0724	35044
py.11.0725	35006
py.11.0726	35198
py.11.0727	35143
py.11.0728	34992
py.11.0729	35193
py.11.0730	35116
py.12	34943
py.12.0801	35120
py.12.0802	35089
py.12.0803	35041
py.12.0804	35030
py.12.0805	34961
py.12.0806	35052
py.12.0807	35185
py.12.0808	35109
py.12.0809	35067
py.12.0810	35111
py.13	34942
py.13.1201	35169
py.13.1202	34964
py.13.1203	35132
py.13.1204	34990
py.13.1205	34989
py.13.1206	35177
py.13.1207	35042
py.13.1208	34997
py.13.1209	35069
py.13.1210	35087
py.13.1211	34963
py.13.1212	35068
py.13.1213	34985
py.13.1214	35112
py.13.1215	35119
py.13.1216	35152
py.15	34941
py.15.0901	35046
py.15.0902	35010
py.15.0903	35080
py.15.0904	35051
py.15.0905	34986
py.15.0906	35155
py.15.0907	35095
py.15.0908	34995
py.15.0909	35038
py.15.0910	35127
py.15.0911	34965
py.15.0912	35009
py.15.0913	35156
py.15.0914	35079
py.15.0915	35064
py.15.0916	35007
py.15.0917	35164
py.16	34940
py.16.1502	35060
py.16.1503	35191
py.16.1504	34960
py.16.1505	35097
py.16.1506	35018
py.16.1507	35053
py.16.1508	35014
py.16.1509	35077
py.17	34939
py.17.0201	35157
py.17.0202	35182
py.17.0203	35114
py.17.0204	35151
py.17.0205	35140
py.17.0206	35071
py.17.0207	34994
py.17.0208	34959
py.17.0209	35131
py.17.0210	35142
py.17.0211	34977
py.17.0212	35049
py.17.0213	34971
py.17.0214	35106
py.17.0215	35032
py.17.0216	35047
py.17.0217	34993
py.17.0218	35194
py.17.0219	35167
py.17.0220	35027
py.19	34949
py.19.1401	34979
py.19.1402	35149
py.19.1403	35001
py.19.1404	35084
py.19.1405	35002
py.19.1406	35003
py.19.1407	34987
py.19.1408	35023
py.19.1409	35086
py.19.1410	34996
py.19.1411	35092
py.19.1412	35158
py.22	34955
py.22.0000	35085
py.23	34954
py.23.1701	35180
py.23.1702	35160
py.23.1704	35104
py.23.1705	35043
py.24	34956
py.24.1602	35063
py.24.1604	35033
py.24.1605	34998
qa-da	35207
qa-kh	35204
qa-ms	35203
qa-ra	35206
qa-sh	35210
qa-us	35205
qa-wa	35208
qa-za	35209
qa.01	35207
qa.04	35204
qa.06	35206
qa.08	35203
qa.09	35205
qa.10	35208
qa.13	35209
qa.14	35210
re.re	35211
re.re.974	35212
ro-ab	35253
ro-ag	35251
ro-ar	35252
ro-b	35244
ro-bc	35250
ro-bh	35249
ro-bn	35248
ro-br	35246
ro-bt	35247
ro-bv	35245
ro-bz	35243
ro-cj	35240
ro-cl	35242
ro-cs	35241
ro-ct	35239
ro-cv	35238
ro-db	35237
ro-dj	35236
ro-gj	35233
ro-gl	35235
ro-gr	35234
ro-hd	35231
ro-hr	35232
ro-if	35254
ro-il	35230
ro-is	35229
ro-mh	35227
ro-mm	35228
ro-ms	35226
ro-nt	35225
ro-ot	35224
ro-ph	35223
ro-sb	35220
ro-sj	35222
ro-sm	35221
ro-sv	35219
ro-tl	35216
ro-tm	35217
ro-tr	35218
ro-vl	35214
ro-vn	35213
ro-vs	35215
ro.01	35253
ro.01.1017	38031
ro.01.1071	37399
ro.01.1151	38025
ro.01.1213	38032
ro.01.1348	38033
ro.01.1455	37443
ro.01.1696	37237
ro.01.1794	38035
ro.01.1874	38034
ro.01.1936	35258
ro.01.2130	38007
ro.01.2309	37987
ro.01.2381	37950
ro.01.2577	37934
ro.01.2915	37915
ro.01.2988	37810
ro.01.3039	37767
ro.01.3397	37753
ro.01.3459	37631
ro.01.3761	37506
ro.01.3805	37497
ro.01.3841	37486
ro.01.3958	37482
ro.01.4008	37388
ro.01.4106	37446
ro.01.4142	37264
ro.01.4188	37278
ro.01.4240	37214
ro.01.4268	37127
ro.01.4302	37058
ro.01.4366	36977
ro.01.4482	36925
ro.01.4525	36920
ro.01.4703	36789
ro.01.4767	38047
ro.01.4927	36753
ro.01.4981	36735
ro.01.5103	36700
ro.01.5167	36636
ro.01.5210	36633
ro.01.5309	36612
ro.01.5336	36604
ro.01.5577	36520
ro.01.5700	36494
ro.01.5755	36476
ro.01.5826	36453
ro.01.6048	36364
ro.01.6119	36346
ro.01.6164	36338
ro.01.6217	36232
ro.01.6271	36395
ro.01.6397	36148
ro.01.6468	36135
ro.01.6547	36075
ro.01.6592	36026
ro.01.6627	36025
ro.01.6761	35993
ro.01.6930	35994
ro.01.6976	35932
ro.01.7044	35929
ro.01.7099	35898
ro.01.7197	35881
ro.01.7348	35798
ro.01.7384	35765
ro.01.7446	35722
ro.01.7767	35659
ro.01.7810	35829
ro.01.7865	35713
ro.01.7945	35700
ro.01.8014	35646
ro.01.8096	35591
ro.01.8158	35461
ro.01.8229	35964
ro.01.8354	35424
ro.01.8425	35370
ro.01.8826	35349
ro.01.9019	37224
ro.01.9026	37635
ro.02	35252
ro.02.10006	37781
ro.02.10051	37776
ro.02.10104	37769
ro.02.10195	37748
ro.02.10239	37664
ro.02.10293	37586
ro.02.10346	37547
ro.02.10373	37496
ro.02.10417	37460
ro.02.10453	38048
ro.02.10514	37285
ro.02.10532	37274
ro.02.10649	37178
ro.02.10701	37174
ro.02.10765	38049
ro.02.10827	37047
ro.02.10872	36937
ro.02.10916	36868
ro.02.10943	36841
ro.02.11058	36824
ro.02.11174	36825
ro.02.11236	36814
ro.02.11307	36752
ro.02.11352	36725
ro.02.11398	36602
ro.02.11423	36465
ro.02.11478	36444
ro.02.11502	36333
ro.02.11539	36263
ro.02.11584	36257
ro.02.11637	36254
ro.02.11664	36234
ro.02.11735	36219
ro.02.11762	36201
ro.02.11842	35884
ro.02.11940	35850
ro.02.11995	35841
ro.02.12037	35839
ro.02.12055	35768
ro.02.12091	35771
ro.02.12126	35727
ro.02.12144	35947
ro.02.12206	35843
ro.02.12224	35836
ro.02.12242	35826
ro.02.12288	35819
ro.02.12340	35812
ro.02.12368	35757
ro.02.12402	35751
ro.02.12457	35599
ro.02.12509	35549
ro.02.12572	35398
ro.02.12643	35354
ro.02.12689	35344
ro.02.12778	35281
ro.02.12812	35271
ro.02.12849	35264
ro.02.12876	35261
ro.02.12912	37131
ro.02.12920	38050
ro.02.12938	35280
ro.02.9262	38046
ro.02.9280	37031
ro.02.9333	36638
ro.02.9360	35724
ro.02.9397	35318
ro.02.9459	37459
ro.02.9495	37228
ro.02.9538	36740
ro.02.9574	38051
ro.02.9627	36408
ro.02.9654	36217
ro.02.9690	35856
ro.02.9743	37989
ro.02.9798	37966
ro.02.9832	37959
ro.02.9887	37847
ro.02.9930	37824
ro.03	35251
ro.03.13169	38038
ro.03.13187	37849
ro.03.13276	37689
ro.03.13301	36477
ro.03.13365	36561
ro.03.13392	35683
ro.03.13490	38039
ro.03.13524	35418
ro.03.13622	38040
ro.03.13668	37302
ro.03.13757	35527
ro.03.13819	38003
ro.03.13891	38002
ro.03.13935	37997
ro.03.13999	37971
ro.03.14049	37954
ro.03.14085	37928
ro.03.14165	37912
ro.03.14272	37886
ro.03.14352	37828
ro.03.14405	37812
ro.03.14450	38041
ro.03.14584	37743
ro.03.14673	37706
ro.03.14726	37705
ro.03.14753	37688
ro.03.14851	37616
ro.03.14922	37606
ro.03.14940	37579
ro.03.15064	37565
ro.03.15108	37563
ro.03.15233	37527
ro.03.15313	37504
ro.03.15402	37481
ro.03.15448	38042
ro.03.15493	37426
ro.03.15554	37423
ro.03.15652	37375
ro.03.15741	37344
ro.03.15830	37343
ro.03.15901	37313
ro.03.15983	37291
ro.03.16132	37241
ro.03.16285	37193
ro.03.16329	37172
ro.03.16365	37198
ro.03.16427	37157
ro.03.16454	37135
ro.03.16472	37105
ro.03.16506	37116
ro.03.16551	36899
ro.03.16613	36804
ro.03.16659	36803
ro.03.16739	36710
ro.03.16757	36661
ro.03.16908	36659
ro.03.16944	38043
ro.03.17049	36568
ro.03.17101	38044
ro.03.17209	36516
ro.03.17254	36508
ro.03.17334	36478
ro.03.17398	36470
ro.03.17423	38045
ro.03.17496	36436
ro.03.17575	36422
ro.03.17619	36410
ro.03.17726	36390
ro.03.17771	36361
ro.03.17824	36356
ro.03.17851	36221
ro.03.17913	36177
ro.03.17968	36176
ro.03.18028	36163
ro.03.18162	36143
ro.03.18242	36124
ro.03.18331	36056
ro.03.18411	36048
ro.03.18475	36013
ro.03.18527	35983
ro.03.18554	35941
ro.03.18581	35917
ro.03.18670	35874
ro.03.18741	35740
ro.03.18778	35678
ro.03.18858	35669
ro.03.18938	35664
ro.03.19007	35632
ro.03.19114	35688
ro.03.19141	35643
ro.03.19212	35592
ro.03.19249	35569
ro.03.19338	35546
ro.03.19392	35484
ro.03.19560	35469
ro.03.19631	35430
ro.03.19695	35428
ro.03.19793	35387
ro.03.19999	35321
ro.03.20048	36030
ro.03.20055	35288
ro.03.20063	37605
ro.04	35250
ro.04.20297	38052
ro.04.20313	36810
ro.04.20359	36653
ro.04.20411	36586
ro.04.20466	36550
ro.04.20563	36957
ro.04.20607	36021
ro.04.20670	35414
ro.04.20778	38053
ro.04.20821	38054
ro.04.20876	38055
ro.04.20910	38056
ro.04.20965	38057
ro.04.21007	38013
ro.04.21098	37957
ro.04.21123	37943
ro.04.21196	37894
ro.04.21249	37814
ro.04.21338	37813
ro.04.21418	37802
ro.04.21454	37774
ro.04.21506	37760
ro.04.21560	37739
ro.04.21597	37637
ro.04.21668	37604
ro.04.21720	36485
ro.04.21757	37574
ro.04.21855	37386
ro.04.21891	37366
ro.04.21971	37346
ro.04.22059	37289
ro.04.22111	37211
ro.04.22166	37197
ro.04.22237	38132
ro.04.22380	37144
ro.04.22460	37059
ro.04.22488	37041
ro.04.22576	37040
ro.04.22665	36985
ro.04.22718	36944
ro.04.22781	38120
ro.04.22834	36907
ro.04.22898	36812
ro.04.22941	36787
ro.04.23047	36775
ro.04.23127	36709
ro.04.23207	36645
ro.04.23289	38155
ro.04.23350	38089
ro.04.23387	36590
ro.04.23449	38088
ro.04.23494	36431
ro.04.23644	36385
ro.04.23715	36375
ro.04.23797	36335
ro.04.23868	38264
ro.04.23948	36321
ro.04.23975	36292
ro.04.24034	36279
ro.04.24089	36276
ro.04.24187	36285
ro.04.24276	36213
ro.04.24338	36211
ro.04.24427	36198
ro.04.24524	36178
ro.04.24631	36179
ro.04.24711	36085
ro.04.24766	36094
ro.04.24837	36089
ro.04.24999	35988
ro.04.25068	35897
ro.04.25148	35922
ro.04.25228	35891
ro.04.25291	35866
ro.04.25362	35851
ro.04.25488	35717
ro.04.25521	35693
ro.04.25629	35655
ro.04.25692	38391
ro.04.25745	35605
ro.04.25825	35552
ro.04.25861	35517
ro.04.25932	38152
ro.04.26029	35456
ro.04.26083	35413
ro.04.26118	38283
ro.04.26289	35265
ro.04.26320	35912
ro.04.26338	37628
ro.04.26346	38112
ro.04.26353	36343
ro.04.26361	36129
ro.04.26379	36719
ro.05	35249
ro.05.26564	38092
ro.05.26582	35784
ro.05.26653	38091
ro.05.26699	37996
ro.05.26742	37941
ro.05.26804	38123
ro.05.26840	38087
ro.05.26877	36553
ro.05.26920	38086
ro.05.26975	38415
ro.05.27007	35435
ro.05.27070	38036
ro.05.27169	38026
ro.05.27212	38114
ro.05.27285	37935
ro.05.27329	37895
ro.05.27383	37845
ro.05.27436	37790
ro.05.27506	37732
ro.05.27560	37714
ro.05.27631	37712
ro.05.27686	37669
ro.05.27757	37639
ro.05.27846	37610
ro.05.27908	37609
ro.05.27935	37599
ro.05.27971	37590
ro.05.28077	37578
ro.05.28139	37552
ro.05.28193	37537
ro.05.28246	37512
ro.05.28335	37509
ro.05.28415	37484
ro.05.28497	37479
ro.05.28530	37458
ro.05.28610	37398
ro.05.28665	37395
ro.05.28709	37444
ro.05.28763	37379
ro.05.28816	37353
ro.05.28889	37249
ro.05.28941	37231
ro.05.29001	37226
ro.05.29038	37184
ro.05.29092	37170
ro.05.29154	37156
ro.05.29243	37121
ro.05.29341	37115
ro.05.29403	37037
ro.05.29467	36919
ro.05.29519	38113
ro.05.29573	36792
ro.05.29662	36774
ro.05.29724	36739
ro.05.29760	36671
ro.05.29813	36673
ro.05.29902	38121
ro.05.29948	36620
ro.05.30014	36597
ro.05.30069	36592
ro.05.30149	36365
ro.05.30229	36332
ro.05.30274	36311
ro.05.30336	36224
ro.05.30416	36185
ro.05.30470	36152
ro.05.30568	36145
ro.05.30648	36095
ro.05.30719	36038
ro.05.30773	36028
ro.05.30844	35995
ro.05.30871	35968
ro.05.30915	35956
ro.05.30988	35945
ro.05.31011	35944
ro.05.31057	35811
ro.05.31128	35760
ro.05.31208	35702
ro.05.31262	35640
ro.05.31333	35807
ro.05.31379	35769
ro.05.31422	38106
ro.05.31510	38104
ro.05.31565	35613
ro.05.31609	35615
ro.05.31654	35598
ro.05.31716	35567
ro.05.31789	35562
ro.05.31841	35505
ro.05.31878	38110
ro.05.31921	35481
ro.05.31976	35441
ro.05.32027	35425
ro.05.32045	36270
ro.05.32090	35347
ro.05.32153	38253
ro.05.32161	36291
ro.05.32179	35779
ro.05.32187	35987
ro.05.32195	36960
ro.05.32201	38028
ro.06	35248
ro.06.179659	36382
ro.06.179686	37076
ro.06.179720	38254
ro.06.179944	38240
ro.06.179953	37452
ro.06.32394	38133
ro.06.32483	37832
ro.06.32544	38216
ro.06.32599	35789
ro.06.32633	37764
ro.06.32660	37671
ro.06.32704	37617
ro.06.32768	37613
ro.06.32811	37575
ro.06.32884	36052
ro.06.32955	37453
ro.06.33015	37469
ro.06.33122	37455
ro.06.33177	37316
ro.06.33202	37078
ro.06.33248	37050
ro.06.33275	36982
ro.06.33337	36745
ro.06.33364	36744
ro.06.33382	36690
ro.06.33435	36670
ro.06.33514	36657
ro.06.33541	38293
ro.06.33603	36613
ro.06.33621	36578
ro.06.33658	36536
ro.06.33729	36585
ro.06.33765	36547
ro.06.33845	36515
ro.06.33881	36492
ro.06.33952	36443
ro.06.33989	36369
ro.06.34075	36359
ro.06.34155	36273
ro.06.34173	38215
ro.06.34235	36111
ro.06.34262	36051
ro.06.34280	36049
ro.06.34333	36012
ro.06.34360	36001
ro.06.34397	35926
ro.06.34422	35813
ro.06.34477	35781
ro.06.34547	35704
ro.06.34618	35919
ro.06.34645	35825
ro.06.34690	35824
ro.06.34770	35823
ro.06.34850	35822
ro.06.34903	35767
ro.06.34985	35595
ro.06.35054	35590
ro.06.35090	35568
ro.06.35152	35551
ro.06.35269	35454
ro.06.35312	35453
ro.06.35429	35277
ro.07	35247
ro.07.35731	37698
ro.07.35759	38214
ro.07.35839	36090
ro.07.35884	35690
ro.07.35946	37201
ro.07.36006	38161
ro.07.36060	35886
ro.07.36131	37999
ro.07.36202	37937
ro.07.36300	37873
ro.07.36373	37684
ro.07.36426	37644
ro.07.36453	37636
ro.07.36499	37567
ro.07.36532	37357
ro.07.36569	37349
ro.07.36649	37336
ro.07.36676	37333
ro.07.36756	37324
ro.07.36809	37286
ro.07.36907	37253
ro.07.36952	37250
ro.07.37011	37183
ro.07.37057	37171
ro.07.37100	37163
ro.07.37173	37096
ro.07.37217	37075
ro.07.37280	37022
ro.07.37324	36997
ro.07.37397	36962
ro.07.37459	36886
ro.07.37547	36813
ro.07.37618	36820
ro.07.37672	38305
ro.07.37734	36801
ro.07.37770	36780
ro.07.37823	36762
ro.07.37850	36662
ro.07.37912	36618
ro.07.37958	36562
ro.07.38063	38084
ro.07.38161	36503
ro.07.38241	36495
ro.07.38321	36489
ro.07.38376	36463
ro.07.38456	36371
ro.07.38492	36289
ro.07.38544	36150
ro.07.38580	36130
ro.07.38633	38383
ro.07.38679	36054
ro.07.38731	36022
ro.07.38811	36008
ro.07.38848	36007
ro.07.38893	38265
ro.07.38982	35644
ro.07.39051	35641
ro.07.39122	35837
ro.07.39168	35682
ro.07.39220	35674
ro.07.39266	35543
ro.07.39328	35512
ro.07.39391	35511
ro.07.39417	35465
ro.07.39532	35460
ro.07.39612	35447
ro.07.39658	38388
ro.07.39694	35346
ro.07.39738	35323
ro.07.39792	35314
ro.07.39836	35301
ro.07.39872	35300
ro.07.39942	36629
ro.07.39959	37173
ro.07.39967	37438
ro.07.39975	37294
ro.07.39983	37754
ro.07.40035	38020
ro.08	35246
ro.08.42682	38140
ro.08.42708	37462
ro.08.42753	37053
ro.08.42771	35634
ro.08.42824	37860
ro.08.42842	37806
ro.08.42913	37719
ro.08.42968	37429
ro.08.43019	37415
ro.08.43073	37614
ro.08.43117	38187
ro.08.43180	36980
ro.08.43242	36964
ro.08.43279	36871
ro.08.43313	36853
ro.08.43331	36767
ro.08.43411	36738
ro.08.43466	36695
ro.08.43493	36559
ro.08.43563	36533
ro.08.43625	36474
ro.08.43652	36428
ro.08.43698	36084
ro.08.43732	36024
ro.08.43787	36006
ro.08.43812	35989
ro.08.43867	35936
ro.08.43929	35867
ro.08.43992	35816
ro.08.44060	35698
ro.08.44113	35635
ro.08.44140	35628
ro.08.44177	35576
ro.08.44202	35518
ro.08.44257	35510
ro.08.44300	35507
ro.08.44328	35471
ro.08.44355	38077
ro.08.44391	35442
ro.08.44435	35374
ro.08.44462	35337
ro.08.44505	35328
ro.08.44532	35267
ro.08.44560	37518
ro.09	35245
ro.09.40198	38027
ro.09.40214	36945
ro.09.40241	38141
ro.09.40278	38126
ro.09.40303	38406
ro.09.40367	38371
ro.09.40394	38122
ro.09.40438	38153
ro.09.40465	38095
ro.09.40492	35270
ro.09.40526	37967
ro.09.40544	37833
ro.09.40606	37747
ro.09.40633	37679
ro.09.40688	37611
ro.09.40704	37594
ro.09.40768	37530
ro.09.40820	37439
ro.09.40857	37363
ro.09.40900	37252
ro.09.40928	37083
ro.09.40955	37051
ro.09.40991	36993
ro.09.41033	36826
ro.09.41088	36816
ro.09.41113	36805
ro.09.41177	36795
ro.09.41248	36790
ro.09.41284	36702
ro.09.41346	36641
ro.09.41382	36593
ro.09.41417	36482
ro.09.41471	36455
ro.09.41541	36317
ro.09.41578	36212
ro.09.41621	36161
ro.09.41667	36126
ro.09.41701	38378
ro.09.41738	36047
ro.09.41818	35833
ro.09.41854	35799
ro.09.41925	35776
ro.09.41943	35728
ro.09.42003	35611
ro.09.42058	35587
ro.09.42076	35574
ro.09.42101	35485
ro.09.42156	35467
ro.09.42183	35400
ro.09.42236	35331
ro.09.42307	35312
ro.09.42398	35294
ro.09.42449	35800
ro.09.42456	37246
ro.09.42464	35810
ro.09.42472	36794
ro.09.42480	37100
ro.09.42498	38078
ro.10	35244
ro.10.179132	38435
ro.11	35243
ro.11.44818	37581
ro.11.44845	38426
ro.11.44863	37978
ro.11.44934	37880
ro.11.44989	37903
ro.11.45003	37837
ro.11.45101	37820
ro.11.45245	37768
ro.11.45334	37759
ro.11.45361	37729
ro.11.45389	38263
ro.11.45496	37693
ro.11.45539	37686
ro.11.45619	37662
ro.11.45673	37618
ro.11.45753	37557
ro.11.45815	37540
ro.11.45888	37553
ro.11.45959	37526
ro.11.46019	37492
ro.11.46108	37471
ro.11.46180	37466
ro.11.46251	37448
ro.11.46313	37406
ro.11.46377	37380
ro.11.46439	38241
ro.11.46484	37301
ro.11.46554	37284
ro.11.46769	36978
ro.11.46803	36954
ro.11.46830	36952
ro.11.46867	36904
ro.11.46910	36903
ro.11.47006	36865
ro.11.47079	36834
ro.11.47159	36677
ro.11.47186	36632
ro.11.47300	36627
ro.11.47337	36587
ro.11.47373	36560
ro.11.47417	36555
ro.11.47453	36527
ro.11.47578	36501
ro.11.47630	36479
ro.11.47774	36429
ro.11.47818	36413
ro.11.47854	36406
ro.11.47916	36380
ro.11.48021	36345
ro.11.48138	36295
ro.11.48165	36277
ro.11.48227	36286
ro.11.48325	36269
ro.11.48487	36223
ro.11.48557	36210
ro.11.48682	38213
ro.11.48744	36169
ro.11.48771	38396
ro.11.48842	36106
ro.11.48922	36080
ro.11.48968	36023
ro.11.49019	36014
ro.11.49046	35972
ro.11.49073	35949
ro.11.49153	35946
ro.11.49206	35915
ro.11.49233	35901
ro.11.49313	35865
ro.11.49439	35861
ro.11.49484	35755
ro.11.49545	35734
ro.11.49625	35677
ro.11.49643	38311
ro.11.49769	35530
ro.11.49849	35559
ro.11.49894	35475
ro.11.49956	35440
ro.11.50022	38403
ro.11.50068	35416
ro.11.50102	35381
ro.11.50228	35351
ro.11.50326	35348
ro.11.50399	35363
ro.11.50415	35269
ro.11.50479	35262
ro.11.50549	35464
ro.11.50564	37017
ro.12	35241
ro.12.50790	38350
ro.12.50889	38196
ro.12.50923	38299
ro.12.50969	38267
ro.12.50987	38315
ro.12.51010	38162
ro.12.51056	38345
ro.12.51118	38130
ro.12.51207	36304
ro.12.51243	37947
ro.12.51305	37866
ro.12.51332	37840
ro.12.51387	38354
ro.12.51449	37804
ro.12.51500	37803
ro.12.51546	37724
ro.12.51573	37695
ro.12.51626	37657
ro.12.51662	37656
ro.12.51699	37633
ro.12.51751	37626
ro.12.51804	37546
ro.12.51840	37543
ro.12.51877	37356
ro.12.51948	37450
ro.12.51984	37403
ro.12.52035	37400
ro.12.52062	37352
ro.12.52115	37330
ro.12.52160	37329
ro.12.52570	37213
ro.12.52650	37146
ro.12.52696	37143
ro.12.52721	37137
ro.12.52758	37066
ro.12.52785	37026
ro.12.52856	37011
ro.12.52909	36916
ro.12.52936	36905
ro.12.52954	38322
ro.12.52990	36876
ro.12.53023	36772
ro.12.53069	36679
ro.12.53103	36678
ro.12.53130	36611
ro.12.53167	36606
ro.12.53210	36556
ro.12.53247	36535
ro.12.53274	36531
ro.12.53327	36530
ro.12.53345	36405
ro.12.53372	36351
ro.12.53425	38306
ro.12.53489	36242
ro.12.53513	36155
ro.12.53577	36123
ro.12.53639	36067
ro.12.53675	36092
ro.12.53700	38128
ro.12.53728	35974
ro.12.53755	35957
ro.12.53791	35900
ro.12.53853	35827
ro.12.54056	35748
ro.12.54109	35726
ro.12.54163	35710
ro.12.54270	35584
ro.12.54305	35573
ro.12.54350	35550
ro.12.54387	35531
ro.12.54412	35491
ro.12.54485	35404
ro.12.54500	35399
ro.12.54537	35382
ro.12.54573	35297
ro.12.54617	35266
ro.12.54699	35256
ro.13	35240
ro.13.54975	38387
ro.13.55008	38129
ro.13.55062	37225
ro.13.55106	38320
ro.13.55160	36518
ro.13.55259	35494
ro.13.55277	36496
ro.13.55311	35921
ro.13.55357	38429
ro.13.55384	38324
ro.13.55446	36779
ro.13.55473	38012
ro.13.55598	38008
ro.13.55623	37983
ro.13.55687	37968
ro.13.55776	37942
ro.13.55838	37921
ro.13.55918	37911
ro.13.56014	37825
ro.13.56096	37751
ro.13.56210	37723
ro.13.56265	37711
ro.13.56327	37582
ro.13.56354	37576
ro.13.56425	37568
ro.13.56461	37566
ro.13.56522	37555
ro.13.56568	38182
ro.13.56666	37533
ro.13.56773	37525
ro.13.56844	37515
ro.13.56988	37470
ro.13.57083	37456
ro.13.57163	37404
ro.13.57225	37389
ro.13.57314	37405
ro.13.57350	37371
ro.13.57449	37327
ro.13.57546	37220
ro.13.57582	37049
ro.13.57644	37023
ro.13.57706	37019
ro.13.57742	37007
ro.13.57831	36965
ro.13.57902	36929
ro.13.57948	38375
ro.13.58008	36765
ro.13.58142	36759
ro.13.58204	36707
ro.13.58259	36689
ro.13.58311	36621
ro.13.58357	38421
ro.13.58393	36483
ro.13.58464	36554
ro.13.58534	36548
ro.13.58552	36480
ro.13.58623	36457
ro.13.58721	36447
ro.13.58794	38206
ro.13.58856	36281
ro.13.58918	38127
ro.13.58990	36191
ro.13.59041	36173
ro.13.59130	36045
ro.13.59238	36020
ro.13.59283	35955
ro.13.59327	35888
ro.13.59416	35828
ro.13.59434	35796
ro.13.59498	35783
ro.13.59586	35777
ro.13.59657	35651
ro.13.59693	38307
ro.13.59764	35493
ro.13.59826	35624
ro.13.59880	35466
ro.13.59942	35446
ro.13.60026	35427
ro.13.60062	35367
ro.13.60099	35290
ro.13.60169	36389
ro.14	35239
ro.14.60419	38100
ro.14.60455	38107
ro.14.60482	38373
ro.14.60507	36396
ro.14.60534	38109
ro.14.60570	38011
ro.14.60598	37126
ro.14.60632	36648
ro.14.60687	36300
ro.14.60721	35486
ro.14.60776	38166
ro.14.60801	38342
ro.14.60847	38173
ro.14.60883	38022
ro.14.60945	38005
ro.14.61005	37993
ro.14.61069	37869
ro.14.61121	37532
ro.14.61167	37498
ro.14.61210	37465
ro.14.61256	37435
ro.14.61283	37428
ro.14.61318	37382
ro.14.61372	37373
ro.14.61452	37365
ro.14.61513	37340
ro.14.61559	37245
ro.14.61620	37233
ro.14.61675	37190
ro.14.61737	37154
ro.14.61808	36917
ro.14.61826	36940
ro.14.61871	36743
ro.14.61951	36734
ro.14.62020	36721
ro.14.62057	36646
ro.14.62137	36526
ro.14.62191	36500
ro.14.62253	36497
ro.14.62280	36475
ro.14.62360	38108
ro.14.62397	36381
ro.14.62440	36377
ro.14.62486	36329
ro.14.62538	36309
ro.14.62609	36282
ro.14.62672	36256
ro.14.62707	36240
ro.14.62761	36188
ro.14.62798	36062
ro.14.62823	35914
ro.14.62878	35961
ro.14.62903	35845
ro.14.62949	35817
ro.14.62985	35553
ro.14.63045	35533
ro.14.63072	35525
ro.14.63125	35403
ro.14.63152	38184
ro.14.63161	37085
ro.14.63170	35286
ro.14.63189	35523
ro.14.63198	38325
ro.14.63278	36786
ro.14.63286	38247
ro.14.63294	37861
ro.14.63300	38423
ro.14.63318	35930
ro.14.63326	36877
ro.14.63334	37033
ro.15	35238
ro.15.63394	38225
ro.15.63447	37859
ro.15.63526	38251
ro.15.63553	37362
ro.15.63580	36736
ro.15.63633	37853
ro.15.63688	35750
ro.15.63740	38275
ro.15.63777	38009
ro.15.63802	37846
ro.15.63866	37827
ro.15.63893	37745
ro.15.63937	37713
ro.15.64005	37667
ro.15.64041	37687
ro.15.64096	37654
ro.15.64130	37529
ro.15.64194	37494
ro.15.64238	37474
ro.15.64265	37162
ro.15.64318	36958
ro.15.64345	36948
ro.15.64390	36828
ro.15.64425	36748
ro.15.64461	36664
ro.15.64504	36573
ro.15.64568	36459
ro.15.64602	36334
ro.15.64639	36299
ro.15.64719	36168
ro.15.64773	36044
ro.15.64826	35763
ro.15.64871	35492
ro.15.64906	35431
ro.15.64942	35365
ro.15.64997	35343
ro.15.65011	35278
ro.15.65048	35282
ro.15.65099	35419
ro.15.65105	36524
ro.15.65113	37958
ro.15.65121	38227
ro.15.65139	36514
ro.15.65147	37212
ro.15.65154	37067
ro.16	35237
ro.16.101341	37650
ro.16.101564	37585
ro.16.101840	37433
ro.16.102286	37267
ro.16.104387	36373
ro.16.105142	35735
ro.16.105534	35610
ro.16.179640	35292
ro.16.179711	35325
ro.16.179891	36087
ro.16.179908	36227
ro.16.179917	36018
ro.16.179926	36065
ro.16.179935	36244
ro.16.65342	38070
ro.16.65379	37972
ro.16.65413	37142
ro.16.65431	36057
ro.16.65477	35709
ro.16.65501	35473
ro.16.65609	37044
ro.16.65645	36434
ro.16.65681	38069
ro.16.65707	36842
ro.16.65752	36237
ro.16.65841	38068
ro.16.65869	37074
ro.16.65921	38067
ro.16.66009	37676
ro.16.66081	35544
ro.16.66152	37673
ro.16.66198	37889
ro.16.66223	37856
ro.16.66330	37798
ro.16.66401	37787
ro.16.66438	37630
ro.16.66474	37621
ro.16.66526	37436
ro.16.66580	37381
ro.16.66697	37372
ro.16.66731	37359
ro.16.66768	37354
ro.16.66857	37342
ro.16.66955	37331
ro.16.67014	37328
ro.16.67121	37297
ro.16.67167	37259
ro.16.67256	37199
ro.16.67292	37161
ro.16.67327	37113
ro.16.67407	37109
ro.16.67470	37036
ro.16.67522	36902
ro.16.67595	36839
ro.16.67648	36835
ro.16.67675	36778
ro.16.67737	38119
ro.16.67773	36628
ro.16.67835	36626
ro.16.67906	36607
ro.16.67942	36569
ro.16.68002	36563
ro.16.68048	36539
ro.16.68128	36452
ro.16.68182	36441
ro.16.68253	36440
ro.16.68280	36362
ro.16.68324	36347
ro.16.68342	36344
ro.16.68404	36220
ro.16.68431	36167
ro.16.68468	36132
ro.16.68529	36116
ro.16.68565	36109
ro.16.68627	36093
ro.16.68716	35977
ro.16.68789	35933
ro.16.68887	35842
ro.16.68921	35607
ro.16.68976	35478
ro.16.69063	35423
ro.16.69170	35420
ro.16.69250	35448
ro.16.69303	35406
ro.16.69330	35334
ro.16.69394	35332
ro.16.69447	35345
ro.16.69526	35309
ro.16.69615	35293
ro.17	35236
ro.17.69900	38059
ro.17.69964	37623
ro.17.70094	36724
ro.17.70110	36184
ro.17.70174	35804
ro.17.70316	38060
ro.17.70352	38061
ro.17.70414	37042
ro.17.70502	35849
ro.17.70520	38015
ro.17.70566	37990
ro.17.70637	37980
ro.17.70673	37979
ro.17.70726	37965
ro.17.70744	37953
ro.17.70879	37836
ro.17.70897	37765
ro.17.70940	37782
ro.17.70968	37697
ro.17.70986	37694
ro.17.71055	37691
ro.17.71126	37680
ro.17.71199	37666
ro.17.71260	37663
ro.17.71340	37598
ro.17.71457	37561
ro.17.71518	37544
ro.17.71536	37538
ro.17.71572	37531
ro.17.71607	37569
ro.17.71634	37508
ro.17.71698	37500
ro.17.71723	37493
ro.17.71787	37483
ro.17.71812	37419
ro.17.71858	37391
ro.17.71885	37305
ro.17.71910	37288
ro.17.71956	37203
ro.17.72007	37219
ro.17.72034	37182
ro.17.72052	37169
ro.17.72098	37158
ro.17.72150	37103
ro.17.72221	37094
ro.17.72276	37054
ro.17.72383	36974
ro.17.72409	36953
ro.17.72463	36930
ro.17.72506	36913
ro.17.72533	36909
ro.17.72579	36927
ro.17.72604	36894
ro.17.72640	36892
ro.17.72677	36897
ro.17.72819	36862
ro.17.72882	35982
ro.17.72926	36652
ro.17.72953	36643
ro.17.72980	36601
ro.17.73013	36600
ro.17.73031	36589
ro.17.73068	36570
ro.17.73102	36529
ro.17.73246	36464
ro.17.73317	36467
ro.17.73335	36433
ro.17.73371	36415
ro.17.73460	36392
ro.17.73503	36316
ro.17.73567	36307
ro.17.73594	36246
ro.17.73629	36228
ro.17.73665	36205
ro.17.73709	36202
ro.17.73736	36162
ro.17.73772	36127
ro.17.73852	36072
ro.17.73905	36059
ro.17.73923	36015
ro.17.73996	35954
ro.17.74028	35931
ro.17.74073	35883
ro.17.74108	35858
ro.17.74135	35857
ro.17.74171	35853
ro.17.74224	35815
ro.17.74242	35711
ro.17.74322	35594
ro.17.74359	35583
ro.17.74411	37707
ro.17.74509	35506
ro.17.74536	38218
ro.17.74554	35450
ro.17.74581	37771
ro.17.74616	35386
ro.17.74705	35385
ro.17.74732	35339
ro.17.74750	35338
ro.17.74842	37528
ro.17.74859	38066
ro.17.74867	37410
ro.17.74875	37287
ro.17.74883	37151
ro.17.74891	38065
ro.17.74907	38064
ro.17.74915	36938
ro.17.74923	36737
ro.17.74931	36200
ro.17.74949	36009
ro.17.74956	35620
ro.18	35235
ro.18.75098	38105
ro.18.75114	35838
ro.18.75150	35361
ro.18.75203	38134
ro.18.75221	37122
ro.18.75258	36419
ro.18.75338	37815
ro.18.75356	38156
ro.18.75472	37603
ro.18.75515	37852
ro.18.75542	37905
ro.18.75613	37897
ro.18.75668	37890
ro.18.75686	37868
ro.18.75711	37672
ro.18.75766	37681
ro.18.75819	37629
ro.18.75864	37522
ro.18.75917	37488
ro.18.75953	37322
ro.18.76004	37325
ro.18.76040	37309
ro.18.76111	37304
ro.18.76139	37240
ro.18.76157	37238
ro.18.76175	37099
ro.18.76255	37025
ro.18.76282	37013
ro.18.76317	36996
ro.18.76353	36991
ro.18.76406	36947
ro.18.76497	36893
ro.18.76558	36856
ro.18.76585	36741
ro.18.76601	36717
ro.18.76638	36692
ro.18.76674	36649
ro.18.76692	36538
ro.18.76718	36541
ro.18.76745	36426
ro.18.76763	36403
ro.18.76807	36372
ro.18.76932	36357
ro.18.76969	36258
ro.18.76996	36206
ro.18.77028	36121
ro.18.77082	36042
ro.18.77126	35873
ro.18.77153	35877
ro.18.77180	35737
ro.18.77224	35733
ro.18.77260	35730
ro.18.77288	38382
ro.18.77313	35509
ro.18.77331	35502
ro.18.77377	35586
ro.18.77402	35470
ro.18.77475	38338
ro.18.77509	35342
ro.18.77536	35320
ro.18.77561	36076
ro.18.77579	36383
ro.18.77587	36166
ro.18.77595	37221
ro.18.77601	38300
ro.19	35233
ro.19.77812	38266
ro.19.77910	37888
ro.19.78016	38136
ro.19.78089	35497
ro.19.78141	38416
ro.19.78258	36363
ro.19.78329	35556
ro.19.78454	35575
ro.19.78472	38006
ro.19.78542	37992
ro.19.78604	37973
ro.19.78668	37960
ro.19.78711	37913
ro.19.78748	37898
ro.19.78828	37858
ro.19.78873	38079
ro.19.78926	37821
ro.19.79004	38332
ro.19.79077	38427
ro.19.79157	37721
ro.19.79237	37677
ro.19.79308	37597
ro.19.79362	37596
ro.19.79406	38137
ro.19.79497	37549
ro.19.79585	37524
ro.19.79656	37392
ro.19.79736	37445
ro.19.79834	37273
ro.19.79932	37242
ro.19.80043	37209
ro.19.80123	37206
ro.19.80249	37102
ro.19.80285	38259
ro.19.80365	38393
ro.19.80427	36898
ro.19.80506	36776
ro.19.80560	36732
ro.19.80613	36687
ro.19.80677	36666
ro.19.80711	36651
ro.19.80766	36634
ro.19.80846	36540
ro.19.80908	36411
ro.19.80980	36391
ro.19.81095	36297
ro.19.81184	36239
ro.19.81264	36194
ro.19.81380	36153
ro.19.81415	36122
ro.19.81497	38073
ro.19.81576	35979
ro.19.81656	35925
ro.19.81754	35960
ro.19.81816	35890
ro.19.81861	35870
ro.19.81987	35878
ro.19.82047	35743
ro.19.82136	35695
ro.19.82243	38245
ro.19.82314	35666
ro.19.82396	35588
ro.19.82430	35547
ro.19.82555	35499
ro.19.82617	35498
ro.19.82680	35560
ro.19.82733	35459
ro.19.82779	35438
ro.19.82831	35317
ro.19.82895	38139
ro.20	35232
ro.20.83133	38154
ro.20.83151	37690
ro.20.83197	37048
ro.20.83320	38063
ro.20.83375	38384
ro.20.83428	38138
ro.20.83464	38343
ro.20.83491	38197
ro.20.83525	38355
ro.20.83561	38062
ro.20.83632	38424
ro.20.83749	35315
ro.20.83785	37938
ro.20.83847	37936
ro.20.83936	37789
ro.20.83963	37551
ro.20.83981	37402
ro.20.84086	37396
ro.20.84102	37408
ro.20.84148	37338
ro.20.84175	37317
ro.20.84237	37205
ro.20.84264	37192
ro.20.84344	37165
ro.20.84380	37168
ro.20.84415	37000
ro.20.84460	36981
ro.20.84558	36691
ro.20.84594	36674
ro.20.84629	36623
ro.20.84656	36615
ro.20.84754	36614
ro.20.84825	36605
ro.20.84923	36544
ro.20.85056	36523
ro.20.85074	36504
ro.20.85127	36420
ro.20.85243	36350
ro.20.85289	38420
ro.20.85341	36131
ro.20.85412	36037
ro.20.85467	35963
ro.20.85528	35907
ro.20.85582	38115
ro.20.85626	38278
ro.20.85680	35797
ro.20.85760	35794
ro.20.85788	35785
ro.20.85840	35773
ro.20.85877	35650
ro.20.85920	35631
ro.20.85984	35803
ro.20.86133	35504
ro.20.86188	35488
ro.20.86222	35479
ro.20.86311	35393
ro.20.86339	35298
ro.20.86366	35263
ro.20.86438	36599
ro.20.86446	37282
ro.20.86453	35538
ro.20.86461	38124
ro.20.86479	36665
ro.20.86487	36137
ro.20.86495	36079
ro.20.86501	35894
ro.20.86519	35764
ro.21	35231
ro.21.86687	38158
ro.21.86749	37414
ro.21.86810	38385
ro.21.86883	36959
ro.21.86936	38401
ro.21.86990	38331
ro.21.87059	38075
ro.21.87077	38313
ro.21.87139	35455
ro.21.87175	38272
ro.21.87219	37970
ro.21.87246	37864
ro.21.87291	38146
ro.21.87362	37257
ro.21.87424	37571
ro.21.87576	38309
ro.21.87638	38151
ro.21.87665	38150
ro.21.87745	37914
ro.21.87843	37882
ro.21.87996	37850
ro.21.88047	37922
ro.21.88092	37910
ro.21.88216	37842
ro.21.88261	37808
ro.21.88350	37757
ro.21.88449	37708
ro.21.88546	37675
ro.21.88644	37653
ro.21.88788	37634
ro.21.88868	37619
ro.21.88920	38234
ro.21.89026	37591
ro.21.89080	37588
ro.21.89151	37499
ro.21.89240	37489
ro.21.89348	37186
ro.21.89428	37160
ro.21.89561	36963
ro.21.89687	36836
ro.21.89801	36817
ro.21.89856	36749
ro.21.89954	38085
ro.21.90066	36667
ro.21.90119	38286
ro.21.90208	38304
ro.21.90262	36545
ro.21.90342	36324
ro.21.90431	38149
ro.21.90538	36103
ro.21.90663	36066
ro.21.90725	36088
ro.21.90805	36031
ro.21.90878	36017
ro.21.90994	36002
ro.21.91054	35904
ro.21.91116	38327
ro.21.91232	35772
ro.21.91330	35720
ro.21.91447	35539
ro.21.91535	35529
ro.21.91624	35522
ro.21.91688	35495
ro.21.91731	35462
ro.21.91795	38212
ro.21.91937	35405
ro.21.91982	35379
ro.21.92097	35299
ro.21.92177	35275
ro.22	35230
ro.22.100683	38280
ro.22.100709	37427
ro.22.100736	36566
ro.22.100754	38019
ro.22.100852	37994
ro.22.100870	37948
ro.22.100923	37931
ro.22.101056	37855
ro.22.101243	36069
ro.22.102240	37314
ro.22.102641	37112
ro.22.102703	37093
ro.22.102749	37043
ro.22.103283	36924
ro.22.103862	36730
ro.22.103960	36697
ro.22.104270	36424
ro.22.105026	35766
ro.22.105794	35422
ro.22.179702	35519
ro.22.179784	37722
ro.22.179793	37608
ro.22.179800	36580
ro.22.179819	36340
ro.22.179828	35990
ro.22.179971	37369
ro.22.179980	36557
ro.22.179999	36446
ro.22.180000	36203
ro.22.180019	35911
ro.22.180046	36840
ro.22.180064	38164
ro.22.92658	35742
ro.22.92701	38376
ro.22.92765	35625
ro.22.92783	38004
ro.22.92836	38148
ro.22.92872	37977
ro.22.92907	37900
ro.22.92989	37717
ro.22.93021	37620
ro.22.93067	37520
ro.22.93101	37430
ro.22.93156	37397
ro.22.93209	37378
ro.22.93236	37312
ro.22.93575	37065
ro.22.93600	38165
ro.22.93628	36956
ro.22.93646	36910
ro.22.93717	36859
ro.22.93735	36857
ro.22.93995	36499
ro.22.94045	36487
ro.22.94081	36430
ro.22.94107	36418
ro.22.94161	36248
ro.22.94269	36032
ro.22.94330	35934
ro.22.94376	35887
ro.22.94429	35872
ro.22.94456	35831
ro.22.94492	38316
ro.22.94535	35647
ro.22.94688	35432
ro.22.94795	35326
ro.23	35229
ro.23.100004	38340
ro.23.100086	35358
ro.23.100148	35324
ro.23.100219	35308
ro.23.100273	37883
ro.23.100282	37298
ro.23.100308	37098
ro.23.100317	37029
ro.23.100326	36815
ro.23.100335	36091
ro.23.100344	35998
ro.23.100353	38195
ro.23.100362	38337
ro.23.95060	38268
ro.23.95088	37777
ro.23.95159	36793
ro.23.95239	36040
ro.23.95293	35537
ro.23.95355	36806
ro.23.95391	38432
ro.23.95471	35555
ro.23.95499	38326
ro.23.95612	38186
ro.23.95667	37974
ro.23.95747	37946
ro.23.95792	37877
ro.23.95872	37830
ro.23.95943	37763
ro.23.96003	38231
ro.23.96058	37685
ro.23.96110	37587
ro.23.96147	37503
ro.23.96192	37418
ro.23.96254	37390
ro.23.96334	37384
ro.23.96370	38352
ro.23.96423	37295
ro.23.96478	37290
ro.23.96593	37280
ro.23.96637	37254
ro.23.96664	38163
ro.23.96717	37216
ro.23.96815	37188
ro.23.96888	37149
ro.23.96904	37140
ro.23.96940	37079
ro.23.97009	37070
ro.23.97063	37016
ro.23.97090	36891
ro.23.97189	36887
ro.23.97241	36870
ro.23.97321	36852
ro.23.97394	36848
ro.23.97438	36827
ro.23.97465	36811
ro.23.97517	36784
ro.23.97553	36727
ro.23.97606	36658
ro.23.97679	36655
ro.23.97722	36609
ro.23.97777	36596
ro.23.97811	36473
ro.23.97875	36471
ro.23.97919	38395
ro.23.98051	36469
ro.23.98113	36451
ro.23.98168	38143
ro.23.98202	36437
ro.23.98220	36432
ro.23.98257	36425
ro.23.98300	36305
ro.23.98337	36189
ro.23.98373	36180
ro.23.98435	36146
ro.23.98505	36141
ro.23.98603	36120
ro.23.98649	36117
ro.23.98685	36070
ro.23.98738	36004
ro.23.98774	35980
ro.23.98827	35875
ro.23.98916	35871
ro.23.98998	35869
ro.23.99058	35792
ro.23.99101	35758
ro.23.99165	35665
ro.23.99209	35654
ro.23.99290	35880
ro.23.99370	35762
ro.23.99441	35616
ro.23.99478	35601
ro.23.99539	38377
ro.23.99600	35514
ro.23.99673	35579
ro.23.99780	35578
ro.23.99879	35571
ro.23.99922	35487
ro.23.99968	35412
ro.25	35228
ro.25.106318	38412
ro.25.106363	36850
ro.25.106407	36046
ro.25.106461	35597
ro.25.106559	38394
ro.25.106620	35913
ro.25.106648	35445
ro.25.106684	38181
ro.25.106746	37710
ro.25.106782	37521
ro.25.106817	35554
ro.25.106979	38198
ro.25.107001	37955
ro.25.107047	37949
ro.25.107083	37940
ro.25.107118	37909
ro.25.107154	37908
ro.25.107190	37848
ro.25.107234	37796
ro.25.107270	37766
ro.25.107314	37775
ro.25.107350	37749
ro.25.107403	37236
ro.25.107430	37730
ro.25.107485	37701
ro.25.107519	37612
ro.25.107546	37562
ro.25.107582	37491
ro.25.107662	37451
ro.25.107715	37441
ro.25.107733	37348
ro.25.107868	37321
ro.25.107920	37232
ro.25.107975	37181
ro.25.108017	37106
ro.25.108035	37081
ro.25.108106	37056
ro.25.108151	36912
ro.25.108204	36754
ro.25.108222	36681
ro.25.108240	36660
ro.25.108268	36472
ro.25.108348	36449
ro.25.108366	36355
ro.25.108400	36348
ro.25.108455	36233
ro.25.108473	36156
ro.25.108491	36036
ro.25.108552	36034
ro.25.108598	36033
ro.25.108614	36000
ro.25.108632	35999
ro.25.108669	35985
ro.25.108696	35973
ro.25.108712	35895
ro.25.108794	35967
ro.25.108874	35962
ro.25.108892	35928
ro.25.108918	35927
ro.25.108945	35916
ro.25.108963	35844
ro.25.109005	35658
ro.25.109041	35648
ro.25.109096	35753
ro.25.109176	35716
ro.25.109265	35474
ro.25.109354	35433
ro.25.109425	38170
ro.25.109504	35336
ro.25.179604	38430
ro.25.179613	38094
ro.25.179622	36851
ro.25.179837	37383
ro.25.179846	38246
ro.25.179855	38242
ro.25.179864	36328
ro.26	35227
ro.26.109773	38171
ro.26.109826	35808
ro.26.109924	37916
ro.26.110027	36353
ro.26.110063	38433
ro.26.110116	38273
ro.26.110232	35352
ro.26.110296	37907
ro.26.110456	37881
ro.26.110535	37901
ro.26.110571	37792
ro.26.110688	37784
ro.26.110740	37652
ro.26.110820	37651
ro.26.110875	37643
ro.26.110946	37589
ro.26.111006	37584
ro.26.111097	37519
ro.26.111220	37416
ro.26.111275	37337
ro.26.111417	37334
ro.26.111444	37235
ro.26.111480	37180
ro.26.111550	37166
ro.26.111587	38298
ro.26.111685	37021
ro.26.111783	36918
ro.26.111818	36900
ro.26.111863	36895
ro.26.111916	36861
ro.26.111989	36849
ro.26.112030	36847
ro.26.112076	36807
ro.26.112129	36773
ro.26.112245	38392
ro.26.112263	36746
ro.26.112334	38224
ro.26.112370	36720
ro.26.112469	36708
ro.26.112548	38255
ro.26.112600	38098
ro.26.112664	36572
ro.26.112744	38102
ro.26.112771	36325
ro.26.112806	36296
ro.26.112879	36267
ro.26.112904	38125
ro.26.112959	36183
ro.26.112995	36149
ro.26.113153	36140
ro.26.113206	36118
ro.26.113233	36110
ro.26.113395	36101
ro.26.113466	36010
ro.26.113493	35938
ro.26.113518	35675
ro.26.113607	35627
ro.26.113625	35752
ro.26.113698	35707
ro.26.113732	35563
ro.26.113849	35362
ro.26.113894	35353
ro.26.113929	35327
ro.26.113974	35304
ro.26.114060	37674
ro.26.114079	35296
ro.27	35226
ro.27.114319	38180
ro.27.114355	37255
ro.27.114382	35795
ro.27.114417	35791
ro.27.114453	35770
ro.27.114514	38409
ro.27.114603	38001
ro.27.114710	36624
ro.27.114809	38261
ro.27.114854	38296
ro.27.114925	38179
ro.27.114970	38024
ro.27.115076	38021
ro.27.115147	37984
ro.27.115183	37964
ro.27.115236	38232
ro.27.115307	37919
ro.27.115389	37871
ro.27.115520	37843
ro.27.115575	38408
ro.27.115600	37906
ro.27.115637	37896
ro.27.115708	38431
ro.27.115771	37793
ro.27.115824	37744
ro.27.115851	37661
ro.27.115897	37647
ro.27.115959	37513
ro.27.116046	37478
ro.27.116126	38178
ro.27.116171	37319
ro.27.116224	37283
ro.27.116288	37277
ro.27.116340	37276
ro.27.116395	38281
ro.27.116439	37239
ro.27.116493	37207
ro.27.116545	37191
ro.27.116590	37069
ro.27.116652	37068
ro.27.116723	37060
ro.27.116796	37030
ro.27.116867	36976
ro.27.116938	36971
ro.27.116983	36961
ro.27.117042	36939
ro.27.117113	36901
ro.27.117177	36884
ro.27.117275	36863
ro.27.117319	36830
ro.27.117426	36799
ro.27.117505	36797
ro.27.117550	36761
ro.27.117667	36760
ro.27.117783	36756
ro.27.117827	36755
ro.27.117925	38317
ro.27.117998	36619
ro.27.118058	36616
ro.27.118094	36591
ro.27.118209	36519
ro.27.118281	36511
ro.27.118370	36493
ro.27.118469	36409
ro.27.118511	36394
ro.27.118575	36341
ro.27.118637	36280
ro.27.118691	36284
ro.27.118753	36272
ro.27.118799	36238
ro.27.118824	36171
ro.27.118931	36060
ro.27.118995	36029
ro.27.119153	35971
ro.27.119206	35899
ro.27.119242	35905
ro.27.119331	35790
ro.27.119386	35788
ro.27.119466	35778
ro.27.119527	35775
ro.27.119590	38386
ro.27.119625	35676
ro.27.119661	38093
ro.27.119723	35630
ro.27.119750	35889
ro.27.119803	35801
ro.27.119858	35612
ro.27.119894	35468
ro.27.119974	35426
ro.27.120076	35395
ro.27.120138	35391
ro.27.120174	35380
ro.27.120218	38190
ro.27.120254	35359
ro.27.120316	35305
ro.27.120343	35279
ro.27.120370	38370
ro.27.120478	37475
ro.27.120487	37318
ro.27.120496	35910
ro.27.120502	36598
ro.27.120511	37816
ro.28	35225
ro.28.120726	38147
ro.28.120771	37087
ro.28.120824	35885
ro.28.120860	38188
ro.28.120888	37335
ro.28.120922	38357
ro.28.120968	37797
ro.28.121055	38189
ro.28.121108	38191
ro.28.121153	37920
ro.28.121242	37878
ro.28.121297	37795
ro.28.121340	37794
ro.28.121386	37783
ro.28.121466	37851
ro.28.121607	37746
ro.28.121652	37720
ro.28.121732	37716
ro.28.121796	37703
ro.28.121876	37696
ro.28.121938	37638
ro.28.122025	37517
ro.28.122061	37437
ro.28.122132	37296
ro.28.122187	37279
ro.28.122249	37210
ro.28.122285	37159
ro.28.122347	37138
ro.28.122392	37107
ro.28.122463	37090
ro.28.122551	37057
ro.28.122613	38118
ro.28.122668	36955
ro.28.122702	36914
ro.28.122828	36922
ro.28.122864	38193
ro.28.122908	36845
ro.28.122953	36819
ro.28.123013	36757
ro.28.123102	36733
ro.28.123175	36549
ro.28.123228	38418
ro.28.123255	36327
ro.28.123371	36271
ro.28.123424	36235
ro.28.123479	36229
ro.28.123521	36215
ro.28.123601	36216
ro.28.123674	36181
ro.28.123709	36175
ro.28.123790	36158
ro.28.123914	36055
ro.28.123969	36053
ro.28.124028	36041
ro.28.124073	36003
ro.28.124117	35984
ro.28.124153	35948
ro.28.124206	35970
ro.28.124233	35852
ro.28.124331	35692
ro.28.124411	35686
ro.28.124493	35614
ro.28.124563	35609
ro.28.124616	35596
ro.28.124634	35619
ro.28.124661	35564
ro.28.124723	35515
ro.28.124750	35500
ro.28.124803	35577
ro.28.124849	35458
ro.28.124885	35411
ro.28.124938	38417
ro.28.125016	35356
ro.28.125061	35273
ro.28.125098	37147
ro.28.125105	38271
ro.28.125114	36941
ro.28.125123	35407
ro.28.125132	37120
ro.28.125141	36218
ro.28.125150	36932
ro.28.125169	36387
ro.28.125178	37734
ro.29	35224
ro.29.125347	38425
ro.29.125374	35747
ro.29.125418	38287
ro.29.125472	38419
ro.29.125490	37114
ro.29.125542	38192
ro.29.125588	36921
ro.29.125622	37118
ro.29.125659	37925
ro.29.125677	37891
ro.29.125757	38303
ro.29.125846	37770
ro.29.125873	37752
ro.29.125962	37670
ro.29.125999	37659
ro.29.126022	37646
ro.29.126077	37632
ro.29.126102	37332
ro.29.126148	37447
ro.29.126166	37411
ro.29.126228	37367
ro.29.126326	37339
ro.29.126380	37293
ro.29.126406	37262
ro.29.126433	37227
ro.29.126503	38413
ro.29.126585	37208
ro.29.126647	37179
ro.29.126674	38160
ro.29.126718	37153
ro.29.126772	37152
ro.29.126825	37148
ro.29.126905	37063
ro.29.126978	37061
ro.29.127019	37055
ro.29.127064	36973
ro.29.127126	36908
ro.29.127144	36881
ro.29.127171	38348
ro.29.127224	36854
ro.29.127251	36768
ro.29.127288	36766
ro.29.127322	36758
ro.29.127368	36723
ro.29.127386	36713
ro.29.127411	36668
ro.29.127493	36543
ro.29.127536	36510
ro.29.127563	36490
ro.29.127625	36439
ro.29.127689	36427
ro.29.127714	36374
ro.29.127750	36354
ro.29.127812	36352
ro.29.127858	36326
ro.29.127901	38183
ro.29.127938	36319
ro.29.127983	36312
ro.29.128052	36249
ro.29.128105	36230
ro.29.128178	36209
ro.29.128221	36199
ro.29.128301	36187
ro.29.128374	36133
ro.29.128436	36119
ro.29.128472	36073
ro.29.128524	36043
ro.29.128560	35986
ro.29.128588	35975
ro.29.128613	35882
ro.29.128659	35876
ro.29.128711	35868
ro.29.128864	35859
ro.29.128882	35809
ro.29.128962	35703
ro.29.129040	35701
ro.29.129095	35672
ro.29.129111	35668
ro.29.129139	35660
ro.29.129184	35653
ro.29.129246	35835
ro.29.129282	35689
ro.29.129317	35600
ro.29.129380	35582
ro.29.129460	35580
ro.29.129503	35532
ro.29.129567	35520
ro.29.129585	35508
ro.29.129629	35452
ro.29.129656	35421
ro.29.129718	35444
ro.29.129745	35443
ro.29.129763	35408
ro.29.129816	35383
ro.29.129898	35335
ro.29.129914	35329
ro.29.129987	35364
ro.29.130026	35319
ro.29.130062	35311
ro.29.130124	35291
ro.29.130231	35289
ro.29.130286	37876
ro.29.130295	37558
ro.29.130302	36967
ro.29.130311	36942
ro.29.130320	38346
ro.29.130339	36838
ro.29.130348	38319
ro.29.130357	36313
ro.29.130366	35759
ro.29.130375	35333
ro.29.130384	35712
ro.30	35223
ro.30.130534	38243
ro.30.130552	37854
ro.30.130614	37818
ro.30.130678	37755
ro.30.130712	37665
ro.30.130785	37625
ro.30.130847	36265
ro.30.130892	35557
ro.30.130954	38223
ro.30.130981	38135
ro.30.131069	38074
ro.30.131103	38380
ro.30.131210	38169
ro.30.131256	38248
ro.30.131274	36164
ro.30.131336	37360
ro.30.131407	38329
ro.30.131443	36197
ro.30.131461	38175
ro.30.131540	38157
ro.30.131577	38131
ro.30.131620	38285
ro.30.131817	38312
ro.30.131835	36832
ro.30.131899	38017
ro.30.131933	37998
ro.30.131988	37985
ro.30.132011	37962
ro.30.132075	37952
ro.30.132137	37951
ro.30.132164	37930
ro.30.132226	37879
ro.30.132271	37874
ro.30.132315	37867
ro.30.132342	37807
ro.30.132379	38434
ro.30.132404	37658
ro.30.132459	37559
ro.30.132486	37542
ro.30.132510	37502
ro.30.132574	37501
ro.30.132645	37468
ro.30.132681	37422
ro.30.132716	37376
ro.30.132752	37370
ro.30.132805	37323
ro.30.132841	37308
ro.30.132896	37095
ro.30.133018	37123
ro.30.133090	37089
ro.30.133161	37039
ro.30.133214	37038
ro.30.133278	37032
ro.30.133330	37020
ro.30.133394	36994
ro.30.133429	36950
ro.30.133508	36885
ro.30.133562	36883
ro.30.133615	36882
ro.30.133688	36833
ro.30.133722	36729
ro.30.133795	36712
ro.30.133866	36688
ro.30.133919	36682
ro.30.133964	36647
ro.30.134014	36583
ro.30.134050	36582
ro.30.134096	36481
ro.30.134194	36564
ro.30.134336	36298
ro.30.134390	36193
ro.30.134443	36182
ro.30.134559	36174
ro.30.134648	36134
ro.30.134755	36128
ro.30.134853	36115
ro.30.134899	36114
ro.30.134942	36108
ro.30.135020	36027
ro.30.135128	35937
ro.30.135146	35935
ro.30.135164	38297
ro.30.135226	35855
ro.30.135244	35787
ro.30.135315	35691
ro.30.135404	35636
ro.30.135431	35754
ro.30.135501	35721
ro.30.135547	35708
ro.30.135618	35680
ro.30.135654	35623
ro.30.135681	35602
ro.30.135725	35593
ro.30.135789	35589
ro.30.135850	35561
ro.30.135896	35535
ro.30.135949	35434
ro.30.136107	38414
ro.30.136134	35396
ro.30.136198	35366
ro.30.136241	37377
ro.30.136250	38323
ro.30.136269	35439
ro.30.136278	37841
ro.31	35222
ro.31.139704	38202
ro.31.139740	37510
ro.31.139811	36701
ro.31.139884	38029
ro.31.139937	38010
ro.31.139982	37988
ro.31.140084	37926
ro.31.140146	37899
ro.31.140208	37865
ro.31.140244	37822
ro.31.140280	37750
ro.31.140324	38030
ro.31.140379	37627
ro.31.140440	37556
ro.31.140477	37545
ro.31.140501	37473
ro.31.140547	37387
ro.31.140583	37315
ro.31.140627	37272
ro.31.140672	37271
ro.31.140770	37248
ro.31.140823	37256
ro.31.140869	37223
ro.31.140958	37155
ro.31.141027	37101
ro.31.141081	38334
ro.31.141134	36928
ro.31.141232	36926
ro.31.141312	36823
ro.31.141376	38082
ro.31.141447	36808
ro.31.141535	36783
ro.31.141580	36750
ro.31.141722	36728
ro.31.141786	36656
ro.31.141884	36630
ro.31.141946	36558
ro.31.142006	36594
ro.31.142079	36521
ro.31.142122	36466
ro.31.142177	36399
ro.31.142239	36358
ro.31.142284	36251
ro.31.142337	36195
ro.31.142373	36165
ro.31.142426	36005
ro.31.142499	35976
ro.31.142550	35943
ro.31.142612	35821
ro.31.142676	35782
ro.31.142710	35715
ro.31.142774	35633
ro.31.142854	35924
ro.31.142881	35906
ro.31.142952	38372
ro.31.143021	35341
ro.31.143067	35276
ro.31.143147	35260
ro.31.179631	38349
ro.31.179695	35805
ro.31.180037	37733
ro.32	35221
ro.32.136483	38200
ro.32.136526	38037
ro.32.136553	37550
ro.32.136599	36386
ro.32.136642	35608
ro.32.136713	38023
ro.32.136768	37975
ro.32.136802	37969
ro.32.136848	37956
ro.32.136919	37844
ro.32.136964	37823
ro.32.137032	37805
ro.32.137069	37762
ro.32.137103	37773
ro.32.137130	37740
ro.32.137185	37702
ro.32.137229	38201
ro.32.137274	37554
ro.32.137292	37523
ro.32.137363	37511
ro.32.137407	37487
ro.32.137443	37275
ro.32.137504	37243
ro.32.137540	37234
ro.32.137611	37164
ro.32.137675	37128
ro.32.137728	37014
ro.32.137746	36949
ro.32.137764	36822
ro.32.137844	36798
ro.32.137899	38226
ro.32.137960	36672
ro.32.138039	36637
ro.32.138084	36532
ro.32.138164	36512
ro.32.138208	36454
ro.32.138280	36342
ro.32.138351	36323
ro.32.138431	38174
ro.32.138501	36236
ro.32.138538	36214
ro.32.138574	36207
ro.32.138618	36151
ro.32.138663	35920
ro.32.138734	35918
ro.32.138770	35965
ro.32.138805	35892
ro.32.138869	35725
ro.32.138921	38203
ro.32.139009	38207
ro.32.139054	35585
ro.32.139107	35558
ro.32.139143	35548
ro.32.139170	35490
ro.32.139214	35489
ro.32.139250	35451
ro.32.139287	35409
ro.32.139330	35401
ro.32.139358	35378
ro.32.139394	35369
ro.32.179677	38301
ro.32.179873	38204
ro.32.179882	37394
ro.32.180028	36136
ro.32.180091	38199
ro.33	35220
ro.33.143450	38083
ro.33.143487	37251
ro.33.143502	36142
ro.33.143520	36064
ro.33.143557	35840
ro.33.143619	38096
ro.33.143646	38208
ro.33.143682	38402
ro.33.143735	38341
ro.33.143771	37347
ro.33.143806	38291
ro.33.143851	36349
ro.33.143888	37986
ro.33.143922	37963
ro.33.143959	37945
ro.33.143995	37939
ro.33.144054	37933
ro.33.144116	37932
ro.33.144152	37839
ro.33.144198	37791
ro.33.144232	37779
ro.33.144303	37758
ro.33.144349	37668
ro.33.144376	37692
ro.33.144410	37640
ro.33.144456	37463
ro.33.144508	37409
ro.33.144535	37407
ro.33.144553	37167
ro.33.144599	36837
ro.33.144615	36796
ro.33.144651	36771
ro.33.144713	36696
ro.33.144731	36676
ro.33.144795	36635
ro.33.144866	36625
ro.33.144893	36546
ro.33.144928	38090
ro.33.144964	36522
ro.33.144991	36517
ro.33.145042	36505
ro.33.145104	36438
ro.33.145140	36366
ro.33.145202	36320
ro.33.145220	36266
ro.33.145275	36160
ro.33.145293	36138
ro.33.145355	36082
ro.33.145382	36016
ro.33.145408	35996
ro.33.145471	35952
ro.33.145499	38210
ro.33.145603	35744
ro.33.145667	35847
ro.33.145738	35846
ro.33.145765	35638
ro.33.145792	35637
ro.33.145827	35622
ro.33.145907	35566
ro.33.145934	38258
ro.33.145961	35410
ro.33.145998	35284
ro.33.146012	37991
ro.33.146021	38211
ro.34	35219
ro.34.146263	38336
ro.34.146281	36726
ro.34.146325	36462
ro.34.146370	35940
ro.34.146432	35879
ro.34.146502	38356
ro.34.146539	38330
ro.34.146584	38176
ro.34.146628	36077
ro.34.146655	38407
ro.34.146708	38209
ro.34.146744	38389
ro.34.146799	38018
ro.34.146860	37961
ro.34.146904	37917
ro.34.146931	36488
ro.34.146995	37893
ro.34.147036	37788
ro.34.147054	37737
ro.34.147072	37715
ro.34.147134	37709
ro.34.147161	37699
ro.34.147205	37660
ro.34.147241	37645
ro.34.147358	37641
ro.34.147465	37592
ro.34.147526	37577
ro.34.147580	37572
ro.34.147633	37573
ro.34.147660	36747
ro.34.147713	37413
ro.34.147786	38230
ro.34.147884	37244
ro.34.147937	37196
ro.34.148006	37141
ro.34.148097	37139
ro.34.148131	38076
ro.34.148202	37133
ro.34.148293	37132
ro.34.148328	37110
ro.34.148382	37097
ro.34.148426	37084
ro.34.148453	37028
ro.34.148514	37012
ro.34.148612	37010
ro.34.148667	37006
ro.34.148694	37005
ro.34.148729	36999
ro.34.148765	36988
ro.34.148872	36984
ro.34.148916	36869
ro.34.148970	36867
ro.34.149049	36782
ro.34.149101	38220
ro.34.149138	36770
ro.34.149183	36711
ro.34.149227	36639
ro.34.149290	36551
ro.34.149316	36574
ro.34.149370	36484
ro.34.149414	36458
ro.34.149502	36448
ro.34.149539	36445
ro.34.149584	38219
ro.34.149655	36310
ro.34.149682	36287
ro.34.149753	36288
ro.34.149780	36274
ro.34.149833	36268
ro.34.149851	36159
ro.34.149931	36154
ro.34.149968	36125
ro.34.150043	36096
ro.34.150070	36078
ro.34.150114	36019
ro.34.150178	35953
ro.34.150196	35893
ro.34.150221	35806
ro.34.150258	35749
ro.34.150294	35662
ro.34.150310	35656
ro.34.150356	35652
ro.34.150418	35649
ro.34.150445	35903
ro.34.150524	35541
ro.34.150588	35482
ro.34.150702	35477
ro.34.150766	38289
ro.34.150891	38252
ro.34.150935	35402
ro.34.150980	35390
ro.34.151022	35384
ro.34.151077	35376
ro.34.151095	35375
ro.34.151120	35303
ro.34.151157	38159
ro.34.151246	35274
ro.34.151344	35255
ro.34.151433	37361
ro.34.151442	36764
ro.34.151451	37432
ro.34.151460	35834
ro.34.151479	38222
ro.34.151488	37035
ro.34.151497	37307
ro.34.151503	37548
ro.34.151512	36818
ro.34.151521	38262
ro.34.151530	37904
ro.34.151549	36802
ro.34.151558	35306
ro.34.151567	37417
ro.34.151576	37817
ro.34.151585	36172
ro.35	35218
ro.35.151683	38101
ro.35.151709	37393
ro.35.151736	36722
ro.35.151763	36640
ro.35.151790	38269
ro.35.151816	36400
ro.35.151834	36139
ro.35.151870	38249
ro.35.151905	35373
ro.35.151932	37265
ro.35.151978	38374
ro.35.151996	37902
ro.35.152038	37929
ro.35.152083	37756
ro.35.152127	38117
ro.35.152172	37700
ro.35.152234	37683
ro.35.152252	37648
ro.35.152270	38347
ro.35.152314	37601
ro.35.152332	37580
ro.35.152350	37564
ro.35.152412	38142
ro.35.152467	38405
ro.35.152500	37485
ro.35.152528	37425
ro.35.152564	37355
ro.35.152582	37310
ro.35.152617	37261
ro.35.152662	37260
ro.35.152724	37175
ro.35.152760	37150
ro.35.152797	38221
ro.35.152868	37119
ro.35.152902	37117
ro.35.152948	36987
ro.35.152993	37001
ro.35.153026	36983
ro.35.153062	36866
ro.35.153106	36968
ro.35.153124	36642
ro.35.153151	38217
ro.35.153204	36534
ro.35.153240	36588
ro.35.153277	36576
ro.35.153295	36525
ro.35.153339	38229
ro.35.153384	36435
ro.35.153400	36397
ro.35.153437	36393
ro.35.153473	36330
ro.35.153507	36322
ro.35.153543	36253
ro.35.153561	36231
ro.35.153589	36222
ro.35.153605	36192
ro.35.153623	36196
ro.35.153696	36107
ro.35.153776	35330
ro.35.153829	36098
ro.35.153865	36074
ro.35.153909	36063
ro.35.153936	35939
ro.35.153972	35959
ro.35.154013	35864
ro.35.154068	35862
ro.35.154139	35860
ro.35.154166	35832
ro.35.154184	35848
ro.35.154228	35818
ro.35.154282	35814
ro.35.154308	35761
ro.35.154344	35736
ro.35.154380	35731
ro.35.154415	38185
ro.35.154460	35645
ro.35.154497	35663
ro.35.154521	35621
ro.35.154585	35604
ro.35.154665	35603
ro.35.154736	35521
ro.35.154754	38288
ro.35.154790	35513
ro.35.154834	35570
ro.35.154852	35388
ro.35.154914	35368
ro.35.154932	38081
ro.35.154978	35259
ro.35.154996	36379
ro.35.155083	37834
ro.35.155092	37799
ro.35.155109	37125
ro.35.155118	37034
ro.35.155127	37009
ro.35.155136	36100
ro.35.155145	35951
ro.35.155154	35483
ro.36	35217
ro.36.155243	38228
ro.36.155261	37082
ro.36.155289	36935
ro.36.155314	36915
ro.36.155350	38339
ro.36.155403	38410
ro.36.155458	38310
ro.36.155494	38116
ro.36.155528	38404
ro.36.155546	37885
ro.36.155591	37863
ro.36.155662	37862
ro.36.155724	37838
ro.36.155760	37835
ro.36.155797	37826
ro.36.155840	37800
ro.36.155911	37786
ro.36.155957	37778
ro.36.156035	37742
ro.36.156106	37728
ro.36.156151	37655
ro.36.156213	37536
ro.36.156259	37507
ro.36.156277	37505
ro.36.156311	37477
ro.36.156357	37454
ro.36.156437	37358
ro.36.156473	37303
ro.36.156534	37263
ro.36.156589	37229
ro.36.156623	37195
ro.36.156669	37185
ro.36.156712	37091
ro.36.156767	37088
ro.36.156801	37064
ro.36.156927	37027
ro.36.157004	37015
ro.36.157031	36966
ro.36.157086	36970
ro.36.157193	36934
ro.36.157246	36933
ro.36.157273	36931
ro.36.157317	36911
ro.36.157362	36706
ro.36.157424	36704
ro.36.157451	36663
ro.36.157497	36650
ro.36.157530	36631
ro.36.157585	36552
ro.36.157683	36542
ro.36.157736	36565
ro.36.157781	36442
ro.36.157834	38308
ro.36.157898	36407
ro.36.157923	36367
ro.36.157969	36337
ro.36.158010	36315
ro.36.158065	36255
ro.36.158109	36252
ro.36.158136	36225
ro.36.158181	36208
ro.36.158243	36081
ro.36.158314	38080
ro.36.158396	36035
ro.36.158449	35958
ro.36.158528	35896
ro.36.158564	35966
ro.36.158608	35854
ro.36.158653	35802
ro.36.158699	35780
ro.36.158733	35774
ro.36.158779	35950
ro.36.158804	35673
ro.36.158859	38260
ro.36.158895	35540
ro.36.158966	38239
ro.36.159035	35524
ro.36.159071	35516
ro.36.159142	35480
ro.36.159213	35394
ro.36.159259	38194
ro.36.159339	35307
ro.36.159366	37780
ro.36.159375	37480
ro.36.159384	38398
ro.36.159393	37045
ro.36.159400	36946
ro.36.159419	36878
ro.36.159428	38400
ro.36.159437	36275
ro.36.159446	36294
ro.36.159455	35909
ro.36.159464	35923
ro.36.159473	35536
ro.36.159482	35436
ro.36.159491	38167
ro.36.159507	36243
ro.36.159516	37624
ro.36.159525	36306
ro.37	35216
ro.37.159614	38294
ro.37.159650	38238
ro.37.159687	38295
ro.37.159730	38381
ro.37.159767	38177
ro.37.159785	37918
ro.37.159847	37831
ro.37.159883	37539
ro.37.159945	37541
ro.37.159963	37311
ro.37.160047	37514
ro.37.160092	37516
ro.37.160127	37495
ro.37.160172	37472
ro.37.160225	37401
ro.37.160261	37258
ro.37.160305	37218
ro.37.160323	37129
ro.37.160387	37003
ro.37.160430	36860
ro.37.160458	36858
ro.37.160476	36821
ro.37.160528	36785
ro.37.160564	38103
ro.37.160617	36699
ro.37.160644	36686
ro.37.160680	36610
ro.37.160724	36581
ro.37.160779	38279
ro.37.160831	36506
ro.37.160877	36498
ro.37.160911	36412
ro.37.160993	36404
ro.37.161035	36370
ro.37.161053	36360
ro.37.161106	36308
ro.37.161133	36278
ro.37.161151	36259
ro.37.161179	35908
ro.37.161231	35830
ro.37.161259	35745
ro.37.161286	35732
ro.37.161302	35714
ro.37.161348	35679
ro.37.161384	35528
ro.37.161464	35496
ro.37.161482	35417
ro.37.161525	38236
ro.37.161543	35449
ro.37.161552	37801
ro.37.161561	38353
ro.38	35215
ro.38.161794	38237
ro.38.161829	38363
ro.38.161856	36388
ro.38.161945	38270
ro.38.162014	38000
ro.38.162069	37995
ro.38.162149	37944
ro.38.162194	37872
ro.38.162327	37924
ro.38.162381	37923
ro.38.162452	37875
ro.38.162498	37811
ro.38.162559	37761
ro.38.162595	37741
ro.38.162693	37738
ro.38.162791	37736
ro.38.162871	37704
ro.38.162924	37593
ro.38.163002	37374
ro.38.163057	37320
ro.38.163137	37299
ro.38.163208	37268
ro.38.163253	37204
ro.38.163324	37189
ro.38.163379	37187
ro.38.163486	37108
ro.38.163618	37092
ro.38.163681	37072
ro.38.163734	37080
ro.38.163789	37073
ro.38.163832	37062
ro.38.163903	36986
ro.38.163967	36951
ro.38.164062	36923
ro.38.164133	36855
ro.38.164197	36800
ro.38.164277	36777
ro.38.164339	36769
ro.38.164393	36718
ro.38.164543	36716
ro.38.164598	36675
ro.38.164687	36644
ro.38.164749	36617
ro.38.164829	36567
ro.38.164892	36513
ro.38.164936	36417
ro.38.164981	36414
ro.38.165069	36331
ro.38.165130	36314
ro.38.165185	36293
ro.38.165274	36250
ro.38.165336	36157
ro.38.165416	36170
ro.38.165470	36105
ro.38.165611	36102
ro.38.165719	36050
ro.38.165817	35992
ro.38.165899	35718
ro.38.165979	35694
ro.38.166057	35687
ro.38.166137	35642
ro.38.166182	35618
ro.38.166235	35626
ro.38.166315	35606
ro.38.166413	35542
ro.38.166529	38250
ro.38.166636	38277
ro.38.166672	35377
ro.38.166707	38379
ro.38.166770	35355
ro.38.166869	38344
ro.38.166985	35287
ro.38.167035	35283
ro.38.167071	35272
ro.38.167179	35257
ro.38.167222	36763
ro.38.167231	36995
ro.38.167240	36068
ro.38.167259	38333
ro.38.167268	37431
ro.38.167277	37281
ro.38.167286	37145
ro.38.167295	37046
ro.38.167302	36416
ro.38.167311	36186
ro.38.167320	36099
ro.39	35214
ro.39.167473	38411
ro.39.167641	38397
ro.39.167696	38359
ro.39.167794	37649
ro.39.167909	38351
ro.39.167981	38360
ro.39.168041	36788
ro.39.168130	38361
ro.39.168229	37982
ro.39.168309	37981
ro.39.168372	37927
ro.39.168452	37892
ro.39.168559	37857
ro.39.168602	38358
ro.39.168675	37809
ro.39.168755	37731
ro.39.168791	38335
ro.39.168880	37602
ro.39.168960	37595
ro.39.169039	38362
ro.39.169119	37449
ro.39.169182	37350
ro.39.169253	37300
ro.39.169306	37269
ro.39.169351	37217
ro.39.169404	37202
ro.39.169547	37111
ro.39.169583	37052
ro.39.169681	38365
ro.39.169896	37002
ro.39.169994	36975
ro.39.170097	36936
ro.39.170168	36906
ro.39.170220	36890
ro.39.170346	36872
ro.39.170444	36829
ro.39.170514	36731
ro.39.170612	36683
ro.39.170685	36684
ro.39.170792	36680
ro.39.170872	38399
ro.39.170952	36608
ro.39.171021	36577
ro.39.171067	36537
ro.39.171101	36301
ro.39.171209	36595
ro.39.171272	36575
ro.39.171325	36509
ro.39.171469	36491
ro.39.171539	36421
ro.39.171628	38235
ro.39.171806	37535
ro.39.171879	36318
ro.39.171931	36303
ro.39.171995	36260
ro.39.172082	36261
ro.39.172153	36247
ro.39.172279	36241
ro.39.172340	36226
ro.39.172377	38256
ro.39.172457	36113
ro.39.172509	36083
ro.39.172581	36011
ro.39.172698	35991
ro.39.172812	35978
ro.39.172894	35942
ro.39.172947	35863
ro.39.172992	35793
ro.39.173061	35746
ro.39.173132	35696
ro.39.173230	35670
ro.39.173374	35667
ro.39.173533	35657
ro.39.173597	35629
ro.39.173686	35756
ro.39.173748	35684
ro.39.173793	38328
ro.39.173855	35581
ro.39.173935	35534
ro.39.174021	35437
ro.39.174085	38233
ro.39.174156	35322
ro.39.174218	35313
ro.39.174254	35310
ro.39.174290	35268
ro.39.174496	35545
ro.39.174502	37176
ro.39.174511	36685
ro.39.174520	36460
ro.40	35213
ro.40.174744	38368
ro.40.174780	37442
ro.40.174824	36889
ro.40.174860	38390
ro.40.174922	38367
ro.40.175019	38364
ro.40.175055	38366
ro.40.175126	37976
ro.40.175206	37887
ro.40.175224	37772
ro.40.175260	37735
ro.40.175368	37725
ro.40.175439	37718
ro.40.175466	37642
ro.40.175509	37467
ro.40.175590	37421
ro.40.175670	37440
ro.40.175732	37412
ro.40.175787	37341
ro.40.175885	37292
ro.40.175938	37086
ro.40.175983	37077
ro.40.176150	37024
ro.40.176212	38284
ro.40.176301	36844
ro.40.176338	36843
ro.40.176445	36791
ro.40.176506	36705
ro.40.176551	36694
ro.40.176613	36579
ro.40.176686	36528
ro.40.176748	38369
ro.40.176793	36423
ro.40.176855	36401
ro.40.176891	36398
ro.40.176944	36378
ro.40.177003	36368
ro.40.177101	36290
ro.40.177236	36262
ro.40.177263	38422
ro.40.177352	36104
ro.40.177405	36086
ro.40.177469	36039
ro.40.177557	35981
ro.40.177600	35820
ro.40.177655	35739
ro.40.177726	35738
ro.40.177762	35706
ro.40.177799	35661
ro.40.177842	35639
ro.40.177879	35617
ro.40.177986	38290
ro.40.178046	35565
ro.40.178117	35503
ro.40.178180	35572
ro.40.178279	35457
ro.40.178313	35415
ro.40.178377	35371
ro.40.178475	35350
ro.40.178545	38205
ro.40.178607	35360
ro.40.178689	35340
ro.40.178750	35295
ro.40.178821	35285
ro.40.178885	36384
ro.40.178894	36190
ro.40.178901	36147
ro.40.178910	36264
ro.40.178929	37785
ro.40.178938	36888
ro.40.178947	38428
ro.40.178956	36061
ro.40.178965	35699
ro.41	35242
ro.41.100610	38257
ro.41.100638	36461
ro.41.101083	37829
ro.41.101458	37615
ro.41.101724	37534
ro.41.101804	37464
ro.41.101822	37461
ro.41.102419	37230
ro.41.102838	37008
ro.41.102945	36998
ro.41.103014	36992
ro.41.103032	36989
ro.41.103568	36831
ro.41.103764	36751
ro.41.104083	36622
ro.41.104181	36486
ro.41.104323	36402
ro.41.104341	36376
ro.41.104635	36204
ro.41.104751	36071
ro.41.104886	35902
ro.41.105222	35723
ro.41.105259	35705
ro.41.105384	35719
ro.41.105455	38097
ro.41.105605	35476
ro.41.105712	38099
ro.41.105829	35392
ro.41.179962	36979
ro.41.180055	37247
ro.41.92569	37570
ro.41.92587	36456
ro.41.92961	38276
ro.41.93085	37434
ro.41.93281	37222
ro.41.93325	37177
ro.41.93370	37134
ro.41.93441	37130
ro.41.93487	37124
ro.41.93539	37104
ro.41.93664	36874
ro.41.93771	36742
ro.41.93815	36703
ro.41.93851	36669
ro.41.93888	38318
ro.41.93931	36603
ro.41.94125	38244
ro.41.94223	36245
ro.41.94312	35997
ro.41.94562	38071
ro.41.94580	35681
ro.41.94606	35472
ro.41.94651	35463
ro.41.94731	38168
ro.41.94768	35316
ro.42	35234
ro.42.100521	38145
ro.42.100549	35741
ro.42.100781	38016
ro.42.101001	37870
ro.42.101163	37727
ro.42.101190	37726
ro.42.101378	37622
ro.42.101519	37600
ro.42.101617	37583
ro.42.101662	37560
ro.42.101984	37385
ro.42.102071	37368
ro.42.102106	37364
ro.42.102348	37266
ro.42.102446	37215
ro.42.102794	37018
ro.42.102909	37004
ro.42.103087	38274
ro.42.103194	36969
ro.42.103238	36943
ro.42.103309	36896
ro.42.103354	36879
ro.42.103372	36880
ro.42.103407	36875
ro.42.103470	36864
ro.42.103639	36781
ro.42.103693	37071
ro.42.103899	36715
ro.42.103997	36693
ro.42.104047	36654
ro.42.104118	36507
ro.42.104136	36502
ro.42.104225	36468
ro.42.104485	36339
ro.42.104519	36336
ro.42.104680	36112
ro.42.104715	36097
ro.42.104788	36058
ro.42.104831	38302
ro.42.104975	38072
ro.42.105106	35786
ro.42.105295	35697
ro.42.105348	35671
ro.42.105623	38111
ro.42.105776	35429
ro.42.105874	35397
ro.42.105909	35389
ro.42.105972	35357
ro.42.154709	35526
ro.42.179739	36571
ro.42.179748	37306
ro.42.179757	36809
ro.42.179766	36714
ro.42.179775	35969
ro.43	35254
ro.43.100576	37607
ro.43.100834	38014
ro.43.100969	37884
ro.43.101145	37819
ro.43.101298	37678
ro.43.101742	37490
ro.43.101902	37424
ro.43.101957	37420
ro.43.102035	38282
ro.43.102160	37345
ro.43.102213	37326
ro.43.102473	37194
ro.43.102525	37200
ro.43.102543	38144
ro.43.102570	37136
ro.43.102605	38314
ro.43.103130	36972
ro.43.103443	36873
ro.43.103513	36846
ro.43.104243	38292
ro.43.104421	38172
ro.43.104546	38321
ro.43.104582	37270
ro.43.105160	35729
ro.43.105419	35685
ro.43.105570	35501
ro.43.105936	35372
ro.43.179221	37682
ro.43.179249	37476
ro.43.179285	37457
ro.43.179310	36990
ro.43.179347	38058
ro.43.179383	36698
ro.43.179409	36584
ro.43.179463	36450
ro.43.179481	36302
ro.43.179515	36283
ro.43.179533	36144
ro.43.179551	35302
ro.43.179588	37351
rs-00	38455
rs-01	38459
rs-02	38461
rs-03	38460
rs-04	38458
rs-05	38463
rs-06	38457
rs-07	38462
rs-08	38442
rs-09	38441
rs-10	38447
rs-11	38439
rs-12	38451
rs-13	38448
rs-14	38438
rs-15	38453
rs-16	38454
rs-17	38443
rs-18	38450
rs-19	38449
rs-20	38444
rs-21	38452
rs-22	38446
rs-23	38440
rs-24	38445
rs-25	38464
rs-26	38465
rs-27	38466
rs-28	38467
rs-29	38468
rs-km	38456
rs-vo	38436
rs.se	38437
rs.se.0	38455
rs.se.10	38447
rs.se.11	38439
rs.se.12	38451
rs.se.13	38448
rs.se.14	38438
rs.se.15	38453
rs.se.16	38454
rs.se.17	38443
rs.se.18	38450
rs.se.19	38449
rs.se.20	38444
rs.se.21	38452
rs.se.22	38446
rs.se.23	38440
rs.se.24	38445
rs.se.8	38442
rs.se.9	38441
rs.vo	38436
rs.vo.1	38459
rs.vo.2	38461
rs.vo.3	38460
rs.vo.4	38458
rs.vo.5	38463
rs.vo.6	38457
rs.vo.7	38462
ru-ad	38523
ru-al	38537
ru-alt	38539
ru-amu	38545
ru-ark	38522
ru-ast	38521
ru-ba	38520
ru-bel	38519
ru-bry	38518
ru-bu	38546
ru-ce	38517
ru-che	38538
ru-chu	38550
ru-cu	38516
ru-da	38515
ru-in	38513
ru-irk	38543
ru-iva	38512
ru-kam	38549
ru-kb	38511
ru-kc	38507
ru-kda	38502
ru-kem	38536
ru-kgd	38510
ru-kgn	38532
ru-kha	38542
ru-khm	38534
ru-kir	38505
ru-kk	38535
ru-kl	38509
ru-klu	38508
ru-ko	38504
ru-kos	38503
ru-kr	38506
ru-krs	38501
ru-kya	38533
ru-len	38499
ru-lip	38498
ru-mag	38548
ru-me	38497
ru-mo	38496
ru-mos	38495
ru-mow	38494
ru-mur	38493
ru-nen	38492
ru-ngr	38490
ru-niz	38514
ru-nvs	38531
ru-oms	38530
ru-ore	38489
ru-orl	38488
ru-per	38486
ru-pnz	38487
ru-pri	38541
ru-psk	38485
ru-ros	38484
ru-rya	38483
ru-sa	38540
ru-sak	38547
ru-sam	38482
ru-sar	38481
ru-se	38491
ru-smo	38480
ru-spe	38500
ru-sta	38479
ru-sve	38529
ru-ta	38477
ru-tam	38478
ru-tom	38528
ru-tul	38476
ru-tve	38475
ru-ty	38527
ru-tyu	38526
ru-ud	38474
ru-uly	38473
ru-vgg	38472
ru-vla	38524
ru-vlg	38471
ru-vor	38470
ru-yan	38525
ru-yar	38469
ru-yev	38544
ru-zab	38551
ru.01	38523
ru.01.11205694	40311
ru.01.11205695	40312
ru.01.483141	38754
ru.01.493720	38853
ru.01.528290	39181
ru.01.542340	39292
ru.01.544261	39320
ru.01.561514	39483
ru.01.824962	39717
ru.03	38537
ru.03.11205727	40313
ru.03.1488166	39816
ru.03.1488185	39817
ru.03.1488576	39822
ru.03.1488919	39831
ru.03.1492297	39883
ru.03.1496129	39920
ru.03.1499159	39949
ru.03.1502421	39982
ru.03.1507741	40024
ru.03.1535927	40072
ru.04	38539
ru.04.12624864	40406
ru.04.12624865	40407
ru.04.12624885	40411
ru.04.12624891	40412
ru.04.12624893	40413
ru.04.12624895	40414
ru.04.12624962	40415
ru.04.12624963	40416
ru.04.12624964	40417
ru.04.13312591	41156
ru.04.13312592	41157
ru.04.1484980	39780
ru.04.1485041	39782
ru.04.1485333	39784
ru.04.1485438	39785
ru.04.1485525	39786
ru.04.1486053	39794
ru.04.1486214	39795
ru.04.1486980	39801
ru.04.1488114	39815
ru.04.1488199	39818
ru.04.1488635	39823
ru.04.1488739	39825
ru.04.1489128	39835
ru.04.1489214	39837
ru.04.1489264	39838
ru.04.1489397	39840
ru.04.1489502	39842
ru.04.1490259	39857
ru.04.1490357	39859
ru.04.1491227	39868
ru.04.1491425	39871
ru.04.1491462	39872
ru.04.1491634	39873
ru.04.1491705	39875
ru.04.1492151	39881
ru.04.1493465	39896
ru.04.1493563	39897
ru.04.1493622	39898
ru.04.1493721	39899
ru.04.1494329	39906
ru.04.1495102	39911
ru.04.1495265	39912
ru.04.1495439	39913
ru.04.1495612	39916
ru.04.1497219	39930
ru.04.1498753	39948
ru.04.1499425	39954
ru.04.1500386	39957
ru.04.1500989	39960
ru.04.1501302	39964
ru.04.1501455	39968
ru.04.1501693	39970
ru.04.1502065	39974
ru.04.1502107	39976
ru.04.1502386	39981
ru.04.1503166	39990
ru.04.1503857	39991
ru.04.1504833	40005
ru.04.1504979	40006
ru.04.1508428	40032
ru.04.1508527	40035
ru.04.1508628	40036
ru.04.1509987	40047
ru.04.1510016	40048
ru.04.1510708	40055
ru.04.1511731	40066
ru.04.1511780	40068
ru.04.1535928	40073
ru.04.1535929	40074
ru.04.1535930	40075
ru.04.1535931	40076
ru.05	38545
ru.05.12624878	40408
ru.05.12624879	40409
ru.05.12624883	40410
ru.05.12624966	40418
ru.05.12624967	40419
ru.05.12625337	40549
ru.05.12625338	40550
ru.05.13396900	41162
ru.05.13396901	41163
ru.05.2012589	40094
ru.05.2012624	40095
ru.05.2014714	40115
ru.05.2015607	40123
ru.05.2015840	40124
ru.05.2016442	40130
ru.05.2016700	40132
ru.05.2016941	40136
ru.05.2017066	40138
ru.05.2017411	40139
ru.05.2018608	40152
ru.05.2019985	40165
ru.05.2020117	40168
ru.05.2020589	40170
ru.05.2021792	40179
ru.05.2023386	40198
ru.05.2025915	40209
ru.05.2026607	40215
ru.05.2026893	40219
ru.05.2027485	40224
ru.05.2050916	40236
ru.05.2050917	40237
ru.06	38522
ru.06.12624968	40420
ru.06.12624969	40421
ru.06.12624970	40422
ru.06.12624971	40423
ru.06.12624972	40424
ru.06.12625421	40568
ru.06.12738770	40993
ru.06.12738772	40994
ru.06.12738773	40995
ru.06.12738774	40996
ru.06.12738775	40997
ru.06.473532	38654
ru.06.473668	38655
ru.06.475472	38667
ru.06.475937	38674
ru.06.477891	38692
ru.06.494883	38858
ru.06.505262	38968
ru.06.509024	38994
ru.06.509472	39000
ru.06.515237	39054
ru.06.516645	39075
ru.06.527316	39169
ru.06.535840	39233
ru.06.536011	39234
ru.06.542421	39298
ru.06.543702	39314
ru.06.545350	39328
ru.06.549751	39382
ru.06.552464	39409
ru.07	38521
ru.07.12625339	40551
ru.07.467477	38599
ru.07.472484	38651
ru.07.505051	38963
ru.07.523439	39130
ru.07.535210	39226
ru.07.542131	39279
ru.07.550669	39391
ru.07.553246	39418
ru.07.557391	39456
ru.07.568698	39557
ru.07.583796	39705
ru.07.824964	39718
ru.08	38520
ru.08.11205174	40306
ru.08.12624973	40425
ru.08.12624974	40426
ru.08.12624975	40427
ru.08.12624976	40428
ru.08.12624977	40429
ru.08.12624978	40430
ru.08.12624979	40431
ru.08.12625340	40552
ru.08.12639973	40836
ru.08.13138558	41098
ru.08.13138559	41099
ru.08.13138560	41100
ru.08.13138561	41101
ru.08.13138562	41102
ru.08.13138563	41103
ru.08.13138564	41104
ru.08.13138565	41105
ru.08.13138566	41106
ru.08.13138567	41107
ru.08.13138568	41108
ru.08.13138569	41109
ru.08.13138570	41110
ru.08.13138571	41111
ru.08.462622	38560
ru.08.462646	38561
ru.08.467259	38598
ru.08.469176	38616
ru.08.479551	38717
ru.08.479706	38720
ru.08.480090	38723
ru.08.484004	38766
ru.08.487493	38802
ru.08.487497	38803
ru.08.495761	38873
ru.08.499290	38912
ru.08.516722	39076
ru.08.526009	39157
ru.08.526238	39158
ru.08.527714	39172
ru.08.528130	39178
ru.08.538367	39257
ru.08.539282	39267
ru.08.539796	39271
ru.08.542325	39289
ru.08.548766	39373
ru.08.550406	39388
ru.08.552314	39408
ru.08.552859	39412
ru.08.553930	39427
ru.08.555977	39447
ru.08.557055	39453
ru.08.557562	39458
ru.08.562241	39497
ru.08.563084	39504
ru.08.563718	39510
ru.08.564013	39512
ru.08.567004	39538
ru.08.568013	39550
ru.08.569578	39563
ru.08.570454	39573
ru.08.570659	39578
ru.08.570867	39579
ru.08.576106	39614
ru.08.576124	39615
ru.08.576194	39617
ru.08.576316	39618
ru.08.577878	39627
ru.08.577943	39631
ru.08.578118	39636
ru.08.578531	39638
ru.08.579731	39650
ru.08.580354	39659
ru.08.580576	39663
ru.08.581029	39670
ru.08.582383	39684
ru.08.584324	39714
ru.09	38519
ru.09.12624980	40432
ru.09.12625341	40553
ru.09.13109581	41080
ru.09.13109582	41081
ru.09.13109583	41082
ru.09.469534	38618
ru.09.472424	38647
ru.09.473855	38657
ru.09.477189	38683
ru.09.488709	38809
ru.09.495111	38863
ru.09.501124	38931
ru.09.503055	38945
ru.09.504908	38958
ru.09.518413	39088
ru.09.542337	39290
ru.09.544704	39322
ru.09.554969	39442
ru.09.558141	39469
ru.09.568584	39553
ru.09.572391	39592
ru.09.578070	39635
ru.09.582787	39691
ru.09.824989	39719
ru.09.824990	39720
ru.09.824991	39721
ru.09.824992	39722
ru.10	38518
ru.10.12522070	40339
ru.10.12522071	40340
ru.10.12522072	40341
ru.10.12624981	40433
ru.10.12624982	40434
ru.10.12624983	40435
ru.10.462753	38563
ru.10.470470	38624
ru.10.479010	38711
ru.10.481349	38737
ru.10.485815	38784
ru.10.486147	38790
ru.10.488848	38813
ru.10.496244	38879
ru.10.501624	38936
ru.10.507867	38984
ru.10.508648	38993
ru.10.517267	39078
ru.10.523187	39125
ru.10.527216	39166
ru.10.542364	39296
ru.10.545945	39333
ru.10.547477	39343
ru.10.547551	39345
ru.10.547680	39347
ru.10.552912	39413
ru.10.563821	39511
ru.10.564343	39516
ru.10.571467	39585
ru.10.571745	39587
ru.10.824993	39723
ru.10.824994	39724
ru.10.824995	39725
ru.10.824996	39726
ru.10.824997	39727
ru.11	38546
ru.11.12624984	40436
ru.11.12639974	40837
ru.11.13394474	41161
ru.11.2012726	40097
ru.11.2012734	40098
ru.11.2012958	40100
ru.11.2014864	40116
ru.11.2016909	40135
ru.11.2017058	40137
ru.11.2017644	40140
ru.11.2018629	40154
ru.11.2019707	40162
ru.11.2021063	40175
ru.11.2021185	40177
ru.11.2022001	40181
ru.11.2022301	40185
ru.11.2023349	40197
ru.11.2024574	40203
ru.11.2026705	40218
ru.11.2027013	40221
ru.11.2027104	40222
ru.11.2050912	40233
ru.11.2050913	40234
ru.11.2050914	40235
ru.12	38517
ru.12.11497624	40319
ru.12.11497700	40320
ru.12.12624856	40405
ru.12.12624986	40437
ru.12.12639975	40838
ru.12.12639976	40839
ru.12.12650623	40964
ru.12.12650624	40965
ru.12.12650625	40966
ru.12.12650626	40967
ru.12.476248	38678
ru.12.478580	38704
ru.12.494999	38861
ru.12.495940	38876
ru.12.516779	39077
ru.12.523209	39127
ru.12.523654	39133
ru.12.558115	39468
ru.12.558419	39472
ru.12.584297	39712
ru.12.858775	39758
ru.13	38538
ru.13.12625109	40465
ru.13.12625111	40466
ru.13.12625112	40467
ru.13.12625360	40554
ru.13.12625361	40555
ru.13.12625362	40556
ru.13.13197481	41115
ru.13.13197482	41116
ru.13.13197483	41117
ru.13.13197485	41118
ru.13.13197486	41119
ru.13.13197487	41120
ru.13.1485846	39790
ru.13.1487759	39806
ru.13.1487907	39810
ru.13.1487930	39812
ru.13.1489213	39836
ru.13.1491282	39869
ru.13.1496266	39922
ru.13.1501399	39967
ru.13.1502125	39977
ru.13.1504250	39997
ru.13.1504318	39998
ru.13.1507924	40026
ru.13.1508346	40030
ru.13.1508812	40037
ru.13.1511424	40064
ru.13.1535932	40077
ru.13.1535933	40078
ru.13.1535934	40079
ru.13.1535935	40080
ru.13.1535936	40081
ru.13.1535937	40082
ru.13.1535938	40083
ru.13.1535939	40084
ru.13.1535940	40085
ru.13.1535941	40086
ru.13.475462	38666
ru.13.498416	38899
ru.13.516613	39074
ru.13.523633	39132
ru.13.538327	39256
ru.13.547854	39351
ru.13.551793	39400
ru.13.580620	39664
ru.13.584048	39709
ru.13.825029	39728
ru.13.825030	39729
ru.13.825031	39730
ru.15	38550
ru.15.12624987	40438
ru.15.12624988	40439
ru.15.13131974	41096
ru.15.13131975	41097
ru.15.2126275	40272
ru.15.2126681	40274
ru.15.2127198	40276
ru.15.4031572	40283
ru.15.4031694	40284
ru.15.4031750	40285
ru.16	38516
ru.16.12624991	40440
ru.16.12624992	40441
ru.16.12624998	40442
ru.16.12624999	40443
ru.16.12625001	40444
ru.16.469048	38615
ru.16.469395	38617
ru.16.469804	38619
ru.16.470846	38630
ru.16.478690	38706
ru.16.480849	38732
ru.16.493464	38852
ru.16.494919	38860
ru.16.506288	38978
ru.16.525278	39152
ru.16.529342	39187
ru.16.542436	39300
ru.16.543055	39306
ru.16.545703	39332
ru.16.553213	39417
ru.16.557627	39460
ru.16.569698	39566
ru.16.578658	39640
ru.16.582532	39687
ru.16.583435	39697
ru.16.825032	39731
ru.17	38515
ru.17.12540213	40368
ru.17.12540214	40369
ru.17.12540216	40370
ru.17.12625004	40445
ru.17.12625007	40446
ru.17.12625085	40447
ru.17.12625086	40448
ru.17.12625087	40449
ru.17.12625088	40450
ru.17.12625363	40557
ru.17.12625365	40558
ru.17.478962	38709
ru.17.480801	38730
ru.17.480804	38731
ru.17.482588	38748
ru.17.484288	38770
ru.17.484957	38776
ru.17.486360	38794
ru.17.490031	38828
ru.17.496609	38884
ru.17.500315	38926
ru.17.518649	39093
ru.17.520075	39102
ru.17.532306	39201
ru.17.535538	39231
ru.17.536044	39236
ru.17.537098	39243
ru.17.538991	39265
ru.17.539432	39269
ru.17.547836	39349
ru.17.547846	39350
ru.17.549104	39378
ru.17.550200	39385
ru.17.550476	39389
ru.17.551375	39396
ru.17.551590	39397
ru.17.551645	39398
ru.17.557977	39465
ru.17.558024	39466
ru.17.561559	39484
ru.17.566528	39534
ru.17.567284	39544
ru.17.569892	39567
ru.17.570478	39575
ru.17.571887	39588
ru.17.579998	39656
ru.17.583511	39699
ru.17.583776	39703
ru.17.583791	39704
ru.17.583977	39707
ru.17.825033	39732
ru.17.825034	39733
ru.17.826309	39748
ru.17.830805	39750
ru.17.830807	39751
ru.17.830809	39752
ru.17.830810	39753
ru.17.830811	39754
ru.17.830812	39755
ru.17.830814	39756
ru.17.830816	39757
ru.19	38513
ru.19.12625089	40451
ru.19.12625090	40452
ru.19.12625091	40453
ru.19.12625093	40454
ru.19.12625094	40455
ru.19.12653089	40968
ru.19.486197	38792
ru.19.523063	39124
ru.19.531127	39198
ru.19.7303363	40289
ru.20	38543
ru.20.11749372	40321
ru.20.12625095	40456
ru.20.12625098	40457
ru.20.12625101	40458
ru.20.12625103	40459
ru.20.12625104	40460
ru.20.12625105	40461
ru.20.12625106	40462
ru.20.12625107	40463
ru.20.12625368	40559
ru.20.12639978	40840
ru.20.13216837	41123
ru.20.13216838	41124
ru.20.13216839	41125
ru.20.13216840	41126
ru.20.13216841	41127
ru.20.1489868	39849
ru.20.1497548	39932
ru.20.1507634	40022
ru.20.2012482	40091
ru.20.2012531	40093
ru.20.2012700	40096
ru.20.2013864	40107
ru.20.2013922	40108
ru.20.2013951	40109
ru.20.2014025	40112
ru.20.2014922	40119
ru.20.2016415	40129
ru.20.2018281	40145
ru.20.2018527	40148
ru.20.2018795	40156
ru.20.2019196	40157
ru.20.2020302	40169
ru.20.2021089	40176
ru.20.2022082	40183
ru.20.2023030	40191
ru.20.2023075	40192
ru.20.2023332	40196
ru.20.2023464	40199
ru.20.2024464	40202
ru.20.2025526	40208
ru.20.2026092	40211
ru.20.2026543	40213
ru.20.2026584	40214
ru.20.2027003	40220
ru.20.2027984	40230
ru.20.2050918	40238
ru.20.2050919	40239
ru.20.2050920	40240
ru.21	38512
ru.21.12625370	40560
ru.21.12625371	40561
ru.21.464107	38575
ru.21.466002	38584
ru.21.466254	38588
ru.21.473787	38656
ru.21.475550	38669
ru.21.483136	38753
ru.21.493203	38850
ru.21.498203	38898
ru.21.501709	38937
ru.21.504293	38954
ru.21.505049	38961
ru.21.510322	39009
ru.21.513094	39037
ru.21.533539	39214
ru.21.545702	39331
ru.21.548606	39365
ru.21.555207	39444
ru.21.557129	39454
ru.21.561784	39491
ru.21.562305	39498
ru.21.825091	39734
ru.21.825092	39735
ru.21.825093	39736
ru.21.825094	39737
ru.21.825095	39738
ru.21.825096	39739
ru.21.826310	39749
ru.22	38511
ru.22.11205483	40308
ru.22.12625113	40468
ru.22.12625373	40563
ru.22.12693592	40982
ru.22.462156	38557
ru.22.478559	38703
ru.22.483273	38757
ru.22.490029	38827
ru.22.504938	38959
ru.22.528218	39179
ru.22.569634	39565
ru.22.579567	39649
ru.22.825097	39740
ru.22.825098	39741
ru.23	38510
ru.23.12514975	40336
ru.23.12514976	40337
ru.23.12514977	40338
ru.23.12625141	40473
ru.23.12625147	40474
ru.23.12625151	40475
ru.23.12625153	40476
ru.23.3233216	40282
ru.23.463825	38571
ru.23.492111	38846
ru.23.505596	38974
ru.23.507290	38982
ru.23.513394	39041
ru.23.522467	39113
ru.23.522740	39116
ru.23.541941	39277
ru.23.557707	39461
ru.23.557841	39463
ru.23.557904	39464
ru.23.568594	39554
ru.23.579759	39651
ru.23.825113	39742
ru.23.825114	39743
ru.23.825115	39744
ru.23.825116	39745
ru.23.825117	39746
ru.23.825118	39747
ru.24	38509
ru.24.11205599	40309
ru.24.466133	38586
ru.24.468746	38609
ru.24.468775	38610
ru.24.481029	38735
ru.24.498505	38901
ru.24.505020	38960
ru.24.505231	38965
ru.24.515840	39065
ru.24.530957	39196
ru.24.551845	39402
ru.24.557412	39457
ru.24.559474	39477
ru.24.568626	39556
ru.25	38508
ru.25.11205600	40310
ru.25.12531613	40359
ru.25.12531614	40360
ru.25.12625425	40570
ru.25.462752	38562
ru.25.462912	38564
ru.25.466653	38592
ru.25.479106	38713
ru.25.484282	38769
ru.25.486662	38796
ru.25.489867	38820
ru.25.511399	39019
ru.25.525083	39148
ru.25.527404	39170
ru.25.527866	39174
ru.25.530848	39192
ru.25.532457	39202
ru.25.538051	39252
ru.25.543347	39307
ru.25.548363	39355
ru.25.548971	39376
ru.25.562871	39503
ru.25.563697	39509
ru.25.564189	39513
ru.25.572058	39590
ru.25.578944	39643
ru.25.579834	39653
ru.27	38507
ru.27.11238183	40315
ru.27.12625374	40564
ru.27.12625417	40565
ru.27.12639979	40841
ru.27.12693593	40983
ru.27.12693594	40984
ru.27.463884	38573
ru.27.478129	38698
ru.27.478586	38705
ru.27.505340	38970
ru.27.530936	39195
ru.27.550866	39393
ru.27.552922	39414
ru.27.584220	39711
ru.28	38506
ru.28.12625217	40511
ru.28.12625218	40512
ru.28.12625221	40513
ru.28.12625222	40514
ru.28.12625430	40574
ru.28.12625432	40575
ru.28.12625433	40576
ru.28.12625434	40577
ru.28.12625435	40578
ru.28.12625436	40579
ru.28.12663427	40976
ru.28.12663428	40977
ru.28.461703	38552
ru.28.486183	38791
ru.28.497924	38895
ru.28.504259	38953
ru.28.504407	38956
ru.28.505244	38966
ru.28.509233	38997
ru.28.515401	39056
ru.28.524099	39137
ru.28.527887	39175
ru.28.533962	39217
ru.28.537148	39244
ru.28.545624	39329
ru.28.551115	39395
ru.28.554317	39432
ru.28.577920	39629
ru.29	38536
ru.29.11237590	40314
ru.29.12625420	40567
ru.29.12626051	40816
ru.29.12626052	40817
ru.29.12626053	40818
ru.29.12626054	40819
ru.29.12626055	40820
ru.29.12626056	40821
ru.29.12626057	40822
ru.29.12626065	40823
ru.29.12626066	40824
ru.29.12626067	40825
ru.29.12626068	40826
ru.29.12639988	40843
ru.29.13304383	41139
ru.29.13304384	41140
ru.29.13304385	41141
ru.29.13304387	41142
ru.29.13304388	41143
ru.29.13304389	41144
ru.29.13304390	41145
ru.29.13304391	41146
ru.29.13304392	41147
ru.29.13304393	41148
ru.29.13304394	41149
ru.29.13304395	41150
ru.29.13304396	41151
ru.29.13304397	41152
ru.29.13304398	41153
ru.29.13304399	41154
ru.29.13304400	41155
ru.29.1485714	39788
ru.29.1486255	39796
ru.29.1486297	39797
ru.29.1488837	39829
ru.29.1489389	39839
ru.29.1489552	39845
ru.29.1490041	39854
ru.29.1494089	39902
ru.29.1494112	39903
ru.29.1496989	39929
ru.29.1499346	39952
ru.29.1500664	39958
ru.29.1502191	39978
ru.29.1503899	39993
ru.29.1505227	40008
ru.29.1508338	40029
ru.29.1510461	40054
ru.30	38542
ru.30.12625161	40479
ru.30.12625242	40525
ru.30.12626032	40811
ru.30.12626033	40812
ru.30.12626048	40813
ru.30.12626049	40814
ru.30.12640015	40844
ru.30.12640016	40845
ru.30.12640017	40846
ru.30.13465434	41174
ru.30.13465435	41175
ru.30.2013228	40102
ru.30.2013652	40105
ru.30.2014399	40114
ru.30.2014966	40120
ru.30.2022887	40189
ru.30.2026693	40217
ru.30.2027744	40227
ru.30.2119929	40245
ru.31	38535
ru.31.12625201	40500
ru.31.12625202	40501
ru.31.12625632	40667
ru.31.12625633	40668
ru.31.12625634	40669
ru.31.1488271	39820
ru.31.1490033	39853
ru.31.1492146	39880
ru.31.1496096	39918
ru.31.1509846	40044
ru.31.1510122	40050
ru.31.1511300	40060
ru.31.1511730	40065
ru.31.1536883	40088
ru.31.1536884	40089
ru.31.1536885	40090
ru.32	38534
ru.32.12625163	40480
ru.32.12625164	40481
ru.32.12625169	40482
ru.32.12625171	40483
ru.32.12625173	40484
ru.32.12625175	40485
ru.32.12625178	40486
ru.32.12625180	40487
ru.32.12625184	40488
ru.32.12625186	40489
ru.32.12625187	40490
ru.32.12625188	40491
ru.32.12625189	40492
ru.32.12625190	40493
ru.32.12625191	40494
ru.32.12625192	40495
ru.32.12640018	40847
ru.32.12640019	40848
ru.32.13043419	41039
ru.32.13043420	41040
ru.32.13043425	41044
ru.32.1490620	39864
ru.32.1491226	39867
ru.32.1497542	39931
ru.32.1502699	39984
ru.33	38505
ru.33.12625193	40496
ru.33.12625197	40497
ru.33.12625199	40498
ru.33.12625200	40499
ru.33.12625424	40569
ru.33.12625636	40670
ru.33.12625638	40671
ru.33.12693598	40986
ru.33.12693599	40987
ru.33.12693600	40988
ru.33.461940	38554
ru.33.466268	38589
ru.33.469004	38614
ru.33.470727	38629
ru.33.474372	38664
ru.33.475579	38671
ru.33.478528	38701
ru.33.478994	38710
ru.33.480079	38722
ru.33.485794	38783
ru.33.486207	38793
ru.33.490023	38821
ru.33.491877	38844
ru.33.496196	38878
ru.33.498876	38909
ru.33.508064	38987
ru.33.509182	38996
ru.33.514967	39049
ru.33.515173	39053
ru.33.515266	39055
ru.33.520040	39100
ru.33.522678	39115
ru.33.523582	39131
ru.33.524412	39140
ru.33.530971	39197
ru.33.533042	39210
ru.33.536486	39241
ru.33.539285	39268
ru.33.543733	39316
ru.33.548394	39360
ru.33.548691	39369
ru.33.548746	39372
ru.33.550782	39392
ru.33.563343	39506
ru.33.567048	39539
ru.33.575548	39609
ru.33.577939	39630
ru.33.581227	39675
ru.33.584145	39710
ru.34	38504
ru.34.12625207	40502
ru.34.12625208	40503
ru.34.12625209	40504
ru.34.12625211	40505
ru.34.12625212	40506
ru.34.12625213	40507
ru.34.12625426	40571
ru.34.12625427	40572
ru.34.12817014	41027
ru.34.12817015	41028
ru.34.12817016	41029
ru.34.12817017	41030
ru.34.477906	38693
ru.34.477941	38694
ru.34.478049	38696
ru.34.479581	38718
ru.34.481547	38738
ru.34.485121	38779
ru.34.485241	38780
ru.34.505282	38969
ru.34.543395	39308
ru.34.544396	39321
ru.34.547056	39341
ru.34.554843	39441
ru.37	38503
ru.37.12625214	40508
ru.37.12625215	40509
ru.37.12625216	40510
ru.37.12625428	40573
ru.37.12625639	40672
ru.37.12648950	40961
ru.37.12648951	40962
ru.37.12648952	40963
ru.37.472883	38653
ru.37.486013	38787
ru.37.486846	38799
ru.37.491024	38839
ru.37.495704	38872
ru.37.503399	38948
ru.37.506693	38981
ru.37.512246	39030
ru.37.512574	39032
ru.37.514056	39043
ru.37.515833	39061
ru.37.522334	39110
ru.37.522591	39114
ru.37.527261	39167
ru.37.529502	39189
ru.37.532129	39200
ru.37.542232	39284
ru.37.543869	39317
ru.37.546275	39336
ru.37.554500	39436
ru.37.562156	39493
ru.37.567693	39545
ru.37.570472	39574
ru.37.581454	39679
ru.38	38502
ru.38.12625136	40469
ru.38.12625138	40470
ru.38.12625139	40471
ru.38.12625140	40472
ru.38.12625419	40566
ru.38.12639981	40842
ru.38.12760005	41003
ru.38.13077910	41047
ru.38.13077911	41048
ru.38.13077912	41049
ru.38.13077913	41050
ru.38.13077914	41051
ru.38.13077915	41052
ru.38.13077917	41053
ru.38.13077918	41054
ru.38.13077919	41055
ru.38.13077920	41056
ru.38.13077921	41057
ru.38.13077922	41058
ru.38.13077923	41059
ru.38.466879	38594
ru.38.470322	38623
ru.38.478043	38695
ru.38.478198	38699
ru.38.480713	38729
ru.38.482964	38750
ru.38.483027	38752
ru.38.483660	38763
ru.38.483882	38765
ru.38.488740	38810
ru.38.492095	38845
ru.38.495252	38865
ru.38.496265	38880
ru.38.505258	38967
ru.38.512021	39028
ru.38.513908	39042
ru.38.518311	39087
ru.38.518681	39094
ru.38.524810	39145
ru.38.536193	39240
ru.38.537279	39246
ru.38.538413	39258
ru.38.538835	39263
ru.38.540245	39274
ru.38.540263	39275
ru.38.542439	39303
ru.38.544895	39323
ru.38.551661	39399
ru.38.553149	39416
ru.38.554184	39431
ru.38.558065	39467
ru.38.566179	39532
ru.38.571419	39584
ru.38.577885	39628
ru.38.577983	39633
ru.38.581311	39676
ru.38.582178	39683
ru.38.584439	39715
ru.38.6695246	40288
ru.40	38532
ru.40.12625157	40477
ru.40.12625159	40478
ru.40.12626070	40827
ru.40.13216323	41121
ru.40.13216324	41122
ru.40.1485718	39789
ru.40.1487781	39807
ru.40.1489127	39834
ru.40.1491988	39879
ru.40.1492326	39884
ru.40.1492387	39885
ru.40.1492514	39887
ru.40.1493266	39893
ru.40.1494157	39905
ru.40.1494512	39908
ru.40.1495014	39910
ru.40.1498510	39945
ru.40.1498632	39946
ru.40.1500033	39955
ru.40.1500740	39959
ru.40.1501253	39963
ru.40.1503878	39992
ru.40.1504208	39996
ru.40.1504384	40000
ru.40.1507564	40021
ru.40.1508407	40031
ru.40.1510422	40052
ru.40.1511752	40067
ru.41	38501
ru.41.12544997	40390
ru.41.12544998	40391
ru.41.12544999	40392
ru.41.12545000	40393
ru.41.12625223	40515
ru.41.12625224	40516
ru.41.12625225	40517
ru.41.12640021	40849
ru.41.13452994	41171
ru.41.462166	38558
ru.41.463342	38567
ru.41.482808	38749
ru.41.486813	38797
ru.41.490026	38824
ru.41.490969	38835
ru.41.495207	38864
ru.41.499888	38918
ru.41.505150	38964
ru.41.506595	38979
ru.41.515838	39063
ru.41.516399	39070
ru.41.527962	39176
ru.41.529503	39190
ru.41.535333	39228
ru.41.538549	39259
ru.41.538907	39264
ru.41.544901	39324
ru.41.545221	39326
ru.41.549598	39379
ru.41.551828	39401
ru.41.559401	39475
ru.41.560992	39481
ru.41.563299	39505
ru.41.565980	39530
ru.41.569338	39560
ru.41.574359	39596
ru.41.577820	39626
ru.42	38499
ru.42.11103379	40305
ru.42.12625280	40533
ru.42.12640023	40851
ru.42.12640024	40852
ru.42.12640025	40853
ru.42.470541	38625
ru.42.471099	38631
ru.42.472350	38646
ru.42.472711	38652
ru.42.481965	38741
ru.42.483008	38751
ru.42.492167	38847
ru.42.508035	38986
ru.42.533053	39211
ru.42.534332	39220
ru.42.534562	39222
ru.42.548376	39358
ru.42.548441	39361
ru.42.548601	39364
ru.42.561883	39492
ru.42.575409	39606
ru.42.6695196	40287
ru.43	38498
ru.43.12625447	40580
ru.43.12666369	40978
ru.43.465724	38583
ru.43.467976	38602
ru.43.472303	38644
ru.43.478304	38700
ru.43.483542	38760
ru.43.489297	38815
ru.43.535119	39225
ru.43.535418	39229
ru.43.536514	39242
ru.43.542484	39305
ru.43.550109	39384
ru.43.554804	39440
ru.43.558309	39471
ru.43.565604	39524
ru.43.565805	39526
ru.43.565845	39527
ru.43.567100	39540
ru.43.569929	39568
ru.44	38548
ru.44.12625448	40581
ru.44.2119629	40243
ru.44.2120639	40251
ru.44.2120865	40252
ru.44.2121026	40254
ru.44.2121386	40257
ru.44.2122490	40261
ru.44.2122529	40263
ru.44.2124738	40270
ru.44.2131663	40281
ru.45	38497
ru.45.12625449	40582
ru.45.12625451	40583
ru.45.12625452	40584
ru.45.12661325	40969
ru.45.461915	38553
ru.45.466404	38591
ru.45.472225	38640
ru.45.490024	38822
ru.45.496560	38883
ru.45.512616	39033
ru.45.514738	39048
ru.45.517838	39081
ru.45.525261	39151
ru.45.528033	39177
ru.45.529194	39186
ru.45.537938	39250
ru.45.548716	39370
ru.45.559774	39480
ru.46	38496
ru.46.11238668	40317
ru.46.12041471	40329
ru.46.12625453	40585
ru.46.12625454	40586
ru.46.12843387	41033
ru.46.462020	38556
ru.46.467756	38601
ru.46.482117	38744
ru.46.483641	38762
ru.46.483682	38764
ru.46.488637	38806
ru.46.500298	38925
ru.46.501345	38934
ru.46.532894	39209
ru.46.542209	39282
ru.46.543435	39309
ru.46.546795	39339
ru.46.556313	39451
ru.46.557618	39459
ru.46.564803	39519
ru.46.570002	39569
ru.46.574403	39599
ru.46.574428	39603
ru.46.580367	39660
ru.46.580372	39661
ru.46.581182	39674
ru.47	38495
ru.47.12541988	40371
ru.47.12541989	40372
ru.47.12541990	40373
ru.47.12541991	40374
ru.47.12541992	40375
ru.47.12541993	40376
ru.47.12541994	40377
ru.47.12541995	40378
ru.47.12541996	40379
ru.47.12541997	40380
ru.47.12541998	40381
ru.47.12541999	40382
ru.47.12542000	40383
ru.47.12542001	40384
ru.47.12542002	40385
ru.47.12542003	40386
ru.47.12542006	40387
ru.47.12542008	40388
ru.47.12542009	40389
ru.47.12625284	40534
ru.47.12625285	40535
ru.47.12625286	40536
ru.47.12625288	40537
ru.47.12625289	40538
ru.47.12625290	40539
ru.47.12625293	40540
ru.47.12625296	40541
ru.47.12625316	40542
ru.47.12625317	40543
ru.47.12625319	40544
ru.47.12625320	40545
ru.47.12625321	40546
ru.47.12625322	40547
ru.47.12625323	40548
ru.47.12625455	40587
ru.47.12625457	40588
ru.47.12640026	40854
ru.47.12640027	40855
ru.47.464686	38577
ru.47.465636	38582
ru.47.468247	38606
ru.47.471643	38635
ru.47.472430	38648
ru.47.484825	38775
ru.47.486955	38800
ru.47.490995	38836
ru.47.495337	38866
ru.47.495516	38867
ru.47.496029	38877
ru.47.496526	38882
ru.47.496894	38887
ru.47.500285	38924
ru.47.502966	38944
ru.47.503964	38951
ru.47.508091	38988
ru.47.512055	39029
ru.47.513393	39040
ru.47.515022	39050
ru.47.516210	39069
ru.47.520066	39101
ru.47.523425	39129
ru.47.523810	39134
ru.47.524708	39143
ru.47.532616	39206
ru.47.533544	39215
ru.47.533974	39218
ru.47.536086	39237
ru.47.542363	39295
ru.47.546247	39335
ru.47.547486	39344
ru.47.550279	39387
ru.47.551949	39404
ru.47.555740	39445
ru.47.565379	39523
ru.47.565909	39529
ru.47.569587	39564
ru.47.579462	39647
ru.47.8521441	40301
ru.48	38494
ru.48.471823	38638
ru.48.480141	38725
ru.48.490025	38823
ru.48.490968	38834
ru.48.532527	39204
ru.48.562221	39496
ru.48.562331	39500
ru.48.579866	39655
ru.48.8520888	40290
ru.48.8520891	40291
ru.48.8520892	40292
ru.48.8520893	40293
ru.49	38493
ru.49.11238669	40318
ru.49.12625458	40589
ru.49.12625460	40590
ru.49.12625462	40591
ru.49.12625465	40592
ru.49.12625466	40593
ru.49.12625468	40594
ru.49.12625470	40595
ru.49.12625471	40596
ru.49.12625472	40597
ru.49.12625473	40598
ru.49.12625481	40599
ru.49.12625482	40600
ru.49.12625483	40601
ru.49.12625484	40602
ru.49.12625486	40603
ru.49.12626071	40828
ru.49.12723205	40989
ru.49.12723206	40990
ru.49.13454184	41172
ru.49.483272	38756
ru.49.511860	39024
ru.49.533930	39216
ru.49.543505	39312
ru.49.546084	39334
ru.50	38492
ru.50.12625487	40604
ru.50.12640028	40856
ru.50.12837965	41031
ru.50.12837966	41032
ru.51	38514
ru.51.12041465	40323
ru.51.12041466	40324
ru.51.12041467	40325
ru.51.12041468	40326
ru.51.12041469	40327
ru.51.12041470	40328
ru.51.12041472	40330
ru.51.12041474	40331
ru.51.12041475	40332
ru.51.12041476	40333
ru.51.12041480	40334
ru.51.12041481	40335
ru.51.12625489	40606
ru.51.12625490	40607
ru.51.12626072	40829
ru.51.12662531	40970
ru.51.12662532	40971
ru.51.12662533	40972
ru.51.12662534	40973
ru.51.12662535	40974
ru.51.12662536	40975
ru.51.471173	38632
ru.51.471642	38634
ru.51.471793	38637
ru.51.472482	38650
ru.51.473902	38658
ru.51.476980	38682
ru.51.477406	38685
ru.51.477425	38687
ru.51.478751	38708
ru.51.482217	38745
ru.51.482229	38746
ru.51.489809	38818
ru.51.490199	38829
ru.51.495559	38869
ru.51.495765	38874
ru.51.496799	38886
ru.51.497983	38896
ru.51.508612	38991
ru.51.509537	39001
ru.51.510853	39015
ru.51.511266	39017
ru.51.512018	39025
ru.51.523197	39126
ru.51.532711	39208
ru.51.533397	39213
ru.51.540102	39273
ru.51.542285	39286
ru.51.542427	39299
ru.51.543493	39311
ru.51.547159	39342
ru.51.559667	39479
ru.51.562208	39494
ru.51.566164	39531
ru.51.567266	39543
ru.51.567895	39548
ru.51.570560	39576
ru.51.574377	39598
ru.51.574426	39602
ru.51.575549	39610
ru.51.579510	39648
ru.51.580722	39667
ru.51.581181	39673
ru.52	38490
ru.52.12571392	40399
ru.52.12571397	40400
ru.52.12571399	40401
ru.52.12625488	40605
ru.52.472321	38645
ru.52.477295	38684
ru.52.488681	38807
ru.52.491033	38840
ru.52.494364	38854
ru.52.508442	38990
ru.52.510351	39012
ru.52.512568	39031
ru.52.515748	39060
ru.52.519322	39099
ru.52.525024	39147
ru.52.529386	39188
ru.52.530859	39193
ru.52.532461	39203
ru.52.541156	39276
ru.52.548887	39375
ru.52.549740	39381
ru.52.566628	39535
ru.52.567768	39546
ru.52.572153	39591
ru.52.578731	39641
ru.53	38531
ru.53.12625491	40608
ru.53.12625492	40609
ru.53.12625493	40610
ru.53.12625494	40611
ru.53.13290932	41135
ru.53.13290933	41136
ru.53.13290934	41137
ru.53.13290935	41138
ru.53.1485310	39783
ru.53.1487613	39805
ru.53.1488072	39814
ru.53.1488709	39824
ru.53.1489505	39843
ru.53.1489996	39852
ru.53.1490549	39863
ru.53.1492577	39889
ru.53.1496101	39919
ru.53.1496742	39926
ru.53.1498386	39943
ru.53.1499244	39950
ru.53.1500998	39961
ru.53.1501129	39962
ru.53.1501362	39966
ru.53.1501989	39972
ru.53.1502815	39985
ru.53.1503053	39988
ru.53.1503080	39989
ru.53.1504377	39999
ru.53.1504478	40002
ru.53.1505424	40009
ru.53.1507221	40020
ru.53.1507674	40023
ru.53.1507795	40025
ru.53.1508155	40028
ru.53.1508459	40033
ru.53.1509820	40042
ru.53.1510911	40056
ru.53.1511087	40059
ru.54	38530
ru.54.12625495	40612
ru.54.12625496	40613
ru.54.12625497	40614
ru.54.12640029	40857
ru.54.13263937	41128
ru.54.13263938	41129
ru.54.13263939	41130
ru.54.13263940	41131
ru.54.13263941	41132
ru.54.13263942	41133
ru.54.13263943	41134
ru.54.1485023	39781
ru.54.1488205	39819
ru.54.1488778	39828
ru.54.1489657	39846
ru.54.1489939	39851
ru.54.1490074	39856
ru.54.1492853	39890
ru.54.1493005	39892
ru.54.1493414	39895
ru.54.1494494	39907
ru.54.1495477	39914
ru.54.1496327	39923
ru.54.1496381	39924
ru.54.1496632	39925
ru.54.1497563	39934
ru.54.1497930	39937
ru.54.1498204	39940
ru.54.1498378	39942
ru.54.1499276	39951
ru.54.1500124	39956
ru.54.1501688	39969
ru.54.1502525	39983
ru.54.1502877	39987
ru.54.1505070	40007
ru.54.1505437	40010
ru.54.1506349	40016
ru.54.1508135	40027
ru.54.1509486	40039
ru.54.1509495	40040
ru.55	38489
ru.55.12625498	40615
ru.55.12625499	40616
ru.55.12625511	40617
ru.55.12625517	40618
ru.55.12625527	40619
ru.55.12625530	40620
ru.55.12626073	40830
ru.55.12626074	40831
ru.55.12626075	40832
ru.55.12640030	40858
ru.55.12640031	40859
ru.55.12640032	40860
ru.55.13130796	41083
ru.55.13130797	41084
ru.55.13130798	41085
ru.55.13130799	41086
ru.55.13130800	41087
ru.55.13130802	41089
ru.55.13130803	41090
ru.55.13130804	41091
ru.55.13130805	41092
ru.55.1490518	39862
ru.55.468676	38608
ru.55.479870	38721
ru.55.481956	38739
ru.55.484219	38768
ru.55.490552	38832
ru.55.491017	38837
ru.55.495666	38870
ru.55.498707	38906
ru.55.499336	38913
ru.55.506628	38980
ru.55.517973	39084
ru.55.518417	39089
ru.55.528462	39182
ru.55.537539	39247
ru.55.538136	39255
ru.55.538681	39261
ru.55.542339	39291
ru.55.557326	39455
ru.55.561697	39487
ru.55.570419	39572
ru.55.571157	39581
ru.55.577592	39623
ru.55.580674	39665
ru.55.582997	39694
ru.55.583904	39706
ru.55.584465	39716
ru.56	38488
ru.56.12527681	40342
ru.56.12527682	40343
ru.56.12527683	40344
ru.56.12527684	40345
ru.56.12527685	40346
ru.56.12527686	40347
ru.56.12527687	40348
ru.56.12527688	40349
ru.56.12625531	40621
ru.56.12625532	40622
ru.56.12625533	40623
ru.56.12625534	40624
ru.56.12625537	40625
ru.56.12626017	40801
ru.56.12626018	40802
ru.56.12626019	40803
ru.56.12626020	40804
ru.56.12626076	40833
ru.56.12626077	40834
ru.56.12626078	40835
ru.56.12640039	40861
ru.56.12640040	40862
ru.56.12640041	40863
ru.56.474331	38662
ru.56.478720	38707
ru.56.524639	39141
ru.56.534709	39223
ru.56.575360	39605
ru.57	38487
ru.57.12625560	40639
ru.57.12625561	40640
ru.57.12625563	40641
ru.57.12625567	40642
ru.57.12625570	40643
ru.57.12625573	40644
ru.57.12625575	40645
ru.57.12640118	40880
ru.57.12640119	40881
ru.57.12640120	40882
ru.57.463709	38570
ru.57.477417	38686
ru.57.484671	38773
ru.57.490210	38831
ru.57.494899	38859
ru.57.496933	38888
ru.57.511553	39021
ru.57.513307	39038
ru.57.521090	39104
ru.57.522401	39112
ru.57.523413	39128
ru.57.525658	39156
ru.57.530890	39194
ru.57.533278	39212
ru.57.534172	39219
ru.57.537733	39249
ru.57.553390	39422
ru.57.555790	39446
ru.57.576654	39622
ru.57.578043	39634
ru.59	38541
ru.59.12625576	40646
ru.59.12625577	40647
ru.59.12640121	40883
ru.59.12640122	40884
ru.59.12640123	40885
ru.59.12640124	40886
ru.59.12640127	40887
ru.59.12640128	40888
ru.59.12640130	40889
ru.59.12640131	40890
ru.59.12640372	40949
ru.59.13497836	41187
ru.59.13497837	41188
ru.59.13497838	41189
ru.59.13497839	41190
ru.59.13497840	41191
ru.59.13497841	41192
ru.59.13497842	41193
ru.59.13497843	41194
ru.59.13497844	41195
ru.59.2013174	40101
ru.59.2014004	40111
ru.59.2015351	40122
ru.59.2016184	40127
ru.59.2016650	40131
ru.59.2017697	40142
ru.59.2018110	40144
ru.59.2018541	40149
ru.59.2019548	40161
ru.59.2019986	40166
ru.59.2020883	40173
ru.59.2022059	40182
ru.59.2022288	40184
ru.59.2022584	40188
ru.59.2025486	40207
ru.59.2027594	40225
ru.60	38485
ru.60.12538072	40365
ru.60.12538073	40366
ru.60.12538074	40367
ru.60.12640132	40891
ru.60.476048	38677
ru.60.477776	38690
ru.60.487109	38801
ru.60.497999	38897
ru.60.503373	38947
ru.60.503857	38950
ru.60.503970	38952
ru.60.504335	38955
ru.60.506274	38977
ru.60.511788	39023
ru.60.513043	39036
ru.60.514057	39044
ru.60.515157	39052
ru.60.517923	39083
ru.60.518234	39086
ru.60.534416	39221
ru.60.539128	39266
ru.60.542379	39297
ru.60.561678	39486
ru.60.565884	39528
ru.60.566867	39537
ru.60.576573	39620
ru.61	38484
ru.61.11764998	40322
ru.61.12625578	40648
ru.61.12625579	40649
ru.61.12625581	40650
ru.61.12625583	40651
ru.61.12625585	40652
ru.61.12625586	40653
ru.61.12625587	40654
ru.61.12625588	40655
ru.61.12625591	40656
ru.61.12625592	40657
ru.61.12625593	40658
ru.61.12625597	40659
ru.61.12625600	40660
ru.61.12625601	40661
ru.61.12625603	40662
ru.61.12625605	40663
ru.61.12625606	40664
ru.61.12626010	40797
ru.61.12626011	40798
ru.61.12626014	40799
ru.61.12626016	40800
ru.61.12640133	40892
ru.61.12640399	40960
ru.61.13083726	41063
ru.61.13083727	41064
ru.61.13083728	41065
ru.61.13083729	41066
ru.61.13083730	41067
ru.61.13130801	41088
ru.61.463636	38569
ru.61.464184	38576
ru.61.474113	38661
ru.61.475612	38672
ru.61.480873	38733
ru.61.484016	38767
ru.61.501773	38938
ru.61.502186	38940
ru.61.510614	39013
ru.61.515841	39066
ru.61.516453	39071
ru.61.522883	39120
ru.61.523946	39136
ru.61.525149	39150
ru.61.526503	39160
ru.61.526557	39162
ru.61.528481	39183
ru.61.528946	39184
ru.61.538055	39253
ru.61.545268	39327
ru.61.553409	39424
ru.61.554481	39435
ru.61.564600	39518
ru.61.568425	39551
ru.61.575411	39607
ru.61.577953	39632
ru.61.579769	39652
ru.61.583665	39702
ru.62	38483
ru.62.12535924	40361
ru.62.12535925	40362
ru.62.12535926	40363
ru.62.12535927	40364
ru.62.12625607	40665
ru.62.12626009	40796
ru.62.465400	38580
ru.62.467250	38597
ru.62.479425	38714
ru.62.488204	38805
ru.62.489810	38819
ru.62.492371	38848
ru.62.494404	38855
ru.62.495531	38868
ru.62.498441	38900
ru.62.498642	38903
ru.62.498765	38907
ru.62.499979	38919
ru.62.500045	38922
ru.62.500058	38923
ru.62.503677	38949
ru.62.504714	38957
ru.62.509272	38999
ru.62.526544	39161
ru.62.526753	39163
ru.62.544999	39325
ru.62.547726	39348
ru.62.551884	39403
ru.62.554547	39438
ru.62.567802	39547
ru.63	38540
ru.63.12640134	40893
ru.63.12640135	40894
ru.63.12640137	40895
ru.63.12640139	40896
ru.63.12640140	40897
ru.63.12640141	40898
ru.63.12640142	40899
ru.63.12640144	40900
ru.63.12640145	40901
ru.63.12640146	40902
ru.63.12640202	40903
ru.63.12640205	40904
ru.63.12640206	40905
ru.63.12640207	40906
ru.63.12640208	40907
ru.63.13131637	41093
ru.63.13131638	41094
ru.63.13131639	41095
ru.63.2012529	40092
ru.63.2013462	40103
ru.63.2013638	40104
ru.63.2013847	40106
ru.63.2013999	40110
ru.63.2015174	40121
ru.63.2015912	40125
ru.63.2018564	40150
ru.63.2018569	40151
ru.63.2019491	40160
ru.63.2019952	40164
ru.63.2020094	40167
ru.63.2020847	40172
ru.63.2021938	40180
ru.63.2023916	40200
ru.63.2025240	40204
ru.63.2025971	40210
ru.63.2027729	40226
ru.63.2027964	40229
ru.63.2119872	40244
ru.63.2121024	40253
ru.63.2122308	40260
ru.63.2123220	40266
ru.63.2127257	40277
ru.63.2127365	40280
ru.63.8617188	40302
ru.63.8617246	40303
ru.63.8617247	40304
ru.64	38547
ru.64.12626007	40795
ru.64.13397283	41170
ru.64.2119443	40241
ru.64.2120259	40248
ru.64.2120528	40249
ru.64.2121125	40256
ru.64.2121906	40258
ru.64.2122610	40264
ru.64.2122891	40265
ru.64.2123978	40268
ru.64.2124282	40269
ru.64.2127149	40275
ru.64.2127281	40279
ru.65	38482
ru.65.12625608	40666
ru.65.12625993	40783
ru.65.12625994	40784
ru.65.12625995	40785
ru.65.12625996	40786
ru.65.12625997	40787
ru.65.12625999	40788
ru.65.12626000	40789
ru.65.12626001	40790
ru.65.12626002	40791
ru.65.12626004	40792
ru.65.12626005	40793
ru.65.12626006	40794
ru.65.12640209	40908
ru.65.12640212	40909
ru.65.13467273	41176
ru.65.13467274	41177
ru.65.13467275	41178
ru.65.13467276	41179
ru.65.13467277	41180
ru.65.13467278	41181
ru.65.13467279	41182
ru.65.13467280	41183
ru.65.472226	38641
ru.65.484968	38777
ru.65.494532	38856
ru.65.494875	38857
ru.65.496628	38885
ru.65.505050	38962
ru.65.507635	38983
ru.65.510346	39011
ru.65.522943	39123
ru.65.542130	39278
ru.65.542437	39301
ru.65.544174	39319
ru.65.548614	39366
ru.65.571989	39589
ru.65.574410	39600
ru.65.574418	39601
ru.65.575758	39612
ru.65.576588	39621
ru.65.582786	39690
ru.66	38500
ru.66.463424	38568
ru.66.470542	38626
ru.66.476815	38680
ru.66.496477	38881
ru.66.510222	39008
ru.66.522360	39111
ru.66.524915	39146
ru.66.542231	39283
ru.66.542341	39293
ru.66.548375	39357
ru.66.554181	39429
ru.66.562330	39499
ru.66.8521318	40294
ru.66.8521319	40295
ru.66.8521320	40296
ru.66.8521321	40297
ru.66.8521322	40298
ru.66.8521323	40299
ru.66.8521324	40300
ru.67	38481
ru.67.12625975	40776
ru.67.12625987	40777
ru.67.12625988	40778
ru.67.12625989	40779
ru.67.12625990	40780
ru.67.12625991	40781
ru.67.12625992	40782
ru.67.12640214	40911
ru.67.13489129	41184
ru.67.13489130	41185
ru.67.467093	38595
ru.67.468124	38605
ru.67.471644	38636
ru.67.472276	38642
ru.67.480248	38726
ru.67.490027	38825
ru.67.498661	38904
ru.67.498943	38911
ru.67.500881	38929
ru.67.501123	38930
ru.67.501392	38935
ru.67.509259	38998
ru.67.509911	39005
ru.67.511413	39020
ru.67.513326	39039
ru.67.517737	39079
ru.67.518986	39097
ru.67.529068	39185
ru.67.532700	39207
ru.67.542275	39285
ru.67.542310	39287
ru.67.542438	39302
ru.67.548980	39377
ru.67.554178	39428
ru.67.555108	39443
ru.67.563462	39508
ru.67.564242	39515
ru.67.578469	39637
ru.67.579379	39644
ru.67.579454	39646
ru.67.580419	39662
ru.67.581077	39671
ru.67.583047	39696
ru.68	38491
ru.68.12625971	40775
ru.68.12693596	40985
ru.68.505371	38971
ru.68.505586	38973
ru.68.524734	39144
ru.68.548364	39356
ru.68.556219	39448
ru.68.566241	39533
ru.68.581175	39672
ru.68.583478	39698
ru.69	38480
ru.69.12625964	40772
ru.69.12625965	40773
ru.69.12625969	40774
ru.69.467133	38596
ru.69.467755	38600
ru.69.468850	38611
ru.69.470709	38628
ru.69.475952	38675
ru.69.479469	38715
ru.69.491679	38843
ru.69.493403	38851
ru.69.499436	38914
ru.69.500653	38927
ru.69.508613	38992
ru.69.518911	39096
ru.69.525423	39154
ru.69.542483	39304
ru.69.549717	39380
ru.69.550233	39386
ru.69.552556	39410
ru.69.561211	39482
ru.69.562220	39495
ru.69.564232	39514
ru.69.565198	39522
ru.69.566718	39536
ru.70	38479
ru.70.12625641	40673
ru.70.12625643	40674
ru.70.12625644	40675
ru.70.12625953	40765
ru.70.12625954	40766
ru.70.12625955	40767
ru.70.12625956	40768
ru.70.12625958	40769
ru.70.12625960	40770
ru.70.12625963	40771
ru.70.12640213	40910
ru.70.12690098	40979
ru.70.12690099	40980
ru.70.12690100	40981
ru.70.480256	38727
ru.70.481182	38736
ru.70.487592	38804
ru.70.490028	38826
ru.70.505554	38972
ru.70.509912	39006
ru.70.518210	39085
ru.70.522940	39122
ru.70.526479	39159
ru.70.535439	39230
ru.70.538550	39260
ru.70.546775	39338
ru.70.548378	39359
ru.70.554773	39439
ru.70.556226	39449
ru.70.559114	39474
ru.70.561607	39485
ru.70.571296	39583
ru.70.576176	39616
ru.70.580714	39666
ru.70.581371	39678
ru.70.581823	39681
ru.70.582998	39695
ru.71	38529
ru.71.12625645	40676
ru.71.12625646	40677
ru.71.12625842	40727
ru.71.12625846	40728
ru.71.12625847	40729
ru.71.12625851	40730
ru.71.12625853	40731
ru.71.12625858	40732
ru.71.12625859	40733
ru.71.12625860	40734
ru.71.12625910	40735
ru.71.12625911	40736
ru.71.12625912	40737
ru.71.12625913	40738
ru.71.12625914	40739
ru.71.12625915	40740
ru.71.12625916	40741
ru.71.12625917	40742
ru.71.12625918	40743
ru.71.12625919	40744
ru.71.12625920	40745
ru.71.12625921	40746
ru.71.12625923	40747
ru.71.12625924	40748
ru.71.12625925	40749
ru.71.12625926	40750
ru.71.12625927	40751
ru.71.12625928	40752
ru.71.12625929	40753
ru.71.12625930	40754
ru.71.12625931	40755
ru.71.12625939	40756
ru.71.12625940	40757
ru.71.12625941	40758
ru.71.12625943	40759
ru.71.12625944	40760
ru.71.12625945	40761
ru.71.12625946	40762
ru.71.12625947	40763
ru.71.12625948	40764
ru.71.12640219	40912
ru.71.12640220	40913
ru.71.12640221	40914
ru.71.12640222	40915
ru.71.12640223	40916
ru.71.12640226	40917
ru.71.12640390	40956
ru.71.12640391	40957
ru.71.12640392	40958
ru.71.12640394	40959
ru.71.12789796	41004
ru.71.12789797	41005
ru.71.12789798	41006
ru.71.12789799	41007
ru.71.12789800	41008
ru.71.12789801	41009
ru.71.12789802	41010
ru.71.12789803	41011
ru.71.12789804	41012
ru.71.12789805	41013
ru.71.12789806	41014
ru.71.12789807	41015
ru.71.12789808	41016
ru.71.12789809	41017
ru.71.12789810	41018
ru.71.12789812	41019
ru.71.12789813	41020
ru.71.12789814	41021
ru.71.12789815	41022
ru.71.12789816	41023
ru.71.12789817	41024
ru.71.12789818	41025
ru.71.12789819	41026
ru.71.1487220	39803
ru.71.1488929	39832
ru.71.1489055	39833
ru.71.1490273	39858
ru.71.1490366	39860
ru.71.1490399	39861
ru.71.1490708	39865
ru.71.1491678	39874
ru.71.1493867	39900
ru.71.1496971	39928
ru.71.1497793	39936
ru.71.1504832	40004
ru.71.1509887	40046
ru.71.1510447	40053
ru.71.1536221	40087
ru.71.495939	38875
ru.71.521046	39103
ru.71.542198	39281
ru.71.584306	39713
ru.72	38478
ru.72.12625647	40678
ru.72.12625648	40679
ru.72.12625649	40680
ru.72.12625650	40681
ru.72.12625651	40682
ru.72.12625652	40683
ru.72.12625653	40684
ru.72.12625665	40685
ru.72.12625667	40686
ru.72.12625669	40687
ru.72.12750977	40998
ru.72.12750978	40999
ru.72.12750979	41000
ru.72.12750980	41001
ru.72.12750981	41002
ru.72.462315	38559
ru.72.463210	38566
ru.72.482496	38747
ru.72.484637	38772
ru.72.490200	38830
ru.72.498933	38910
ru.72.499779	38917
ru.72.502790	38941
ru.72.509647	39002
ru.72.509910	39004
ru.72.510854	39016
ru.72.522223	39109
ru.72.525135	39149
ru.72.525322	39153
ru.72.527182	39165
ru.72.548320	39354
ru.72.561774	39490
ru.72.572682	39595
ru.73	38477
ru.73.463834	38572
ru.73.465542	38581
ru.73.468080	38604
ru.73.470163	38621
ru.73.475457	38665
ru.73.480620	38728
ru.73.483145	38755
ru.73.498536	38902
ru.73.499665	38915
ru.73.499980	38920
ru.73.510344	39010
ru.73.515836	39062
ru.73.521116	39105
ru.73.524181	39138
ru.73.527526	39171
ru.73.529705	39191
ru.73.536160	39239
ru.73.537156	39245
ru.73.538050	39251
ru.73.539687	39270
ru.73.553346	39420
ru.73.564943	39521
ru.73.567985	39549
ru.73.569314	39559
ru.73.571151	39580
ru.73.571167	39582
ru.73.578639	39639
ru.73.579382	39645
ru.73.580061	39658
ru.73.580846	39668
ru.73.581358	39677
ru.73.582431	39685
ru.73.582497	39686
ru.73.582785	39689
ru.73.583576	39700
ru.73.583581	39701
ru.73.583978	39708
ru.73.862913	39759
ru.73.862914	39760
ru.73.862915	39761
ru.73.862916	39762
ru.73.862917	39763
ru.73.862918	39764
ru.73.862919	39765
ru.73.862920	39766
ru.73.862921	39767
ru.73.862922	39768
ru.73.862923	39769
ru.73.862924	39770
ru.73.862925	39771
ru.73.862926	39772
ru.73.862927	39773
ru.73.862928	39774
ru.73.862929	39775
ru.73.862932	39776
ru.73.862934	39777
ru.73.862935	39778
ru.75	38528
ru.75.12625670	40688
ru.75.12625671	40689
ru.75.12640373	40950
ru.75.12640374	40951
ru.75.12640375	40952
ru.75.12640379	40953
ru.75.12640383	40954
ru.75.12640387	40955
ru.75.13081875	41060
ru.75.13081876	41061
ru.75.13081877	41062
ru.75.1484893	39779
ru.75.1487567	39804
ru.75.1489419	39841
ru.75.1489821	39847
ru.75.1492290	39882
ru.75.1498492	39944
ru.75.1501794	39971
ru.75.1502255	39980
ru.75.1502861	39986
ru.75.1508481	40034
ru.75.1511055	40058
ru.75.1511308	40061
ru.76	38476
ru.76.12531606	40352
ru.76.12531607	40353
ru.76.12531608	40354
ru.76.12531609	40355
ru.76.12531610	40356
ru.76.12531611	40357
ru.76.12531612	40358
ru.76.12625672	40690
ru.76.12625676	40691
ru.76.12625678	40692
ru.76.12625682	40693
ru.76.12625688	40694
ru.76.12640353	40948
ru.76.464992	38579
ru.76.468669	38607
ru.76.472302	38643
ru.76.475878	38673
ru.76.477487	38688
ru.76.483600	38761
ru.76.485863	38786
ru.76.509051	38995
ru.76.516192	39068
ru.76.518551	39091
ru.76.536087	39238
ru.76.538727	39262
ru.76.548503	39363
ru.76.548657	39368
ru.76.553408	39423
ru.76.564804	39520
ru.76.568620	39555
ru.76.575585	39611
ru.76.580867	39669
ru.76.582713	39688
ru.77	38475
ru.77.12527690	40350
ru.77.12527691	40351
ru.77.12625689	40695
ru.77.12625690	40696
ru.77.12625691	40697
ru.77.12625692	40698
ru.77.12625693	40699
ru.77.12625694	40700
ru.77.12625696	40701
ru.77.12640351	40946
ru.77.12640352	40947
ru.77.461999	38555
ru.77.464879	38578
ru.77.470263	38622
ru.77.473942	38659
ru.77.479584	38719
ru.77.481984	38742
ru.77.482040	38743
ru.77.488938	38814
ru.77.489675	38817
ru.77.490636	38833
ru.77.497660	38893
ru.77.498855	38908
ru.77.499706	38916
ru.77.502898	38943
ru.77.511588	39022
ru.77.514249	39046
ru.77.515684	39059
ru.77.522771	39117
ru.77.525506	39155
ru.77.531978	39199
ru.77.535260	39227
ru.77.535691	39232
ru.77.538101	39254
ru.77.542321	39288
ru.77.545670	39330
ru.77.548653	39367
ru.77.550947	39394
ru.77.551965	39406
ru.77.553883	39426
ru.77.554182	39430
ru.77.562626	39502
ru.77.575351	39604
ru.77.576565	39619
ru.77.577692	39624
ru.77.582104	39682
ru.78	38526
ru.78.12625773	40702
ru.78.12625774	40703
ru.78.12625776	40704
ru.78.12625778	40705
ru.78.12625779	40706
ru.78.13043421	41041
ru.78.13043423	41042
ru.78.13043424	41043
ru.78.1485713	39787
ru.78.1486366	39798
ru.78.1486467	39800
ru.78.1487110	39802
ru.78.1487858	39808
ru.78.1487938	39813
ru.78.1488464	39821
ru.78.1488743	39826
ru.78.1489528	39844
ru.78.1491371	39870
ru.78.1491718	39876
ru.78.1496141	39921
ru.78.1497551	39933
ru.78.1504020	39994
ru.78.1505447	40011
ru.78.1505468	40012
ru.78.1506420	40017
ru.78.1510344	40051
ru.78.1511380	40062
ru.78.1511383	40063
ru.78.1512209	40070
ru.79	38527
ru.79.12640293	40928
ru.79.12640294	40929
ru.79.12640297	40930
ru.79.12640299	40931
ru.79.12640301	40932
ru.79.12640303	40933
ru.79.12640307	40934
ru.79.12640309	40935
ru.79.12640310	40936
ru.79.12640311	40937
ru.79.12640312	40938
ru.79.12640313	40939
ru.79.12640315	40940
ru.79.12640345	40941
ru.79.12640346	40942
ru.79.12640348	40943
ru.79.12640349	40944
ru.79.12640350	40945
ru.79.13396902	41164
ru.79.13396903	41165
ru.79.13396904	41166
ru.79.13396905	41167
ru.79.13396906	41168
ru.79.13396907	41169
ru.79.1495790	39917
ru.80	38474
ru.80.12625831	40720
ru.80.12625832	40721
ru.80.12625833	40722
ru.80.12625834	40723
ru.80.12625835	40724
ru.80.12625836	40725
ru.80.12625838	40726
ru.80.12640265	40923
ru.80.12640268	40924
ru.80.12640271	40925
ru.80.12640288	40926
ru.80.12640291	40927
ru.80.12723605	40991
ru.80.12723607	40992
ru.80.464067	38574
ru.80.466675	38593
ru.80.468877	38612
ru.80.476341	38679
ru.80.477602	38689
ru.80.485063	38778
ru.80.495686	38871
ru.80.497611	38892
ru.80.498681	38905
ru.80.524697	39142
ru.80.542362	39294
ru.80.547926	39352
ru.80.552829	39411
ru.80.6677912	40286
ru.81	38473
ru.81.12625780	40707
ru.81.12625781	40708
ru.81.12625784	40709
ru.81.12640260	40922
ru.81.13515970	41196
ru.81.13515971	41197
ru.81.13515972	41198
ru.81.13515973	41199
ru.81.473992	38660
ru.81.479105	38712
ru.81.480881	38734
ru.81.483428	38759
ru.81.486044	38788
ru.81.488748	38811
ru.81.488775	38812
ru.81.497092	38890
ru.81.503250	38946
ru.81.512019	39026
ru.81.517903	39082
ru.81.518618	39092
ru.81.521847	39107
ru.81.528271	39180
ru.81.537597	39248
ru.81.552131	39407
ru.81.556280	39450
ru.81.569361	39562
ru.81.578917	39642
ru.83	38524
ru.83.12560941	40394
ru.83.12560942	40395
ru.83.12560943	40396
ru.83.12560944	40397
ru.83.12560945	40398
ru.83.12626024	40807
ru.83.12626027	40808
ru.83.466214	38587
ru.83.470665	38627
ru.83.485819	38785
ru.83.486831	38798
ru.83.491475	38842
ru.83.497671	38894
ru.83.509702	39003
ru.83.524284	39139
ru.83.527732	39173
ru.83.543454	39310
ru.83.546520	39337
ru.83.548276	39353
ru.83.553388	39421
ru.83.557774	39462
ru.83.559455	39476
ru.83.582996	39693
ru.84	38472
ru.84.12625785	40710
ru.84.12625786	40711
ru.84.12625787	40712
ru.84.12626021	40805
ru.84.12626023	40806
ru.84.12640255	40921
ru.84.13071159	41045
ru.84.13071160	41046
ru.84.462981	38565
ru.84.468037	38603
ru.84.478543	38702
ru.84.485691	38782
ru.84.486070	38789
ru.84.488694	38808
ru.84.489635	38816
ru.84.496956	38889
ru.84.500654	38928
ru.84.507965	38985
ru.84.513041	39035
ru.84.515423	39057
ru.84.515839	39064
ru.84.518482	39090
ru.84.519061	39098
ru.84.521848	39108
ru.84.522901	39121
ru.84.526754	39164
ru.84.536043	39235
ru.84.543599	39313
ru.84.543723	39315
ru.84.547676	39346
ru.84.548738	39371
ru.84.553278	39419
ru.84.554403	39434
ru.84.556962	39452
ru.84.559586	39478
ru.84.562360	39501
ru.84.564599	39517
ru.84.567119	39542
ru.84.568526	39552
ru.84.570251	39571
ru.84.582788	39692
ru.85	38471
ru.85.12640252	40920
ru.85.469961	38620
ru.85.471243	38633
ru.85.472453	38649
ru.85.474355	38663
ru.85.476029	38676
ru.85.476844	38681
ru.85.477796	38691
ru.85.478053	38697
ru.85.481962	38740
ru.85.484313	38771
ru.85.485348	38781
ru.85.491147	38841
ru.85.495059	38862
ru.85.516538	39072
ru.85.527296	39168
ru.85.548455	39362
ru.85.548790	39374
ru.85.550509	39390
ru.85.554533	39437
ru.85.558235	39470
ru.85.569222	39558
ru.85.570082	39570
ru.85.577707	39625
ru.85.579865	39654
ru.85.580002	39657
ru.86	38470
ru.86.12626028	40809
ru.86.12626029	40810
ru.86.13491045	41186
ru.86.472069	38639
ru.86.475541	38668
ru.86.475572	38670
ru.86.483318	38758
ru.86.484722	38774
ru.86.497203	38891
ru.86.501216	38933
ru.86.502082	38939
ru.86.502892	38942
ru.86.505805	38975
ru.86.508393	38989
ru.86.510155	39007
ru.86.512020	39027
ru.86.512837	39034
ru.86.514196	39045
ru.86.515526	39058
ru.86.517749	39080
ru.86.518742	39095
ru.86.521145	39106
ru.86.534834	39224
ru.86.549847	39383
ru.86.551950	39405
ru.86.553097	39415
ru.86.553410	39425
ru.86.554402	39433
ru.86.558798	39473
ru.86.563418	39507
ru.86.570561	39577
ru.86.572519	39594
ru.86.575452	39608
ru.86.575878	39613
ru.86.581618	39680
ru.87	38525
ru.87.12625823	40713
ru.87.12625824	40714
ru.87.12625825	40715
ru.87.12625826	40716
ru.87.12625827	40717
ru.87.12625828	40718
ru.87.1486461	39799
ru.87.1489851	39848
ru.87.1491960	39878
ru.87.1493994	39901
ru.87.1494151	39904
ru.87.1498082	39939
ru.87.1502072	39975
ru.88	38469
ru.88.12575051	40402
ru.88.12575052	40403
ru.88.12575053	40404
ru.88.468895	38613
ru.88.479529	38716
ru.88.480119	38724
ru.88.500001	38921
ru.88.501161	38932
ru.88.506030	38976
ru.88.510851	39014
ru.88.511358	39018
ru.88.522800	39118
ru.88.522861	39119
ru.88.523852	39135
ru.88.532570	39205
ru.88.561761	39489
ru.88.567118	39541
ru.88.571633	39586
ru.88.572518	39593
ru.88.574363	39597
ru.89	38544
ru.89.12640249	40919
ru.89.2016411	40128
ru.89.2018609	40153
ru.89.2018720	40155
ru.89.2020845	40171
ru.89.2026641	40216
ru.90	38486
ru.90.12625538	40626
ru.90.12625539	40627
ru.90.12625540	40628
ru.90.12625547	40629
ru.90.12625549	40630
ru.90.12625550	40631
ru.90.12625552	40632
ru.90.12625554	40633
ru.90.12625555	40634
ru.90.12625556	40635
ru.90.12625557	40636
ru.90.12625558	40637
ru.90.12625559	40638
ru.90.12626050	40815
ru.90.12640088	40864
ru.90.12640090	40865
ru.90.12640091	40866
ru.90.12640092	40867
ru.90.12640093	40868
ru.90.12640094	40869
ru.90.12640095	40870
ru.90.12640096	40871
ru.90.12640098	40872
ru.90.12640099	40873
ru.90.12640112	40874
ru.90.12640113	40875
ru.90.12640114	40876
ru.90.12640115	40877
ru.90.12640116	40878
ru.90.12640117	40879
ru.90.12849166	41034
ru.90.12849167	41035
ru.90.12849168	41036
ru.90.12849169	41037
ru.90.12849170	41038
ru.90.466117	38585
ru.90.466348	38590
ru.90.486411	38795
ru.90.491021	38838
ru.90.492566	38849
ru.90.514426	39047
ru.90.515094	39051
ru.90.516071	39067
ru.90.516573	39073
ru.90.539816	39272
ru.90.542183	39280
ru.90.544114	39318
ru.90.546843	39340
ru.90.561701	39488
ru.90.565775	39525
ru.90.569358	39561
ru.91	38533
ru.91.11238302	40316
ru.91.12625226	40518
ru.91.12625227	40519
ru.91.12625229	40520
ru.91.12625230	40521
ru.91.12625231	40522
ru.91.12625240	40523
ru.91.12625241	40524
ru.91.12625246	40526
ru.91.12625247	40527
ru.91.12625248	40528
ru.91.12625249	40529
ru.91.12625251	40530
ru.91.12625252	40531
ru.91.12625253	40532
ru.91.12640022	40850
ru.91.13097872	41068
ru.91.13097873	41069
ru.91.13097874	41070
ru.91.13097875	41071
ru.91.13097876	41072
ru.91.13097878	41073
ru.91.13097879	41074
ru.91.13097880	41075
ru.91.13097881	41076
ru.91.13097882	41077
ru.91.13097884	41078
ru.91.13097885	41079
ru.91.1485905	39791
ru.91.1485994	39792
ru.91.1486030	39793
ru.91.1487880	39809
ru.91.1487920	39811
ru.91.1488770	39827
ru.91.1488901	39830
ru.91.1489879	39850
ru.91.1490057	39855
ru.91.1490712	39866
ru.91.1491954	39877
ru.91.1492400	39886
ru.91.1492565	39888
ru.91.1492889	39891
ru.91.1493360	39894
ru.91.1494942	39909
ru.91.1495539	39915
ru.91.1496769	39927
ru.91.1497575	39935
ru.91.1497938	39938
ru.91.1498313	39941
ru.91.1498690	39947
ru.91.1499401	39953
ru.91.1501354	39965
ru.91.1502062	39973
ru.91.1502206	39979
ru.91.1504076	39995
ru.91.1504443	40001
ru.91.1504681	40003
ru.91.1505530	40013
ru.91.1505932	40014
ru.91.1505999	40015
ru.91.1506922	40018
ru.91.1507037	40019
ru.91.1509484	40038
ru.91.1509505	40041
ru.91.1509845	40043
ru.91.1509850	40045
ru.91.1510060	40049
ru.91.1510996	40057
ru.91.1512163	40069
ru.91.1512216	40071
ru.91.2022570	40187
ru.91.2022899	40190
ru.92	38549
ru.92.12625108	40464
ru.92.12625372	40562
ru.92.13139227	41112
ru.92.13139228	41113
ru.92.13139229	41114
ru.92.2119537	40242
ru.92.2120058	40246
ru.92.2120062	40247
ru.92.2120608	40250
ru.92.2121113	40255
ru.92.2122180	40259
ru.92.2122518	40262
ru.92.2123277	40267
ru.92.2124988	40271
ru.92.2126347	40273
ru.92.2127270	40278
ru.93	38551
ru.93.11205330	40307
ru.93.12625830	40719
ru.93.12640247	40918
ru.93.13394471	41158
ru.93.13394472	41159
ru.93.13394473	41160
ru.93.13458865	41173
ru.93.2012779	40099
ru.93.2014372	40113
ru.93.2014882	40117
ru.93.2014885	40118
ru.93.2016109	40126
ru.93.2016703	40133
ru.93.2016756	40134
ru.93.2017645	40141
ru.93.2017944	40143
ru.93.2018427	40146
ru.93.2018500	40147
ru.93.2019322	40158
ru.93.2019324	40159
ru.93.2019909	40163
ru.93.2021029	40174
ru.93.2021617	40178
ru.93.2022461	40186
ru.93.2023095	40193
ru.93.2023283	40194
ru.93.2023295	40195
ru.93.2024124	40201
ru.93.2025332	40205
ru.93.2025455	40206
ru.93.2026128	40212
ru.93.2027182	40223
ru.93.2027942	40228
ru.93.2028024	40231
ru.93.2028094	40232
rw-01	41201
rw-02	41200
rw-03	41202
rw-04	41203
rw-05	41204
rw.11	41200
rw.11.51	41208
rw.11.52	41205
rw.11.53	41206
rw.11.54	41207
rw.11.55	41211
rw.11.56	41210
rw.11.57	41209
rw.12	41201
rw.12.11	41218
rw.12.12	41217
rw.12.13	41219
rw.13	41202
rw.13.41	41213
rw.13.42	41216
rw.13.43	41215
rw.13.44	41214
rw.13.45	41212
rw.14	41203
rw.14.31	41224
rw.14.32	41223
rw.14.33	41222
rw.14.34	41220
rw.14.35	41221
rw.14.36	41226
rw.14.37	41225
rw.15	41204
rw.15.21	41230
rw.15.22	41233
rw.15.23	41234
rw.15.24	41232
rw.15.25	41231
rw.15.26	41229
rw.15.27	41227
rw.15.28	41228
sa-01	41242
sa-02	41237
sa-03	41244
sa-04	41241
sa-05	41243
sa-06	41239
sa-07	41235
sa-08	41246
sa-09	41238
sa-10	41236
sa-11	41247
sa-12	41245
sa-14	41240
sa.02	41247
sa.02.10972271	41260
sa.02.10972272	41261
sa.02.10972273	41262
sa.02.10972274	41263
sa.02.10972283	41264
sa.02.10972284	41265
sa.02.10972285	41266
sa.05	41244
sa.05.10972292	41273
sa.05.10972293	41274
sa.05.10972294	41275
sa.05.10972295	41276
sa.05.10972296	41277
sa.05.10972297	41278
sa.05.10972298	41279
sa.06	41241
sa.06.10972330	41311
sa.06.10972331	41312
sa.06.10972332	41313
sa.06.10972333	41314
sa.06.10972334	41315
sa.06.10972335	41316
sa.06.10972336	41317
sa.06.10972337	41318
sa.06.10972338	41319
sa.06.10972339	41320
sa.06.10972340	41321
sa.08	41243
sa.08.10972299	41280
sa.08.10972300	41281
sa.08.10972301	41282
sa.08.10972302	41283
sa.08.10972303	41284
sa.08.10972304	41285
sa.08.10972305	41286
sa.08.10972306	41287
sa.08.10972307	41288
sa.08.10972308	41289
sa.08.10972309	41290
sa.10	41242
sa.10.10972310	41291
sa.10.10972311	41292
sa.10.10972312	41293
sa.10.10972313	41294
sa.10.10972314	41295
sa.10.10972315	41296
sa.10.10972316	41297
sa.10.10972317	41298
sa.10.10972318	41299
sa.10.10972319	41300
sa.10.10972320	41301
sa.10.10972321	41302
sa.10.10972322	41303
sa.10.10972323	41304
sa.10.10972324	41305
sa.10.10972325	41306
sa.10.10972326	41307
sa.10.10972327	41308
sa.10.10972328	41309
sa.10.10972329	41310
sa.11	41240
sa.11.10972259	41248
sa.11.10972260	41249
sa.11.10972261	41250
sa.11.10972262	41251
sa.11.10972263	41252
sa.11.10972264	41253
sa.11.10972265	41254
sa.11.10972266	41255
sa.11.10972267	41256
sa.11.10972268	41257
sa.11.10972269	41258
sa.11.10972270	41259
sa.13	41239
sa.13.10972341	41322
sa.13.10972342	41323
sa.13.10972343	41324
sa.13.10972344	41325
sa.14	41237
sa.14.10972359	41340
sa.14.10972360	41341
sa.14.10972361	41342
sa.14.10972362	41343
sa.14.10972363	41344
sa.14.10972364	41345
sa.14.10972365	41346
sa.14.10972366	41347
sa.14.10972367	41348
sa.14.10972368	41349
sa.14.10972369	41350
sa.14.10972370	41351
sa.14.11906054	41366
sa.15	41246
sa.15.10972286	41267
sa.15.10972287	41268
sa.15.10972288	41269
sa.16	41236
sa.16.10972371	41352
sa.16.10972372	41353
sa.16.10972373	41354
sa.16.10972374	41355
sa.16.10972375	41356
sa.16.10972376	41357
sa.16.10972377	41358
sa.16.10972378	41359
sa.17	41238
sa.17.10972345	41326
sa.17.10972346	41327
sa.17.10972347	41328
sa.17.10972348	41329
sa.17.10972349	41330
sa.17.10972350	41331
sa.17.10972351	41332
sa.17.10972352	41333
sa.17.10972353	41334
sa.17.10972354	41335
sa.17.10972355	41336
sa.17.10972356	41337
sa.17.10972357	41338
sa.17.10972358	41339
sa.17.13191966	41367
sa.17.13191967	41368
sa.17.13191968	41369
sa.19	41235
sa.19.10972379	41360
sa.19.10972380	41361
sa.19.10972381	41362
sa.19.10972382	41363
sa.19.10972383	41364
sa.19.10972384	41365
sa.20	41245
sa.20.10972289	41270
sa.20.10972290	41271
sa.20.10972291	41272
sb-ce	41374
sb-ch	41377
sb-ct	41379
sb-gu	41373
sb-is	41372
sb-mk	41376
sb-ml	41371
sb-rb	41378
sb-te	41375
sb-we	41370
sb.03	41371
sb.03.0701	41516
sb.03.0702	41511
sb.03.0703	41546
sb.03.0704	41554
sb.03.0705	41562
sb.03.0706	41558
sb.03.0707	41555
sb.03.0708	41557
sb.03.0709	41559
sb.03.0710	41448
sb.03.0711	41449
sb.03.0712	41450
sb.03.0713	41445
sb.03.0714	41451
sb.03.0715	41452
sb.03.0716	41493
sb.03.0717	41453
sb.03.0718	41454
sb.03.0719	41485
sb.03.0720	41486
sb.03.0721	41487
sb.03.0722	41488
sb.03.0723	41489
sb.03.0724	41483
sb.03.0725	41484
sb.03.0726	41556
sb.03.0727	41455
sb.03.0728	41561
sb.03.0729	41456
sb.03.0730	41457
sb.03.0731	41458
sb.03.0732	41459
sb.03.0733	41490
sb.06	41373
sb.06.0601	41439
sb.06.0602	41538
sb.06.0603	41539
sb.06.0604	41442
sb.06.0605	41540
sb.06.0606	41543
sb.06.0607	41524
sb.06.0608	41547
sb.06.0609	41548
sb.06.0610	41549
sb.06.0611	41550
sb.06.0612	41526
sb.06.0613	41541
sb.06.0614	41542
sb.06.0615	41551
sb.06.0616	41545
sb.06.0617	41444
sb.06.0618	41552
sb.06.0619	41514
sb.06.0620	41404
sb.06.0621	41553
sb.06.0622	41447
sb.07	41372
sb.07.0301	41479
sb.07.0302	41480
sb.07.0303	41413
sb.07.0304	41513
sb.07.0305	41515
sb.07.0306	41435
sb.07.0307	41508
sb.07.0308	41517
sb.07.0309	41521
sb.07.0310	41418
sb.07.0311	41419
sb.07.0312	41420
sb.07.0313	41421
sb.07.0314	41422
sb.07.0315	41423
sb.07.0316	41424
sb.08	41376
sb.08.0801	41460
sb.08.0802	41461
sb.08.0803	41498
sb.08.0804	41462
sb.08.0805	41463
sb.08.0806	41528
sb.08.0807	41529
sb.08.0808	41530
sb.08.0809	41464
sb.08.0810	41465
sb.08.0811	41532
sb.08.0812	41523
sb.08.0813	41534
sb.08.0814	41470
sb.08.0815	41531
sb.08.0816	41491
sb.08.0817	41467
sb.08.0818	41468
sb.08.0819	41469
sb.08.0820	41492
sb.09	41375
sb.09.0901	41446
sb.09.0902	41522
sb.09.0903	41414
sb.09.0904	41544
sb.09.0905	41533
sb.09.0906	41519
sb.09.0907	41500
sb.09.0908	41520
sb.09.0909	41499
sb.09.0910	41535
sb.09.0911	41471
sb.09.0912	41494
sb.09.0913	41495
sb.09.0914	41496
sb.09.0915	41497
sb.09.0916	41536
sb.09.0917	41560
sb.10	41374
sb.10.0401	41425
sb.10.0402	41426
sb.10.0403	41427
sb.10.0404	41525
sb.10.0405	41428
sb.10.0406	41429
sb.10.0407	41430
sb.10.0408	41431
sb.10.0409	41432
sb.10.0410	41433
sb.10.0411	41434
sb.10.0412	41510
sb.10.0413	41518
sb.11	41370
sb.11.0201	41396
sb.11.0202	41397
sb.11.0203	41398
sb.11.0204	41512
sb.11.0205	41399
sb.11.0206	41400
sb.11.0207	41401
sb.11.0208	41402
sb.11.0209	41472
sb.11.0210	41473
sb.11.0211	41474
sb.11.0212	41475
sb.11.0213	41476
sb.11.0214	41477
sb.11.0215	41380
sb.11.0216	41478
sb.11.0217	41405
sb.11.0218	41406
sb.11.0219	41407
sb.11.0220	41408
sb.11.0221	41409
sb.11.0222	41410
sb.11.0223	41411
sb.11.0224	41412
sb.11.0225	41381
sb.11.0226	41403
sb.12	41377
sb.12.0101	41383
sb.12.0102	41387
sb.12.0103	41388
sb.12.0104	41501
sb.12.0105	41503
sb.12.0106	41505
sb.12.0107	41391
sb.12.0108	41392
sb.12.0109	41506
sb.12.0110	41507
sb.12.0111	41393
sb.12.0112	41394
sb.12.0113	41509
sb.12.0114	41395
sb.13	41378
sb.13.0501	41417
sb.13.0502	41527
sb.13.0503	41436
sb.13.0504	41437
sb.13.0505	41502
sb.13.0506	41537
sb.13.0507	41481
sb.13.0508	41482
sb.13.0509	41438
sb.13.0510	41504
sb.14	41379
sb.14.1001	41382
sb.14.1002	41384
sb.14.1003	41385
sb.14.1004	41386
sb.14.1005	41415
sb.14.1006	41416
sb.14.1007	41440
sb.14.1008	41441
sb.14.1009	41389
sb.14.1010	41390
sb.14.1011	41443
sb.14.1012	41466
sc-01	41584
sc-02	41583
sc-03	41582
sc-04	41587
sc-05	41581
sc-06	41580
sc-07	41579
sc-08	41578
sc-09	41577
sc-10	41576
sc-11	41575
sc-12	41574
sc-13	41572
sc-14	41573
sc-15	41571
sc-16	41570
sc-17	41569
sc-18	41568
sc-19	41567
sc-20	41566
sc-21	41565
sc-22	41564
sc-23	41563
sc-24	41585
sc-25	41586
sc-26	41589
sc-27	41590
sc.01	41584
sc.02	41583
sc.03	41582
sc.05	41581
sc.06	41580
sc.07	41579
sc.08	41578
sc.09	41577
sc.10	41576
sc.11	41575
sc.11876017	41588
sc.12	41574
sc.12200079	41589
sc.12200080	41590
sc.14	41573
sc.17	41569
sc.18	41568
sc.19	41567
sc.20	41566
sc.22	41564
sc.23	41563
sc.24	41572
sc.25	41571
sc.26	41570
sc.27	41565
sc.28	41587
sc.29	41585
sc.30	41586
sd-dc	41608
sd-de	41607
sd-dn	41604
sd-ds	41600
sd-dw	41598
sd-gd	41595
sd-gk	41599
sd-gz	41594
sd-ka	41602
sd-kh	41592
sd-kn	41605
sd-ks	41601
sd-nb	41597
sd-no	41591
sd-nr	41603
sd-nw	41596
sd-rs	41593
sd-si	41606
sd.29	41592
sd.29.368767	41610
sd.29.372533	41612
sd.29.372535	41613
sd.29.8050944	41624
sd.29.8051156	41635
sd.36	41593
sd.36.13711213	41678
sd.36.13711220	41685
sd.36.8050948	41628
sd.36.8050949	41629
sd.38	41594
sd.38.11237761	41642
sd.38.13711190	41655
sd.38.13711197	41662
sd.38.13711210	41675
sd.38.13711222	41687
sd.38.375845	41616
sd.38.379328	41620
sd.39	41595
sd.39.13711193	41658
sd.39.13711194	41659
sd.39.13711223	41688
sd.39.13711225	41690
sd.39.13711226	41691
sd.39.13711231	41696
sd.39.375038	41615
sd.39.8051351	41636
sd.39.8051352	41637
sd.41	41596
sd.41.13711217	41682
sd.41.13711218	41683
sd.41.13711224	41689
sd.41.379655	41621
sd.41.8051148	41633
sd.41.8051149	41634
sd.42	41597
sd.42.13711211	41676
sd.42.9072511	41638
sd.43	41591
sd.43.13711189	41654
sd.43.13711209	41674
sd.43.13711212	41677
sd.43.363412	41609
sd.43.8051145	41630
sd.47	41598
sd.47.13711206	41671
sd.49	41600
sd.49.10344732	41639
sd.49.10400488	41640
sd.49.13711202	41667
sd.49.13711228	41693
sd.49.376730	41618
sd.50	41601
sd.50.13711186	41651
sd.50.13711188	41653
sd.50.13711192	41657
sd.50.13711195	41660
sd.50.13711196	41661
sd.50.13711201	41666
sd.50.13711219	41684
sd.50.13711227	41692
sd.50.13711229	41694
sd.50.13711230	41695
sd.52	41602
sd.52.372751	41614
sd.53	41603
sd.53.13711187	41652
sd.53.13711191	41656
sd.53.13711199	41664
sd.53.13711204	41669
sd.53.8050945	41625
sd.53.8050946	41626
sd.53.8050947	41627
sd.55	41604
sd.55.10400594	41641
sd.55.13711198	41663
sd.55.13711200	41665
sd.55.13711203	41668
sd.55.13711207	41672
sd.55.376729	41617
sd.56	41605
sd.56.11239073	41643
sd.56.13711215	41680
sd.56.13711221	41686
sd.56.13711233	41698
sd.56.371850	41611
sd.56.7828736	41622
sd.56.7828737	41623
sd.56.8051146	41631
sd.56.8051147	41632
sd.58	41606
sd.58.12196614	41644
sd.58.12196615	41645
sd.58.12196616	41646
sd.58.12196617	41647
sd.58.12196618	41648
sd.58.12196619	41649
sd.58.12196620	41650
sd.58.378708	41619
sd.60	41607
sd.60.13711205	41670
sd.60.13711208	41673
sd.60.13711214	41679
sd.60.13711216	41681
sd.60.13711232	41697
sd.61	41608
sd.62	41599
se-ab	41705
se-ac	41702
se-bd	41699
se-c	41704
se-d	41706
se-e	41707
se-f	41712
se-g	41709
se-h	41711
se-i	41715
se-k	41717
se-m	41718
se-n	41714
se-o	41719
se-s	41703
se-t	41708
se-u	41700
se-w	41710
se-x	41716
se-y	41701
se-z	41713
se.02	41717
se.02.1060	41836
se.02.1080	41903
se.02.1081	41818
se.02.1082	41905
se.02.1083	41797
se.03	41716
se.03.2101	41839
se.03.2104	41919
se.03.2121	41824
se.03.2132	41847
se.03.2161	41874
se.03.2180	41946
se.03.2181	41814
se.03.2182	41803
se.03.2183	41977
se.03.2184	41913
se.05	41715
se.05.0980	41941
se.06	41714
se.06.1315	41911
se.06.1380	41931
se.06.1381	41886
se.06.1382	41955
se.06.1383	41748
se.06.1384	41888
se.07	41713
se.07.2303	41820
se.07.2305	41971
se.07.2309	41891
se.07.2313	41787
se.07.2321	41992
se.07.2326	41980
se.07.2361	41928
se.07.2380	41827
se.08	41712
se.08.0604	41996
se.08.0617	41944
se.08.0642	41854
se.08.0643	41937
se.08.0662	41945
se.08.0665	41755
se.08.0680	41908
se.08.0682	41850
se.08.0683	41745
se.08.0684	41812
se.08.0685	41739
se.08.0686	41962
se.08.0687	41767
se.09	41711
se.09.0821	41917
se.09.0834	41769
se.09.0840	41856
se.09.0860	41912
se.09.0861	41858
se.09.0862	41961
se.09.0880	41907
se.09.0881	41842
se.09.0882	41829
se.09.0883	41743
se.09.0884	41737
se.09.0885	41975
se.10	41710
se.10.2021	41750
se.10.2023	41865
se.10.2026	41947
se.10.2029	41883
se.10.2031	41819
se.10.2034	41832
se.10.2039	42000
se.10.2061	41804
se.10.2062	41857
se.10.2080	41953
se.10.2081	41974
se.10.2082	41813
se.10.2083	41923
se.10.2084	41983
se.10.2085	41871
se.12	41709
se.12.0760	41757
se.12.0761	41881
se.12.0763	41773
se.12.0764	41999
se.12.0765	42001
se.12.0767	41863
se.12.0780	41741
se.12.0781	41875
se.14	41699
se.14.2505	41989
se.14.2506	41990
se.14.2510	41909
se.14.2513	41726
se.14.2514	41728
se.14.2518	41725
se.14.2521	41724
se.14.2523	41730
se.14.2560	41732
se.14.2580	41727
se.14.2581	41723
se.14.2582	41731
se.14.2583	41729
se.14.2584	41897
se.15	41708
se.15.1814	42008
se.15.1860	41884
se.15.1861	41933
se.15.1862	41966
se.15.1863	41934
se.15.1864	41873
se.15.1880	41835
se.15.1881	41890
se.15.1882	41986
se.15.1883	41904
se.15.1884	41849
se.15.1885	41877
se.16	41707
se.16.0509	41837
se.16.0512	41734
se.16.0513	41898
se.16.0560	41972
se.16.0561	41984
se.16.0562	41950
se.16.0563	41754
se.16.0580	41876
se.16.0581	41845
se.16.0582	41802
se.16.0583	41855
se.16.0584	41756
se.16.0586	41860
se.18	41706
se.18.0428	41735
se.18.0461	42004
se.18.0480	41841
se.18.0481	41823
se.18.0482	41949
se.18.0483	41901
se.18.0484	41959
se.18.0486	41789
se.18.0488	42005
se.21	41704
se.21.0305	41936
se.21.0319	41998
se.21.0330	42006
se.21.0331	41924
se.21.0360	41775
se.21.0380	41758
se.21.0381	41960
se.21.0382	41826
se.22	41703
se.22.1715	41899
se.22.1730	41964
se.22.1737	41768
se.22.1760	41791
se.22.1761	41930
se.22.1762	41852
se.22.1763	41948
se.22.1764	41939
se.22.1765	41991
se.22.1766	41784
se.22.1780	41902
se.22.1781	41892
se.22.1782	41951
se.22.1783	41935
se.22.1784	41988
se.22.1785	41817
se.23	41702
se.23.2401	41846
se.23.2403	41979
se.23.2404	41736
se.23.2409	41722
se.23.2417	41843
se.23.2418	41867
se.23.2421	41790
se.23.2422	41796
se.23.2425	41965
se.23.2460	41751
se.23.2462	41738
se.23.2463	41987
se.23.2480	41720
se.23.2481	41869
se.23.2482	41721
se.24	41701
se.24.2260	41995
se.24.2262	41774
se.24.2280	41927
se.24.2281	41785
se.24.2282	41894
se.24.2283	41800
se.24.2284	41833
se.25	41700
se.25.1904	41807
se.25.1907	41783
se.25.1960	41887
se.25.1961	41932
se.25.1962	41848
se.25.1980	41744
se.25.1981	41816
se.25.1982	41956
se.25.1983	41895
se.25.1984	41993
se.26	41705
se.26.0114	41759
se.26.0115	41753
se.26.0117	41828
se.26.0120	41746
se.26.0123	41910
se.26.0125	41963
se.26.0126	41914
se.26.0127	41973
se.26.0128	41815
se.26.0136	41929
se.26.0138	41763
se.26.0139	41760
se.26.0140	42009
se.26.0160	41779
se.26.0162	41967
se.26.0163	41799
se.26.0180	41792
se.26.0181	41801
se.26.0182	41851
se.26.0183	41786
se.26.0184	41798
se.26.0186	41880
se.26.0187	41742
se.26.0188	41844
se.26.0191	41811
se.26.0192	41840
se.27	41718
se.27.1214	41782
se.27.1230	41794
se.27.1231	41969
se.27.1233	41740
se.27.1256	41825
se.27.1257	41834
se.27.1260	41978
se.27.1261	41900
se.27.1262	41872
se.27.1263	41781
se.27.1264	41805
se.27.1265	41809
se.27.1266	41915
se.27.1267	41916
se.27.1270	41771
se.27.1272	41970
se.27.1273	41830
se.27.1275	41821
se.27.1276	41896
se.27.1277	41985
se.27.1278	41982
se.27.1280	41866
se.27.1281	41870
se.27.1282	41885
se.27.1283	41922
se.27.1284	41918
se.27.1285	41958
se.27.1286	41733
se.27.1287	41765
se.27.1290	41893
se.27.1291	41810
se.27.1292	41994
se.27.1293	41925
se.28	41719
se.28.1401	41926
se.28.1402	41822
se.28.1407	41838
se.28.1415	41793
se.28.1419	41772
se.28.1421	41831
se.28.1427	41795
se.28.1430	41853
se.28.1435	41778
se.28.1438	41968
se.28.1439	41952
se.28.1440	42003
se.28.1441	41882
se.28.1442	41747
se.28.1443	42007
se.28.1444	41940
se.28.1445	41957
se.28.1446	41906
se.28.1447	41938
se.28.1452	41766
se.28.1460	41981
se.28.1461	41861
se.28.1462	41878
se.28.1463	41862
se.28.1465	41780
se.28.1466	41921
se.28.1470	41749
se.28.1471	41942
se.28.1472	41777
se.28.1473	41770
se.28.1480	41943
se.28.1481	41859
se.28.1482	41889
se.28.1484	41868
se.28.1485	41762
se.28.1486	41788
se.28.1487	41752
se.28.1488	41764
se.28.1489	42002
se.28.1490	41976
se.28.1491	41761
se.28.1492	41997
se.28.1493	41864
se.28.1494	41879
se.28.1495	41808
se.28.1496	41806
se.28.1497	41920
se.28.1498	41776
se.28.1499	41954
sg-01	51707
sg-02	51708
sg-03	51709
sg-04	51710
sg-05	51711
sh-ac	42010
sh-hl	42012
sh-ta	42011
sh.01	42010
sh.02	42012
sh.02.12746827	42013
sh.02.12746828	42014
sh.02.12746829	42015
sh.02.12746830	42016
sh.02.12746831	42017
sh.02.12746832	42018
sh.02.12746833	42019
sh.02.12746834	42020
sh.03	42011
si-001	42073
si-002	42157
si-003	42098
si-004	42097
si-005	42084
si-006	42096
si-007	42088
si-008	42083
si-009	42072
si-010	42207
si-011	42071
si-012	42102
si-013	42070
si-014	42091
si-015	42160
si-016	42115
si-017	42069
si-018	42196
si-019	42075
si-020	42122
si-021	42094
si-022	42107
si-023	42068
si-024	42147
si-025	42067
si-026	42135
si-027	42093
si-028	42145
si-029	42066
si-030	42109
si-031	42154
si-032	42065
si-033	42213
si-034	42064
si-035	42074
si-036	42063
si-037	42082
si-038	42062
si-039	42121
si-040	42061
si-041	42060
si-042	42148
si-043	42059
si-044	42089
si-045	42138
si-046	42095
si-047	42156
si-048	42058
si-049	42086
si-050	42057
si-051	42144
si-052	42056
si-053	42100
si-054	42055
si-055	42132
si-056	42153
si-057	42054
si-058	42053
si-059	42205
si-060	42052
si-061	42162
si-062	42116
si-063	42051
si-064	42050
si-065	42077
si-066	42078
si-067	42110
si-068	42119
si-069	42139
si-070	42049
si-071	42105
si-072	42106
si-073	42048
si-074	42112
si-075	42087
si-076	42130
si-077	42108
si-078	42155
si-079	42047
si-080	42046
si-081	42113
si-082	42099
si-083	42161
si-084	42045
si-085	42044
si-086	42159
si-087	42043
si-088	42079
si-089	42134
si-090	42042
si-091	42076
si-092	42143
si-093	42186
si-094	42041
si-095	42101
si-096	42040
si-097	42151
si-098	42136
si-099	42120
si-100	42150
si-101	42039
si-102	42038
si-103	42111
si-104	42037
si-105	42152
si-106	42141
si-107	42142
si-108	42131
si-109	42123
si-110	42035
si-111	42034
si-112	42032
si-113	42031
si-114	42030
si-115	42137
si-116	42149
si-117	42103
si-118	42133
si-119	42124
si-120	42036
si-121	42125
si-122	42033
si-123	42081
si-124	42029
si-125	42118
si-126	42117
si-127	42126
si-128	42027
si-129	42026
si-130	42025
si-131	42024
si-132	42158
si-133	42028
si-134	42080
si-135	42140
si-136	42085
si-137	42128
si-138	42104
si-139	42127
si-140	42023
si-141	42114
si-142	42022
si-143	42146
si-144	42129
si-146	42092
si-147	42090
si-148	42200
si-149	42182
si-150	42169
si-151	42175
si-152	42208
si-153	42199
si-154	42183
si-155	42184
si-156	42206
si-157	42180
si-158	42209
si-159	42192
si-160	42190
si-161	42210
si-162	42167
si-163	42164
si-164	42166
si-165	42178
si-166	42202
si-167	42188
si-168	42195
si-169	42191
si-170	42181
si-171	42185
si-172	42194
si-173	42176
si-174	42177
si-175	42172
si-176	42211
si-177	42187
si-178	42189
si-179	42170
si-180	42165
si-181	42201
si-182	42198
si-183	42168
si-184	42174
si-185	42197
si-186	42171
si-187	42204
si-188	42203
si-189	42173
si-190	42021
si-191	42193
si-192	42163
si-193	42179
si-194	42212
si-195	42214
si-196	42215
si-197	42216
si-198	42218
si-199	42219
si-200	42220
si-201	42222
si-202	42223
si-203	42224
si-204	42225
si-205	42226
si-206	42228
si-207	42230
si-208	42217
si-209	42221
si-210	42229
si-211	42227
si-212	42232
si-213	42231
si.01	42073
si.02	42157
si.03	42098
si.04	42097
si.05	42084
si.06	42096
si.07	42088
si.08	42072
si.09	42083
si.09.3196350	42233
si.11	42071
si.12	42102
si.13	42070
si.14	42091
si.15	42160
si.16	42115
si.17	42069
si.19	42075
si.20	42122
si.22	42107
si.24	42147
si.25	42067
si.26	42135
si.27	42093
si.28	42145
si.29	42066
si.30	42109
si.31	42154
si.32	42065
si.34	42064
si.35	42074
si.36	42063
si.37	42082
si.38	42062
si.39	42121
si.40	42061
si.42	42148
si.44	42089
si.45	42138
si.46	42095
si.47	42156
si.49	42086
si.50	42057
si.51	42144
si.52	42056
si.53	42100
si.54	42055
si.55	42132
si.57	42054
si.61	42162
si.61.13589581	42248
si.61.13589613	42249
si.61.3196356	42235
si.61.3196357	42236
si.61.9794375	42238
si.61.9794376	42239
si.61.9794377	42240
si.61.9794378	42241
si.61.9794379	42242
si.61.9794380	42243
si.61.9794381	42244
si.61.9794382	42245
si.61.9794384	42246
si.61.9794386	42247
si.62	42116
si.64	42050
si.66	42078
si.68	42119
si.71	42105
si.71.3196352	42234
si.72	42106
si.73	42048
si.74	42112
si.76	42130
si.77	42108
si.78	42155
si.79	42047
si.80	42046
si.81	42113
si.82	42099
si.83	42161
si.84	42045
si.86	42159
si.87	42043
si.88	42079
si.89	42134
si.91	42076
si.92	42143
si.94	42041
si.97	42151
si.98	42136
si.99	42120
si.a1	42150
si.a2	42039
si.a3	42038
si.a6	42152
si.a7	42141
si.a8	42142
si.b1	42123
si.b2	42103
si.b3	42133
si.b4	42124
si.b6	42035
si.b7	42034
si.b8	42125
si.b9	42033
si.c1	42081
si.c2	42032
si.c4	42030
si.c5	42029
si.c6	42118
si.c7	42117
si.c8	42137
si.c9	42126
si.d1	42149
si.d2	42027
si.d3	42026
si.d4	42025
si.d5	42024
si.d6	42158
si.d7	42028
si.d8	42080
si.e1	42085
si.e2	42128
si.e3	42104
si.e5	42023
si.e6	42114
si.e7	42022
si.e9	42146
si.f1	42092
si.f2	42090
si.f3	42129
si.f4	42200
si.f5	42182
si.f6	42169
si.f7	42175
si.f8	42208
si.f9	42199
si.g1	42196
si.g2	42183
si.g3	42184
si.g4	42094
si.g5	42206
si.g6	42180
si.g7	42068
si.g8	42209
si.g9	42192
si.h1	42190
si.h2	42210
si.h3	42167
si.h4	42060
si.h5	42164
si.h6	42059
si.h7	42058
si.h8	42166
si.h9	42178
si.i1	42202
si.i2	42153
si.i3	42053
si.i4	42205
si.i5	42052
si.i6	42051
si.i7	42077
si.i8	42188
si.i9	42110
si.j1	42139
si.j2	42049
si.j3	42195
si.j4	42191
si.j5	42087
si.j6	42181
si.j7	42044
si.j8	42185
si.j9	42042
si.k1	42194
si.k2	42186
si.k3	42176
si.k4	42177
si.k5	42101
si.k6	42172
si.k7	42040
si.k8	42111
si.k9	42211
si.l1	42037
si.l2	42187
si.l3	42131
si.l4	42213
si.l5	42189
si.l6	42168
si.l7	42036
si.l8	42031
si.l9	42212
si.m1	42170
si.m2	42165
si.m3	42201
si.m4	42198
si.m5	42174
si.m6	42207
si.m7	42197
si.m8	42171
si.m8.9794374	42237
si.m9	42204
si.n1	42203
si.n2	42140
si.n3	42127
si.n4	42173
si.n5	42021
si.n6	42193
si.n7	42163
si.n8	42179
si.n9	42214
si.o1	42215
si.o2	42230
si.o3	42216
si.o4	42217
si.o5	42218
si.o6	42232
si.o7	42219
si.o8	42220
si.o9	42221
si.p1	42222
si.p2	42227
si.p3	42228
si.p4	42223
si.p5	42224
si.p6	42225
si.p7	42229
si.p8	42226
si.p9	42231
sj.21	42251
sj.21.2111	42253
sj.21.2121	42255
sj.21.2131	42254
sj.22	42250
sj.22.2211	42252
sk-bc	42259
sk-bl	42260
sk-ki	42256
sk-ni	42261
sk-pv	42257
sk-ta	42263
sk-tc	42262
sk-zi	42258
sk.01	42259
sk.01.601	42302
sk.01.602	42304
sk.01.603	42301
sk.01.604	42308
sk.01.605	42312
sk.01.606	42292
sk.01.607	42319
sk.01.608	42321
sk.01.609	42270
sk.01.610	42279
sk.01.611	42276
sk.01.612	42332
sk.01.613	42278
sk.02	42260
sk.02.101	42306
sk.02.102	42337
sk.02.103	42338
sk.02.104	42339
sk.02.105	42340
sk.02.106	42314
sk.02.107	42317
sk.02.108	42324
sk.03	42256
sk.03.801	42309
sk.03.802	42333
sk.03.803	42334
sk.03.804	42335
sk.03.805	42336
sk.03.806	42341
sk.03.807	42273
sk.03.808	42269
sk.03.809	42326
sk.03.810	42268
sk.03.811	42265
sk.04	42261
sk.04.401	42295
sk.04.402	42294
sk.04.403	42289
sk.04.404	42287
sk.04.405	42328
sk.04.406	42282
sk.04.407	42331
sk.05	42257
sk.05.701	42275
sk.05.702	42274
sk.05.703	42311
sk.05.704	42342
sk.05.705	42315
sk.05.706	42272
sk.05.707	42271
sk.05.708	42323
sk.05.709	42325
sk.05.710	42267
sk.05.711	42327
sk.05.712	42266
sk.05.713	42264
sk.06	42262
sk.06.301	42305
sk.06.302	42310
sk.06.303	42290
sk.06.304	42288
sk.06.305	42316
sk.06.306	42286
sk.06.307	42285
sk.06.308	42320
sk.06.309	42281
sk.07	42263
sk.07.201	42298
sk.07.202	42297
sk.07.203	42296
sk.07.204	42318
sk.07.205	42284
sk.07.206	42283
sk.07.207	42280
sk.08	42258
sk.08.501	42307
sk.08.502	42300
sk.08.503	42299
sk.08.504	42313
sk.08.505	42293
sk.08.506	42291
sk.08.507	42303
sk.08.508	42322
sk.08.509	42329
sk.08.510	42330
sk.08.511	42277
sl-e	42346
sl-n	42345
sl-nw	42347
sl-s	42344
sl-w	42343
sl.01	42346
sl.01.2407469	42352
sl.01.2407781	42354
sl.01.2408249	42356
sl.02	42345
sl.02.11876020	42363
sl.02.2403287	42348
sl.02.2407650	42353
sl.02.2409983	42358
sl.03	42344
sl.03.2404399	42349
sl.03.2405008	42351
sl.03.2409913	42357
sl.03.2410021	42359
sl.04	42343
sl.04.9179949	42360
sl.04.9179950	42361
sl.05	42347
sl.05.11876019	42362
sl.05.2404431	42350
sl.05.2408083	42355
sm-01	42367
sm-02	42365
sm-03	42369
sm-04	42370
sm-05	42371
sm-06	42368
sm-07	42366
sm-08	42372
sm-09	42364
sm.01	42367
sm.02	42365
sm.03	42369
sm.04	42370
sm.05	42371
sm.06	42368
sm.07	42366
sm.08	42372
sm.09	42364
sn-db	42382
sn-dk	42383
sn-fk	42381
sn-ka	42384
sn-kd	42379
sn-ke	42385
sn-kl	42380
sn-lg	42378
sn-mt	42377
sn-se	42386
sn-sl	42376
sn-tc	42375
sn-th	42374
sn-zg	42373
sn.01	42383
sn.01.7732977	42414
sn.01.7732979	42415
sn.01.7733009	42416
sn.01.9180011	42418
sn.03	42382
sn.03.2248699	42397
sn.03.2252312	42406
sn.03.2254315	42409
sn.05	42375
sn.05.10778873	42425
sn.05.10778874	42426
sn.05.2244993	42391
sn.05.2254443	42410
sn.07	42374
sn.07.2244388	42389
sn.07.2244804	42390
sn.07.2248478	42396
sn.09	42381
sn.09.2251492	42404
sn.09.2251792	42405
sn.09.7670866	42412
sn.10	42380
sn.10.10778869	42421
sn.10.2247158	42395
sn.10.2250807	42402
sn.11	42379
sn.11.10779433	42429
sn.11.2244181	42388
sn.11.7670821	42411
sn.12	42373
sn.12.2243943	42387
sn.12.2246902	42394
sn.12.2253903	42408
sn.13	42378
sn.13.2249224	42398
sn.13.2249283	42399
sn.13.2250660	42401
sn.14	42376
sn.14.11429067	42431
sn.14.2246656	42393
sn.14.2253376	42407
sn.15	42377
sn.15.10778597	42420
sn.15.7670870	42413
sn.15.9166367	42417
sn.16	42384
sn.16.10778870	42422
sn.16.10778871	42423
sn.16.10778872	42424
sn.16.2251008	42403
sn.17	42385
sn.17.10778875	42427
sn.17.10779432	42428
sn.17.2250648	42400
sn.18	42386
sn.18.10402310	42419
sn.18.10779434	42430
sn.18.2245705	42392
so-aw	42448
so-bk	42447
so-bn	42446
so-br	42445
so-by	42444
so-ga	42443
so-ge	42442
so-hi	42441
so-jd	42440
so-jh	42439
so-mu	42438
so-nu	42437
so-sa	42436
so-sd	42435
so-sh	42434
so-so	42449
so-to	42433
so-wo	42432
so.01	42447
so.01.9179627	42466
so.01.9179630	42469
so.01.9179634	42473
so.01.9179637	42476
so.01.9179640	42479
so.01.9179988	42528
so.02	42446
so.02.9179621	42460
so.02.9180017	42533
so.03	42445
so.03.9179644	42483
so.03.9179653	42491
so.03.9179657	42495
so.03.9179662	42500
so.03.9179666	42504
so.03.9179981	42523
so.03.9180027	42534
so.04	42444
so.04.9179615	42454
so.04.9179671	42509
so.04.9179676	42514
so.04.9179677	42515
so.04.9179986	42527
so.04.9180028	42535
so.05	42443
so.05.9179626	42465
so.05.9179641	42480
so.05.9179646	42485
so.05.9179650	42488
so.05.9179982	42524
so.05.9180013	42532
so.06	42442
so.06.8261487	42451
so.06.9179660	42498
so.06.9179664	42502
so.06.9179668	42506
so.06.9179673	42511
so.07	42441
so.07.9179678	42516
so.07.9179679	42517
so.07.9179680	42518
so.08	42440
so.08.9179638	42477
so.08.9179642	42481
so.08.9179645	42484
so.08.9179655	42493
so.09	42439
so.09.65061	42450
so.09.9179681	42519
so.09.9179682	42520
so.09.9179683	42521
so.09.9179985	42526
so.10	42438
so.10.9179613	42452
so.10.9179631	42470
so.10.9179661	42499
so.10.9179667	42505
so.10.9179670	42508
so.10.9179674	42512
so.10.9180000	42530
so.12	42436
so.12.9179628	42467
so.12.9179632	42471
so.12.9179636	42475
so.12.9179989	42529
so.12.9180002	42531
so.13	42435
so.13.9179649	42487
so.13.9179651	42489
so.13.9179654	42492
so.13.9179658	42496
so.14	42434
so.14.9179618	42457
so.14.9179622	42461
so.14.9179625	42464
so.14.9179629	42468
so.14.9179633	42472
so.14.9179635	42474
so.14.9179684	42522
so.14.9179984	42525
so.18	42437
so.18.9179617	42456
so.18.9179620	42459
so.18.9179624	42463
so.19	42433
so.19.9179656	42494
so.19.9179659	42497
so.19.9179663	42501
so.19.9179665	42503
so.20	42432
so.20.9179669	42507
so.20.9179672	42510
so.20.9179675	42513
so.21	42448
so.21.9179614	42453
so.21.9179616	42455
so.21.9179619	42458
so.21.9179623	42462
so.21.9259236	42536
so.22	42449
so.22.9179639	42478
so.22.9179643	42482
so.22.9179647	42486
so.22.9179652	42490
sr-br	42546
sr-cm	42545
sr-cr	42544
sr-ma	42543
sr-ni	42542
sr-pm	42540
sr-pr	42541
sr-sa	42539
sr-si	42538
sr-wa	42537
sr.10	42546
sr.10.12088671	42547
sr.10.12088672	42548
sr.10.12088673	42549
sr.10.12088674	42550
sr.10.12088675	42551
sr.10.12088676	42552
sr.10.13108210	42609
sr.11	42545
sr.11.12088677	42553
sr.11.12088678	42554
sr.11.12088679	42555
sr.11.12088680	42556
sr.11.12088681	42557
sr.11.13108209	42608
sr.12	42544
sr.12.12088682	42558
sr.12.13108207	42606
sr.12.13108208	42607
sr.13	42543
sr.13.12088683	42559
sr.13.12088684	42560
sr.13.12088691	42561
sr.13.12088700	42562
sr.13.12088702	42563
sr.13.12088703	42564
sr.14	42542
sr.14.12088704	42565
sr.14.12088705	42566
sr.14.12088706	42567
sr.14.12088707	42568
sr.14.13108205	42604
sr.14.13108206	42605
sr.15	42541
sr.15.12088708	42569
sr.15.12088709	42570
sr.15.12088710	42571
sr.15.12088711	42572
sr.15.12088712	42573
sr.15.12088738	42597
sr.16	42540
sr.16.12088713	42574
sr.16.12088714	42575
sr.16.12088716	42576
sr.16.12088717	42577
sr.16.12088718	42578
sr.16.12088719	42579
sr.16.12088720	42580
sr.16.12088721	42581
sr.16.12088722	42582
sr.16.12088724	42584
sr.16.13456230	42613
sr.17	42539
sr.17.12088725	42585
sr.17.12088726	42586
sr.17.12088727	42587
sr.17.12088728	42588
sr.17.12088729	42589
sr.17.12088730	42590
sr.17.12088745	42603
sr.18	42538
sr.18.12088731	42591
sr.18.12088733	42592
sr.18.12088734	42593
sr.18.12088735	42594
sr.18.12088736	42595
sr.18.12088737	42596
sr.18.13108211	42610
sr.18.13108212	42611
sr.18.13108213	42612
sr.18.13456231	42614
sr.19	42537
sr.19.12088723	42583
sr.19.12088740	42598
sr.19.12088741	42599
sr.19.12088742	42600
sr.19.12088743	42601
sr.19.12088744	42602
ss-bn	42622
ss-bw	42620
ss-ec	42618
ss-ee	42623
ss-ew	42619
ss-jg	42621
ss-lk	42616
ss-nu	42615
ss-uy	42617
ss-wr	42624
ss.01	42618
ss.01.10345968	42639
ss.01.10400489	42647
ss.01.10400490	42648
ss.01.10400491	42649
ss.01.7874621	42631
ss.01.8299284	42633
ss.02	42623
ss.02.10345217	42638
ss.02.10346346	42640
ss.02.379350	42628
ss.02.8224935	42632
ss.02.9406254	42634
ss.02.9409219	42635
ss.03	42621
ss.03.10400458	42643
ss.03.11592489	42652
ss.03.373249	42626
ss.04	42616
ss.04.7874619	42630
ss.05	42622
ss.05.377888	42627
ss.05.9409700	42636
ss.06	42617
ss.06.10400485	42646
ss.06.9409706	42637
ss.07	42615
ss.07.10375722	42641
ss.07.10376722	42642
ss.07.10400482	42645
ss.07.10400839	42650
ss.07.381228	42629
ss.08	42624
ss.08.10400481	42644
ss.09	42620
ss.09.10401686	42651
ss.10	42619
ss.10.363414	42625
st-01	42658
st-02	42659
st-03	42660
st-04	42655
st-05	42656
st-06	42657
st-p	42654
st.01	42654
st.01.11995790	42661
st.02	42653
st.02.11203894	42657
st.02.11203920	42658
st.02.11204213	42659
st.02.11994811	42660
st.02.8299560	42655
st.02.8299561	42656
sv-ah	42675
sv-ca	42674
sv-ch	42673
sv-cu	42672
sv-li	42671
sv-mo	42668
sv-pa	42670
sv-sa	42665
sv-sm	42667
sv-so	42663
sv-ss	42666
sv-sv	42664
sv-un	42669
sv-us	42662
sv.01	42675
sv.01.12916946	42685
sv.01.12954151	42701
sv.01.12954152	42702
sv.02	42674
sv.02.12916937	42676
sv.02.12916957	42696
sv.03	42673
sv.03.12916940	42679
sv.03.12916950	42689
sv.03.12954153	42703
sv.04	42672
sv.04.12916947	42686
sv.04.12916961	42700
sv.05	42671
sv.05.12916938	42677
sv.05.12916953	42692
sv.05.12916959	42698
sv.05.12954154	42704
sv.05.12954155	42705
sv.05.12954156	42706
sv.06	42670
sv.06.12916939	42678
sv.06.12916951	42690
sv.06.12916952	42691
sv.07	42669
sv.07.12916948	42687
sv.07.12954157	42707
sv.08	42668
sv.08.12916944	42683
sv.08.12916958	42697
sv.09	42667
sv.09.12916956	42695
sv.09.12954158	42708
sv.09.12954159	42709
sv.10	42666
sv.10.12916941	42680
sv.10.12954160	42710
sv.10.12954161	42711
sv.10.12954162	42712
sv.10.12954163	42713
sv.11	42665
sv.11.12916942	42681
sv.11.12916943	42682
sv.11.12954164	42714
sv.11.12954165	42715
sv.12	42664
sv.12.12916960	42699
sv.12.12954166	42716
sv.13	42663
sv.13.12916949	42688
sv.13.12916955	42694
sv.13.12954167	42717
sv.13.12954168	42718
sv.14	42662
sv.14.12916945	42684
sv.14.12916954	42693
sv.14.12954169	42719
sy-di	42721
sy-dr	42728
sy-dy	42727
sy-ha	42733
sy-hi	42723
sy-hl	42725
sy-hm	42724
sy-id	42722
sy-la	42732
sy-qu	42731
sy-ra	42730
sy-rd	42726
sy-su	42729
sy-ta	42720
sy.01	42733
sy.01.170665	42755
sy.01.173378	42772
sy.01.173812	42776
sy.01.7895146	42783
sy.02	42732
sy.02.169303	42746
sy.02.173365	42771
sy.02.173577	42775
sy.02.173857	42777
sy.03	42731
sy.03.172039	42759
sy.03.173335	42770
sy.04	42730
sy.04.172956	42766
sy.04.7905857	42785
sy.04.8276864	42792
sy.05	42729
sy.05.164625	42736
sy.05.164916	42737
sy.05.172409	42764
sy.06	42728
sy.06.169339	42748
sy.06.170904	42757
sy.06.8276863	42791
sy.07	42727
sy.07.170793	42756
sy.07.173481	42774
sy.07.174447	42781
sy.08	42726
sy.08.165928	42740
sy.08.170590	42753
sy.08.172060	42760
sy.08.172350	42763
sy.08.173194	42767
sy.08.173313	42768
sy.08.7895152	42784
sy.08.8276862	42790
sy.08.8540234	42794
sy.09	42725
sy.09.167355	42742
sy.09.169178	42745
sy.09.169326	42747
sy.09.172081	42761
sy.09.172255	42762
sy.09.174019	42779
sy.09.174184	42780
sy.09.8276861	42789
sy.10	42724
sy.10.164946	42738
sy.10.167044	42741
sy.10.170016	42752
sy.10.173885	42778
sy.10.8276860	42788
sy.11	42723
sy.11.163532	42735
sy.11.169576	42750
sy.11.172947	42765
sy.11.173324	42769
sy.11.173435	42773
sy.11.7895145	42782
sy.12	42722
sy.12.167610	42743
sy.12.169022	42744
sy.12.169388	42749
sy.12.169865	42751
sy.12.8537261	42793
sy.13	42721
sy.13.170653	42754
sy.14	42720
sy.14.163343	42734
sy.14.165059	42739
sy.14.171829	42758
sy.14.8276858	42786
sy.14.8276859	42787
sz-hh	42798
sz-lu	42797
sz-ma	42796
sz-sh	42795
sz.01	42798
sz.01.11127724	42808
sz.01.11127739	42810
sz.01.11127989	42814
sz.01.11205013	42829
sz.01.11256900	42833
sz.01.11257269	42834
sz.01.7910683	42801
sz.01.7910859	42804
sz.01.7911058	42807
sz.02	42797
sz.02.11128091	42817
sz.02.11128095	42819
sz.02.11128351	42823
sz.02.11184879	42827
sz.02.7910682	42800
sz.02.7910860	42805
sz.03	42796
sz.03.11127821	42811
sz.03.11127975	42812
sz.03.11127982	42813
sz.03.11127992	42815
sz.03.11128094	42818
sz.03.11128096	42820
sz.03.11128346	42822
sz.03.11128352	42824
sz.03.11204891	42828
sz.03.11205016	42830
sz.03.11523361	42836
sz.03.7910681	42799
sz.03.7910684	42802
sz.04	42795
sz.04.11127725	42809
sz.04.11128090	42816
sz.04.11128345	42821
sz.04.11128505	42825
sz.04.11128507	42826
sz.04.11205054	42831
sz.04.11205574	42832
sz.04.11257294	42835
sz.04.7910685	42803
sz.04.7910861	42806
td-ba	42849
td-bg	42855
td-bo	42850
td-cb	42848
td-ee	42859
td-eo	42858
td-gr	42847
td-hl	42851
td-ka	42846
td-lc	42845
td-lo	42844
td-lr	42843
td-ma	42852
td-mc	42841
td-me	42842
td-mo	42853
td-nd	42854
td-od	42838
td-sa	42837
td-si	42856
td-ta	42840
td-ti	42857
td-wf	42839
td.01	42849
td.01.12186890	42967
td.01.12186891	42968
td.01.12186892	42969
td.01.12186894	42970
td.01.12186897	42971
td.01.8659322	42888
td.01.9166643	42895
td.02	42839
td.02.10377074	42897
td.02.12186832	42942
td.02.12186833	42943
td.02.12186834	42944
td.02.12186848	42945
td.02.12186849	42946
td.02.12186850	42947
td.02.12186852	42949
td.05	42847
td.05.10400446	42901
td.05.12186543	42936
td.05.12186544	42937
td.05.13448898	42987
td.05.13448899	42988
td.05.9166522	42894
td.06	42846
td.06.12186903	42976
td.06.12186904	42977
td.06.13448908	42990
td.06.8693073	42891
td.07	42845
td.07.10400441	42900
td.07.12186905	42978
td.07.12186906	42979
td.07.12186907	42980
td.07.13448909	42991
td.08	42844
td.08.12186528	42921
td.08.7871202	42878
td.08.8250831	42879
td.08.8250832	42880
td.09	42843
td.09.12186529	42922
td.09.12186530	42923
td.09.12186531	42924
td.09.13448894	42984
td.09.7731693	42866
td.09.7731694	42867
td.09.7731695	42868
td.09.7731696	42869
td.09.7732980	42877
td.09.8250833	42881
td.09.8693074	42892
td.12	42838
td.12.10377165	42898
td.12.12186546	42939
td.12.12186831	42941
td.12.8659323	42889
td.13	42837
td.13.10399865	42899
td.13.12186545	42938
td.13.13448900	42989
td.13.243701	42860
td.14	42840
td.14.12186532	42925
td.14.12186533	42926
td.14.12186534	42927
td.14.13448895	42985
td.14.7670586	42864
td.14.8250838	42886
td.15	42848
td.15.12186541	42934
td.15.7670580	42861
td.15.7670581	42862
td.15.8335048	42887
td.15.8693069	42890
td.15.9072808	42893
td.15.9166667	42896
td.16	42842
td.16.12186538	42931
td.16.12186539	42932
td.16.12186540	42933
td.16.7670584	42863
td.17	42841
td.17.12186542	42935
td.17.13448897	42986
td.17.7731692	42865
td.17.7731697	42870
td.17.7732962	42871
td.17.7732963	42872
td.17.7732972	42873
td.17.7732974	42874
td.17.7732975	42875
td.17.7732978	42876
td.17.8250834	42882
td.17.8250835	42883
td.17.8250836	42884
td.17.8250837	42885
td.18	42851
td.18.12186908	42981
td.18.12186909	42982
td.18.12186910	42983
td.18.13448910	42992
td.19	42852
td.19.12186535	42928
td.19.12186536	42929
td.19.12186537	42930
td.20	42853
td.20.12186503	42912
td.20.12186506	42915
td.20.12186525	42918
td.20.12186526	42919
td.20.12186527	42920
td.21	42854
td.21.12180662	42902
td.21.12180663	42903
td.21.12180683	42904
td.21.12180684	42905
td.21.12180685	42906
td.21.12180686	42907
td.21.12180687	42908
td.21.12180688	42909
td.21.12180689	42910
td.21.12180690	42911
td.22	42855
td.22.12186898	42972
td.22.12186899	42973
td.22.12186900	42974
td.22.12186902	42975
td.23	42850
td.23.12186859	42956
td.23.12186862	42959
td.23.12186863	42960
td.23.12186864	42961
td.23.12186865	42962
td.25	42856
td.25.12186504	42913
td.25.12186505	42914
td.25.12186513	42916
td.25.12186514	42917
td.25.12186547	42940
td.26	42857
td.26.12186866	42963
td.26.12186867	42964
td.26.12186887	42965
td.26.12186889	42966
td.27	42859
td.27.12186851	42948
td.27.12186853	42950
td.27.12186854	42951
td.27.12186855	42952
td.28	42858
td.28.12186856	42953
td.28.12186857	42954
td.28.12186858	42955
td.28.12186860	42957
td.28.12186861	42958
tf.01	42995
tf.02	42993
tf.03	42994
tf.04	42997
tf.05	42996
tf.05.bs	43000
tf.05.eu	42999
tf.05.go	43002
tf.05.ju	43001
tf.05.te	42998
tg-c	43006
tg-k	43007
tg-m	43005
tg-p	43004
tg-s	43003
tg.22	43006
tg.22.2363892	43010
tg.22.2363907	43011
tg.22.2364078	43013
tg.22.2597445	43034
tg.23	43007
tg.23.2364811	43015
tg.23.2365382	43018
tg.23.2365570	43019
tg.23.2366167	43021
tg.23.2367567	43023
tg.23.2367655	43024
tg.23.2597446	43035
tg.24	43005
tg.24.2363489	43008
tg.24.2363533	43009
tg.24.2364040	43012
tg.24.2365263	43017
tg.24.2367989	43027
tg.24.2597440	43029
tg.25	43004
tg.25.2364751	43014
tg.25.2365976	43020
tg.25.2367659	43025
tg.25.2367885	43026
tg.25.2368034	43028
tg.25.2597441	43030
tg.25.2597442	43031
tg.25.2597443	43032
tg.25.2597444	43033
tg.26	43003
tg.26.2365189	43016
tg.26.2367163	43022
tg.26.2597447	43036
tg.26.2597448	43037
th-10	43098
th-11	43071
th-12	43084
th-13	43083
th-14	43075
th-15	43107
th-16	43096
th-17	43066
th-18	43104
th-19	43068
th-20	43101
th-21	43074
th-22	43102
th-23	43061
th-24	43105
th-25	43109
th-26	43093
th-27	43113
th-30	43090
th-31	43106
th-32	43062
th-33	43065
th-34	43110
th-35	43058
th-36	43103
th-37	43111
th-38	43114
th-39	43112
th-40	43099
th-41	43108
th-42	43097
th-43	43085
th-44	43095
th-45	43073
th-46	43100
th-47	43072
th-48	43091
th-49	43094
th-50	43057
th-51	43050
th-52	43051
th-53	43060
th-54	43076
th-55	43087
th-56	43080
th-57	43056
th-58	43049
th-60	43089
th-61	43038
th-62	43054
th-63	43040
th-64	43042
th-65	43077
th-66	43078
th-67	43079
th-70	43043
th-71	43053
th-72	43063
th-73	43092
th-74	43070
th-75	43069
th-76	43047
th-77	43045
th-80	43088
th-81	43052
th-82	43048
th-83	43046
th-84	43041
th-85	43044
th-86	43055
th-90	43064
th-91	43067
th-92	43039
th-93	43081
th-94	43082
th-95	43059
th-96	43086
th-s	43115
th.01	43049
th.01.5801	43194
th.01.5802	43230
th.01.5803	43179
th.01.5804	43208
th.01.5805	44030
th.01.5806	43145
th.01.5807	44010
th.02	43057
th.02.5001	43202
th.02.5002	43251
th.02.5003	43215
th.02.5004	43253
th.02.5005	43250
th.02.5006	43205
th.02.5007	43210
th.02.5008	43159
th.02.5009	43249
th.02.5010	43216
th.02.5011	43167
th.02.5012	43156
th.02.5013	43157
th.02.5014	43155
th.02.5015	43247
th.02.5016	43245
th.02.5017	43728
th.02.5018	43180
th.02.5019	43154
th.02.5020	43722
th.02.5021	43721
th.02.5022	43748
th.02.5023	43714
th.02.5024	43729
th.02.5025	44000
th.03	43056
th.03.5701	43201
th.03.5702	43713
th.03.5703	43597
th.03.5704	43297
th.03.5705	43174
th.03.5706	43116
th.03.5707	43213
th.03.5708	43596
th.03.5709	43209
th.03.5710	43206
th.03.5711	43118
th.03.5712	43711
th.03.5713	43708
th.03.5714	43709
th.03.5715	43705
th.03.5716	43715
th.03.5717	43706
th.03.5718	43707
th.04	43087
th.04.5501	43485
th.04.5502	43270
th.04.5503	43795
th.04.5504	43444
th.04.5505	43371
th.04.5506	43301
th.04.5507	43361
th.04.5508	43295
th.04.5509	43809
th.04.5510	43806
th.04.5511	43807
th.04.5512	43998
th.04.5513	43810
th.04.5514	43808
th.04.5515	43712
th.05	43050
th.05.5101	43195
th.05.5102	43203
th.05.5103	43264
th.05.5104	43218
th.05.5105	43747
th.05.5106	43176
th.05.5107	43749
th.05.5108	43730
th.06	43051
th.06.5201	43196
th.06.5202	43780
th.06.5203	43229
th.06.5204	43988
th.06.5205	43183
th.06.5206	43256
th.06.5207	43120
th.06.5208	43129
th.06.5209	43212
th.06.5210	43204
th.06.5211	43144
th.06.5212	43248
th.06.5213	43999
th.07	43076
th.07.5401	43475
th.07.5402	43363
th.07.5403	43217
th.07.5404	43321
th.07.5405	43581
th.07.5406	43325
th.07.5407	43121
th.07.5408	43794
th.08	43040
th.08.6301	43185
th.08.6302	43259
th.08.6303	43160
th.08.6304	43211
th.08.6305	43131
th.08.6306	43207
th.08.6307	43727
th.08.6308	43123
th.08.6309	43746
th.09	43042
th.09.6401	43187
th.09.6402	43268
th.09.6403	43234
th.09.6404	43534
th.09.6405	43147
th.09.6406	43148
th.09.6407	43152
th.09.6408	43779
th.09.6409	43127
th.10	43060
th.10.5301	43456
th.10.5302	43293
th.10.5303	43307
th.10.5304	43447
th.10.5305	43573
th.10.5306	43829
th.10.5307	43399
th.10.5308	43517
th.10.5309	43793
th.11	43054
th.11.6201	43199
th.11.6202	44031
th.11.6203	43743
th.11.6204	43236
th.11.6205	43232
th.11.6206	43168
th.11.6207	43778
th.11.6208	43776
th.11.6209	43744
th.11.6210	43777
th.11.6211	43745
th.12	43077
th.12.6501	43476
th.12.6502	43449
th.12.6503	43805
th.12.6504	43632
th.12.6505	43645
th.12.6506	43386
th.12.6507	43282
th.12.6508	43287
th.12.6509	43804
th.13	43078
th.13.6601	43477
th.13.6602	43997
th.13.6603	44027
th.13.6604	43315
th.13.6605	43641
th.13.6606	43394
th.13.6607	43352
th.13.6608	43803
th.13.6609	43791
th.13.6610	43790
th.13.6611	43996
th.13.6612	43792
th.14	43079
th.14.6701	43478
th.14.6702	43591
th.14.6703	43511
th.14.6704	43512
th.14.6705	43279
th.14.6706	44013
th.14.6707	43434
th.14.6708	43827
th.14.6709	43841
th.14.6710	43802
th.14.6711	43979
th.15	43038
th.15.6101	43457
th.15.6102	43134
th.15.6103	43153
th.15.6104	43182
th.15.6105	43181
th.15.6106	43260
th.15.6107	43773
th.15.6108	43772
th.16	43089
th.16.6001	43487
th.16.6002	43528
th.16.6003	43586
th.16.6004	43442
th.16.6005	43616
th.16.6006	43789
th.16.6007	43317
th.16.6008	43305
th.16.6009	43414
th.16.6010	43402
th.16.6011	43220
th.16.6012	43788
th.16.6013	43775
th.16.6014	43742
th.16.6015	43774
th.17	43085
th.17.4301	43483
th.17.4302	43313
th.17.4305	43396
th.17.4307	43333
th.17.4308	43346
th.17.4314	43891
th.17.4315	43913
th.17.4316	43914
th.17.4317	43863
th.18	43097
th.18.4201	43494
th.18.4202	43842
th.18.4203	43598
th.18.4204	44016
th.18.4205	43582
th.18.4206	43828
th.18.4207	44014
th.18.4208	43310
th.18.4209	43288
th.18.4210	43384
th.18.4211	43844
th.18.4212	43860
th.18.4213	43861
th.18.4214	43843
th.20	43072
th.20.4701	43471
th.20.4702	43525
th.20.4703	43524
th.20.4704	43410
th.20.4705	44023
th.20.4706	43283
th.20.4707	43929
th.20.4708	43286
th.20.4709	43930
th.20.4710	44034
th.20.4711	43664
th.20.4712	43338
th.20.4713	44021
th.20.4714	43950
th.20.4715	43954
th.20.4716	43931
th.20.4717	43953
th.20.4718	43927
th.22	43099
th.22.4001	43495
th.22.4002	43884
th.22.4003	43883
th.22.4004	43432
th.22.4005	43589
th.22.4006	43859
th.22.4007	43446
th.22.4008	43887
th.22.4009	43531
th.22.4010	43618
th.22.4011	43876
th.22.4012	43397
th.22.4013	43879
th.22.4014	43853
th.22.4015	43430
th.22.4016	43382
th.22.4017	43507
th.22.4018	43590
th.22.4019	43886
th.22.4020	43840
th.22.4021	43905
th.22.4022	43857
th.22.4023	43858
th.22.4024	43881
th.22.4025	43880
th.22.4029	43986
th.23	43100
th.23.4601	43496
th.23.4602	43989
th.23.4603	43565
th.23.4604	43925
th.23.4605	43527
th.23.4606	43949
th.23.4607	43275
th.23.4608	43903
th.23.4609	43358
th.23.4610	43991
th.23.4611	43311
th.23.4612	43902
th.23.4613	43326
th.23.4614	43928
th.23.4615	43994
th.23.4616	43951
th.23.4617	43926
th.23.4618	43899
th.24	43095
th.24.4401	43492
th.24.4402	43900
th.24.4403	43532
th.24.4404	43561
th.24.4405	43595
th.24.4406	43610
th.24.4407	43453
th.24.4408	43404
th.24.4409	43285
th.24.4410	43898
th.24.4411	43897
th.24.4412	43882
th.24.4413	43904
th.25	43073
th.25.4501	43472
th.25.4502	43558
th.25.4503	43377
th.25.4504	43601
th.25.4505	43300
th.25.4506	43409
th.25.4507	43395
th.25.4508	43922
th.25.4509	43433
th.25.4510	43336
th.25.4511	43319
th.25.4512	44033
th.25.4513	43917
th.25.4514	43661
th.25.4515	43948
th.25.4516	43896
th.25.4517	43924
th.25.4518	43923
th.25.4519	43921
th.25.4520	43920
th.26	43103
th.26.3601	43499
th.26.3602	43627
th.26.3603	43540
th.26.3604	43559
th.26.3605	43441
th.26.3606	44008
th.26.3607	43659
th.26.3608	43838
th.26.3609	43823
th.26.3610	43385
th.26.3611	43611
th.26.3612	43567
th.26.3613	43541
th.26.3614	43826
th.26.3615	43856
th.26.3616	43839
th.27	43090
th.27.3001	43488
th.27.3002	43544
th.27.3003	43850
th.27.3004	43543
th.27.3005	43855
th.27.3006	43604
th.27.3007	43593
th.27.3008	43583
th.27.3009	43426
th.27.3010	43427
th.27.3011	44017
th.27.3012	43609
th.27.3013	43372
th.27.3014	43419
th.27.3015	43398
th.27.3016	43571
th.27.3017	43587
th.27.3018	43320
th.27.3019	43555
th.27.3020	43332
th.27.3021	43424
th.27.3022	43851
th.27.3023	43854
th.27.3024	44019
th.27.3025	43836
th.27.3026	43978
th.27.3027	43875
th.27.3028	43983
th.27.3029	43874
th.27.3030	44037
th.27.3031	43992
th.27.3032	43852
th.28	43106
th.28.3101	43502
th.28.3102	43895
th.28.3103	43530
th.28.3104	43445
th.28.3105	43871
th.28.3106	43520
th.28.3107	43375
th.28.3108	43626
th.28.3109	43383
th.28.3110	43518
th.28.3111	43340
th.28.3112	43868
th.28.3113	43877
th.28.3114	43873
th.28.3115	43892
th.28.3116	43893
th.28.3117	43872
th.28.3118	43869
th.28.3119	43878
th.28.3120	43867
th.28.3121	43894
th.28.3122	43987
th.28.3123	43870
th.29	43062
th.29.3201	43461
th.29.3202	43588
th.29.3203	43303
th.29.3204	43592
th.29.3205	43373
th.29.3206	43560
th.29.3207	43365
th.29.3208	44022
th.29.3209	43331
th.29.3210	43347
th.29.3211	43916
th.29.3212	43349
th.29.3213	43717
th.29.3214	43716
th.29.3215	43915
th.29.3216	43919
th.29.3217	43918
th.30	43065
th.30.3301	43464
th.30.3302	44025
th.30.3303	43562
th.30.3304	43563
th.30.3305	43537
th.30.3306	43936
th.30.3307	43374
th.30.3308	43536
th.30.3309	43367
th.30.3310	43291
th.30.3311	43942
th.30.3312	43939
th.30.3313	43960
th.30.3314	43935
th.30.3315	43962
th.30.3316	43938
th.30.3317	43937
th.30.3318	43940
th.30.3319	43961
th.30.3320	43934
th.30.3321	43941
th.30.3322	43943
th.31	43086
th.31.9601	43484
th.31.9602	43318
th.31.9603	43660
th.31.9604	43271
th.31.9605	43369
th.31.9606	43362
th.31.9607	43700
th.31.9608	43290
th.31.9609	43697
th.31.9610	43323
th.31.9611	43322
th.31.9612	43698
th.31.9613	43699
th.32	43104
th.32.1801	43500
th.32.1802	43506
th.32.1803	43281
th.32.1804	43344
th.32.1805	43345
th.32.1806	43246
th.32.1807	43771
th.32.1808	43768
th.33	43066
th.33.1701	43465
th.33.1702	43634
th.33.1703	44038
th.33.1704	43387
th.33.1705	43312
th.33.1706	43569
th.34	43096
th.34.1601	43493
th.34.1602	43405
th.34.1603	43545
th.34.1604	43606
th.34.1605	43299
th.34.1606	43624
th.34.1607	43825
th.34.1608	43800
th.34.1609	43799
th.34.1610	43824
th.34.1611	43801
th.35	43107
th.35.1501	43503
th.35.1502	43605
th.35.1503	43418
th.35.1504	43393
th.35.1505	43339
th.35.1506	43277
th.35.1507	43353
th.36	43075
th.36.1401	43390
th.36.1402	43306
th.36.1403	43450
th.36.1404	44039
th.36.1405	43654
th.36.1406	43638
th.36.1407	43639
th.36.1408	43413
th.36.1409	43415
th.36.1410	43516
th.36.1411	43289
th.36.1412	43335
th.36.1413	43631
th.36.1414	43292
th.36.1415	43509
th.36.1416	43615
th.37	43068
th.37.1901	43466
th.37.1902	43566
th.37.1903	43436
th.37.1904	43278
th.37.1905	43431
th.37.1906	43623
th.37.1907	43798
th.37.1908	43797
th.37.1909	43389
th.37.1910	43343
th.37.1911	43821
th.37.1912	43822
th.37.1913	43796
th.38	43084
th.38.1201	43482
th.38.1202	43644
th.38.1203	43629
th.38.1204	43652
th.38.1205	43356
th.38.1206	43423
th.39	43083
th.39.1301	43481
th.39.1302	43551
th.39.1303	43308
th.39.1304	43429
th.39.1305	43514
th.39.1306	43519
th.39.1307	43354
th.40	43098
th.40.1001	43391
th.40.1002	43574
th.40.1003	43438
th.40.1004	43633
th.40.1005	43650
th.40.1006	43651
th.40.1007	43416
th.40.1008	43380
th.40.1009	43392
th.40.1010	43504
th.40.1011	43515
th.40.1012	43667
th.40.1013	43351
th.40.1014	43403
th.40.1015	43296
th.40.1016	43646
th.40.1017	43672
th.40.1018	43550
th.40.1019	43316
th.40.1020	43647
th.40.1021	43648
th.40.1022	43406
th.40.1023	43435
th.40.1024	43366
th.40.1025	43675
th.40.1026	43670
th.40.1027	43673
th.40.1028	43688
th.40.1029	43630
th.40.1030	43680
th.40.1031	43687
th.40.1032	43689
th.40.1033	43549
th.40.1034	43691
th.40.1035	43693
th.40.1036	43656
th.40.1037	43669
th.40.1038	43676
th.40.1039	43690
th.40.1040	43612
th.40.1041	43679
th.40.1042	43681
th.40.1043	43677
th.40.1044	43671
th.40.1045	43674
th.40.1046	43678
th.40.1047	43686
th.40.1048	43682
th.40.1049	43685
th.40.1050	43702
th.41	43080
th.41.5601	43170
th.41.5602	43585
th.41.5603	43599
th.41.5604	44007
th.41.5605	43578
th.41.5606	43379
th.41.5607	43214
th.41.5608	43710
th.41.5609	43781
th.42	43071
th.42.1101	43469
th.42.1102	43653
th.42.1103	43636
th.42.1104	43388
th.42.1105	43684
th.42.1106	43704
th.43	43093
th.43.2601	43491
th.43.2602	43420
th.43.2603	43622
th.43.2604	43425
th.44	43105
th.44.2401	43501
th.44.2402	43649
th.44.2403	43640
th.44.2404	43637
th.44.2405	43617
th.44.2406	43408
th.44.2407	43818
th.44.2408	43348
th.44.2409	43819
th.44.2410	43835
th.44.2411	43820
th.46	43101
th.46.2001	43497
th.46.2002	43658
th.46.2003	43816
th.46.2004	43643
th.46.2005	43407
th.46.2006	43411
th.46.2007	43328
th.46.2008	43533
th.46.2009	43341
th.46.2010	43814
th.46.2011	43815
th.47	43074
th.47.2101	43473
th.47.2102	43811
th.47.2103	43535
th.47.2104	43832
th.47.2105	43628
th.47.2106	43812
th.47.2107	43833
th.47.2108	43813
th.48	43102
th.48.2201	43498
th.48.2202	43547
th.48.2203	43309
th.48.2204	43378
th.48.2205	43508
th.48.2206	43521
th.48.2207	43846
th.48.2208	43834
th.48.2209	43831
th.48.2210	43845
th.49	43061
th.49.2301	43460
th.49.2302	43548
th.49.2303	43553
th.49.2304	43665
th.49.2305	43522
th.49.2306	44001
th.49.2307	43666
th.50	43053
th.50.7101	43198
th.50.7102	43162
th.50.7103	43258
th.50.7104	43146
th.50.7105	43138
th.50.7106	43137
th.50.7107	43128
th.50.7108	43158
th.50.7109	43172
th.50.7110	43769
th.50.7111	43739
th.50.7112	43741
th.50.7113	43766
th.51	43063
th.51.7201	43462
th.51.7202	43579
th.51.7203	43770
th.51.7204	43635
th.51.7205	43329
th.51.7206	43577
th.51.7207	43324
th.51.7208	43161
th.51.7209	43122
th.51.7210	43767
th.52	43043
th.52.7001	43188
th.52.7002	43252
th.52.7003	43740
th.52.7004	43584
th.52.7005	43261
th.52.7006	43266
th.52.7007	43169
th.52.7008	43178
th.52.7009	43119
th.52.7010	43738
th.53	43092
th.53.7301	43490
th.53.7302	43564
th.53.7303	43451
th.53.7304	43575
th.53.7305	43642
th.53.7306	43350
th.53.7307	43683
th.54	43069
th.54.7501	43467
th.54.7502	43267
th.54.7503	43269
th.55	43070
th.55.7401	43468
th.55.7402	43529
th.55.7403	43619
th.56	43047
th.56.7601	43192
th.56.7602	43235
th.56.7603	43765
th.56.7604	43257
th.56.7605	43130
th.56.7606	43263
th.56.7607	43625
th.56.7608	43764
th.57	43045
th.57.7701	43190
th.57.7702	43224
th.57.7703	43135
th.57.7704	43265
th.57.7705	44036
th.57.7706	43164
th.57.7707	43244
th.57.7708	43763
th.58	43055
th.58.8601	43200
th.58.8602	43133
th.58.8603	43175
th.58.8604	43223
th.58.8605	43736
th.58.8606	43171
th.58.8607	43151
th.58.8608	43737
th.59	43044
th.59.8501	43189
th.59.8502	43219
th.59.8503	43240
th.59.8504	43225
th.59.8505	43723
th.60	43041
th.60.8401	43186
th.60.8402	43242
th.60.8403	43762
th.60.8404	43227
th.60.8405	44002
th.60.8406	43255
th.60.8407	43142
th.60.8408	43233
th.60.8409	43724
th.60.8410	43173
th.60.8411	43141
th.60.8412	43262
th.60.8413	43735
th.60.8414	43993
th.60.8415	43982
th.60.8416	43166
th.60.8417	43165
th.60.8418	43734
th.60.8419	43726
th.61	43048
th.61.8201	43193
th.61.8202	43226
th.61.8203	43239
th.61.8204	43143
th.61.8205	44040
th.61.8206	44041
th.61.8207	43136
th.61.8208	43140
th.62	43046
th.62.8301	43191
th.62.8302	43238
th.62.8303	43139
th.63	43052
th.63.8101	43197
th.63.8102	43980
th.63.8103	43228
th.63.8104	43231
th.63.8105	43692
th.63.8106	43725
th.63.8107	43733
th.63.8108	43981
th.64	43088
th.64.8001	43486
th.64.8002	43759
th.64.8003	43221
th.64.8004	43254
th.64.8005	43761
th.64.8006	43594
th.64.8007	43600
th.64.8008	43132
th.64.8009	43126
th.64.8010	43757
th.64.8011	43124
th.64.8012	43422
th.64.8013	43163
th.64.8014	43150
th.64.8015	43237
th.64.8016	43570
th.64.8017	43732
th.64.8018	43731
th.64.8019	43756
th.64.8020	43755
th.64.8021	43760
th.64.8022	43758
th.64.8023	43787
th.65	43039
th.65.9201	43184
th.65.9202	43241
th.65.9203	43117
th.65.9204	43177
th.65.9205	44043
th.65.9206	43243
th.65.9207	43149
th.65.9208	43753
th.65.9209	43754
th.65.9210	44003
th.66	43081
th.66.9301	43479
th.66.9302	43985
th.66.9303	43554
th.66.9304	43784
th.66.9305	43538
th.66.9306	43421
th.66.9307	43995
th.66.9308	43786
th.66.9309	43785
th.66.9310	43752
th.66.9311	43984
th.67	43067
th.67.9101	43694
th.67.9102	43719
th.67.9103	43720
th.67.9104	43750
th.67.9105	43222
th.67.9106	43125
th.67.9107	43751
th.68	43064
th.68.9001	43463
th.68.9002	43342
th.68.9003	43603
th.68.9004	43443
th.68.9005	43298
th.68.9006	43360
th.68.9007	43368
th.68.9008	44004
th.68.9009	43364
th.68.9010	43359
th.68.9011	43572
th.68.9012	43703
th.68.9013	43782
th.68.9014	43783
th.68.9015	43668
th.68.9016	43718
th.69	43082
th.69.9401	43480
th.69.9402	43546
th.69.9403	43439
th.69.9404	43417
th.69.9405	43505
th.69.9406	44011
th.69.9407	43357
th.69.9408	44015
th.69.9409	43273
th.69.9410	43274
th.69.9411	43830
th.69.9412	44012
th.70	43059
th.70.9501	43455
th.70.9502	44029
th.70.9503	43621
th.70.9504	43695
th.70.9505	43276
th.70.9506	43370
th.70.9507	43696
th.70.9508	43701
th.72	43058
th.72.3501	43272
th.72.3502	44026
th.72.3503	43523
th.72.3504	43556
th.72.3505	43944
th.72.3506	43510
th.72.3507	44024
th.72.3508	43513
th.72.3509	43947
th.73	43091
th.73.4801	43489
th.73.4802	43381
th.73.4803	43302
th.73.4804	43620
th.73.4805	43304
th.73.4806	43971
th.73.4807	43452
th.73.4808	43327
th.73.4809	44035
th.73.4810	43952
th.73.4811	43957
th.73.4812	43955
th.74	43109
th.74.2501	43474
th.74.2502	43568
th.74.2503	43837
th.74.2506	43613
th.74.2507	43376
th.74.2508	43330
th.74.2509	43817
th.75	43110
th.75.3401	43459
th.75.3402	43542
th.75.3403	43657
th.75.3404	43539
th.75.3405	43552
th.75.3407	43580
th.75.3408	44028
th.75.3409	44042
th.75.3410	43607
th.75.3411	43294
th.75.3412	43966
th.75.3414	43470
th.75.3415	43284
th.75.3419	43400
th.75.3420	43975
th.75.3421	43976
th.75.3422	43964
th.75.3424	43974
th.75.3425	43990
th.75.3426	43958
th.75.3429	43973
th.75.3430	43977
th.75.3431	43963
th.75.3432	43972
th.75.3433	43959
th.76	43108
th.76.4101	43458
th.76.4102	44020
th.76.4103	43890
th.76.4104	43526
th.76.4105	43885
th.76.4106	43437
th.76.4107	43907
th.76.4108	43909
th.76.4109	43906
th.76.4110	43901
th.76.4111	43655
th.76.4117	43614
th.76.4118	44018
th.76.4119	43401
th.76.4120	44032
th.76.4121	43889
th.76.4122	43865
th.76.4123	43910
th.76.4124	43908
th.76.4125	43888
th.77	43111
th.77.3701	43663
th.77.3702	43602
th.77.3703	43965
th.77.3704	43412
th.77.3705	43968
th.77.3706	43945
th.77.3707	43967
th.78	43094
th.78.4901	43454
th.78.4902	43969
th.78.4903	43576
th.78.4904	43970
th.78.4905	43557
th.78.4906	44005
th.78.4907	43946
th.79	43112
th.79.3901	43440
th.79.3902	43448
th.79.3903	43428
th.79.3904	43334
th.79.3905	43864
th.79.3906	43862
th.80	43113
th.80.2701	43355
th.80.2702	44006
th.80.2703	43314
th.80.2704	43847
th.80.2705	43280
th.80.2706	43662
th.80.2707	43849
th.80.2708	43866
th.80.2709	43848
th.81	43114
th.81.3801	43608
th.81.3802	44009
th.81.3803	43912
th.81.3804	43337
th.81.3805	43911
th.81.3806	43956
th.81.3807	43933
th.81.3808	43932
tj-du	44049
tj-gb	44045
tj-kt	44046
tj-ra	44047
tj-su	44044
tj.01	44045
tj.01.1220206	44053
tj.01.1221558	44064
tj.01.7670513	44077
tj.01.8217321	44091
tj.01.8220895	44092
tj.01.8220896	44093
tj.01.8220897	44094
tj.01.8220920	44095
tj.01.8220923	44096
tj.02	44046
tj.02.1220107	44052
tj.02.1220445	44055
tj.02.1221090	44060
tj.02.1221253	44062
tj.02.1221320	44063
tj.02.1221646	44065
tj.02.7670506	44075
tj.02.7670570	44078
tj.02.7798497	44079
tj.02.8220956	44097
tj.02.8220957	44098
tj.02.8220958	44099
tj.02.8220959	44100
tj.02.8221033	44101
tj.02.8221235	44102
tj.02.8221240	44103
tj.02.8221250	44104
tj.02.8221255	44105
tj.02.8221261	44106
tj.02.8221269	44107
tj.02.8221272	44108
tj.02.8221276	44109
tj.02.8221279	44110
tj.02.8221283	44111
tj.02.8221284	44112
tj.02.8221285	44113
tj.02.8221286	44114
tj.02.8221287	44115
tj.02.8221288	44116
tj.02.8221292	44117
tj.03	44044
tj.03.1220797	44056
tj.03.1222220	44066
tj.03.1514816	44067
tj.03.1514880	44068
tj.03.7669228	44070
tj.03.7670512	44076
tj.03.8209859	44080
tj.03.8209860	44081
tj.03.8213083	44082
tj.03.8213699	44083
tj.03.8213700	44084
tj.03.8213796	44085
tj.03.8216026	44086
tj.03.8216028	44087
tj.03.8216029	44088
tj.03.8216045	44089
tj.03.8216066	44090
tj.04	44048
tj.04.1220048	44051
tj.04.1220319	44054
tj.04.1220859	44058
tj.04.1221873	44049
tj.04.8235659	44118
tj.rr	44047
tj.rr.1220012	44050
tj.rr.1220854	44057
tj.rr.1221088	44059
tj.rr.1221249	44061
tj.rr.7669227	44069
tj.rr.7669385	44071
tj.rr.7669387	44072
tj.rr.7669388	44073
tj.rr.7670495	44074
tj.rr.8238328	44119
tj.rr.8238355	44120
tj.rr.8238358	44121
tj.rr.8238387	44122
tj.rr.8714387	44123
tk.a	44126
tk.f	44125
tk.n	44124
tl-al	44139
tl-an	44138
tl-ba	44136
tl-bo	44135
tl-co	44132
tl-di	44134
tl-er	44133
tl-la	44131
tl-li	44130
tl-mf	44128
tl-mt	44129
tl-oe	44137
tl-vi	44127
tl.al	44139
tl.al.201	44143
tl.al.202	44160
tl.al.203	44161
tl.al.204	44142
tl.an	44138
tl.an.101	44146
tl.an.102	44145
tl.an.103	44144
tl.an.104	44162
tl.ba	44136
tl.ba.301	44163
tl.ba.302	44165
tl.ba.303	44166
tl.ba.304	44164
tl.ba.305	44167
tl.ba.306	44168
tl.bo	44135
tl.bo.401	44148
tl.bo.402	44153
tl.bo.403	44151
tl.bo.404	44150
tl.bo.405	44154
tl.bo.406	44152
tl.co	44132
tl.co.501	44140
tl.co.502	44185
tl.co.503	44204
tl.co.504	44191
tl.co.505	44181
tl.co.506	44192
tl.co.507	44155
tl.di	44134
tl.di.601	44141
tl.di.602	44203
tl.di.603	44194
tl.di.604	44193
tl.di.605	44149
tl.di.606	44147
tl.er	44133
tl.er.701	44169
tl.er.702	44173
tl.er.703	44183
tl.er.704	44158
tl.er.705	44189
tl.la	44131
tl.la.901	44195
tl.la.902	44170
tl.la.903	44171
tl.la.904	44196
tl.la.905	44177
tl.li	44130
tl.li.801	44172
tl.li.802	44156
tl.li.803	44157
tl.mf	44128
tl.mf.1001	44180
tl.mf.1002	44176
tl.mf.1003	44197
tl.mf.1004	44198
tl.mt	44129
tl.mt.1101	44174
tl.mt.1102	44179
tl.mt.1103	44190
tl.mt.1104	44184
tl.mt.1105	44159
tl.mt.1106	44175
tl.oe	44137
tl.oe.1201	44199
tl.oe.1202	44186
tl.oe.1203	44188
tl.oe.1204	44187
tl.vi	44127
tl.vi.1301	44202
tl.vi.1302	44178
tl.vi.1303	44201
tl.vi.1304	44200
tl.vi.1305	44182
tm-a	44206
tm-b	44205
tm-d	44208
tm-l	44210
tm-m	44209
tm-s	44207
tm.01	44206
tm.01.11189155	44215
tm.01.13696810	44227
tm.01.13696811	44228
tm.01.13696812	44229
tm.01.13696814	44230
tm.01.13696820	44231
tm.01.13696851	44232
tm.01.13696852	44233
tm.01.13696853	44234
tm.01.13696854	44235
tm.01.13696856	44236
tm.01.13696857	44237
tm.01.13696858	44238
tm.01.13696859	44239
tm.01.13696958	44262
tm.01.162157	44211
tm.02	44205
tm.02.13696863	44240
tm.02.13696933	44241
tm.02.13696934	44242
tm.02.13696935	44243
tm.02.13696936	44244
tm.02.13696937	44245
tm.02.13696939	44247
tm.02.13696957	44261
tm.02.13696959	44263
tm.03	44208
tm.03.11820056	44216
tm.03.13526879	44224
tm.03.13696938	44246
tm.03.13696940	44248
tm.03.13696941	44249
tm.03.13696942	44250
tm.03.13696960	44264
tm.03.13696961	44265
tm.03.13696962	44266
tm.04	44210
tm.04.1218986	44214
tm.04.13526881	44225
tm.04.13696943	44251
tm.04.13696944	44252
tm.04.13696945	44253
tm.04.13696946	44254
tm.04.13696948	44255
tm.04.13696949	44256
tm.04.13696952	44257
tm.04.13696953	44258
tm.04.13696954	44259
tm.05	44209
tm.05.1218305	44212
tm.05.1218742	44213
tm.05.13526664	44217
tm.05.13526677	44218
tm.05.13526678	44219
tm.05.13526679	44220
tm.05.13526680	44221
tm.05.13526681	44222
tm.05.13526682	44223
tm.05.13526882	44226
tm.05.13696956	44260
tm.05.13696963	44267
tm.s	44207
tn-11	44269
tn-12	44285
tn-13	44282
tn-14	44291
tn-21	44279
tn-22	44268
tn-23	44283
tn-31	44284
tn-32	44281
tn-33	44290
tn-34	44273
tn-41	44286
tn-42	44287
tn-43	44274
tn-51	44272
tn-52	44288
tn-53	44289
tn-61	44275
tn-71	44277
tn-72	44270
tn-73	44276
tn-81	44278
tn-82	44280
tn-83	44271
tn.02	44287
tn.02.4251	44485
tn.02.4252	44367
tn.02.4253	44484
tn.02.4254	44487
tn.02.4255	44304
tn.02.4256	44387
tn.02.4257	44385
tn.02.4258	44386
tn.02.4259	44297
tn.02.4260	44388
tn.02.4261	44389
tn.02.4262	44358
tn.02.4263	44486
tn.03	44286
tn.03.4151	44489
tn.03.4152	44366
tn.03.4153	44491
tn.03.4154	44305
tn.03.4155	44365
tn.03.4156	44355
tn.03.4157	44488
tn.03.4158	44354
tn.03.4159	44309
tn.03.4160	44490
tn.03.4161	44307
tn.06	44281
tn.06.2251	44347
tn.06.2252	44379
tn.06.2253	44378
tn.06.2254	44301
tn.06.2255	44363
tn.06.2256	44399
tn.06.2257	44357
tn.06.2258	44380
tn.06.2259	44377
tn.14	44290
tn.14.2351	44400
tn.14.2352	44372
tn.14.2353	44402
tn.14.2354	44312
tn.14.2355	44298
tn.14.2356	44495
tn.14.2357	44494
tn.14.2358	44493
tn.14.2359	44376
tn.14.2360	44492
tn.14.2361	44401
tn.15	44289
tn.15.3351	44371
tn.15.3352	44447
tn.15.3353	44446
tn.15.3354	44310
tn.15.3355	44448
tn.15.3356	44311
tn.15.3357	44373
tn.15.3358	44390
tn.15.3359	44450
tn.15.3360	44449
tn.15.3361	44318
tn.16	44288
tn.16.3251	44368
tn.16.3252	44442
tn.16.3253	44441
tn.16.3254	44444
tn.16.3255	44445
tn.16.3256	44349
tn.16.3257	44443
tn.16.3258	44332
tn.16.3259	44432
tn.16.3260	44433
tn.16.3261	44440
tn.16.3262	44420
tn.16.3263	44434
tn.17	44284
tn.17.2151	44362
tn.17.2152	44397
tn.17.2153	44364
tn.17.2154	44374
tn.17.2155	44299
tn.17.2156	44500
tn.17.2157	44296
tn.17.2158	44398
tn.17.2159	44345
tn.18	44283
tn.18.1751	44506
tn.18.1752	44507
tn.18.1753	44361
tn.18.1754	44394
tn.18.1755	44395
tn.18.1756	44337
tn.18.1757	44396
tn.18.1758	44341
tn.18.1759	44504
tn.18.1760	44505
tn.18.1761	44510
tn.18.1762	44508
tn.18.1763	44509
tn.18.1764	44316
tn.19	44279
tn.19.1551	44331
tn.19.1552	44416
tn.19.1553	44418
tn.19.1554	44320
tn.19.1555	44340
tn.19.1556	44413
tn.19.1557	44321
tn.19.1558	44411
tn.19.1559	44410
tn.19.1560	44412
tn.19.1561	44303
tn.19.1562	44414
tn.19.1563	44417
tn.19.1564	44319
tn.19.1565	44415
tn.19.1566	44375
tn.22	44273
tn.22.2451	44405
tn.22.2452	44306
tn.22.2453	44359
tn.22.2454	44327
tn.22.2455	44403
tn.22.2456	44404
tn.22.2457	44344
tn.22.2458	44499
tn.22.2459	44498
tn.22.2460	44497
tn.22.2461	44496
tn.23	44272
tn.23.3151	44302
tn.23.3152	44430
tn.23.3153	44428
tn.23.3154	44429
tn.23.3155	44427
tn.23.3156	44425
tn.23.3157	44326
tn.23.3158	44422
tn.23.3159	44421
tn.23.3160	44330
tn.23.3161	44419
tn.23.3162	44423
tn.23.3163	44424
tn.23.3164	44338
tn.23.3165	44426
tn.23.3166	44431
tn.27	44282
tn.27.1351	44554
tn.27.1352	44524
tn.27.1353	44523
tn.27.1354	44352
tn.27.1355	44518
tn.27.1356	44526
tn.27.1357	44520
tn.27.1358	44519
tn.27.1359	44525
tn.27.1360	44521
tn.27.1361	44522
tn.27.1362	44517
tn.28	44280
tn.28.5251	44382
tn.28.5252	44346
tn.28.5253	44381
tn.28.5254	44384
tn.28.5255	44348
tn.28.5256	44351
tn.28.5257	44407
tn.28.5258	44408
tn.28.5259	44383
tn.29	44278
tn.29.5151	44328
tn.29.5152	44551
tn.29.5153	44552
tn.29.5154	44457
tn.29.5155	44369
tn.29.5156	44409
tn.29.5157	44353
tn.29.5158	44336
tn.29.5159	44456
tn.29.5160	44339
tn.30	44277
tn.30.6151	44474
tn.30.6152	44475
tn.30.6153	44471
tn.30.6154	44553
tn.30.6155	44470
tn.30.6156	44314
tn.30.6157	44334
tn.30.6158	44469
tn.30.6159	44323
tn.30.6160	44472
tn.30.6161	44473
tn.31	44276
tn.31.6351	44322
tn.31.6352	44462
tn.31.6353	44464
tn.31.6354	44555
tn.31.6355	44465
tn.31.6356	44463
tn.32	44275
tn.32.3451	44313
tn.32.3452	44435
tn.32.3453	44438
tn.32.3454	44439
tn.32.3455	44437
tn.32.3456	44436
tn.32.3457	44453
tn.32.3458	44350
tn.32.3459	44451
tn.32.3460	44452
tn.32.3461	44342
tn.32.3462	44454
tn.32.3463	44360
tn.32.3464	44455
tn.32.3465	44370
tn.32.3466	44324
tn.33	44274
tn.33.4351	44308
tn.33.4352	44481
tn.33.4353	44482
tn.33.4354	44483
tn.33.4355	44478
tn.33.4356	44477
tn.33.4357	44476
tn.33.4358	44333
tn.33.4359	44479
tn.33.4360	44335
tn.33.4361	44315
tn.33.4362	44480
tn.34	44271
tn.34.5351	44295
tn.34.5352	44460
tn.34.5353	44458
tn.34.5354	44459
tn.34.5355	44356
tn.34.5356	44461
tn.34.5357	44317
tn.35	44270
tn.35.6251	44294
tn.35.6252	44467
tn.35.6253	44468
tn.35.6254	44329
tn.35.6255	44466
tn.36	44269
tn.36.1151	44549
tn.36.1152	44293
tn.36.1153	44545
tn.36.1154	44538
tn.36.1155	44543
tn.36.1156	44542
tn.36.1157	44541
tn.36.1158	44544
tn.36.1159	44546
tn.36.1160	44540
tn.36.1161	44391
tn.36.1162	44539
tn.36.1163	44533
tn.36.1164	44392
tn.36.1165	44536
tn.36.1166	44534
tn.36.1167	44537
tn.36.1168	44535
tn.36.1169	44547
tn.36.1170	44548
tn.36.1171	44550
tn.37	44268
tn.37.1651	44292
tn.37.1652	44502
tn.37.1653	44501
tn.37.1654	44325
tn.37.1655	44393
tn.37.1656	44503
tn.38	44285
tn.38.1251	44527
tn.38.1252	44528
tn.38.1253	44406
tn.38.1254	44532
tn.38.1255	44531
tn.38.1256	44529
tn.38.1257	44530
tn.39	44291
tn.39.1451	44343
tn.39.1452	44514
tn.39.1453	44515
tn.39.1454	44513
tn.39.1455	44512
tn.39.1456	44516
tn.39.1457	44300
tn.39.1458	44511
to-01	44559
to-02	44558
to-03	44560
to-04	44557
to-05	44556
to.01	44558
to.01.31	44579
to.01.32	44565
to.01.33	44574
to.01.34	44576
to.01.35	44566
to.01.36	44582
to.02	44557
to.02.11	44569
to.02.12	44570
to.02.13	44583
to.02.14	44581
to.02.15	44572
to.02.16	44578
to.02.17	44571
to.03	44556
to.03.21	44577
to.03.22	44580
to.03.23	44567
to.03.24	44573
to.03.25	44568
to.03.26	44575
to.eu	44559
to.eu.41	44564
to.eu.42	44563
to.ni	44560
to.ni.51	44561
to.ni.52	44562
tr-01	44626
tr-02	44625
tr-03	44624
tr-04	44623
tr-05	44658
tr-06	44622
tr-07	44621
tr-08	44657
tr-09	44620
tr-10	44619
tr-11	44618
tr-12	44617
tr-13	44616
tr-14	44656
tr-15	44615
tr-16	44655
tr-17	44654
tr-18	44653
tr-19	44652
tr-20	44614
tr-21	44613
tr-22	44651
tr-23	44612
tr-24	44611
tr-25	44610
tr-26	44609
tr-27	44608
tr-28	44650
tr-29	44649
tr-30	44607
tr-31	44606
tr-32	44604
tr-33	44605
tr-34	44648
tr-35	44603
tr-36	44647
tr-37	44646
tr-38	44601
tr-39	44645
tr-40	44600
tr-41	44644
tr-42	44599
tr-43	44598
tr-44	44597
tr-45	44596
tr-46	44602
tr-47	44595
tr-48	44594
tr-49	44593
tr-50	44592
tr-51	44591
tr-52	44643
tr-53	44642
tr-54	44641
tr-55	44640
tr-56	44590
tr-57	44639
tr-58	44589
tr-59	44638
tr-60	44637
tr-61	44636
tr-62	44588
tr-63	44587
tr-64	44586
tr-65	44585
tr-66	44584
tr-67	44635
tr-68	44629
tr-69	44663
tr-70	44631
tr-71	44632
tr-72	44630
tr-73	44633
tr-74	44659
tr-75	44662
tr-76	44628
tr-77	44661
tr-78	44660
tr-79	44634
tr-80	44627
tr-81	44664
tr.02	44625
tr.02.7732069	44713
tr.02.8631677	45094
tr.02.8631678	45095
tr.02.8631679	45096
tr.02.8631680	45097
tr.02.8631681	45098
tr.02.8631682	45099
tr.02.8631683	45100
tr.02.8631684	45101
tr.03	44624
tr.03.7732070	44714
tr.03.7732071	44715
tr.03.8632463	45413
tr.03.8632464	45414
tr.03.8632465	45415
tr.03.8632466	45416
tr.03.8632467	45417
tr.03.8632468	45418
tr.03.8632469	45419
tr.03.8632470	45420
tr.03.8632471	45421
tr.03.8632472	45422
tr.03.8632473	45423
tr.03.8632474	45424
tr.03.8632475	45425
tr.03.8632476	45426
tr.03.8632477	45427
tr.03.8632478	45428
tr.04	44623
tr.04.11778423	45609
tr.04.8630864	44930
tr.04.8630865	44931
tr.04.8630866	44932
tr.04.8630867	44933
tr.04.8630868	44934
tr.04.8630869	44935
tr.04.8630870	44936
tr.05	44658
tr.05.7732078	44717
tr.05.8631703	45114
tr.05.8631704	45115
tr.05.8631705	45116
tr.05.8631706	45117
tr.05.8631707	45118
tr.05.8631708	45119
tr.07	44621
tr.07.7732185	44725
tr.07.7732189	44726
tr.07.7732191	44727
tr.07.7732193	44728
tr.07.7732195	44729
tr.07.7911038	44862
tr.07.8632151	45305
tr.07.8632153	45306
tr.07.8632154	45307
tr.07.8632156	45308
tr.07.8632162	45309
tr.07.8632164	45310
tr.07.8632165	45311
tr.07.8632166	45312
tr.07.9535332	45533
tr.07.9535333	45534
tr.07.9535334	45535
tr.07.9535335	45536
tr.07.9535336	45537
tr.08	44657
tr.08.11789075	45610
tr.08.13308779	45625
tr.08.7732198	44730
tr.08.8631400	44969
tr.08.8631401	44970
tr.08.8631402	44971
tr.08.8631447	44972
tr.08.8631448	44973
tr.08.8631449	44974
tr.09	44620
tr.09.8632390	45341
tr.09.8632391	45342
tr.09.8632392	45343
tr.09.8632393	45344
tr.09.8632394	45345
tr.09.8632395	45346
tr.09.8632396	45347
tr.09.8632397	45348
tr.09.8632398	45349
tr.09.8632399	45350
tr.09.8632400	45351
tr.09.8632401	45352
tr.09.8632402	45353
tr.09.8632403	45354
tr.09.8632404	45355
tr.09.8632405	45356
tr.09.9564466	45601
tr.10	44619
tr.10.10910316	45608
tr.10.7732201	44731
tr.10.7733225	44831
tr.10.7910603	44849
tr.10.8632431	45381
tr.10.8632432	45382
tr.10.8632433	45383
tr.10.8632434	45384
tr.10.8632435	45385
tr.10.8632436	45386
tr.10.8632437	45387
tr.10.8632438	45388
tr.10.8632439	45389
tr.10.8632440	45390
tr.10.8632441	45391
tr.10.8632442	45392
tr.10.8632443	45393
tr.10.8632444	45394
tr.10.8632445	45395
tr.10.9538520	45538
tr.11	44618
tr.11.13308771	45617
tr.11.8632583	45526
tr.11.8632584	45527
tr.11.8632586	45528
tr.11.8632587	45529
tr.11.8632588	45530
tr.11.8632589	45531
tr.11.9538526	45539
tr.12	44617
tr.12.7732205	44733
tr.12.8631554	45005
tr.12.8631555	45006
tr.12.8631556	45007
tr.12.8631557	45008
tr.12.8631558	45009
tr.12.8631559	45010
tr.12.8631560	45011
tr.13	44616
tr.13.7732206	44734
tr.13.8630852	44919
tr.13.8630853	44920
tr.13.8630854	44921
tr.13.8630855	44922
tr.13.8630856	44923
tr.13.8630857	44924
tr.14	44656
tr.14.13308778	45624
tr.14.7732652	44780
tr.14.8632492	45441
tr.14.8632493	45442
tr.14.8632495	45443
tr.14.8632496	45444
tr.14.8632497	45445
tr.14.8632498	45446
tr.14.8632499	45447
tr.15	44615
tr.15.7732207	44735
tr.15.8631949	45186
tr.15.8631950	45187
tr.15.8631951	45188
tr.15.8631952	45189
tr.15.8631953	45190
tr.15.8631954	45191
tr.15.8631955	45192
tr.15.8631956	45193
tr.15.8631957	45194
tr.15.8631958	45195
tr.16	44655
tr.16.7732330	44736
tr.16.7732331	44737
tr.16.7732332	44738
tr.16.7732333	44739
tr.16.7732334	44740
tr.16.7732336	44741
tr.16.7732338	44742
tr.16.7732341	44743
tr.16.8632532	45479
tr.16.8632533	45480
tr.16.8632534	45481
tr.16.8632536	45482
tr.16.8632537	45483
tr.16.8632538	45484
tr.16.8632539	45485
tr.16.8632540	45486
tr.16.8632541	45487
tr.17	44654
tr.17.7732343	44744
tr.17.7732344	44745
tr.17.7910944	44852
tr.17.7910945	44853
tr.17.8632576	45519
tr.17.8632577	45520
tr.17.8632578	45521
tr.17.8632579	45522
tr.17.8632580	45523
tr.17.8632581	45524
tr.17.8632582	45525
tr.17.9538547	45540
tr.19	44652
tr.19.7732348	44746
tr.19.7732349	44747
tr.19.7732351	44748
tr.19.8631998	45231
tr.19.8631999	45232
tr.19.8632000	45233
tr.19.8632021	45234
tr.19.8632022	45235
tr.19.8632023	45236
tr.19.8632024	45237
tr.19.8632025	45238
tr.19.8632026	45239
tr.19.8632027	45240
tr.19.8632028	45241
tr.20	44614
tr.20.7732353	44749
tr.20.7732360	44750
tr.20.7732660	44781
tr.20.8632190	45325
tr.20.8632192	45326
tr.20.8632193	45327
tr.20.8632194	45328
tr.20.8632195	45329
tr.20.8632197	45330
tr.20.8632198	45331
tr.20.8632200	45332
tr.20.8632201	45333
tr.20.8632205	45334
tr.20.8632207	45335
tr.20.8632208	45336
tr.20.8632210	45337
tr.20.8632211	45338
tr.20.8632212	45339
tr.20.9538816	45541
tr.21	44613
tr.21.439825	44695
tr.21.8630826	44895
tr.21.8630827	44896
tr.21.8630828	44897
tr.21.8630829	44898
tr.21.8630830	44899
tr.21.8630831	44900
tr.21.8630832	44901
tr.21.8630833	44902
tr.21.8630834	44903
tr.21.8630835	44904
tr.21.8630836	44905
tr.21.8630837	44906
tr.21.9565090	45604
tr.21.9565135	45605
tr.21.9565316	45606
tr.21.9565377	45607
tr.22	44651
tr.22.13308783	45629
tr.22.8632568	45511
tr.22.8632569	45512
tr.22.8632570	45513
tr.22.8632571	45514
tr.22.8632572	45515
tr.22.8632573	45516
tr.22.8632574	45517
tr.22.8632575	45518
tr.23	44612
tr.23.6544214	44709
tr.23.7732370	44751
tr.23.7733228	44833
tr.23.8631561	45012
tr.23.8631562	45013
tr.23.8631563	45014
tr.23.8631564	45015
tr.23.8631565	45016
tr.23.8631566	45017
tr.23.8631570	45018
tr.23.8631574	45019
tr.24	44611
tr.24.13308784	45630
tr.24.8631583	45027
tr.24.8631584	45028
tr.24.8631605	45029
tr.24.8631606	45030
tr.24.8631607	45031
tr.24.8631608	45032
tr.24.8631609	45033
tr.24.8631610	45034
tr.25	44610
tr.25.8631373	44947
tr.25.8631375	44948
tr.25.8631376	44949
tr.25.8631377	44950
tr.25.8631378	44951
tr.25.8631379	44952
tr.25.8631380	44953
tr.25.8631381	44954
tr.25.8631382	44955
tr.25.8631384	44956
tr.25.8631386	44957
tr.25.8631387	44958
tr.25.8631388	44959
tr.25.8631389	44960
tr.25.8631390	44961
tr.25.8631391	44962
tr.25.8631392	44963
tr.25.9538817	45542
tr.25.9538819	45543
tr.25.9565016	45603
tr.26	44609
tr.26.8632480	45429
tr.26.8632481	45430
tr.26.8632482	45431
tr.26.8632483	45432
tr.26.8632484	45433
tr.26.8632485	45434
tr.26.8632486	45435
tr.26.8632487	45436
tr.26.8632488	45437
tr.26.8632489	45438
tr.26.8632490	45439
tr.26.8632491	45440
tr.26.9538820	45544
tr.26.9540749	45545
tr.28	44650
tr.28.7732374	44753
tr.28.7911018	44855
tr.28.7911037	44861
tr.28.8631620	45042
tr.28.8631621	45043
tr.28.8631622	45044
tr.28.8631623	45045
tr.28.8631624	45046
tr.28.8631625	45047
tr.28.8631626	45048
tr.28.8631628	45049
tr.28.8631629	45050
tr.28.8631630	45051
tr.28.8631631	45052
tr.28.9540843	45546
tr.28.9541080	45547
tr.31	44606
tr.31.436926	44668
tr.31.436927	44669
tr.31.436928	44670
tr.31.437215	44671
tr.31.437928	44678
tr.31.437929	44679
tr.31.437930	44680
tr.31.438417	44681
tr.31.438418	44682
tr.31.438427	44683
tr.31.438432	44684
tr.31.9541203	45548
tr.31.9541389	45549
tr.31.9541486	45550
tr.31.9541531	45551
tr.32	44605
tr.32.7732939	44806
tr.32.7910604	44850
tr.32.8632138	45297
tr.32.8632141	45298
tr.32.8632142	45299
tr.32.8632144	45300
tr.32.8632145	45301
tr.32.8632146	45302
tr.32.8632148	45303
tr.32.8632149	45304
tr.32.9542118	45552
tr.32.9542263	45553
tr.32.9542422	45554
tr.33	44604
tr.33.13308770	45616
tr.33.8632170	45313
tr.33.8632171	45314
tr.33.8632172	45315
tr.33.8632173	45316
tr.33.8632175	45317
tr.33.8632176	45318
tr.33.8632178	45319
tr.33.8632179	45320
tr.33.8632180	45321
tr.33.8632181	45322
tr.33.8632182	45323
tr.33.8632184	45324
tr.34	44648
tr.34.7732454	44755
tr.34.7732455	44756
tr.34.7732457	44757
tr.34.7732459	44758
tr.34.7732460	44759
tr.34.7732461	44760
tr.34.7732462	44761
tr.34.7732464	44762
tr.34.7732467	44763
tr.34.7732469	44764
tr.34.7732471	44765
tr.34.7732474	44766
tr.34.7732501	44767
tr.34.7732504	44768
tr.34.7732506	44769
tr.34.7732569	44770
tr.34.7732579	44771
tr.34.7732582	44772
tr.34.7732583	44773
tr.34.7732587	44774
tr.34.7732588	44775
tr.34.7732589	44776
tr.34.7732593	44777
tr.34.7733234	44836
tr.34.7733235	44837
tr.34.7733237	44838
tr.34.7733238	44839
tr.34.8521527	44868
tr.34.8521528	44869
tr.34.8521529	44870
tr.34.8521530	44871
tr.34.8521531	44872
tr.34.8521532	44873
tr.34.8521533	44874
tr.34.8521534	44875
tr.34.8521535	44876
tr.34.8521536	44877
tr.34.8521537	44878
tr.34.8521538	44879
tr.35	44603
tr.35.7732711	44783
tr.35.7732712	44784
tr.35.7732714	44785
tr.35.7732715	44786
tr.35.7732716	44787
tr.35.7732718	44788
tr.35.7732720	44789
tr.35.7732724	44790
tr.35.7732725	44791
tr.35.7732726	44792
tr.35.7732727	44793
tr.35.7732732	44794
tr.35.7732733	44795
tr.35.7732734	44796
tr.35.7733239	44840
tr.35.8632419	45370
tr.35.8632420	45371
tr.35.8632421	45372
tr.35.8632422	45373
tr.35.8632423	45374
tr.35.8632424	45375
tr.35.8632426	45376
tr.35.8632427	45377
tr.35.8632428	45378
tr.35.8632429	45379
tr.35.8632430	45380
tr.35.9543231	45555
tr.35.9543301	45556
tr.35.9543771	45557
tr.35.9544174	45558
tr.37	44646
tr.37.13308787	45633
tr.37.7732736	44797
tr.37.8631978	45213
tr.37.8631979	45214
tr.37.8631980	45215
tr.37.8631981	45216
tr.37.8631983	45217
tr.37.8631984	45218
tr.37.8631986	45219
tr.37.8631987	45220
tr.37.8631988	45221
tr.37.8631989	45222
tr.37.8631990	45223
tr.37.8631991	45224
tr.37.8631992	45225
tr.37.8631993	45226
tr.37.8631994	45227
tr.37.8631995	45228
tr.37.8631996	45229
tr.37.8631997	45230
tr.38	44601
tr.38.7732925	44798
tr.38.7732928	44799
tr.38.7732929	44800
tr.38.7910468	44846
tr.38.7910469	44847
tr.38.7932395	44867
tr.38.8631773	45140
tr.38.8631774	45141
tr.38.8631775	45142
tr.38.8631781	45143
tr.38.8631782	45144
tr.38.8631783	45145
tr.38.8631784	45146
tr.38.8631787	45147
tr.38.8631788	45148
tr.38.8631789	45149
tr.39	44645
tr.39.13308788	45634
tr.39.8632561	45504
tr.39.8632562	45505
tr.39.8632563	45506
tr.39.8632564	45507
tr.39.8632565	45508
tr.39.8632566	45509
tr.39.8632567	45510
tr.40	44600
tr.40.13308775	45621
tr.40.8631935	45174
tr.40.8631936	45175
tr.40.8631937	45176
tr.40.8631938	45177
tr.40.8631939	45178
tr.40.8631940	45179
tr.41	44644
tr.41.7732636	44779
tr.41.7732931	44801
tr.41.8632547	45493
tr.41.8632548	45494
tr.41.8632549	45495
tr.41.8632550	45496
tr.41.8632551	45497
tr.41.9544571	45559
tr.41.9547999	45560
tr.41.9548074	45561
tr.41.9548124	45562
tr.41.9548231	45563
tr.43	44598
tr.43.13308789	45635
tr.43.8632446	45396
tr.43.8632447	45397
tr.43.8632448	45398
tr.43.8632449	45399
tr.43.8632450	45400
tr.43.8632451	45401
tr.43.8632452	45402
tr.43.8632453	45403
tr.43.8632454	45404
tr.43.8632455	45405
tr.43.8632456	45406
tr.43.8632457	45407
tr.44	44597
tr.44.7732936	44804
tr.44.8631666	45085
tr.44.8631667	45086
tr.44.8631668	45087
tr.44.8631669	45088
tr.44.8631670	45089
tr.44.8631672	45090
tr.44.8631673	45091
tr.44.8631674	45092
tr.44.8631676	45093
tr.44.9548267	45564
tr.44.9548308	45565
tr.44.9548365	45566
tr.45	44596
tr.45.7732938	44805
tr.45.7910589	44848
tr.45.8632406	45357
tr.45.8632407	45358
tr.45.8632408	45359
tr.45.8632409	45360
tr.45.8632410	45361
tr.45.8632411	45362
tr.45.8632412	45363
tr.45.8632413	45364
tr.45.8632414	45365
tr.45.8632415	45366
tr.45.8632416	45367
tr.45.8632417	45368
tr.45.8632418	45369
tr.45.9548477	45567
tr.45.9548503	45568
tr.46	44602
tr.46.8631472	44996
tr.46.8631473	44997
tr.46.8631474	44998
tr.46.8631475	44999
tr.46.8631476	45000
tr.46.8631477	45001
tr.46.8631478	45002
tr.46.8631479	45003
tr.46.8631480	45004
tr.46.9548545	45569
tr.46.9548652	45570
tr.48	44594
tr.48.7732940	44807
tr.48.7732941	44808
tr.48.7732942	44809
tr.48.7732943	44810
tr.48.7733242	44841
tr.48.8631959	45196
tr.48.8631960	45197
tr.48.8631961	45198
tr.48.8631962	45199
tr.48.8631963	45200
tr.48.8632389	45340
tr.48.9548757	45571
tr.48.9548851	45572
tr.49	44593
tr.49.7732944	44811
tr.49.8630858	44925
tr.49.8630859	44926
tr.49.8630861	44927
tr.49.8630862	44928
tr.49.8630863	44929
tr.50	44592
tr.50.7732945	44812
tr.50.7732946	44813
tr.50.8631927	45168
tr.50.8631929	45169
tr.50.8631930	45170
tr.50.8631932	45171
tr.50.8631933	45172
tr.50.8631934	45173
tr.52	44643
tr.52.7911034	44858
tr.52.8631632	45053
tr.52.8631633	45054
tr.52.8631634	45055
tr.52.8631635	45056
tr.52.8631636	45057
tr.52.8631637	45058
tr.52.8631638	45059
tr.52.8631639	45060
tr.52.8631640	45061
tr.52.8631641	45062
tr.52.8631642	45063
tr.52.8631643	45064
tr.52.8631644	45065
tr.52.8631645	45066
tr.52.8631646	45067
tr.52.8631647	45068
tr.52.8631648	45069
tr.52.9548904	45573
tr.53	44642
tr.53.13308777	45623
tr.53.7911029	44856
tr.53.8631450	44975
tr.53.8631451	44976
tr.53.8631452	44977
tr.53.8631453	44978
tr.53.8631454	44979
tr.53.8631455	44980
tr.53.9549009	45574
tr.53.9549101	45575
tr.53.9549145	45576
tr.53.9549311	45577
tr.54	44641
tr.54.8632520	45467
tr.54.8632521	45468
tr.54.8632522	45469
tr.54.8632523	45470
tr.54.8632524	45471
tr.54.8632525	45472
tr.54.8632526	45473
tr.54.8632527	45474
tr.54.8632528	45475
tr.54.8632529	45476
tr.54.8632530	45477
tr.54.8632531	45478
tr.54.9549335	45578
tr.54.9549384	45579
tr.54.9549424	45580
tr.54.9549457	45581
tr.55	44640
tr.55.7732956	44815
tr.55.7733243	44842
tr.55.8631685	45102
tr.55.8631686	45103
tr.55.8631687	45104
tr.55.8631689	45105
tr.55.8631690	45106
tr.55.8631691	45107
tr.55.8631692	45108
tr.55.8631693	45109
tr.55.8631695	45110
tr.55.8631696	45111
tr.55.8631698	45112
tr.55.8631699	45113
tr.55.9549574	45582
tr.55.9549630	45583
tr.55.9549747	45584
tr.57	44639
tr.57.7733028	44829
tr.57.7911054	44864
tr.57.8632029	45242
tr.57.8632030	45243
tr.57.8632031	45244
tr.57.8632032	45245
tr.57.8632033	45246
tr.57.8632034	45247
tr.57.8632035	45248
tr.58	44589
tr.58.7732989	44816
tr.58.7732990	44817
tr.58.8631649	45070
tr.58.8631651	45071
tr.58.8631652	45072
tr.58.8631653	45073
tr.58.8631654	45074
tr.58.8631656	45075
tr.58.8631657	45076
tr.58.8631658	45077
tr.58.8631659	45078
tr.58.8631660	45079
tr.58.8631661	45080
tr.58.8631662	45081
tr.58.8631663	45082
tr.58.8631664	45083
tr.58.8631665	45084
tr.59	44638
tr.59.7732607	44778
tr.59.7732991	44818
tr.59.8632555	45498
tr.59.8632556	45499
tr.59.8632557	45500
tr.59.8632558	45501
tr.59.8632559	45502
tr.59.8632560	45503
tr.59.9549876	45585
tr.59.9549878	45586
tr.59.9564781	45602
tr.60	44637
tr.60.13308791	45637
tr.60.7732992	44819
tr.60.7911035	44859
tr.60.7911036	44860
tr.60.8631714	45120
tr.60.8631717	45122
tr.60.8631738	45123
tr.60.8631740	45124
tr.60.8631741	45125
tr.60.8631742	45126
tr.60.8631743	45127
tr.60.8631744	45128
tr.61	44636
tr.61.7732993	44820
tr.61.7732995	44821
tr.61.7732997	44822
tr.61.7910998	44854
tr.61.7911030	44857
tr.61.8631456	44981
tr.61.8631457	44982
tr.61.8631458	44983
tr.61.8631459	44984
tr.61.8631460	44985
tr.61.8631461	44986
tr.61.8631463	44987
tr.61.8631464	44988
tr.61.8631465	44989
tr.61.8631466	44990
tr.61.9549891	45587
tr.61.9549892	45588
tr.61.9550057	45589
tr.62	44588
tr.62.7732998	44823
tr.62.8631575	45020
tr.62.8631576	45021
tr.62.8631578	45022
tr.62.8631579	45023
tr.62.8631580	45024
tr.62.8631581	45025
tr.62.8631582	45026
tr.63	44587
tr.63.436459	44667
tr.63.439166	44693
tr.63.439201	44694
tr.63.8630788	44883
tr.63.8630789	44884
tr.63.8630791	44885
tr.63.8630792	44886
tr.63.8630793	44887
tr.63.8630794	44888
tr.63.8630795	44889
tr.63.9550246	45590
tr.63.9550457	45591
tr.63.9550541	45592
tr.64	44586
tr.64.7732999	44824
tr.64.8632458	45408
tr.64.8632459	45409
tr.64.8632460	45410
tr.64.8632461	45411
tr.64.8632462	45412
tr.65	44585
tr.65.438700	44687
tr.65.7733001	44825
tr.65.7733002	44826
tr.65.7911042	44863
tr.65.8630841	44910
tr.65.8630842	44911
tr.65.8630843	44912
tr.65.8630844	44913
tr.65.8630845	44914
tr.65.8630846	44915
tr.65.8630847	44916
tr.65.9550890	45593
tr.65.9550938	45594
tr.66	44584
tr.66.13308792	45638
tr.66.7733004	44827
tr.66.8631716	45121
tr.66.8631745	45129
tr.66.8631748	45130
tr.66.8631749	45131
tr.66.8631750	45132
tr.66.8631751	45133
tr.66.8631752	45134
tr.66.8631753	45135
tr.66.8631754	45136
tr.66.8631755	45137
tr.66.8631769	45138
tr.66.8631771	45139
tr.68	44622
tr.68.7732081	44718
tr.68.7732084	44719
tr.68.7732107	44720
tr.68.7732167	44721
tr.68.7732180	44722
tr.68.7732181	44723
tr.68.7732184	44724
tr.68.7733221	44830
tr.68.7910611	44851
tr.68.8632037	45249
tr.68.8632039	45250
tr.68.8632041	45251
tr.68.8632043	45252
tr.68.8632045	45253
tr.68.8632046	45254
tr.68.8632047	45255
tr.68.8632050	45256
tr.68.8632052	45257
tr.68.8632056	45258
tr.68.8632057	45259
tr.68.8632058	45260
tr.68.8632061	45261
tr.68.8632062	45262
tr.68.8632063	45263
tr.68.9551354	45595
tr.69	44649
tr.69.7732375	44754
tr.69.8631615	45037
tr.69.8631616	45038
tr.69.8631617	45039
tr.69.8631618	45040
tr.69.8631619	45041
tr.70	44607
tr.70.13308781	45627
tr.70.13308785	45631
tr.70.7733232	44835
tr.70.8630849	44917
tr.70.8630851	44918
tr.70.8694443	45532
tr.71	44599
tr.71.7732933	44802
tr.71.7732935	44803
tr.71.7932392	44866
tr.71.8632065	45264
tr.71.8632066	45265
tr.71.8632068	45266
tr.71.8632069	45267
tr.71.8632070	45268
tr.71.8632092	45269
tr.71.8632094	45270
tr.71.8632095	45271
tr.71.8632096	45272
tr.71.8632098	45273
tr.71.8632099	45274
tr.71.8632100	45275
tr.71.8632102	45276
tr.71.8632103	45277
tr.71.8632104	45278
tr.71.8632105	45279
tr.71.8632106	45280
tr.71.8632107	45281
tr.71.8632108	45282
tr.71.8632109	45283
tr.71.8632110	45284
tr.71.8632111	45285
tr.71.8632112	45286
tr.71.8632113	45287
tr.71.8632115	45288
tr.71.8632116	45289
tr.71.8632117	45290
tr.71.8632118	45291
tr.72	44595
tr.72.441186	44700
tr.72.441187	44701
tr.72.441188	44702
tr.72.441469	44704
tr.72.441646	44706
tr.72.441966	44707
tr.72.8630814	44890
tr.72.8630815	44891
tr.72.8630817	44892
tr.72.9552222	45596
tr.73	44591
tr.73.7732948	44814
tr.73.7910465	44844
tr.73.7910467	44845
tr.73.8631911	45159
tr.73.8631912	45160
tr.73.8631913	45161
tr.74	44590
tr.74.438519	44685
tr.74.438624	44686
tr.74.440906	44698
tr.74.440907	44699
tr.74.8630838	44907
tr.74.8630839	44908
tr.74.8630840	44909
tr.75	44629
tr.75.11789076	45611
tr.75.7732073	44716
tr.75.8631917	45162
tr.75.8631919	45163
tr.75.8631920	45164
tr.75.8631922	45165
tr.75.8631923	45166
tr.75.8631925	45167
tr.76	44630
tr.76.440476	44696
tr.76.440905	44697
tr.76.441468	44703
tr.76.7732202	44732
tr.76.8630819	44893
tr.76.8630820	44894
tr.77	44663
tr.77.13308768	45614
tr.77.8631613	45035
tr.77.8631614	45036
tr.78	44631
tr.78.13308786	45632
tr.78.8632131	45292
tr.78.8632132	45293
tr.78.8632133	45294
tr.78.8632134	45295
tr.78.8632136	45296
tr.79	44632
tr.79.13308772	45618
tr.79.8631941	45180
tr.79.8631942	45181
tr.79.8631943	45182
tr.79.8631944	45183
tr.79.8631945	45184
tr.79.8631946	45185
tr.79.8631964	45201
tr.79.8631965	45202
tr.80	44633
tr.80.438773	44688
tr.80.438774	44689
tr.80.438878	44690
tr.80.438958	44691
tr.80.438989	44692
tr.80.441645	44705
tr.80.442034	44708
tr.81	44626
tr.81.7732059	44710
tr.81.7732063	44711
tr.81.7732065	44712
tr.81.7911055	44865
tr.81.8631795	45150
tr.81.8631903	45151
tr.81.8631904	45152
tr.81.8631905	45153
tr.81.8631906	45154
tr.81.8631907	45155
tr.81.8631908	45156
tr.81.8631909	45157
tr.81.8631910	45158
tr.81.9552711	45597
tr.81.9552840	45598
tr.82	44653
tr.82.13308782	45628
tr.82.7733226	44832
tr.82.8631966	45203
tr.82.8631967	45204
tr.82.8631969	45205
tr.82.8631971	45206
tr.82.8631972	45207
tr.82.8631973	45208
tr.82.8631974	45209
tr.82.8631975	45210
tr.82.8631976	45211
tr.82.8631977	45212
tr.83	44608
tr.83.436186	44665
tr.83.436187	44666
tr.83.437252	44673
tr.83.437630	44677
tr.83.7732373	44752
tr.83.7733230	44834
tr.83.8630759	44880
tr.83.8630760	44881
tr.83.8630785	44882
tr.84	44647
tr.84.13308773	45619
tr.84.8631364	44940
tr.84.8631365	44941
tr.84.8631366	44942
tr.84.8631367	44943
tr.84.8631368	44944
tr.84.8631369	44945
tr.84.8631370	44946
tr.85	44635
tr.85.13308780	45626
tr.85.7733006	44828
tr.85.8632508	45456
tr.85.8632509	45457
tr.85.8632510	45458
tr.85.8632511	45459
tr.85.9553115	45599
tr.85.9553975	45600
tr.86	44662
tr.86.13308766	45612
tr.86.8631395	44964
tr.86.8631396	44965
tr.86.8631397	44966
tr.86.8631398	44967
tr.86.8631399	44968
tr.87	44659
tr.87.13308767	45613
tr.87.8632505	45453
tr.87.8632506	45454
tr.87.8632507	45455
tr.88	44628
tr.88.13308774	45620
tr.88.8630872	44937
tr.88.8630873	44938
tr.88.8630874	44939
tr.89	44660
tr.89.13308776	45622
tr.89.8632500	45448
tr.89.8632501	45449
tr.89.8632502	45450
tr.89.8632503	45451
tr.89.8632504	45452
tr.90	44634
tr.90.437251	44672
tr.90.437627	44674
tr.90.437628	44675
tr.90.437629	44676
tr.91	44627
tr.91.13308790	45636
tr.91.7910463	44843
tr.91.8631467	44991
tr.91.8631468	44992
tr.91.8631469	44993
tr.91.8631470	44994
tr.91.8631471	44995
tr.92	44661
tr.92.7732689	44782
tr.92.8632542	45488
tr.92.8632543	45489
tr.92.8632544	45490
tr.92.8632545	45491
tr.92.8632546	45492
tr.93	44664
tr.93.13308769	45615
tr.93.8632513	45460
tr.93.8632514	45461
tr.93.8632515	45462
tr.93.8632516	45463
tr.93.8632517	45464
tr.93.8632518	45465
tr.93.8632519	45466
tt-ari	45643
tt-cha	45644
tt-ctt	45645
tt-dmn	45646
tt-mrc	45642
tt-ped	45647
tt-pos	45641
tt-prt	45648
tt-ptf	45649
tt-sfo	45640
tt-sge	45650
tt-sip	45651
tt-sjl	45652
tt-tob	45639
tt-tup	45653
tt.01	45643
tt.03	45642
tt.03.3573589	45656
tt.03.3574434	45679
tt.03.3574768	45684
tt.03.3574796	45685
tt.05	45641
tt.10	45640
tt.11	45639
tt.11.3573759	45663
tt.11.3573761	45664
tt.11.3573766	45665
tt.11.3573778	45666
tt.11.3573784	45667
tt.11.3573793	45668
tt.11.3573805	45670
tt.cha	45644
tt.cha.3574809	45686
tt.ctt	45645
tt.ctt.3573722	45662
tt.ctt.3573901	45671
tt.ctt.3574111	45675
tt.ctt.3574679	45682
tt.ctt.3574723	45683
tt.dmn	45646
tt.dmn.3574635	45681
tt.ped	45647
tt.ped.3574064	45673
tt.prt	45648
tt.prt.3573709	45661
tt.prt.3574008	45672
tt.prt.3574086	45674
tt.ptf	45649
tt.sge	45650
tt.sge.3573559	45654
tt.sge.3573575	45655
tt.sge.3573603	45657
tt.sge.3573635	45658
tt.sge.3574167	45676
tt.sge.3574201	45677
tt.sip	45651
tt.sip.3573680	45660
tt.sip.3574352	45678
tt.sip.3574590	45680
tt.sip.3574824	45687
tt.sjl	45652
tt.sjl.3573800	45669
tt.tup	45653
tt.tup.3573642	45659
tt.tup.3574971	45688
tt.tup.3575050	45689
tv-fun	45692
tv-nit	45693
tv-nkf	45696
tv-nkl	45697
tv-nma	45691
tv-nmg	45694
tv-nui	45690
tv-vai	45695
tv.fun	45692
tv.nit	45693
tv.nit.7602096	45698
tv.nkf	45696
tv.nkl	45697
tv.nma	45691
tv.nmg	45694
tv.nui	45690
tv.vai	45695
tw-cha	45719
tw-cyi	45717
tw-cyq	45718
tw-hsq	45715
tw-hsz	45714
tw-hua	45713
tw-ila	45712
tw-kee	45720
tw-khh	45700
tw-kin	45716
tw-lie	45721
tw-mia	45711
tw-nan	45710
tw-nwt	45703
tw-pen	45709
tw-pif	45708
tw-tao	45705
tw-tnn	45707
tw-tpe	45701
tw-ttt	45706
tw-txg	45722
tw-yun	45704
tw.01	45699
tw.01.kin	45716
tw.01.lie	45721
tw.02	45700
tw.02.khh	45724
tw.03	45701
tw.03.tpq	45703
tw.04	45702
tw.04.cha	45719
tw.04.cyi	45717
tw.04.cyq	45718
tw.04.hsq	45714
tw.04.hsz	45715
tw.04.hua	45713
tw.04.ila	45712
tw.04.kee	45720
tw.04.mia	45711
tw.04.nan	45710
tw.04.pen	45709
tw.04.pif	45708
tw.04.tao	45705
tw.04.tnn	45707
tw.04.tpe	45723
tw.04.ttt	45706
tw.04.txg	45722
tw.04.yun	45704
tz-01	45747
tz-02	45746
tz-03	45745
tz-04	45744
tz-05	45725
tz-06	45736
tz-07	45727
tz-08	45743
tz-09	45742
tz-10	45735
tz-11	45728
tz-12	45741
tz-13	45740
tz-14	45739
tz-15	45726
tz-16	45738
tz-17	45750
tz-18	45737
tz-19	45734
tz-20	45733
tz-21	45749
tz-22	45732
tz-23	45731
tz-24	45730
tz-25	45729
tz-26	45748
tz-27	45752
tz-28	45753
tz-29	45754
tz-30	45751
tz-31	45755
tz.02	45734
tz.02.0601	45829
tz.02.0602	45849
tz.02.0603	45805
tz.02.0604	45863
tz.02.0605	45771
tz.02.0606	45796
tz.02.0607	45905
tz.03	45745
tz.03.0101	45802
tz.03.0102	45784
tz.03.0103	45850
tz.03.0104	45840
tz.03.0105	45860
tz.03.0106	45841
tz.03.0107	45880
tz.04	45744
tz.04.1101	45814
tz.04.1102	45783
tz.04.1103	45859
tz.04.1104	45846
tz.04.1105	45883
tz.05	45743
tz.05.1601	45810
tz.05.1602	45811
tz.05.1603	45843
tz.05.1604	45891
tz.05.1605	45877
tz.05.1606	45889
tz.05.1607	45878
tz.05.1608	45890
tz.06	45742
tz.06.0301	45772
tz.06.0302	45779
tz.06.0303	45769
tz.06.0304	45862
tz.06.0305	45821
tz.06.0306	45865
tz.06.0307	45892
tz.07	45741
tz.07.0801	45807
tz.07.0802	45854
tz.07.0803	45834
tz.07.0804	45798
tz.07.0805	45855
tz.07.0806	45839
tz.08	45740
tz.08.2001	45761
tz.08.2002	45767
tz.08.2003	45780
tz.08.2004	45825
tz.08.2005	45895
tz.08.2006	45896
tz.08.2007	45894
tz.09	45739
tz.09.1201	45823
tz.09.1202	45791
tz.09.1203	45799
tz.09.1204	45770
tz.09.1207	45848
tz.09.1208	45897
tz.10	45738
tz.10.0501	45808
tz.10.0502	45856
tz.10.0503	45809
tz.10.0504	45758
tz.10.0505	45786
tz.10.0506	45867
tz.10.0507	45900
tz.11	45750
tz.11.0901	45835
tz.11.0902	45833
tz.11.0903	45837
tz.11.0904	45873
tz.11.0905	45924
tz.11.0906	45869
tz.11.0907	45901
tz.12	45737
tz.12.1901	45759
tz.12.1902	45795
tz.12.1903	45874
tz.12.1904	45800
tz.12.1905	45768
tz.12.1906	45864
tz.12.1907	45845
tz.13	45736
tz.13.5401	45756
tz.13.5402	45803
tz.14	45749
tz.14.1001	45831
tz.14.1002	45832
tz.14.1003	45836
tz.14.1004	45908
tz.14.1005	45858
tz.14.1006	45907
tz.15	45732
tz.15.1701	45766
tz.15.1702	45842
tz.15.1703	45857
tz.15.1704	45813
tz.15.1705	45909
tz.16	45731
tz.16.1301	45815
tz.16.1302	45765
tz.16.1303	45793
tz.16.1304	45861
tz.16.1305	45912
tz.16.1306	45913
tz.17	45730
tz.17.1401	45774
tz.17.1402	45818
tz.17.1403	45847
tz.17.1404	45757
tz.17.1405	45870
tz.17.1406	45763
tz.17.1407	45914
tz.18	45729
tz.18.0401	45797
tz.18.0402	45801
tz.18.0403	45782
tz.18.0404	45762
tz.18.0405	45773
tz.18.0406	45819
tz.18.0407	45872
tz.18.0408	45917
tz.18.0409	45916
tz.18.0410	45915
tz.19	45725
tz.19.1801	45812
tz.19.1802	45826
tz.19.1803	45781
tz.19.1804	45827
tz.19.1805	45778
tz.19.1806	45884
tz.19.1807	45886
tz.19.1808	45885
tz.20	45735
tz.20.5501	45824
tz.20.5502	45788
tz.21	45728
tz.21.5201	45918
tz.21.5202	45922
tz.22	45727
tz.22.5101	45920
tz.22.5102	45921
tz.23	45746
tz.23.0701	45806
tz.23.0702	45817
tz.23.0703	45760
tz.24	45733
tz.24.1501	45906
tz.24.1502	45764
tz.24.1503	45775
tz.24.1504	45876
tz.25	45726
tz.25.5301	45919
tz.25.5302	45923
tz.26	45747
tz.26.0201	45787
tz.26.0202	45830
tz.26.0203	45879
tz.26.0204	45871
tz.26.0205	45777
tz.26.0206	45851
tz.26.0207	45868
tz.27	45748
tz.27.2101	45852
tz.27.2102	45820
tz.27.2103	45789
tz.27.2104	45853
tz.27.2105	45804
tz.27.2106	45893
tz.28	45752
tz.28.2501	45822
tz.28.2502	45882
tz.28.2503	45881
tz.28.2504	45866
tz.28.2505	45875
tz.29	45753
tz.29.2301	45888
tz.29.2302	45785
tz.29.2303	45887
tz.30	45754
tz.30.2201	45903
tz.30.2202	45904
tz.30.2203	45794
tz.30.2204	45776
tz.30.2205	45838
tz.30.2206	45902
tz.31	45751
tz.31.2401	45828
tz.31.2402	45911
tz.31.2403	45844
tz.31.2404	45792
tz.31.2405	45910
tz.32	45755
tz.32.1205	45816
tz.32.1206	45790
tz.32.1209	45898
tz.32.1210	45899
tz.32.6001	45925
ua-05	45930
ua-07	45929
ua-09	45939
ua-12	45949
ua-14	45948
ua-18	45926
ua-21	45928
ua-23	45927
ua-26	45947
ua-30	45941
ua-32	45940
ua-35	45943
ua-40	45933
ua-43	45942
ua-46	45938
ua-48	45937
ua-51	45936
ua-53	45935
ua-56	45934
ua-59	45932
ua-61	45931
ua-63	45946
ua-65	45945
ua-68	45944
ua-71	45952
ua-74	45951
ua-77	45950
ua.01	45952
ua.01.7102	45953
ua.01.7104	45954
ua.01.7106	45968
ua.01.7108	46036
ua.02	45951
ua.02.7402	46014
ua.02.7404	46070
ua.02.7406	46071
ua.02.7408	45985
ua.02.7410	46035
ua.03	45950
ua.03.7302	46075
ua.03.7304	46097
ua.03.7306	46098
ua.04	45949
ua.04.1202	46032
ua.04.1204	46096
ua.04.1206	46005
ua.04.1208	45995
ua.04.1210	45994
ua.04.1212	45991
ua.04.1214	45977
ua.05	45948
ua.05.1402	46050
ua.05.1404	45963
ua.05.1406	46094
ua.05.1408	46095
ua.05.1410	46093
ua.05.1412	46092
ua.05.1414	46091
ua.05.1416	46011
ua.06	45947
ua.06.2602	45965
ua.06.2604	46090
ua.06.2606	46023
ua.06.2608	46016
ua.06.2610	46013
ua.06.2612	45996
ua.07	45946
ua.07.6302	46040
ua.07.6304	46060
ua.07.6306	46010
ua.07.6308	46059
ua.07.6310	46056
ua.07.6312	46057
ua.07.6314	46058
ua.08	45945
ua.08.6502	46041
ua.08.6504	46027
ua.08.6506	46024
ua.08.6508	45976
ua.08.6510	46084
ua.09	45944
ua.09.6802	46022
ua.09.6804	46020
ua.09.6806	45980
ua.10	45943
ua.10.3502	46026
ua.10.3504	46017
ua.10.3506	45993
ua.10.3508	46029
ua.11	45942
ua.11.0102	46049
ua.11.0104	46046
ua.11.0106	46031
ua.11.0108	46077
ua.11.0110	46053
ua.11.0112	46009
ua.11.0114	46008
ua.11.0116	45978
ua.11.0118	46076
ua.11.0120	46052
ua.12	45941
ua.12.687055	45956
ua.12.694120	45979
ua.12.696872	45988
ua.12.697796	45990
ua.12.700708	45998
ua.12.701078	46001
ua.12.703266	46004
ua.12.710276	46033
ua.12.8520167	46054
ua.12.8693025	46055
ua.13	45940
ua.13.3202	46069
ua.13.3204	46038
ua.13.3206	46037
ua.13.3208	46083
ua.13.3210	45961
ua.13.3212	45992
ua.13.3214	46030
ua.14	45939
ua.14.4402	46085
ua.14.4404	45972
ua.14.4406	46086
ua.14.4408	46087
ua.14.4410	45973
ua.14.4412	46088
ua.14.4414	45975
ua.14.4416	46089
ua.15	45938
ua.15.4602	46082
ua.15.4604	45955
ua.15.4606	46080
ua.15.4608	46067
ua.15.4610	46066
ua.15.4612	46081
ua.15.4614	45960
ua.16	45937
ua.16.4802	46048
ua.16.4804	45962
ua.16.4806	46074
ua.16.4808	45989
ua.17	45936
ua.17.5102	46042
ua.17.5104	46047
ua.17.5106	46039
ua.17.5108	46025
ua.17.5110	46079
ua.17.5112	46012
ua.17.5114	45983
ua.18	45935
ua.18.5302	46007
ua.18.5304	46003
ua.18.5306	46000
ua.18.5308	45986
ua.19	45934
ua.19.5602	46078
ua.19.5604	46064
ua.19.5606	46065
ua.19.5608	45981
ua.20	45933
ua.21	45932
ua.21.5902	46073
ua.21.5904	46051
ua.21.5906	45982
ua.21.5908	45974
ua.21.5910	46072
ua.22	45931
ua.22.6102	46006
ua.22.6104	45971
ua.22.6106	46034
ua.23	45930
ua.23.0502	45964
ua.23.0504	46028
ua.23.0506	45957
ua.23.0508	45999
ua.23.0510	45970
ua.23.0512	46019
ua.24	45929
ua.24.0702	46061
ua.24.0704	46021
ua.24.0706	46062
ua.24.0708	46063
ua.25	45928
ua.25.2102	46043
ua.25.2104	45997
ua.25.2106	45984
ua.25.2108	45969
ua.25.2110	45967
ua.25.2112	46018
ua.26	45927
ua.26.2302	46044
ua.26.2304	45966
ua.26.2306	45959
ua.26.2308	46002
ua.26.2310	45987
ua.27	45926
ua.27.1802	46045
ua.27.1804	45958
ua.27.1806	46015
ua.27.1808	46068
ug-101	46116
ug-102	46117
ug-103	46122
ug-104	46128
ug-105	46214
ug-106	46103
ug-107	46134
ug-108	46135
ug-109	46147
ug-110	46139
ug-111	46148
ug-112	46152
ug-113	46158
ug-114	46175
ug-115	46178
ug-116	46179
ug-117	46202
ug-118	46204
ug-119	46184
ug-120	46201
ug-121	46203
ug-122	46183
ug-123	46207
ug-124	46205
ug-125	46216
ug-126	46225
ug-201	46144
ug-202	46145
ug-203	46112
ug-204	46113
ug-205	46118
ug-206	46119
ug-207	46146
ug-208	46126
ug-209	46130
ug-210	46138
ug-211	46141
ug-212	46142
ug-213	46149
ug-214	46154
ug-215	46157
ug-216	46162
ug-217	46164
ug-218	46165
ug-219	46105
ug-220	46181
ug-221	46167
ug-222	46172
ug-223	46176
ug-224	46104
ug-225	46198
ug-226	46196
ug-227	46197
ug-228	46199
ug-229	46213
ug-230	46200
ug-231	46195
ug-232	46194
ug-233	46215
ug-234	46217
ug-235	46226
ug-236	46227
ug-237	46228
ug-301	46143
ug-302	46106
ug-303	46107
ug-304	46110
ug-305	46124
ug-306	46125
ug-307	46127
ug-308	46132
ug-309	46133
ug-310	46136
ug-311	46155
ug-312	46156
ug-313	46159
ug-314	46160
ug-315	46161
ug-316	46163
ug-317	46168
ug-318	46171
ug-319	46174
ug-320	46177
ug-321	46180
ug-322	46191
ug-323	46193
ug-324	46185
ug-325	46190
ug-326	46187
ug-327	46186
ug-328	46182
ug-329	46192
ug-330	46188
ug-331	46218
ug-332	46219
ug-333	46229
ug-334	46230
ug-335	46231
ug-336	46232
ug-337	46233
ug-401	46108
ug-402	46109
ug-403	46111
ug-404	46114
ug-405	46115
ug-406	46120
ug-407	46121
ug-408	46123
ug-409	46129
ug-410	46131
ug-411	46137
ug-412	46140
ug-413	46150
ug-414	46151
ug-415	46153
ug-416	46166
ug-417	46169
ug-418	46170
ug-419	46173
ug-420	46210
ug-421	46189
ug-422	46206
ug-423	46211
ug-424	46208
ug-425	46209
ug-426	46212
ug-427	46221
ug-428	46220
ug-429	46222
ug-430	46223
ug-431	46224
ug-432	46234
ug-433	46235
ug-434	46236
ug-435	46237
ug-c	46099
ug-e	46100
ug-n	46101
ug-w	46102
ug.c	46099
ug.c.36	46116
ug.c.37	46117
ug.c.42	46122
ug.c.56	46134
ug.c.61	46139
ug.c.70	46128
ug.c.71	46214
ug.c.73	46147
ug.c.74	46148
ug.c.83	46152
ug.c.89	46103
ug.c.90	46135
ug.c.96	46158
ug.c.d5	46175
ug.c.d8	46178
ug.c.d9	46179
ug.c.e7	46202
ug.c.e8	46204
ug.c.f1	46184
ug.c.f2	46201
ug.c.f4	46203
ug.c.f5	46183
ug.c.g1	46207
ug.c.g5	46205
ug.c.i3	46216
ug.e	46100
ug.e.33	46113
ug.e.38	46118
ug.e.39	46119
ug.e.46	46126
ug.e.60	46138
ug.e.66	46144
ug.e.67	46145
ug.e.69	46146
ug.e.76	46142
ug.e.78	46112
ug.e.80	46149
ug.e.86	46154
ug.e.87	46130
ug.e.94	46157
ug.e.95	46141
ug.e.b8	46162
ug.e.c1	46164
ug.e.c2	46165
ug.e.c3	46105
ug.e.c4	46181
ug.e.c6	46167
ug.e.d2	46172
ug.e.d6	46176
ug.e.e1	46104
ug.e.e9	46198
ug.e.f3	46196
ug.e.f6	46197
ug.e.f9	46199
ug.e.g4	46213
ug.e.g7	46200
ug.e.g9	46195
ug.e.h5	46194
ug.e.h9	46215
ug.e.i4	46217
ug.n	46101
ug.n.26	46106
ug.n.30	46110
ug.n.45	46125
ug.n.47	46127
ug.n.58	46136
ug.n.65	46143
ug.n.72	46133
ug.n.77	46107
ug.n.84	46124
ug.n.88	46132
ug.n.91	46155
ug.n.92	46156
ug.n.97	46159
ug.n.b6	46160
ug.n.b7	46161
ug.n.b9	46163
ug.n.c7	46168
ug.n.d1	46171
ug.n.d4	46174
ug.n.d7	46177
ug.n.e2	46180
ug.n.e3	46191
ug.n.e4	46193
ug.n.e5	46185
ug.n.f8	46190
ug.n.g3	46187
ug.n.g8	46186
ug.n.h2	46182
ug.n.h3	46192
ug.n.h7	46188
ug.n.i5	46218
ug.n.i6	46219
ug.w	46102
ug.w.28	46108
ug.w.29	46109
ug.w.31	46111
ug.w.34	46114
ug.w.40	46120
ug.w.41	46121
ug.w.43	46123
ug.w.50	46129
ug.w.52	46131
ug.w.59	46137
ug.w.79	46115
ug.w.81	46150
ug.w.82	46151
ug.w.85	46153
ug.w.93	46140
ug.w.c5	46166
ug.w.c8	46169
ug.w.c9	46170
ug.w.d3	46173
ug.w.e6	46210
ug.w.f7	46189
ug.w.g2	46206
ug.w.g6	46211
ug.w.h1	46208
ug.w.h4	46209
ug.w.h6	46212
ug.w.h8	46223
ug.w.i1	46221
ug.w.i2	46220
ug.w.i7	46222
ug.w.i8	46224
um-67	46243
um-71	46245
um-76	46239
um-79	46238
um-81	46240
um-84	46241
um-86	46242
um-89	46244
um-95	46246
um.050	46240
um.100	46241
um.150	46242
um.200	46243
um.250	46244
um.300	46245
um.350	46239
um.400	46246
um.450	46238
us-ak	46293
us-al	46263
us-ar	46247
us-as	46298
us-az	46284
us-ca	46279
us-co	46280
us-ct	46264
us-dc	46248
us-de	46249
us-fl	46250
us-ga	46251
us-gu	46299
us-hi	46292
us-ia	46265
us-id	46285
us-il	46266
us-in	46267
us-ks	46252
us-ky	46294
us-la	46253
us-ma	46295
us-md	46254
us-me	46268
us-mi	46269
us-mn	46270
us-mo	46255
us-mp	46300
us-ms	46256
us-mt	46286
us-nc	46257
us-nd	46287
us-ne	46271
us-nh	46272
us-nj	46273
us-nm	46281
us-nv	46282
us-ny	46274
us-oh	46275
us-ok	46258
us-or	46288
us-pa	46296
us-pr	46301
us-ri	46276
us-sc	46259
us-sd	46289
us-tn	46260
us-tx	46261
us-um	46302
us-ut	46283
us-va	46297
us-vi	46303
us-vt	46277
us-wa	46290
us-wi	46278
us-wv	46262
us-wy	46291
us.ak	46293
us.ak.013	49426
us.ak.016	49425
us.ak.020	49427
us.ak.050	49428
us.ak.060	49412
us.ak.063	49437
us.ak.066	49436
us.ak.068	49413
us.ak.070	49414
us.ak.090	49415
us.ak.100	49406
us.ak.105	49431
us.ak.110	49091
us.ak.122	49416
us.ak.130	49092
us.ak.150	49417
us.ak.158	49435
us.ak.164	49418
us.ak.170	49419
us.ak.180	49420
us.ak.185	49421
us.ak.188	49422
us.ak.195	49433
us.ak.198	49434
us.ak.220	49093
us.ak.230	49430
us.ak.240	49423
us.ak.275	49432
us.ak.282	49094
us.ak.290	49424
us.al	46263
us.al.001	47960
us.al.003	47961
us.al.005	47962
us.al.007	46308
us.al.009	46310
us.al.011	46311
us.al.013	46312
us.al.015	46313
us.al.017	46314
us.al.019	46315
us.al.021	46316
us.al.023	46317
us.al.025	46318
us.al.027	46319
us.al.029	46320
us.al.031	46321
us.al.033	46322
us.al.035	46323
us.al.037	46324
us.al.039	46325
us.al.041	46326
us.al.043	46327
us.al.045	46328
us.al.047	46329
us.al.049	46330
us.al.051	46331
us.al.053	46332
us.al.055	46333
us.al.057	46334
us.al.059	46335
us.al.061	46336
us.al.063	46337
us.al.065	46338
us.al.067	46339
us.al.069	46340
us.al.071	46341
us.al.073	46342
us.al.075	46343
us.al.077	46344
us.al.079	46345
us.al.081	46346
us.al.083	46347
us.al.085	46348
us.al.087	46349
us.al.089	46350
us.al.091	46351
us.al.093	46352
us.al.095	46353
us.al.097	46354
us.al.099	46355
us.al.101	46356
us.al.103	46357
us.al.105	46358
us.al.107	46359
us.al.109	46360
us.al.111	46361
us.al.113	46304
us.al.115	46362
us.al.117	46363
us.al.119	46364
us.al.121	46365
us.al.123	46366
us.al.125	46367
us.al.127	46368
us.al.129	46369
us.al.131	46370
us.al.133	46371
us.ar	46247
us.ar.001	46372
us.ar.003	46373
us.ar.005	46374
us.ar.007	46375
us.ar.009	46376
us.ar.011	46377
us.ar.013	46378
us.ar.015	46379
us.ar.017	46380
us.ar.019	46381
us.ar.021	46382
us.ar.023	46383
us.ar.025	46384
us.ar.027	46385
us.ar.029	46386
us.ar.031	46387
us.ar.033	46388
us.ar.035	46389
us.ar.037	46390
us.ar.039	46391
us.ar.041	46392
us.ar.043	46393
us.ar.045	46394
us.ar.047	46395
us.ar.049	46396
us.ar.051	46397
us.ar.053	46398
us.ar.055	46399
us.ar.057	46400
us.ar.059	46401
us.ar.061	46402
us.ar.063	46403
us.ar.065	46404
us.ar.067	46405
us.ar.069	46406
us.ar.071	46407
us.ar.073	46408
us.ar.075	46409
us.ar.077	46410
us.ar.079	46411
us.ar.081	46412
us.ar.083	46413
us.ar.085	46414
us.ar.087	46415
us.ar.089	46416
us.ar.091	46417
us.ar.093	46418
us.ar.095	46419
us.ar.097	46420
us.ar.099	46421
us.ar.101	46422
us.ar.103	46423
us.ar.105	46424
us.ar.107	46425
us.ar.109	46426
us.ar.111	46427
us.ar.113	46428
us.ar.115	46429
us.ar.117	46430
us.ar.119	46431
us.ar.121	46432
us.ar.123	46433
us.ar.125	46434
us.ar.127	46435
us.ar.129	46436
us.ar.131	46437
us.ar.133	46438
us.ar.135	46439
us.ar.137	46440
us.ar.139	46441
us.ar.141	46442
us.ar.143	46443
us.ar.145	46444
us.ar.147	46445
us.ar.149	46446
us.az	46284
us.az.001	49089
us.az.003	48802
us.az.005	48803
us.az.007	48804
us.az.009	48805
us.az.011	48806
us.az.012	48807
us.az.013	48808
us.az.015	48809
us.az.017	48810
us.az.019	48811
us.az.021	48812
us.az.023	48813
us.az.025	48814
us.az.027	48815
us.ca	46279
us.ca.001	48816
us.ca.003	48817
us.ca.005	48818
us.ca.007	48819
us.ca.009	48820
us.ca.011	48821
us.ca.013	48822
us.ca.015	49095
us.ca.017	48823
us.ca.019	48824
us.ca.021	48825
us.ca.023	49096
us.ca.025	48826
us.ca.027	48827
us.ca.029	48828
us.ca.031	48829
us.ca.033	48830
us.ca.035	49097
us.ca.037	48831
us.ca.039	48832
us.ca.041	48833
us.ca.043	48834
us.ca.045	48835
us.ca.047	48836
us.ca.049	49098
us.ca.051	48837
us.ca.053	48838
us.ca.055	48839
us.ca.057	48840
us.ca.059	48841
us.ca.061	48842
us.ca.063	48843
us.ca.065	48844
us.ca.067	48845
us.ca.069	48846
us.ca.071	48847
us.ca.073	48848
us.ca.075	48849
us.ca.077	48850
us.ca.079	48851
us.ca.081	48852
us.ca.083	48853
us.ca.085	48854
us.ca.087	48855
us.ca.089	49099
us.ca.091	48856
us.ca.093	49100
us.ca.095	48857
us.ca.097	48858
us.ca.099	48859
us.ca.101	48860
us.ca.103	49101
us.ca.105	49090
us.ca.107	48861
us.ca.109	48862
us.ca.111	48863
us.ca.113	48864
us.ca.115	48865
us.co	46280
us.co.001	48866
us.co.003	49088
us.co.005	48867
us.co.007	48868
us.co.009	48869
us.co.011	48870
us.co.013	49102
us.co.014	48871
us.co.015	48872
us.co.017	48873
us.co.019	48874
us.co.021	48875
us.co.023	48876
us.co.025	48877
us.co.027	48878
us.co.029	48879
us.co.031	48880
us.co.033	48881
us.co.035	48882
us.co.037	48883
us.co.039	48885
us.co.041	48884
us.co.043	48886
us.co.045	48887
us.co.047	48888
us.co.049	49103
us.co.051	48889
us.co.053	48890
us.co.055	48891
us.co.057	49104
us.co.059	48892
us.co.061	48893
us.co.063	48894
us.co.065	48896
us.co.067	48895
us.co.069	49105
us.co.071	48897
us.co.073	48898
us.co.075	49106
us.co.077	48899
us.co.079	48900
us.co.081	49107
us.co.083	48901
us.co.085	48902
us.co.087	49108
us.co.089	48903
us.co.091	48904
us.co.093	48905
us.co.095	49109
us.co.097	48906
us.co.099	48907
us.co.101	48908
us.co.103	48909
us.co.105	48910
us.co.107	49110
us.co.109	48911
us.co.111	48912
us.co.113	48913
us.co.115	49111
us.co.117	48914
us.co.119	48915
us.co.121	48916
us.co.123	49112
us.co.125	48917
us.ct	46264
us.ct.110	49441
us.ct.120	49438
us.ct.130	49442
us.ct.140	49439
us.ct.150	49445
us.ct.160	49446
us.ct.170	49443
us.ct.180	49444
us.ct.190	49440
us.dc	46248
us.de	46249
us.de.001	46447
us.de.003	46448
us.de.005	46449
us.fl	46250
us.fl.001	46450
us.fl.003	46451
us.fl.005	46452
us.fl.007	46453
us.fl.009	46454
us.fl.011	46455
us.fl.013	46456
us.fl.015	46457
us.fl.017	46458
us.fl.019	46459
us.fl.021	46460
us.fl.023	46461
us.fl.027	46462
us.fl.029	46463
us.fl.031	46464
us.fl.033	46465
us.fl.035	46466
us.fl.037	46467
us.fl.039	46468
us.fl.041	46469
us.fl.043	46470
us.fl.045	46471
us.fl.047	46472
us.fl.049	46473
us.fl.051	46474
us.fl.053	46475
us.fl.055	46476
us.fl.057	46477
us.fl.059	46478
us.fl.061	46479
us.fl.063	46480
us.fl.065	46481
us.fl.067	46482
us.fl.069	46483
us.fl.071	46484
us.fl.073	46485
us.fl.075	46486
us.fl.077	46487
us.fl.079	46488
us.fl.081	46489
us.fl.083	46490
us.fl.085	46491
us.fl.086	46492
us.fl.087	46493
us.fl.089	46494
us.fl.091	46495
us.fl.093	46496
us.fl.095	46497
us.fl.097	46498
us.fl.099	46499
us.fl.101	46500
us.fl.103	46501
us.fl.105	46502
us.fl.107	46503
us.fl.109	46504
us.fl.111	46505
us.fl.113	46506
us.fl.115	46507
us.fl.117	46508
us.fl.119	46509
us.fl.121	46510
us.fl.123	46511
us.fl.125	46512
us.fl.127	46513
us.fl.129	46514
us.fl.131	46515
us.fl.133	46516
us.ga	46251
us.ga.001	46517
us.ga.003	46518
us.ga.005	46519
us.ga.007	46520
us.ga.009	46521
us.ga.011	46522
us.ga.013	46523
us.ga.015	46524
us.ga.017	46525
us.ga.019	46526
us.ga.021	46527
us.ga.023	46528
us.ga.025	46529
us.ga.027	46530
us.ga.029	46531
us.ga.031	46532
us.ga.033	46533
us.ga.035	46534
us.ga.037	46535
us.ga.039	46536
us.ga.043	46537
us.ga.045	46538
us.ga.047	46539
us.ga.049	46540
us.ga.051	46541
us.ga.053	46542
us.ga.055	46543
us.ga.057	46544
us.ga.059	46545
us.ga.061	46546
us.ga.063	46547
us.ga.065	46548
us.ga.067	46549
us.ga.069	46550
us.ga.071	46551
us.ga.073	46552
us.ga.075	46553
us.ga.077	46554
us.ga.079	46555
us.ga.081	46556
us.ga.083	46557
us.ga.085	46558
us.ga.087	46560
us.ga.089	46559
us.ga.091	46561
us.ga.093	46562
us.ga.095	46563
us.ga.097	46564
us.ga.099	46565
us.ga.101	46566
us.ga.103	46567
us.ga.105	46568
us.ga.107	46569
us.ga.109	46570
us.ga.111	46571
us.ga.113	46572
us.ga.115	46573
us.ga.117	46574
us.ga.119	46575
us.ga.121	46576
us.ga.123	46577
us.ga.125	46578
us.ga.127	46579
us.ga.129	46580
us.ga.131	46581
us.ga.133	46582
us.ga.135	46583
us.ga.137	46584
us.ga.139	46585
us.ga.141	46586
us.ga.143	46587
us.ga.145	46588
us.ga.147	46589
us.ga.149	46590
us.ga.151	46591
us.ga.153	46592
us.ga.155	46593
us.ga.157	46594
us.ga.159	46595
us.ga.161	46596
us.ga.163	46597
us.ga.165	46598
us.ga.167	46599
us.ga.169	46600
us.ga.171	46601
us.ga.173	46602
us.ga.175	46603
us.ga.177	46604
us.ga.179	46605
us.ga.181	46606
us.ga.183	46305
us.ga.185	46607
us.ga.187	46608
us.ga.189	46612
us.ga.191	46613
us.ga.193	46609
us.ga.195	46610
us.ga.197	46611
us.ga.199	46614
us.ga.201	46615
us.ga.205	46616
us.ga.207	46617
us.ga.209	46618
us.ga.211	46619
us.ga.213	46620
us.ga.215	46621
us.ga.217	46622
us.ga.219	46623
us.ga.221	46624
us.ga.223	46625
us.ga.225	46626
us.ga.227	46627
us.ga.229	46628
us.ga.231	46629
us.ga.233	46630
us.ga.235	46631
us.ga.237	46632
us.ga.239	46633
us.ga.241	46634
us.ga.243	46635
us.ga.245	46636
us.ga.247	46637
us.ga.249	46638
us.ga.251	46639
us.ga.253	46640
us.ga.255	46641
us.ga.257	46642
us.ga.259	46643
us.ga.261	46644
us.ga.263	46645
us.ga.265	46646
us.ga.267	46647
us.ga.269	46648
us.ga.271	46649
us.ga.273	46650
us.ga.275	46651
us.ga.277	46652
us.ga.279	46653
us.ga.281	46654
us.ga.283	46655
us.ga.285	46656
us.ga.287	46657
us.ga.289	46658
us.ga.291	46659
us.ga.293	46660
us.ga.295	46661
us.ga.297	46662
us.ga.299	46663
us.ga.301	46664
us.ga.303	46665
us.ga.305	46666
us.ga.307	46667
us.ga.309	46668
us.ga.311	46669
us.ga.313	46670
us.ga.315	46671
us.ga.317	46672
us.ga.319	46673
us.ga.321	46674
us.hi	46292
us.hi.001	49410
us.hi.003	49411
us.hi.005	49407
us.hi.007	49408
us.hi.009	49409
us.ia	46265
us.ia.001	47964
us.ia.003	47965
us.ia.005	47966
us.ia.007	47967
us.ia.009	47968
us.ia.011	47969
us.ia.013	47970
us.ia.015	47971
us.ia.017	47972
us.ia.019	47973
us.ia.021	47974
us.ia.023	47975
us.ia.025	47976
us.ia.027	47977
us.ia.029	47978
us.ia.031	47979
us.ia.033	47980
us.ia.035	47981
us.ia.037	47982
us.ia.039	47983
us.ia.041	47984
us.ia.043	47985
us.ia.045	47986
us.ia.047	47987
us.ia.049	47988
us.ia.051	47989
us.ia.053	47990
us.ia.055	47991
us.ia.057	47992
us.ia.059	47993
us.ia.061	47994
us.ia.063	47995
us.ia.065	47996
us.ia.067	47997
us.ia.069	47998
us.ia.071	47999
us.ia.073	48000
us.ia.075	48001
us.ia.077	48002
us.ia.079	48003
us.ia.081	48004
us.ia.083	48005
us.ia.085	48006
us.ia.087	48007
us.ia.089	48008
us.ia.091	48009
us.ia.093	48010
us.ia.095	47963
us.ia.097	48011
us.ia.099	48012
us.ia.101	48013
us.ia.103	48014
us.ia.105	48015
us.ia.107	48016
us.ia.109	48017
us.ia.111	48018
us.ia.113	48019
us.ia.115	48020
us.ia.117	48021
us.ia.119	48022
us.ia.121	48023
us.ia.123	48024
us.ia.125	48025
us.ia.127	48026
us.ia.129	48027
us.ia.131	48028
us.ia.133	48029
us.ia.135	48030
us.ia.137	48031
us.ia.139	48032
us.ia.141	48033
us.ia.143	48034
us.ia.145	48035
us.ia.147	48036
us.ia.149	48037
us.ia.151	48038
us.ia.153	48039
us.ia.155	48040
us.ia.157	48041
us.ia.159	48042
us.ia.161	48043
us.ia.163	48044
us.ia.165	48045
us.ia.167	48046
us.ia.169	48047
us.ia.171	48048
us.ia.173	48049
us.ia.175	48050
us.ia.177	48051
us.ia.179	48052
us.ia.181	48053
us.ia.183	48054
us.ia.185	48055
us.ia.187	48056
us.ia.189	48057
us.ia.191	48058
us.ia.193	48059
us.ia.195	48061
us.ia.197	48060
us.id	46285
us.id.001	49113
us.id.003	49114
us.id.005	49115
us.id.007	49116
us.id.009	49117
us.id.011	49118
us.id.013	49119
us.id.015	49120
us.id.017	49121
us.id.019	49122
us.id.021	49123
us.id.023	49124
us.id.025	49125
us.id.027	49126
us.id.029	49127
us.id.031	49128
us.id.033	49129
us.id.035	49130
us.id.037	49131
us.id.039	49132
us.id.041	49133
us.id.043	49134
us.id.045	49135
us.id.047	49136
us.id.049	49137
us.id.051	49138
us.id.053	49139
us.id.055	49140
us.id.057	49141
us.id.059	49142
us.id.061	49143
us.id.063	49144
us.id.065	49145
us.id.067	49146
us.id.069	49147
us.id.071	49148
us.id.073	49149
us.id.075	49150
us.id.077	49151
us.id.079	49152
us.id.081	49153
us.id.083	49154
us.id.085	49155
us.id.087	49156
us.il	46266
us.il.001	46675
us.il.003	46676
us.il.005	46677
us.il.007	48062
us.il.009	46678
us.il.011	48063
us.il.013	46679
us.il.015	48064
us.il.017	46680
us.il.019	48065
us.il.021	46681
us.il.023	46682
us.il.025	46683
us.il.027	46684
us.il.029	46685
us.il.031	48066
us.il.033	46686
us.il.035	46687
us.il.037	48068
us.il.039	48067
us.il.041	46688
us.il.043	48069
us.il.045	46689
us.il.047	46690
us.il.049	46691
us.il.051	46692
us.il.053	48070
us.il.055	46693
us.il.057	48071
us.il.059	46694
us.il.061	46695
us.il.063	48072
us.il.065	46696
us.il.067	48073
us.il.069	46697
us.il.071	48074
us.il.073	48075
us.il.075	48076
us.il.077	46698
us.il.079	46699
us.il.081	46700
us.il.083	46701
us.il.085	48077
us.il.087	46702
us.il.089	48078
us.il.091	48079
us.il.093	48080
us.il.095	48081
us.il.097	48083
us.il.099	48082
us.il.101	46703
us.il.103	48084
us.il.105	48085
us.il.107	48086
us.il.109	48089
us.il.111	48090
us.il.113	48091
us.il.115	46704
us.il.117	46705
us.il.119	46706
us.il.121	46707
us.il.123	48087
us.il.125	48088
us.il.127	46708
us.il.129	48092
us.il.131	48093
us.il.133	46709
us.il.135	46710
us.il.137	46711
us.il.139	46712
us.il.141	48094
us.il.143	48095
us.il.145	46713
us.il.147	48096
us.il.149	46714
us.il.151	46715
us.il.153	46716
us.il.155	48097
us.il.157	46717
us.il.159	46718
us.il.161	48098
us.il.163	46719
us.il.165	46720
us.il.167	46721
us.il.169	48099
us.il.171	46722
us.il.173	46723
us.il.175	48100
us.il.177	48101
us.il.179	48102
us.il.181	46724
us.il.183	48103
us.il.185	46725
us.il.187	48104
us.il.189	46726
us.il.191	46727
us.il.193	46728
us.il.195	48105
us.il.197	48106
us.il.199	46729
us.il.201	48107
us.il.203	48108
us.in	46267
us.in.001	48109
us.in.003	48110
us.in.005	46730
us.in.007	48111
us.in.009	48112
us.in.011	48113
us.in.013	46731
us.in.015	48114
us.in.017	48115
us.in.019	46732
us.in.021	46733
us.in.023	48116
us.in.025	46734
us.in.027	46735
us.in.029	46737
us.in.031	46736
us.in.033	48117
us.in.035	48118
us.in.037	46738
us.in.039	48119
us.in.041	46739
us.in.043	46740
us.in.045	48120
us.in.047	46741
us.in.049	48121
us.in.051	46742
us.in.053	48122
us.in.055	46743
us.in.057	48123
us.in.059	46744
us.in.061	46745
us.in.063	46746
us.in.065	46747
us.in.067	48124
us.in.069	48125
us.in.071	46748
us.in.073	48126
us.in.075	48127
us.in.077	46749
us.in.079	46750
us.in.081	46751
us.in.083	46752
us.in.085	48128
us.in.087	48129
us.in.089	48131
us.in.091	48130
us.in.093	46753
us.in.095	48132
us.in.097	46754
us.in.099	48133
us.in.101	46755
us.in.103	48134
us.in.105	46756
us.in.107	48135
us.in.109	46757
us.in.111	48136
us.in.113	48137
us.in.115	46758
us.in.117	46759
us.in.119	46760
us.in.121	46761
us.in.123	46762
us.in.125	46763
us.in.127	48138
us.in.129	46764
us.in.131	48139
us.in.133	46765
us.in.135	48140
us.in.137	46766
us.in.139	46767
us.in.141	48141
us.in.143	46768
us.in.145	46769
us.in.147	46770
us.in.149	48142
us.in.151	48143
us.in.153	46771
us.in.155	46772
us.in.157	48144
us.in.159	48145
us.in.161	46773
us.in.163	46774
us.in.165	46775
us.in.167	46776
us.in.169	48146
us.in.171	48147
us.in.173	46777
us.in.175	46778
us.in.177	46779
us.in.179	48148
us.in.181	48149
us.in.183	48150
us.ks	46252
us.ks.001	46780
us.ks.003	46781
us.ks.005	46782
us.ks.007	46783
us.ks.009	46784
us.ks.011	46785
us.ks.013	46786
us.ks.015	46787
us.ks.017	46788
us.ks.019	46789
us.ks.021	46790
us.ks.023	48918
us.ks.025	46791
us.ks.027	46792
us.ks.029	46793
us.ks.031	46794
us.ks.033	46795
us.ks.035	46796
us.ks.037	46797
us.ks.039	48919
us.ks.041	46798
us.ks.043	46799
us.ks.045	46800
us.ks.047	46801
us.ks.049	46802
us.ks.051	46803
us.ks.053	46804
us.ks.055	48920
us.ks.057	46805
us.ks.059	46806
us.ks.061	46807
us.ks.063	48921
us.ks.065	46808
us.ks.067	48922
us.ks.069	48923
us.ks.071	48924
us.ks.073	46809
us.ks.075	48925
us.ks.077	46810
us.ks.079	46811
us.ks.081	48926
us.ks.083	46812
us.ks.085	46813
us.ks.087	46814
us.ks.089	46815
us.ks.091	46816
us.ks.093	48927
us.ks.095	46817
us.ks.097	46818
us.ks.099	46819
us.ks.101	48928
us.ks.103	46820
us.ks.105	46821
us.ks.107	46822
us.ks.109	48929
us.ks.111	46823
us.ks.113	46826
us.ks.115	46824
us.ks.117	46825
us.ks.119	48930
us.ks.121	46827
us.ks.123	46828
us.ks.125	46829
us.ks.127	46830
us.ks.129	48931
us.ks.131	46831
us.ks.133	46832
us.ks.135	46833
us.ks.137	46834
us.ks.139	46835
us.ks.141	46836
us.ks.143	46837
us.ks.145	46838
us.ks.147	46839
us.ks.149	46840
us.ks.151	46841
us.ks.153	48932
us.ks.155	46842
us.ks.157	46843
us.ks.159	46844
us.ks.161	46845
us.ks.163	46846
us.ks.165	46847
us.ks.167	46848
us.ks.169	46849
us.ks.171	48933
us.ks.173	46850
us.ks.175	48934
us.ks.177	46851
us.ks.179	48935
us.ks.181	48936
us.ks.183	46852
us.ks.185	46853
us.ks.187	48937
us.ks.189	48938
us.ks.191	46854
us.ks.193	48939
us.ks.195	46855
us.ks.197	46856
us.ks.199	48940
us.ks.201	46857
us.ks.203	48941
us.ks.205	46858
us.ks.207	46859
us.ks.209	46860
us.ky	46294
us.ky.001	46861
us.ky.003	46862
us.ky.005	46863
us.ky.007	46864
us.ky.009	46865
us.ky.011	46866
us.ky.013	46867
us.ky.015	46306
us.ky.017	46868
us.ky.019	46869
us.ky.021	46870
us.ky.023	46871
us.ky.025	46872
us.ky.027	46873
us.ky.029	46874
us.ky.031	46875
us.ky.033	46876
us.ky.035	46877
us.ky.037	46878
us.ky.039	46879
us.ky.041	46880
us.ky.043	46881
us.ky.045	46882
us.ky.047	46883
us.ky.049	46884
us.ky.051	46885
us.ky.053	46886
us.ky.055	46887
us.ky.057	46888
us.ky.059	46889
us.ky.061	46890
us.ky.063	46891
us.ky.065	46892
us.ky.067	46893
us.ky.069	46894
us.ky.071	46895
us.ky.073	46896
us.ky.075	46897
us.ky.077	46898
us.ky.079	46899
us.ky.081	46900
us.ky.083	46901
us.ky.085	46902
us.ky.087	46903
us.ky.089	46904
us.ky.091	46905
us.ky.093	46906
us.ky.095	46907
us.ky.097	46908
us.ky.099	46909
us.ky.101	46910
us.ky.103	46911
us.ky.105	46912
us.ky.107	46913
us.ky.109	46914
us.ky.111	46915
us.ky.113	46916
us.ky.115	46917
us.ky.117	46918
us.ky.119	46919
us.ky.121	46920
us.ky.123	46921
us.ky.125	46922
us.ky.127	46923
us.ky.129	46924
us.ky.131	46925
us.ky.133	46926
us.ky.135	46927
us.ky.137	46928
us.ky.139	46929
us.ky.141	46930
us.ky.143	46931
us.ky.145	46938
us.ky.147	46939
us.ky.149	46940
us.ky.151	46932
us.ky.153	46933
us.ky.155	46934
us.ky.157	46935
us.ky.159	46936
us.ky.161	46937
us.ky.163	46941
us.ky.165	46942
us.ky.167	46943
us.ky.169	46944
us.ky.171	46945
us.ky.173	46946
us.ky.175	46947
us.ky.177	46948
us.ky.179	46949
us.ky.181	46950
us.ky.183	46951
us.ky.185	46952
us.ky.187	46953
us.ky.189	46954
us.ky.191	46955
us.ky.193	46956
us.ky.195	46957
us.ky.197	46958
us.ky.199	46959
us.ky.201	46960
us.ky.203	46961
us.ky.205	46307
us.ky.207	46962
us.ky.209	46963
us.ky.211	46964
us.ky.213	46965
us.ky.215	46966
us.ky.217	46967
us.ky.219	46968
us.ky.221	46969
us.ky.223	46970
us.ky.225	46971
us.ky.227	46972
us.ky.229	46973
us.ky.231	46974
us.ky.233	46975
us.ky.235	46976
us.ky.237	46977
us.ky.239	46978
us.la	46253
us.la.001	46979
us.la.003	46980
us.la.005	46981
us.la.007	46982
us.la.009	46983
us.la.011	46984
us.la.013	46985
us.la.015	46986
us.la.017	46987
us.la.019	46988
us.la.021	46989
us.la.023	46990
us.la.025	46991
us.la.027	46992
us.la.029	46993
us.la.031	46994
us.la.033	46995
us.la.035	46996
us.la.037	46997
us.la.039	46998
us.la.041	46999
us.la.043	47000
us.la.045	47001
us.la.047	47002
us.la.049	47003
us.la.051	47005
us.la.053	47004
us.la.055	47007
us.la.057	47008
us.la.059	47006
us.la.061	47009
us.la.063	47010
us.la.065	47011
us.la.067	47012
us.la.069	47013
us.la.071	47014
us.la.073	47015
us.la.075	47016
us.la.077	47017
us.la.079	47018
us.la.081	47019
us.la.083	47020
us.la.085	47021
us.la.087	47022
us.la.089	47023
us.la.091	47024
us.la.093	47025
us.la.095	47026
us.la.097	47027
us.la.099	47028
us.la.101	47029
us.la.103	47030
us.la.105	47031
us.la.107	47032
us.la.109	47033
us.la.111	47034
us.la.113	47035
us.la.115	47036
us.la.117	47037
us.la.119	47038
us.la.121	47039
us.la.123	47040
us.la.125	47041
us.la.127	47042
us.ma	46295
us.ma.001	48151
us.ma.003	48152
us.ma.005	48153
us.ma.007	48154
us.ma.009	48155
us.ma.011	48156
us.ma.013	48157
us.ma.015	48158
us.ma.017	48159
us.ma.019	48160
us.ma.021	48161
us.ma.023	48162
us.ma.025	48163
us.ma.027	48164
us.md	46254
us.md.001	47043
us.md.003	47044
us.md.005	47045
us.md.009	47047
us.md.011	47048
us.md.013	47049
us.md.015	47050
us.md.017	47051
us.md.019	47052
us.md.021	47053
us.md.023	47054
us.md.025	47055
us.md.027	47056
us.md.029	47057
us.md.031	47058
us.md.033	47059
us.md.035	47060
us.md.037	47061
us.md.039	47062
us.md.041	47063
us.md.043	47064
us.md.045	47065
us.md.047	47066
us.md.510	47046
us.me	46268
us.me.001	48165
us.me.003	48166
us.me.005	48167
us.me.007	48168
us.me.009	48169
us.me.011	48170
us.me.013	48171
us.me.015	48172
us.me.017	48173
us.me.019	48174
us.me.021	48175
us.me.023	48176
us.me.025	48177
us.me.027	48178
us.me.029	48179
us.me.031	48180
us.mi	46269
us.mi.001	48181
us.mi.003	48182
us.mi.005	48183
us.mi.007	48184
us.mi.009	48185
us.mi.011	48186
us.mi.013	48187
us.mi.015	48188
us.mi.017	48189
us.mi.019	48190
us.mi.021	48191
us.mi.023	48192
us.mi.025	48193
us.mi.027	48194
us.mi.029	48195
us.mi.031	48196
us.mi.033	48197
us.mi.035	48198
us.mi.037	48199
us.mi.039	48200
us.mi.041	48201
us.mi.043	48202
us.mi.045	48203
us.mi.047	48204
us.mi.049	48205
us.mi.051	48206
us.mi.053	48207
us.mi.055	48208
us.mi.057	48209
us.mi.059	48210
us.mi.061	48211
us.mi.063	48212
us.mi.065	48213
us.mi.067	48214
us.mi.069	48215
us.mi.071	48216
us.mi.073	48217
us.mi.075	48218
us.mi.077	48219
us.mi.079	48220
us.mi.081	48221
us.mi.083	48222
us.mi.085	48223
us.mi.087	48224
us.mi.089	48225
us.mi.091	48226
us.mi.093	48227
us.mi.095	48228
us.mi.097	48229
us.mi.099	48230
us.mi.101	48231
us.mi.103	48232
us.mi.105	48233
us.mi.107	48234
us.mi.109	48235
us.mi.111	48236
us.mi.113	48237
us.mi.115	48238
us.mi.117	48239
us.mi.119	48240
us.mi.121	48241
us.mi.123	48242
us.mi.125	48243
us.mi.127	48244
us.mi.129	48245
us.mi.131	48246
us.mi.133	48247
us.mi.135	48248
us.mi.137	48249
us.mi.139	48250
us.mi.141	48251
us.mi.143	48252
us.mi.145	48253
us.mi.147	48254
us.mi.149	48255
us.mi.151	48256
us.mi.153	48257
us.mi.155	48258
us.mi.157	48259
us.mi.159	48260
us.mi.161	48261
us.mi.163	48262
us.mi.165	48263
us.mn	46270
us.mn.001	48264
us.mn.003	48265
us.mn.005	48266
us.mn.007	48267
us.mn.009	48268
us.mn.011	48269
us.mn.013	48270
us.mn.015	48271
us.mn.017	48272
us.mn.019	48273
us.mn.021	48274
us.mn.023	48275
us.mn.025	48276
us.mn.027	48277
us.mn.029	48278
us.mn.031	48279
us.mn.033	48280
us.mn.035	48281
us.mn.037	48282
us.mn.039	48283
us.mn.041	48284
us.mn.043	48285
us.mn.045	48286
us.mn.047	48287
us.mn.049	48288
us.mn.051	48289
us.mn.053	48290
us.mn.055	48291
us.mn.057	48292
us.mn.059	48293
us.mn.061	48294
us.mn.063	48295
us.mn.065	48296
us.mn.067	48297
us.mn.069	48298
us.mn.071	48299
us.mn.073	48300
us.mn.075	48301
us.mn.077	48302
us.mn.079	48303
us.mn.081	48304
us.mn.083	48305
us.mn.085	48309
us.mn.087	48306
us.mn.089	48307
us.mn.091	48308
us.mn.093	48310
us.mn.095	48311
us.mn.097	48312
us.mn.099	48313
us.mn.101	48314
us.mn.103	48315
us.mn.105	48316
us.mn.107	48317
us.mn.109	48318
us.mn.111	48319
us.mn.113	48320
us.mn.115	48321
us.mn.117	48322
us.mn.119	48323
us.mn.121	48324
us.mn.123	48325
us.mn.125	48326
us.mn.127	48327
us.mn.129	48328
us.mn.131	48329
us.mn.133	48330
us.mn.135	48331
us.mn.137	48332
us.mn.139	48333
us.mn.141	48334
us.mn.143	48335
us.mn.145	48336
us.mn.147	48337
us.mn.149	48338
us.mn.151	48339
us.mn.153	48340
us.mn.155	48341
us.mn.157	48342
us.mn.159	48343
us.mn.161	48344
us.mn.163	48345
us.mn.165	48346
us.mn.167	48347
us.mn.169	48348
us.mn.171	48349
us.mn.173	48350
us.mo	46255
us.mo.001	48351
us.mo.003	47067
us.mo.005	48352
us.mo.007	47068
us.mo.009	47069
us.mo.011	47070
us.mo.013	47071
us.mo.015	47072
us.mo.017	47073
us.mo.019	47074
us.mo.021	47075
us.mo.023	47076
us.mo.025	47077
us.mo.027	47078
us.mo.029	47079
us.mo.031	47080
us.mo.033	47081
us.mo.035	47082
us.mo.037	47083
us.mo.039	47084
us.mo.041	47085
us.mo.043	47086
us.mo.045	48353
us.mo.047	47087
us.mo.049	47088
us.mo.051	47089
us.mo.053	47090
us.mo.055	47091
us.mo.057	47092
us.mo.059	47093
us.mo.061	47094
us.mo.063	47095
us.mo.065	47096
us.mo.067	47097
us.mo.069	47098
us.mo.071	47099
us.mo.073	47100
us.mo.075	48354
us.mo.077	47101
us.mo.079	48355
us.mo.081	48356
us.mo.083	47102
us.mo.085	47103
us.mo.087	48357
us.mo.089	47104
us.mo.091	47105
us.mo.093	47106
us.mo.095	47107
us.mo.097	47108
us.mo.099	47109
us.mo.101	47110
us.mo.103	48358
us.mo.105	47111
us.mo.107	47112
us.mo.109	47113
us.mo.111	48359
us.mo.113	47114
us.mo.115	47115
us.mo.117	47116
us.mo.119	47121
us.mo.121	47117
us.mo.123	47118
us.mo.125	47119
us.mo.127	47120
us.mo.129	48360
us.mo.131	47122
us.mo.133	47123
us.mo.135	47124
us.mo.137	47125
us.mo.139	47126
us.mo.141	47127
us.mo.143	47128
us.mo.145	47129
us.mo.147	48361
us.mo.149	47130
us.mo.151	47131
us.mo.153	47132
us.mo.155	47133
us.mo.157	47134
us.mo.159	47135
us.mo.161	47136
us.mo.163	47137
us.mo.165	47138
us.mo.167	47139
us.mo.169	47140
us.mo.171	48362
us.mo.173	47141
us.mo.175	47142
us.mo.177	47143
us.mo.179	47144
us.mo.181	47145
us.mo.183	47146
us.mo.185	47147
us.mo.186	47151
us.mo.187	47148
us.mo.189	47149
us.mo.195	47152
us.mo.197	48363
us.mo.199	48364
us.mo.201	47153
us.mo.203	47154
us.mo.205	47155
us.mo.207	47156
us.mo.209	47157
us.mo.211	48365
us.mo.213	47158
us.mo.215	47159
us.mo.217	47160
us.mo.219	47161
us.mo.221	47162
us.mo.223	47163
us.mo.225	47164
us.mo.227	48366
us.mo.229	47165
us.mo.510	47150
us.ms	46256
us.ms.001	47166
us.ms.003	47167
us.ms.005	47168
us.ms.007	47169
us.ms.009	47170
us.ms.011	47171
us.ms.013	47172
us.ms.015	47173
us.ms.017	47174
us.ms.019	47175
us.ms.021	47176
us.ms.023	47177
us.ms.025	47178
us.ms.027	47179
us.ms.029	47180
us.ms.031	47181
us.ms.033	47182
us.ms.035	47183
us.ms.037	47184
us.ms.039	47185
us.ms.041	47186
us.ms.043	47187
us.ms.045	47188
us.ms.047	47189
us.ms.049	47190
us.ms.051	47191
us.ms.053	47192
us.ms.055	47193
us.ms.057	47194
us.ms.059	47195
us.ms.061	47196
us.ms.063	47197
us.ms.065	47198
us.ms.067	47199
us.ms.069	47200
us.ms.071	47201
us.ms.073	47202
us.ms.075	47203
us.ms.077	47204
us.ms.079	47205
us.ms.081	47206
us.ms.083	47207
us.ms.085	47208
us.ms.087	47209
us.ms.089	47210
us.ms.091	47211
us.ms.093	47212
us.ms.095	47214
us.ms.097	47213
us.ms.099	47215
us.ms.101	47216
us.ms.103	47217
us.ms.105	47218
us.ms.107	47219
us.ms.109	47220
us.ms.111	47221
us.ms.113	47222
us.ms.115	47223
us.ms.117	47224
us.ms.119	47225
us.ms.121	47226
us.ms.123	47227
us.ms.125	47228
us.ms.127	47229
us.ms.129	47230
us.ms.131	47231
us.ms.133	47232
us.ms.135	47233
us.ms.137	47234
us.ms.139	47235
us.ms.141	47236
us.ms.143	47237
us.ms.145	47238
us.ms.147	47239
us.ms.149	47240
us.ms.151	47241
us.ms.153	47242
us.ms.155	47243
us.ms.157	47244
us.ms.159	47245
us.ms.161	47246
us.ms.163	47247
us.mt	46286
us.mt.001	49157
us.mt.003	49158
us.mt.005	49159
us.mt.007	49160
us.mt.009	49161
us.mt.011	49162
us.mt.013	49163
us.mt.015	49164
us.mt.017	49165
us.mt.019	49166
us.mt.021	49167
us.mt.023	49168
us.mt.025	49169
us.mt.027	49170
us.mt.029	49171
us.mt.031	49172
us.mt.033	49173
us.mt.035	49174
us.mt.037	49175
us.mt.039	49176
us.mt.041	49177
us.mt.043	49178
us.mt.045	49179
us.mt.047	49180
us.mt.049	49181
us.mt.051	49182
us.mt.053	49183
us.mt.055	49185
us.mt.057	49184
us.mt.059	49186
us.mt.061	49187
us.mt.063	49188
us.mt.065	49189
us.mt.067	49190
us.mt.069	49191
us.mt.071	49192
us.mt.073	49193
us.mt.075	49194
us.mt.077	49195
us.mt.079	49196
us.mt.081	49197
us.mt.083	49198
us.mt.085	49199
us.mt.087	49200
us.mt.089	49201
us.mt.091	49202
us.mt.093	49203
us.mt.095	49204
us.mt.097	49205
us.mt.099	49206
us.mt.101	49207
us.mt.103	49208
us.mt.105	49209
us.mt.107	49210
us.mt.109	49211
us.mt.111	49212
us.nc	46257
us.nc.001	47248
us.nc.003	47249
us.nc.005	47250
us.nc.007	47251
us.nc.009	47252
us.nc.011	47253
us.nc.013	47254
us.nc.015	47255
us.nc.017	47256
us.nc.019	47257
us.nc.021	47258
us.nc.023	47259
us.nc.025	47260
us.nc.027	47261
us.nc.029	47262
us.nc.031	47263
us.nc.033	47264
us.nc.035	47265
us.nc.037	47266
us.nc.039	47267
us.nc.041	47268
us.nc.043	47269
us.nc.045	47270
us.nc.047	47271
us.nc.049	47272
us.nc.051	47273
us.nc.053	47274
us.nc.055	47275
us.nc.057	47276
us.nc.059	47277
us.nc.061	47278
us.nc.063	47279
us.nc.065	47280
us.nc.067	47281
us.nc.069	47282
us.nc.071	47283
us.nc.073	47284
us.nc.075	47285
us.nc.077	47286
us.nc.079	47287
us.nc.081	47288
us.nc.083	47289
us.nc.085	47290
us.nc.087	47291
us.nc.089	47292
us.nc.091	47293
us.nc.093	47294
us.nc.095	47295
us.nc.097	47296
us.nc.099	47297
us.nc.101	47298
us.nc.103	47299
us.nc.105	47300
us.nc.107	47301
us.nc.109	47302
us.nc.111	47306
us.nc.113	47303
us.nc.115	47304
us.nc.117	47305
us.nc.119	47307
us.nc.121	47308
us.nc.123	47309
us.nc.125	47310
us.nc.127	47311
us.nc.129	47312
us.nc.131	47313
us.nc.133	47314
us.nc.135	47315
us.nc.137	47316
us.nc.139	47317
us.nc.141	47318
us.nc.143	47319
us.nc.145	47320
us.nc.147	47321
us.nc.149	47322
us.nc.151	47323
us.nc.153	47324
us.nc.155	47325
us.nc.157	47326
us.nc.159	47327
us.nc.161	47328
us.nc.163	47329
us.nc.165	47330
us.nc.167	47331
us.nc.169	47332
us.nc.171	47333
us.nc.173	47334
us.nc.175	47335
us.nc.177	47336
us.nc.179	47337
us.nc.181	47338
us.nc.183	47339
us.nc.185	47340
us.nc.187	47341
us.nc.189	47342
us.nc.191	47343
us.nc.193	47344
us.nc.195	47345
us.nc.197	47346
us.nc.199	47347
us.nd	46287
us.nd.001	49213
us.nd.003	48367
us.nd.005	48368
us.nd.007	49214
us.nd.009	49215
us.nd.011	49216
us.nd.013	49217
us.nd.015	49218
us.nd.017	48369
us.nd.019	48370
us.nd.021	48371
us.nd.023	49219
us.nd.025	49220
us.nd.027	48372
us.nd.029	49221
us.nd.031	48373
us.nd.033	49222
us.nd.035	48374
us.nd.037	49223
us.nd.039	48375
us.nd.041	49224
us.nd.043	48376
us.nd.045	48377
us.nd.047	48378
us.nd.049	49225
us.nd.051	48379
us.nd.053	49226
us.nd.055	49227
us.nd.057	49228
us.nd.059	49229
us.nd.061	49230
us.nd.063	48380
us.nd.065	49231
us.nd.067	48381
us.nd.069	49232
us.nd.071	48382
us.nd.073	48383
us.nd.075	49233
us.nd.077	48384
us.nd.079	48385
us.nd.081	48386
us.nd.083	49234
us.nd.085	49235
us.nd.087	49236
us.nd.089	49237
us.nd.091	48387
us.nd.093	48388
us.nd.095	48389
us.nd.097	48390
us.nd.099	48391
us.nd.101	49238
us.nd.103	48392
us.nd.105	49239
us.ne	46271
us.ne.001	48393
us.ne.003	48394
us.ne.005	49240
us.ne.007	49241
us.ne.009	48395
us.ne.011	48396
us.ne.013	49242
us.ne.015	48397
us.ne.017	48398
us.ne.019	48399
us.ne.021	48400
us.ne.023	48401
us.ne.025	48402
us.ne.027	48403
us.ne.029	49243
us.ne.031	49244
us.ne.033	49245
us.ne.035	48404
us.ne.037	48405
us.ne.039	48406
us.ne.041	48407
us.ne.043	48408
us.ne.045	49246
us.ne.047	48409
us.ne.049	49247
us.ne.051	48410
us.ne.053	48411
us.ne.055	48412
us.ne.057	49248
us.ne.059	48413
us.ne.061	48414
us.ne.063	49249
us.ne.065	48415
us.ne.067	48416
us.ne.069	49250
us.ne.071	48417
us.ne.073	48418
us.ne.075	49251
us.ne.077	48419
us.ne.079	48420
us.ne.081	48421
us.ne.083	48422
us.ne.085	49252
us.ne.087	49253
us.ne.089	48423
us.ne.091	49254
us.ne.093	48424
us.ne.095	48425
us.ne.097	48426
us.ne.099	48427
us.ne.101	49255
us.ne.103	49256
us.ne.105	49257
us.ne.107	48428
us.ne.109	48429
us.ne.111	49258
us.ne.113	49259
us.ne.115	48430
us.ne.117	49260
us.ne.119	48431
us.ne.121	48432
us.ne.123	49261
us.ne.125	48433
us.ne.127	48434
us.ne.129	48435
us.ne.131	48436
us.ne.133	48437
us.ne.135	49262
us.ne.137	48438
us.ne.139	48439
us.ne.141	48440
us.ne.143	48441
us.ne.145	49263
us.ne.147	48442
us.ne.149	48443
us.ne.151	48444
us.ne.153	48445
us.ne.155	48446
us.ne.157	49264
us.ne.159	48447
us.ne.161	49265
us.ne.163	48448
us.ne.165	49266
us.ne.167	48449
us.ne.169	48450
us.ne.171	49267
us.ne.173	48451
us.ne.175	48452
us.ne.177	48453
us.ne.179	48454
us.ne.181	48455
us.ne.183	48456
us.ne.185	48457
us.nh	46272
us.nh.001	48458
us.nh.003	48459
us.nh.005	48460
us.nh.007	48461
us.nh.009	48462
us.nh.011	48463
us.nh.013	48464
us.nh.015	48465
us.nh.017	48466
us.nh.019	48467
us.nj	46273
us.nj.001	47348
us.nj.003	48468
us.nj.005	47349
us.nj.007	47350
us.nj.009	47351
us.nj.011	47352
us.nj.013	48469
us.nj.015	47353
us.nj.017	48470
us.nj.019	48471
us.nj.021	48472
us.nj.023	48473
us.nj.025	48474
us.nj.027	48475
us.nj.029	47354
us.nj.031	48476
us.nj.033	47355
us.nj.035	48477
us.nj.037	48478
us.nj.039	48479
us.nj.041	48480
us.nm	46281
us.nm.001	48942
us.nm.003	48943
us.nm.005	48944
us.nm.006	48945
us.nm.007	48946
us.nm.009	48947
us.nm.011	48948
us.nm.013	48949
us.nm.015	48950
us.nm.017	48951
us.nm.019	48952
us.nm.021	48953
us.nm.023	48954
us.nm.025	48955
us.nm.027	48956
us.nm.028	48957
us.nm.029	48958
us.nm.031	48959
us.nm.033	48960
us.nm.035	48961
us.nm.037	48962
us.nm.039	48963
us.nm.041	48964
us.nm.043	48967
us.nm.045	48965
us.nm.047	48966
us.nm.049	48968
us.nm.051	48969
us.nm.053	48970
us.nm.055	48971
us.nm.057	48972
us.nm.059	48973
us.nm.061	48974
us.nv	46282
us.nv.001	48976
us.nv.003	48977
us.nv.005	48978
us.nv.007	49268
us.nv.009	48979
us.nv.011	49269
us.nv.013	49270
us.nv.015	48980
us.nv.017	48981
us.nv.019	48982
us.nv.021	48983
us.nv.023	48984
us.nv.027	49271
us.nv.029	48985
us.nv.031	49272
us.nv.033	48986
us.nv.510	48975
us.ny	46274
us.ny.001	48481
us.ny.003	48482
us.ny.005	48483
us.ny.007	48484
us.ny.009	48485
us.ny.011	48486
us.ny.013	48487
us.ny.015	48488
us.ny.017	48489
us.ny.019	48490
us.ny.021	48491
us.ny.023	48492
us.ny.025	48493
us.ny.027	48494
us.ny.029	48495
us.ny.031	48496
us.ny.033	48497
us.ny.035	48498
us.ny.037	48499
us.ny.039	48500
us.ny.041	48501
us.ny.043	48502
us.ny.045	48503
us.ny.047	49429
us.ny.049	48504
us.ny.051	48505
us.ny.053	48506
us.ny.055	48507
us.ny.057	48508
us.ny.059	48509
us.ny.061	48510
us.ny.063	48511
us.ny.065	48512
us.ny.067	48513
us.ny.069	48514
us.ny.071	48515
us.ny.073	48516
us.ny.075	48517
us.ny.077	48518
us.ny.079	48519
us.ny.081	48520
us.ny.083	48521
us.ny.085	48529
us.ny.087	48522
us.ny.089	48523
us.ny.091	48524
us.ny.093	48525
us.ny.095	48526
us.ny.097	48527
us.ny.099	48528
us.ny.101	48530
us.ny.103	48531
us.ny.105	48532
us.ny.107	48533
us.ny.109	48534
us.ny.111	48535
us.ny.113	48536
us.ny.115	48537
us.ny.117	48538
us.ny.119	48539
us.ny.121	48540
us.ny.123	48541
us.oh	46275
us.oh.001	47356
us.oh.003	48542
us.oh.005	48543
us.oh.007	48544
us.oh.009	47357
us.oh.011	48545
us.oh.013	48546
us.oh.015	47358
us.oh.017	47359
us.oh.019	48547
us.oh.021	48548
us.oh.023	47360
us.oh.025	47361
us.oh.027	47362
us.oh.029	48549
us.oh.031	48550
us.oh.033	48551
us.oh.035	48552
us.oh.037	48553
us.oh.039	48554
us.oh.041	48555
us.oh.043	48556
us.oh.045	47363
us.oh.047	47364
us.oh.049	47365
us.oh.051	48557
us.oh.053	47366
us.oh.055	48558
us.oh.057	47367
us.oh.059	48559
us.oh.061	47368
us.oh.063	48560
us.oh.065	48561
us.oh.067	48562
us.oh.069	48563
us.oh.071	47369
us.oh.073	47370
us.oh.075	48564
us.oh.077	48565
us.oh.079	47371
us.oh.081	48566
us.oh.083	48567
us.oh.085	48568
us.oh.087	47372
us.oh.089	48569
us.oh.091	48570
us.oh.093	48571
us.oh.095	48572
us.oh.097	47373
us.oh.099	48573
us.oh.101	48574
us.oh.103	48575
us.oh.105	47374
us.oh.107	48576
us.oh.109	48577
us.oh.111	47375
us.oh.113	47376
us.oh.115	47377
us.oh.117	48578
us.oh.119	47378
us.oh.121	47379
us.oh.123	48579
us.oh.125	48580
us.oh.127	47380
us.oh.129	47381
us.oh.131	47382
us.oh.133	48581
us.oh.135	47383
us.oh.137	48582
us.oh.139	48583
us.oh.141	47384
us.oh.143	48584
us.oh.145	47385
us.oh.147	48585
us.oh.149	48586
us.oh.151	48587
us.oh.153	48588
us.oh.155	48589
us.oh.157	48590
us.oh.159	48591
us.oh.161	48592
us.oh.163	47386
us.oh.165	47387
us.oh.167	47388
us.oh.169	48593
us.oh.171	48594
us.oh.173	48595
us.oh.175	48596
us.ok	46258
us.ok.001	47389
us.ok.003	47390
us.ok.005	47391
us.ok.007	48987
us.ok.009	47392
us.ok.011	47393
us.ok.013	47394
us.ok.015	47395
us.ok.017	47396
us.ok.019	47397
us.ok.021	47398
us.ok.023	47399
us.ok.025	48988
us.ok.027	47400
us.ok.029	47401
us.ok.031	47402
us.ok.033	47403
us.ok.035	47404
us.ok.037	47405
us.ok.039	47406
us.ok.041	47407
us.ok.043	47408
us.ok.045	47409
us.ok.047	47410
us.ok.049	47411
us.ok.051	47412
us.ok.053	47413
us.ok.055	47414
us.ok.057	47415
us.ok.059	47416
us.ok.061	47417
us.ok.063	47418
us.ok.065	47419
us.ok.067	47420
us.ok.069	47421
us.ok.071	47422
us.ok.073	47423
us.ok.075	47424
us.ok.077	47425
us.ok.079	47426
us.ok.081	47427
us.ok.083	47428
us.ok.085	47429
us.ok.087	47433
us.ok.089	47434
us.ok.091	47435
us.ok.093	47430
us.ok.095	47431
us.ok.097	47432
us.ok.099	47436
us.ok.101	47437
us.ok.103	47438
us.ok.105	47439
us.ok.107	47440
us.ok.109	47441
us.ok.111	47442
us.ok.113	47443
us.ok.115	47444
us.ok.117	47445
us.ok.119	47446
us.ok.121	47447
us.ok.123	47448
us.ok.125	47449
us.ok.127	47450
us.ok.129	47451
us.ok.131	47452
us.ok.133	47453
us.ok.135	47454
us.ok.137	47455
us.ok.139	48989
us.ok.141	47456
us.ok.143	47457
us.ok.145	47458
us.ok.147	47459
us.ok.149	47460
us.ok.151	47461
us.ok.153	47462
us.or	46288
us.or.001	49273
us.or.003	49274
us.or.005	49275
us.or.007	49276
us.or.009	49277
us.or.011	49278
us.or.013	49279
us.or.015	49280
us.or.017	49281
us.or.019	49282
us.or.021	49283
us.or.023	49284
us.or.025	49285
us.or.027	49286
us.or.029	49287
us.or.031	49288
us.or.033	49289
us.or.035	49290
us.or.037	49291
us.or.039	49292
us.or.041	49293
us.or.043	49294
us.or.045	49295
us.or.047	49296
us.or.049	49297
us.or.051	49298
us.or.053	49299
us.or.055	49300
us.or.057	49301
us.or.059	49302
us.or.061	49303
us.or.063	49304
us.or.065	49305
us.or.067	49306
us.or.069	49307
us.or.071	49308
us.pa	46296
us.pa.001	47463
us.pa.003	48597
us.pa.005	48598
us.pa.007	48599
us.pa.009	48600
us.pa.011	48601
us.pa.013	48602
us.pa.015	48603
us.pa.017	48604
us.pa.019	48605
us.pa.021	48606
us.pa.023	48607
us.pa.025	48608
us.pa.027	48609
us.pa.029	48610
us.pa.031	48611
us.pa.033	48612
us.pa.035	48613
us.pa.037	48614
us.pa.039	48615
us.pa.041	48616
us.pa.043	48617
us.pa.045	48618
us.pa.047	48619
us.pa.049	48620
us.pa.051	48621
us.pa.053	48622
us.pa.055	48623
us.pa.057	48624
us.pa.059	48625
us.pa.061	48626
us.pa.063	48627
us.pa.065	48628
us.pa.067	48629
us.pa.069	48630
us.pa.071	48631
us.pa.073	48632
us.pa.075	48633
us.pa.077	48634
us.pa.079	48635
us.pa.081	48636
us.pa.083	48637
us.pa.085	48638
us.pa.087	48639
us.pa.089	48640
us.pa.091	48641
us.pa.093	48642
us.pa.095	48643
us.pa.097	48644
us.pa.099	48645
us.pa.101	48646
us.pa.103	48647
us.pa.105	48648
us.pa.107	48649
us.pa.109	48650
us.pa.111	48651
us.pa.113	48652
us.pa.115	48653
us.pa.117	48654
us.pa.119	48655
us.pa.121	48656
us.pa.123	48657
us.pa.125	48658
us.pa.127	48659
us.pa.129	48660
us.pa.131	48661
us.pa.133	48662
us.ri	46276
us.ri.001	48663
us.ri.003	48664
us.ri.005	48665
us.ri.007	48666
us.ri.009	48667
us.sc	46259
us.sc.001	47464
us.sc.003	47465
us.sc.005	47466
us.sc.007	47467
us.sc.009	47468
us.sc.011	47469
us.sc.013	47470
us.sc.015	47471
us.sc.017	47472
us.sc.019	47473
us.sc.021	47474
us.sc.023	47475
us.sc.025	47476
us.sc.027	47477
us.sc.029	47478
us.sc.031	47479
us.sc.033	47480
us.sc.035	47481
us.sc.037	47482
us.sc.039	47483
us.sc.041	47484
us.sc.043	47485
us.sc.045	47486
us.sc.047	47487
us.sc.049	47488
us.sc.051	47489
us.sc.053	47490
us.sc.055	47491
us.sc.057	47492
us.sc.059	47493
us.sc.061	47494
us.sc.063	47495
us.sc.065	47498
us.sc.067	47496
us.sc.069	47497
us.sc.071	47499
us.sc.073	47500
us.sc.075	47501
us.sc.077	47502
us.sc.079	47503
us.sc.081	47504
us.sc.083	47505
us.sc.085	47506
us.sc.087	47507
us.sc.089	47508
us.sc.091	47509
us.sd	46289
us.sd.003	48668
us.sd.005	48669
us.sd.007	49309
us.sd.009	48670
us.sd.011	48671
us.sd.013	48672
us.sd.015	48673
us.sd.017	48674
us.sd.019	49310
us.sd.021	49311
us.sd.023	48675
us.sd.025	48676
us.sd.027	48678
us.sd.029	48677
us.sd.031	49312
us.sd.033	49313
us.sd.035	48679
us.sd.037	48680
us.sd.039	48681
us.sd.041	49314
us.sd.043	48682
us.sd.045	48683
us.sd.047	49315
us.sd.049	48684
us.sd.051	48685
us.sd.053	48686
us.sd.055	49316
us.sd.057	48687
us.sd.059	48688
us.sd.061	48689
us.sd.063	49317
us.sd.065	48690
us.sd.067	48691
us.sd.069	48692
us.sd.071	49318
us.sd.073	48693
us.sd.075	49319
us.sd.077	48694
us.sd.079	48695
us.sd.081	49320
us.sd.083	48696
us.sd.085	48697
us.sd.087	48699
us.sd.089	48700
us.sd.091	48698
us.sd.093	49321
us.sd.095	49322
us.sd.097	48701
us.sd.099	48702
us.sd.101	48703
us.sd.102	49325
us.sd.103	49323
us.sd.105	49324
us.sd.107	48704
us.sd.109	48705
us.sd.111	48706
us.sd.115	48707
us.sd.117	49326
us.sd.119	49327
us.sd.121	49328
us.sd.123	48708
us.sd.125	48709
us.sd.127	48710
us.sd.129	48711
us.sd.135	48712
us.sd.137	49329
us.tn	46260
us.tn.001	47510
us.tn.003	47959
us.tn.005	47511
us.tn.007	47512
us.tn.009	47513
us.tn.011	47514
us.tn.013	46309
us.tn.015	47515
us.tn.017	47516
us.tn.019	47517
us.tn.021	47518
us.tn.023	47519
us.tn.025	47520
us.tn.027	47521
us.tn.029	47522
us.tn.031	47523
us.tn.033	47524
us.tn.035	47525
us.tn.037	47526
us.tn.039	47528
us.tn.041	47527
us.tn.043	47529
us.tn.045	47530
us.tn.047	47531
us.tn.049	47532
us.tn.051	47533
us.tn.053	47534
us.tn.055	47535
us.tn.057	47536
us.tn.059	47537
us.tn.061	47538
us.tn.063	47539
us.tn.065	47540
us.tn.067	47541
us.tn.069	47542
us.tn.071	47543
us.tn.073	47544
us.tn.075	47545
us.tn.077	47546
us.tn.079	47547
us.tn.081	47548
us.tn.083	47549
us.tn.085	47550
us.tn.087	47551
us.tn.089	47552
us.tn.091	47553
us.tn.093	47554
us.tn.095	47555
us.tn.097	47556
us.tn.099	47557
us.tn.101	47558
us.tn.103	47559
us.tn.105	47560
us.tn.107	47566
us.tn.109	47567
us.tn.111	47561
us.tn.113	47562
us.tn.115	47563
us.tn.117	47564
us.tn.119	47565
us.tn.121	47568
us.tn.123	47569
us.tn.125	47570
us.tn.127	47571
us.tn.129	47572
us.tn.131	47573
us.tn.133	47574
us.tn.135	47575
us.tn.137	47576
us.tn.139	47577
us.tn.141	47578
us.tn.143	47579
us.tn.145	47580
us.tn.147	47581
us.tn.149	47582
us.tn.151	47583
us.tn.153	47584
us.tn.155	47585
us.tn.157	47586
us.tn.159	47587
us.tn.161	47588
us.tn.163	47589
us.tn.165	47590
us.tn.167	47591
us.tn.169	47592
us.tn.171	47593
us.tn.173	47594
us.tn.175	47595
us.tn.177	47596
us.tn.179	47597
us.tn.181	47598
us.tn.183	47599
us.tn.185	47600
us.tn.187	47601
us.tn.189	47602
us.tx	46261
us.tx.001	47603
us.tx.003	48990
us.tx.005	47604
us.tx.007	47605
us.tx.009	47606
us.tx.011	48991
us.tx.013	47607
us.tx.015	47608
us.tx.017	48992
us.tx.019	47609
us.tx.021	47610
us.tx.023	47611
us.tx.025	47612
us.tx.027	47613
us.tx.029	47614
us.tx.031	47615
us.tx.033	48993
us.tx.035	47616
us.tx.037	47617
us.tx.039	47618
us.tx.041	47619
us.tx.043	48994
us.tx.045	48995
us.tx.047	47620
us.tx.049	47621
us.tx.051	47622
us.tx.053	47623
us.tx.055	47624
us.tx.057	47625
us.tx.059	47626
us.tx.061	47627
us.tx.063	47628
us.tx.065	48996
us.tx.067	47629
us.tx.069	48997
us.tx.071	47630
us.tx.073	47631
us.tx.075	48998
us.tx.077	47632
us.tx.079	48999
us.tx.081	49000
us.tx.083	47633
us.tx.085	47634
us.tx.087	49001
us.tx.089	47635
us.tx.091	47636
us.tx.093	47637
us.tx.095	47638
us.tx.097	47639
us.tx.099	47640
us.tx.101	49002
us.tx.103	49003
us.tx.105	49004
us.tx.107	49005
us.tx.109	49006
us.tx.111	49007
us.tx.113	47641
us.tx.115	49008
us.tx.117	49009
us.tx.119	47643
us.tx.121	47644
us.tx.123	47642
us.tx.125	49010
us.tx.127	47645
us.tx.129	49011
us.tx.131	47646
us.tx.133	47647
us.tx.135	49012
us.tx.137	49013
us.tx.139	47648
us.tx.141	49014
us.tx.143	47649
us.tx.145	47650
us.tx.147	47651
us.tx.149	47652
us.tx.151	49015
us.tx.153	49016
us.tx.155	47653
us.tx.157	47654
us.tx.159	47655
us.tx.161	47656
us.tx.163	47657
us.tx.165	49017
us.tx.167	47658
us.tx.169	49018
us.tx.171	47659
us.tx.173	49019
us.tx.175	47660
us.tx.177	47661
us.tx.179	49020
us.tx.181	47662
us.tx.183	47663
us.tx.185	47664
us.tx.187	47665
us.tx.189	49021
us.tx.191	49022
us.tx.193	47666
us.tx.195	49023
us.tx.197	47667
us.tx.199	47668
us.tx.201	47669
us.tx.203	47670
us.tx.205	49024
us.tx.207	47671
us.tx.209	47672
us.tx.211	49025
us.tx.213	47673
us.tx.215	47674
us.tx.217	47675
us.tx.219	49026
us.tx.221	47676
us.tx.223	47677
us.tx.225	47678
us.tx.227	49027
us.tx.229	49028
us.tx.231	47679
us.tx.233	49029
us.tx.235	49030
us.tx.237	47680
us.tx.239	47681
us.tx.241	47682
us.tx.243	49031
us.tx.245	47683
us.tx.247	47684
us.tx.249	47685
us.tx.251	47686
us.tx.253	47687
us.tx.255	47688
us.tx.257	47689
us.tx.259	47690
us.tx.261	47691
us.tx.263	49032
us.tx.265	47692
us.tx.267	47693
us.tx.269	49033
us.tx.271	49034
us.tx.273	47694
us.tx.275	47695
us.tx.277	47697
us.tx.279	49035
us.tx.281	47698
us.tx.283	47696
us.tx.285	47699
us.tx.287	47700
us.tx.289	47701
us.tx.291	47702
us.tx.293	47703
us.tx.295	49036
us.tx.297	47704
us.tx.299	47705
us.tx.301	49037
us.tx.303	49038
us.tx.305	49039
us.tx.307	47710
us.tx.309	47711
us.tx.311	47712
us.tx.313	47706
us.tx.315	47707
us.tx.317	49040
us.tx.319	47708
us.tx.321	47709
us.tx.323	49041
us.tx.325	47713
us.tx.327	47714
us.tx.329	49042
us.tx.331	47715
us.tx.333	47716
us.tx.335	49043
us.tx.337	47717
us.tx.339	47718
us.tx.341	49044
us.tx.343	47719
us.tx.345	49045
us.tx.347	47720
us.tx.349	47721
us.tx.351	47722
us.tx.353	49046
us.tx.355	47723
us.tx.357	49047
us.tx.359	49048
us.tx.361	47724
us.tx.363	47725
us.tx.365	47726
us.tx.367	47727
us.tx.369	49049
us.tx.371	49050
us.tx.373	47728
us.tx.375	49051
us.tx.377	49052
us.tx.379	47729
us.tx.381	49053
us.tx.383	49054
us.tx.385	47730
us.tx.387	47731
us.tx.389	49055
us.tx.391	47732
us.tx.393	49056
us.tx.395	47733
us.tx.397	47734
us.tx.399	47735
us.tx.401	47736
us.tx.403	47737
us.tx.405	47738
us.tx.407	47739
us.tx.409	47740
us.tx.411	47741
us.tx.413	49057
us.tx.415	49058
us.tx.417	47742
us.tx.419	47743
us.tx.421	49059
us.tx.423	47744
us.tx.425	47745
us.tx.427	47746
us.tx.429	47747
us.tx.431	49060
us.tx.433	49061
us.tx.435	49062
us.tx.437	49063
us.tx.439	47748
us.tx.441	47749
us.tx.443	49064
us.tx.445	49065
us.tx.447	47750
us.tx.449	47751
us.tx.451	49066
us.tx.453	47752
us.tx.455	47753
us.tx.457	47754
us.tx.459	47755
us.tx.461	49067
us.tx.463	47756
us.tx.465	49068
us.tx.467	47757
us.tx.469	47758
us.tx.471	47759
us.tx.473	47760
us.tx.475	49069
us.tx.477	47761
us.tx.479	47762
us.tx.481	47763
us.tx.483	49070
us.tx.485	47764
us.tx.487	47765
us.tx.489	47766
us.tx.491	47767
us.tx.493	47768
us.tx.495	49071
us.tx.497	47769
us.tx.499	47770
us.tx.501	49072
us.tx.503	47771
us.tx.505	47772
us.tx.507	47773
us.ut	46283
us.ut.001	49073
us.ut.003	49330
us.ut.005	49331
us.ut.007	49074
us.ut.009	49332
us.ut.011	49333
us.ut.013	49334
us.ut.015	49075
us.ut.017	49076
us.ut.019	49077
us.ut.021	49078
us.ut.023	49079
us.ut.025	49080
us.ut.027	49081
us.ut.029	49335
us.ut.031	49082
us.ut.033	49336
us.ut.035	49337
us.ut.037	49083
us.ut.039	49084
us.ut.041	49085
us.ut.043	49338
us.ut.045	49339
us.ut.047	49340
us.ut.049	49341
us.ut.051	49342
us.ut.053	49086
us.ut.055	49087
us.ut.057	49343
us.va	46297
us.va.001	47774
us.va.003	47775
us.va.005	47777
us.va.007	47778
us.va.009	47779
us.va.011	47780
us.va.013	47781
us.va.015	47782
us.va.017	47783
us.va.019	47784
us.va.021	47785
us.va.023	47786
us.va.025	47788
us.va.027	47789
us.va.029	47790
us.va.031	47792
us.va.033	47793
us.va.035	47794
us.va.036	47795
us.va.037	47796
us.va.041	47799
us.va.043	47800
us.va.045	47803
us.va.047	47804
us.va.049	47805
us.va.051	47807
us.va.053	47808
us.va.057	47810
us.va.059	47811
us.va.061	47814
us.va.063	47815
us.va.065	47816
us.va.067	47817
us.va.069	47819
us.va.071	47822
us.va.073	47823
us.va.075	47824
us.va.077	47825
us.va.079	47826
us.va.081	47827
us.va.083	47828
us.va.085	47830
us.va.087	47832
us.va.089	47833
us.va.091	47834
us.va.093	47836
us.va.095	47837
us.va.097	47840
us.va.099	47838
us.va.101	47839
us.va.103	47841
us.va.105	47842
us.va.107	47844
us.va.109	47845
us.va.111	47846
us.va.113	47848
us.va.115	47852
us.va.117	47853
us.va.119	47854
us.va.121	47855
us.va.125	47856
us.va.127	47857
us.va.131	47860
us.va.133	47861
us.va.135	47863
us.va.137	47864
us.va.139	47865
us.va.141	47866
us.va.143	47868
us.va.145	47871
us.va.147	47872
us.va.149	47873
us.va.153	47874
us.va.155	47875
us.va.157	47877
us.va.159	47878
us.va.161	47880
us.va.163	47882
us.va.165	47883
us.va.167	47884
us.va.169	47886
us.va.171	47887
us.va.173	47888
us.va.175	47889
us.va.177	47890
us.va.179	47891
us.va.181	47894
us.va.183	47895
us.va.185	47896
us.va.187	47898
us.va.191	47899
us.va.193	47901
us.va.195	47904
us.va.197	47905
us.va.199	47906
us.va.510	47776
us.va.520	47787
us.va.530	47791
us.va.540	47797
us.va.550	47798
us.va.570	47801
us.va.580	47802
us.va.590	47806
us.va.595	47809
us.va.600	47812
us.va.610	47813
us.va.620	47818
us.va.630	47820
us.va.640	47821
us.va.650	47829
us.va.660	47831
us.va.670	47835
us.va.678	47843
us.va.680	47847
us.va.683	47850
us.va.685	47849
us.va.690	47851
us.va.700	47858
us.va.710	47859
us.va.720	47862
us.va.730	47867
us.va.735	47869
us.va.740	47870
us.va.750	47876
us.va.760	47879
us.va.770	47881
us.va.775	47885
us.va.790	47892
us.va.800	47893
us.va.810	47897
us.va.820	47900
us.va.830	47902
us.va.840	47903
us.vt	46277
us.vt.001	48713
us.vt.003	48714
us.vt.005	48715
us.vt.007	48716
us.vt.009	48717
us.vt.011	48718
us.vt.013	48719
us.vt.015	48720
us.vt.017	48721
us.vt.019	48722
us.vt.021	48723
us.vt.023	48724
us.vt.025	48725
us.vt.027	48726
us.wa	46290
us.wa.001	49344
us.wa.003	49345
us.wa.005	49346
us.wa.007	49347
us.wa.009	49348
us.wa.011	49349
us.wa.013	49350
us.wa.015	49351
us.wa.017	49352
us.wa.019	49353
us.wa.021	49354
us.wa.023	49355
us.wa.025	49356
us.wa.027	49357
us.wa.029	49358
us.wa.031	49359
us.wa.033	49360
us.wa.035	49361
us.wa.037	49362
us.wa.039	49363
us.wa.041	49364
us.wa.043	49365
us.wa.045	49366
us.wa.047	49367
us.wa.049	49368
us.wa.051	49369
us.wa.053	49370
us.wa.055	49371
us.wa.057	49372
us.wa.059	49373
us.wa.061	49374
us.wa.063	49375
us.wa.065	49376
us.wa.067	49377
us.wa.069	49378
us.wa.071	49379
us.wa.073	49380
us.wa.075	49381
us.wa.077	49382
us.wi	46278
us.wi.001	48727
us.wi.003	48728
us.wi.005	48729
us.wi.007	48730
us.wi.009	48731
us.wi.011	48732
us.wi.013	48733
us.wi.015	48734
us.wi.017	48735
us.wi.019	48736
us.wi.021	48737
us.wi.023	48738
us.wi.025	48739
us.wi.027	48740
us.wi.029	48741
us.wi.031	48742
us.wi.033	48743
us.wi.035	48744
us.wi.037	48745
us.wi.039	48746
us.wi.041	48747
us.wi.043	48748
us.wi.045	48749
us.wi.047	48750
us.wi.049	48751
us.wi.051	48752
us.wi.053	48753
us.wi.055	48754
us.wi.057	48755
us.wi.059	48756
us.wi.061	48757
us.wi.063	48758
us.wi.065	48759
us.wi.067	48760
us.wi.069	48761
us.wi.071	48762
us.wi.073	48763
us.wi.075	48764
us.wi.077	48765
us.wi.078	48766
us.wi.079	48767
us.wi.081	48768
us.wi.083	48769
us.wi.085	48770
us.wi.087	48771
us.wi.089	48772
us.wi.091	48773
us.wi.093	48774
us.wi.095	48775
us.wi.097	48776
us.wi.099	48777
us.wi.101	48778
us.wi.103	48779
us.wi.105	48780
us.wi.107	48781
us.wi.109	48782
us.wi.111	48783
us.wi.113	48784
us.wi.115	48785
us.wi.117	48786
us.wi.119	48787
us.wi.121	48788
us.wi.123	48789
us.wi.125	48790
us.wi.127	48791
us.wi.129	48792
us.wi.131	48793
us.wi.133	48794
us.wi.135	48795
us.wi.137	48796
us.wi.139	48797
us.wi.141	48798
us.wv	46262
us.wv.001	47907
us.wv.003	47908
us.wv.005	47909
us.wv.007	47910
us.wv.009	48799
us.wv.011	47911
us.wv.013	47912
us.wv.015	47913
us.wv.017	47914
us.wv.019	47915
us.wv.021	47916
us.wv.023	47917
us.wv.025	47918
us.wv.027	47919
us.wv.029	48800
us.wv.031	47920
us.wv.033	47921
us.wv.035	47922
us.wv.037	47923
us.wv.039	47924
us.wv.041	47925
us.wv.043	47926
us.wv.045	47927
us.wv.047	47931
us.wv.049	47928
us.wv.051	47929
us.wv.053	47930
us.wv.055	47932
us.wv.057	47933
us.wv.059	47934
us.wv.061	47935
us.wv.063	47936
us.wv.065	47937
us.wv.067	47938
us.wv.069	48801
us.wv.071	47939
us.wv.073	47940
us.wv.075	47941
us.wv.077	47942
us.wv.079	47943
us.wv.081	47944
us.wv.083	47945
us.wv.085	47946
us.wv.087	47947
us.wv.089	47948
us.wv.091	47949
us.wv.093	47950
us.wv.095	47951
us.wv.097	47952
us.wv.099	47953
us.wv.101	47954
us.wv.103	47955
us.wv.105	47956
us.wv.107	47957
us.wv.109	47958
us.wy	46291
us.wy.001	49383
us.wy.003	49384
us.wy.005	49385
us.wy.007	49386
us.wy.009	49387
us.wy.011	49388
us.wy.013	49389
us.wy.015	49390
us.wy.017	49391
us.wy.019	49392
us.wy.021	49393
us.wy.023	49394
us.wy.025	49395
us.wy.027	49396
us.wy.029	49397
us.wy.031	49398
us.wy.033	49399
us.wy.035	49400
us.wy.037	49401
us.wy.039	49402
us.wy.041	49403
us.wy.043	49404
us.wy.045	49405
uy-ar	49465
uy-ca	49464
uy-cl	49463
uy-co	49462
uy-du	49461
uy-fd	49459
uy-fs	49460
uy-la	49458
uy-ma	49457
uy-mo	49456
uy-pa	49455
uy-rn	49454
uy-ro	49452
uy-rv	49453
uy-sa	49451
uy-sj	49450
uy-so	49449
uy-ta	49448
uy-tt	49447
uy.01	49465
uy.01.01	49577
uy.01.02	49519
uy.01.03	49518
uy.02	49464
uy.02.01	49520
uy.02.02	49569
uy.02.03	49508
uy.02.04	49565
uy.02.05	49540
uy.02.06	49467
uy.02.07	49570
uy.02.08	49509
uy.02.09	49553
uy.02.10	49528
uy.02.11	49517
uy.02.12	49466
uy.02.13	49537
uy.02.14	49536
uy.02.15	49514
uy.02.16	49523
uy.02.17	49555
uy.02.18	49538
uy.02.19	49516
uy.02.20	49541
uy.02.22	49543
uy.02.23	49539
uy.02.24	49468
uy.02.25	49546
uy.02.26	49548
uy.02.27	49554
uy.02.28	49558
uy.02.29	49557
uy.02.30	49511
uy.02.31	49526
uy.03	49463
uy.03.01	49533
uy.03.02	49490
uy.03.03	49491
uy.03.04	49492
uy.03.05	49493
uy.03.06	49547
uy.03.07	49573
uy.03.08	49494
uy.03.09	49495
uy.03.13107354	49578
uy.03.13107355	49579
uy.03.13107358	49582
uy.03.13107363	49586
uy.03.13107364	49587
uy.03.13107367	49589
uy.04	49462
uy.04.01	49574
uy.04.02	49527
uy.04.03	49510
uy.04.04	49567
uy.04.05	49515
uy.04.06	49575
uy.04.07	49560
uy.04.08	49561
uy.04.09	49562
uy.04.13107365	49588
uy.05	49461
uy.05.01	49506
uy.05.02	49476
uy.06	49460
uy.06.01	49556
uy.07	49459
uy.07.01	49552
uy.07.02	49551
uy.07.03	49513
uy.08	49458
uy.08.01	49531
uy.08.02	49532
uy.08.03	49489
uy.08.13107362	49585
uy.09	49457
uy.09.01	49472
uy.09.02	49473
uy.09.03	49566
uy.09.04	49471
uy.09.05	49559
uy.09.06	49542
uy.09.07	49477
uy.09.08	49474
uy.10	49456
uy.10.01	49482
uy.10.02	49545
uy.10.03	49568
uy.10.04	49544
uy.10.05	49479
uy.10.06	49481
uy.10.07	49480
uy.10.08	49478
uy.11	49455
uy.11.01	49534
uy.11.02	49500
uy.11.03	49501
uy.11.04	49535
uy.11.05	49487
uy.11.06	49488
uy.11.07	49564
uy.12	49454
uy.12.01	49470
uy.12.02	49475
uy.12.03	49550
uy.13	49453
uy.13.01	49507
uy.13.02	49529
uy.13.03	49530
uy.14	49452
uy.14.01	49549
uy.14.02	49571
uy.14.03	49502
uy.14.04	49503
uy.15	49451
uy.15.01	49505
uy.15.02	49504
uy.15.03	49483
uy.15.04	49485
uy.15.05	49484
uy.15.06	49572
uy.16	49450
uy.16.01	49469
uy.16.02	49525
uy.16.03	49496
uy.16.04	49512
uy.17	49449
uy.17.01	49524
uy.17.02	49521
uy.17.03	49522
uy.17.04	49576
uy.18	49448
uy.18.01	49486
uy.18.02	49499
uy.18.03	49563
uy.19	49447
uy.19.01	49497
uy.19.02	49498
uy.19.13107356	49580
uy.19.13107357	49581
uy.19.13107359	49583
uy.19.13107360	49584
uz-an	49603
uz-bu	49594
uz-fa	49602
uz-ji	49601
uz-ng	49599
uz-nw	49598
uz-qa	49593
uz-qr	49590
uz-sa	49592
uz-si	49597
uz-su	49591
uz-tk	49596
uz-to	49595
uz-xo	49600
uz.01	49603
uz.01.1513039	49705
uz.01.1513193	49714
uz.01.1513240	49716
uz.01.1513270	49718
uz.01.1513363	49722
uz.01.1513493	49726
uz.01.1513598	49730
uz.01.1513888	49741
uz.01.1514108	49752
uz.01.1514336	49759
uz.01.1514451	49764
uz.01.1514584	49768
uz.01.1514606	49770
uz.01.1538281	49798
uz.01.1538282	49799
uz.01.1538283	49800
uz.01.1538284	49801
uz.01.1538285	49802
uz.01.1538286	49803
uz.01.7668830	49814
uz.02	49594
uz.02.1215788	49615
uz.02.1215958	49619
uz.02.1216048	49620
uz.02.1216289	49627
uz.02.1217081	49641
uz.02.1217179	49643
uz.02.1217663	49654
uz.02.1217905	49659
uz.02.1346433	49661
uz.02.1346437	49662
uz.02.1512837	49696
uz.02.1513006	49701
uz.02.1513982	49745
uz.02.1538236	49782
uz.02.7668831	49815
uz.03	49602
uz.03.1512318	49677
uz.03.1512439	49682
uz.03.1512646	49689
uz.03.1512956	49699
uz.03.1513272	49719
uz.03.1513329	49721
uz.03.1513547	49729
uz.03.1514016	49747
uz.03.1514017	49748
uz.03.1514299	49757
uz.03.1514482	49765
uz.03.1514616	49771
uz.03.1514681	49774
uz.03.1538294	49804
uz.03.1538295	49805
uz.03.1538296	49806
uz.03.1538297	49807
uz.03.1538298	49808
uz.03.1538299	49809
uz.03.1538300	49810
uz.03.7668818	49811
uz.03.7668819	49812
uz.03.7668820	49813
uz.03.7668842	49819
uz.05	49600
uz.05.1512360	49679
uz.05.1512367	49680
uz.05.1512467	49684
uz.05.1512818	49695
uz.05.1513477	49724
uz.05.1513603	49731
uz.05.1513610	49732
uz.05.1513635	49735
uz.05.1513961	49743
uz.05.1514485	49766
uz.05.1538226	49779
uz.05.1538227	49780
uz.05.1538228	49781
uz.06	49599
uz.06.11611821	49824
uz.06.1512289	49676
uz.06.1512349	49678
uz.06.1512448	49683
uz.06.1512500	49685
uz.06.1512548	49688
uz.06.1513021	49703
uz.06.1513144	49712
uz.06.1513156	49713
uz.06.1513713	49737
uz.06.1514190	49754
uz.06.1538272	49797
uz.07	49598
uz.07.1216582	49635
uz.07.1512504	49686
uz.07.1512673	49691
uz.07.1513082	49709
uz.07.1513133	49710
uz.07.1513135	49711
uz.07.1513622	49734
uz.07.1513830	49739
uz.07.8714365	49822
uz.08	49593
uz.08.1215766	49614
uz.08.1215811	49616
uz.08.1215855	49618
uz.08.1216186	49624
uz.08.1216399	49631
uz.08.1216474	49633
uz.08.1216786	49637
uz.08.1217005	49639
uz.08.1217013	49640
uz.08.1217142	49642
uz.08.1217259	49645
uz.08.1217479	49651
uz.08.1217538	49652
uz.08.1346479	49669
uz.08.1346481	49670
uz.08.7668833	49816
uz.08.8714362	49820
uz.08.8714363	49821
uz.09	49590
uz.09.1512534	49687
uz.09.1512698	49692
uz.09.1513732	49738
uz.09.1514037	49750
uz.09.1514386	49761
uz.09.1514593	49769
uz.09.601276	49604
uz.09.601292	49605
uz.09.601301	49606
uz.09.601309	49607
uz.09.601322	49608
uz.09.601340	49609
uz.09.601347	49610
uz.09.601394	49611
uz.09.601398	49612
uz.10	49592
uz.10.1215838	49617
uz.10.1216079	49621
uz.10.1216266	49626
uz.10.1216337	49628
uz.10.1216341	49629
uz.10.1216354	49630
uz.10.1216429	49632
uz.10.1216987	49638
uz.10.1217214	49644
uz.10.1217412	49649
uz.10.1217655	49653
uz.10.1217960	49660
uz.10.1346451	49663
uz.10.1346455	49664
uz.10.1346462	49665
uz.10.1346463	49666
uz.10.1346465	49667
uz.10.1346467	49668
uz.10.1513472	49723
uz.10.7668834	49817
uz.10.9166490	49823
uz.12	49591
uz.12.1216113	49622
uz.12.1216154	49623
uz.12.1216243	49625
uz.12.1216571	49634
uz.12.1216685	49636
uz.12.1217341	49647
uz.12.1217391	49648
uz.12.1217476	49650
uz.12.1217733	49655
uz.12.1217872	49657
uz.12.1217894	49658
uz.12.1346497	49671
uz.12.1346534	49672
uz.12.1346536	49673
uz.12.1346537	49674
uz.12.1538254	49790
uz.13	49596
uz.13.1512848	49697
uz.13.1512949	49698
uz.13.1513066	49707
uz.13.1513269	49717
uz.13.1513328	49720
uz.13.1513546	49728
uz.13.1513648	49736
uz.13.1514229	49756
uz.13.1514665	49772
uz.13.1536760	49777
uz.13.1536761	49778
uz.14	49595
uz.14.1512652	49690
uz.14.1512751	49694
uz.14.1512985	49700
uz.14.1513016	49702
uz.14.1513057	49706
uz.14.1513498	49727
uz.14.1513860	49740
uz.14.1514010	49746
uz.14.1514214	49755
uz.14.1514327	49758
uz.14.1514338	49760
uz.14.1514399	49762
uz.14.1514667	49773
uz.14.1514687	49775
uz.14.1538256	49791
uz.14.1538257	49792
uz.14.1538258	49793
uz.14.1538259	49794
uz.14.1538260	49795
uz.14.1538261	49796
uz.15	49601
uz.15.1215692	49613
uz.15.1217334	49646
uz.15.1217778	49656
uz.15.1512277	49675
uz.15.1513035	49704
uz.15.1513067	49708
uz.15.1513202	49715
uz.15.1514024	49749
uz.15.1514068	49751
uz.15.1514124	49753
uz.15.1514555	49767
uz.15.1538240	49783
uz.16	49597
uz.16.1512404	49681
uz.16.1512717	49693
uz.16.1513490	49725
uz.16.1513618	49733
uz.16.1513952	49742
uz.16.1513967	49744
uz.16.1514430	49763
uz.16.1514705	49776
uz.16.1538246	49784
uz.16.1538249	49785
uz.16.1538250	49786
uz.16.1538251	49787
uz.16.1538252	49788
uz.16.1538253	49789
uz.16.7668840	49818
vc-01	49830
vc-02	49828
vc-03	49827
vc-04	49826
vc-05	49825
vc-06	49829
vc.01	49830
vc.02	49828
vc.03	49827
vc.04	49826
vc.05	49825
vc.06	49829
ve-a	49844
ve-b	49853
ve-c	49852
ve-d	49851
ve-e	49850
ve-f	49849
ve-g	49848
ve-h	49847
ve-i	49845
ve-j	49842
ve-k	49841
ve-l	49840
ve-m	49839
ve-n	49838
ve-o	49837
ve-p	49836
ve-r	49835
ve-s	49834
ve-t	49833
ve-u	49832
ve-v	49831
ve-w	49843
ve-x	49855
ve-y	49846
ve-z	49854
ve.01	49854
ve.01.0201	50013
ve.01.0202	49996
ve.01.0203	49995
ve.01.0204	50014
ve.01.0205	50016
ve.01.0206	50015
ve.01.0207	49897
ve.02	49853
ve.02.0301	50007
ve.02.0302	50002
ve.02.0303	50033
ve.02.0304	50048
ve.02.0305	50035
ve.02.0306	50130
ve.02.0307	49948
ve.02.0308	50055
ve.02.0309	50102
ve.02.0310	50081
ve.02.0311	49940
ve.02.0312	50116
ve.02.0313	50134
ve.02.0314	50034
ve.02.0315	50138
ve.02.0316	50078
ve.02.0317	50139
ve.02.0318	50140
ve.02.0319	49885
ve.02.0320	50141
ve.02.0321	50039
ve.03	49852
ve.03.0401	50011
ve.03.0402	50079
ve.03.0403	49920
ve.03.0404	49916
ve.03.0405	49908
ve.03.0406	49894
ve.03.0407	49888
ve.04	49851
ve.04.0501	50074
ve.04.0502	50118
ve.04.0503	49955
ve.04.0504	50094
ve.04.0505	50070
ve.04.0506	50044
ve.04.0507	50105
ve.04.0508	50142
ve.04.0509	49891
ve.04.0510	49887
ve.04.0511	50073
ve.04.0512	50017
ve.04.0513	49877
ve.04.0514	50143
ve.04.0515	49865
ve.04.0516	49858
ve.04.0517	50144
ve.04.0518	50103
ve.05	49850
ve.05.0601	50097
ve.05.0602	50027
ve.05.0603	50000
ve.05.0604	49992
ve.05.0605	49986
ve.05.0606	50122
ve.05.0607	49961
ve.05.0608	49918
ve.05.0609	49909
ve.05.0610	49895
ve.05.0611	49884
ve.05.0612	50018
ve.06	49849
ve.06.0701	49973
ve.06.0702	49972
ve.06.0703	50082
ve.06.0704	50019
ve.06.0705	49949
ve.06.0706	49904
ve.06.0707	50114
ve.06.0708	49893
ve.06.0709	50086
ve.06.0710	49882
ve.06.0711	50145
ve.07	49848
ve.07.0801	49991
ve.07.0802	49974
ve.07.0803	50109
ve.07.0804	49953
ve.07.0805	50040
ve.07.0806	50146
ve.07.0807	50147
ve.07.0808	50108
ve.07.0809	49923
ve.07.0810	50148
ve.07.0811	49901
ve.07.0812	50149
ve.07.0813	50020
ve.07.0814	49861
ve.08	49847
ve.08.0901	50003
ve.08.0902	49959
ve.08.0903	49956
ve.08.0904	50135
ve.08.0905	50058
ve.08.0906	49898
ve.08.0907	50110
ve.08.0908	49892
ve.08.0909	49874
ve.09	49846
ve.09.1001	50004
ve.09.1002	50150
ve.09.1003	50100
ve.09.1004	49869
ve.11	49845
ve.11.1101	50009
ve.11.1102	49983
ve.11.1103	49980
ve.11.1104	50088
ve.11.1105	49975
ve.11.1106	49970
ve.11.1107	50045
ve.11.1108	49965
ve.11.1109	49960
ve.11.1110	49958
ve.11.1111	50084
ve.11.1112	50151
ve.11.1113	49929
ve.11.1114	49924
ve.11.1115	50117
ve.11.1116	50152
ve.11.1117	49905
ve.11.1118	50022
ve.11.1119	50106
ve.11.1120	49886
ve.11.1121	50057
ve.11.1122	50021
ve.11.1123	50128
ve.11.1124	50049
ve.11.1125	49856
ve.12	49842
ve.12.1201	50037
ve.12.1202	50059
ve.12.1203	50153
ve.12.1204	50154
ve.12.1205	50047
ve.12.1206	50155
ve.12.1207	50113
ve.12.1208	50137
ve.12.1209	50068
ve.12.1210	50076
ve.12.1211	50156
ve.12.1212	50053
ve.12.1213	50038
ve.12.1214	50028
ve.12.1215	50129
ve.13	49841
ve.13.1301	50096
ve.13.1302	49967
ve.13.1303	49946
ve.13.1304	49944
ve.13.1305	49921
ve.13.1306	49912
ve.13.1307	50051
ve.13.1308	49873
ve.13.1309	49863
ve.14	49840
ve.14.1401	50008
ve.14.1402	50006
ve.14.1403	50157
ve.14.1404	50123
ve.14.1405	49997
ve.14.1406	49979
ve.14.1407	50158
ve.14.1408	50159
ve.14.1409	50111
ve.14.1410	50127
ve.14.1411	49942
ve.14.1412	49938
ve.14.1413	49926
ve.14.1414	50093
ve.14.1415	50029
ve.14.1416	50099
ve.14.1417	49900
ve.14.1418	49896
ve.14.1419	50050
ve.14.1420	49880
ve.14.1421	49872
ve.14.1422	50104
ve.14.1423	50083
ve.15	49839
ve.15.1501	50012
ve.15.1502	50160
ve.15.1503	50161
ve.15.1504	49982
ve.15.1505	50056
ve.15.1506	50162
ve.15.1507	50046
ve.15.1508	49966
ve.15.1509	50069
ve.15.1510	49952
ve.15.1511	49947
ve.15.1512	49941
ve.15.1513	50072
ve.15.1514	49914
ve.15.1515	49910
ve.15.1516	50163
ve.15.1517	49902
ve.15.1518	50054
ve.15.1519	50043
ve.15.1520	49864
ve.15.1521	49857
ve.16	49838
ve.16.1601	50010
ve.16.1602	50080
ve.16.1603	49985
ve.16.1604	49976
ve.16.1605	49971
ve.16.1606	50075
ve.16.1607	50164
ve.16.1608	49930
ve.16.1609	49903
ve.16.1610	50165
ve.16.1611	50166
ve.16.1612	49883
ve.16.1613	50090
ve.17	49837
ve.17.1701	50167
ve.17.1702	49998
ve.17.1703	49964
ve.17.1704	50024
ve.17.1705	49954
ve.17.1706	49935
ve.17.1707	50168
ve.17.1708	49931
ve.17.1709	49906
ve.17.1710	49870
ve.17.1711	49859
ve.18	49836
ve.18.1801	50061
ve.18.1802	50001
ve.18.1803	49962
ve.18.1804	49951
ve.18.1805	49950
ve.18.1806	50026
ve.18.1807	49917
ve.18.1808	49915
ve.18.1809	50031
ve.18.1810	50120
ve.18.1811	50052
ve.18.1812	50025
ve.18.1813	49878
ve.18.1814	49868
ve.19	49835
ve.19.1901	50005
ve.19.1902	50169
ve.19.1903	49999
ve.19.1904	49990
ve.19.1905	49989
ve.19.1906	50023
ve.19.1907	50089
ve.19.1908	50060
ve.19.1909	49937
ve.19.1910	49932
ve.19.1911	49928
ve.19.1912	49922
ve.19.1913	49899
ve.19.1914	49875
ve.19.1915	50170
ve.20	49834
ve.20.2001	50171
ve.20.2002	50172
ve.20.2003	49994
ve.20.2004	49987
ve.20.2005	49977
ve.20.2006	49968
ve.20.2007	50173
ve.20.2008	50042
ve.20.2009	49957
ve.20.2010	50101
ve.20.2011	50174
ve.20.2012	49945
ve.20.2013	50176
ve.20.2014	49943
ve.20.2015	50175
ve.20.2016	49939
ve.20.2017	49936
ve.20.2018	49927
ve.20.2019	49911
ve.20.2020	49907
ve.20.2021	50125
ve.20.2022	50126
ve.20.2023	49890
ve.20.2024	50091
ve.20.2025	50030
ve.20.2026	49881
ve.20.2027	50177
ve.20.2028	49862
ve.20.2029	50131
ve.21	49833
ve.21.2101	50092
ve.21.2102	49988
ve.21.2103	50178
ve.21.2104	50179
ve.21.2105	49978
ve.21.2106	49963
ve.21.2107	50180
ve.21.2108	50041
ve.21.2109	50132
ve.21.2110	50062
ve.21.2111	50107
ve.21.2112	50036
ve.21.2113	50032
ve.21.2114	50181
ve.21.2115	50121
ve.21.2116	50182
ve.21.2117	50063
ve.21.2118	49871
ve.21.2119	49866
ve.21.2120	49860
ve.22	49832
ve.22.2201	50095
ve.22.2202	49984
ve.22.2203	49981
ve.22.2204	50115
ve.22.2205	50183
ve.22.2206	50098
ve.22.2207	50119
ve.22.2208	50087
ve.22.2209	49919
ve.22.2210	50071
ve.22.2211	49889
ve.22.2212	49876
ve.22.2213	49867
ve.22.2214	50112
ve.23	49831
ve.23.2301	50184
ve.23.2302	49993
ve.23.2303	50067
ve.23.2304	50085
ve.23.2305	49969
ve.23.2306	50185
ve.23.2307	50186
ve.23.2308	50133
ve.23.2309	50065
ve.23.2310	50077
ve.23.2311	50066
ve.23.2312	49934
ve.23.2313	49933
ve.23.2314	49925
ve.23.2315	49913
ve.23.2316	50187
ve.23.2317	50188
ve.23.2318	50189
ve.23.2319	50064
ve.23.2320	49879
ve.23.2321	50190
ve.24	49843
ve.25	49844
ve.25.0101	50124
ve.26	49855
ve.26.2401	50136
vi.010	50191
vi.010.04600	50194
vi.010.20800	50195
vi.010.31600	50196
vi.010.38800	50212
vi.010.59500	50213
vi.010.62200	50197
vi.010.71200	50198
vi.010.73900	50199
vi.010.75700	50200
vi.020	50192
vi.020.15400	50201
vi.020.27100	50202
vi.020.28900	50203
vi.020.33400	50204
vi.030	50193
vi.030.17200	50205
vi.030.34300	50206
vi.030.61300	50207
vi.030.74800	50208
vi.030.78400	50209
vi.030.82000	50210
vi.030.82900	50211
vn-01	50220
vn-02	50225
vn-03	50248
vn-04	50223
vn-05	50217
vn-06	50249
vn-07	50247
vn-09	50219
vn-13	50218
vn-14	50250
vn-18	50231
vn-20	50251
vn-21	50216
vn-22	50214
vn-23	50221
vn-24	50252
vn-25	50232
vn-26	50215
vn-27	50253
vn-28	50254
vn-29	50234
vn-30	50235
vn-31	50255
vn-32	50256
vn-33	50237
vn-34	50236
vn-35	50238
vn-36	50257
vn-37	50241
vn-39	50239
vn-40	50258
vn-41	50259
vn-43	50260
vn-44	50244
vn-45	50242
vn-46	50261
vn-47	50262
vn-49	50243
vn-50	50263
vn-51	50264
vn-52	50265
vn-53	50266
vn-54	50267
vn-55	50268
vn-56	50227
vn-57	50269
vn-58	50270
vn-59	50246
vn-61	50271
vn-63	50272
vn-66	50230
vn-67	50273
vn-68	50228
vn-69	50226
vn-70	50274
vn-71	50224
vn-72	50275
vn-73	50276
vn-ct	50245
vn-dn	50233
vn-hn	50222
vn-hp	50229
vn-sg	50240
vn.01	50222
vn.01.001	50536
vn.01.002	50542
vn.01.003	50544
vn.01.004	50897
vn.01.005	50537
vn.01.006	50539
vn.01.007	50541
vn.01.008	50898
vn.01.009	50546
vn.01.016	50543
vn.01.017	50538
vn.01.018	50540
vn.01.019	50976
vn.01.020	50545
vn.01.021	50995
vn.01.250	50722
vn.01.268	50452
vn.01.269	50453
vn.01.271	50461
vn.01.272	50460
vn.01.273	50459
vn.01.274	50456
vn.01.275	50457
vn.01.276	50458
vn.01.277	50455
vn.01.278	50454
vn.01.279	50462
vn.01.280	50463
vn.01.281	50464
vn.01.282	50465
vn.04	50223
vn.04.040	50848
vn.04.042	50888
vn.04.043	50666
vn.04.044	50664
vn.04.045	50665
vn.04.046	50659
vn.04.047	50660
vn.04.048	50661
vn.04.049	50973
vn.04.050	50929
vn.04.051	50658
vn.04.052	50663
vn.04.053	50662
vn.08	50247
vn.08.024	50442
vn.08.026	50447
vn.08.027	50448
vn.08.028	50445
vn.08.029	50446
vn.08.030	50443
vn.08.031	50444
vn.08.032	50450
vn.08.033	50449
vn.08.034	50451
vn.08.035	50883
vn.08.070	50850
vn.08.071	50884
vn.08.072	50855
vn.08.073	50854
vn.08.074	50853
vn.08.075	50852
vn.08.076	50851
vn.11	50224
vn.11.094	50515
vn.11.095	50519
vn.11.096	50885
vn.11.097	50886
vn.11.098	50518
vn.11.099	50517
vn.11.100	50994
vn.11.101	50516
vn.11.102	50887
vn.11.103	50998
vn.12	50220
vn.12.105	50988
vn.12.106	50881
vn.12.107	50522
vn.12.108	50520
vn.12.109	50521
vn.12.110	50431
vn.12.111	50972
vn.12.112	50971
vn.14	50217
vn.14.116	50493
vn.14.118	50495
vn.14.119	50496
vn.14.120	50494
vn.14.121	50499
vn.14.122	50501
vn.14.123	50502
vn.14.124	50500
vn.14.125	50498
vn.14.126	50497
vn.14.127	50918
vn.14.128	50991
vn.15	50225
vn.15.080	50423
vn.15.082	50426
vn.15.083	50427
vn.15.084	50882
vn.15.085	50428
vn.15.086	50424
vn.15.087	50429
vn.15.088	50425
vn.15.089	50430
vn.15.132	50805
vn.15.133	50806
vn.15.135	50811
vn.15.136	50810
vn.15.137	50813
vn.15.138	50807
vn.15.139	50812
vn.15.140	50808
vn.15.141	50809
vn.19	50226
vn.19.058	50857
vn.19.060	50878
vn.19.061	50816
vn.19.062	50817
vn.19.063	50814
vn.19.064	50815
vn.19.065	50879
vn.19.066	50818
vn.19.164	50847
vn.19.165	50650
vn.19.167	50654
vn.19.168	50655
vn.19.169	50656
vn.19.170	50657
vn.19.171	50653
vn.19.172	50652
vn.19.173	50651
vn.20	50219
vn.20.178	50680
vn.20.180	50690
vn.20.181	50689
vn.20.182	50681
vn.20.183	50682
vn.20.184	50683
vn.20.185	50688
vn.20.186	50687
vn.20.187	50684
vn.20.188	50685
vn.20.189	50686
vn.22	50218
vn.22.193	50523
vn.22.194	50533
vn.22.195	50524
vn.22.196	50525
vn.22.198	50531
vn.22.199	50530
vn.22.200	50892
vn.22.201	50532
vn.22.202	50529
vn.22.203	50534
vn.22.204	50528
vn.22.205	50526
vn.22.206	50527
vn.22.207	50535
vn.24	50227
vn.24.213	50856
vn.24.215	50620
vn.24.216	50618
vn.24.217	50617
vn.24.218	50621
vn.24.219	50622
vn.24.220	50623
vn.24.221	50616
vn.24.222	50615
vn.24.223	50619
vn.24.256	50609
vn.24.258	50610
vn.24.259	50611
vn.24.260	50612
vn.24.261	50873
vn.24.262	50614
vn.24.263	50613
vn.24.264	50877
vn.25	50228
vn.25.148	50432
vn.25.150	50434
vn.25.151	50433
vn.25.152	50437
vn.25.153	50438
vn.25.154	50889
vn.25.155	50436
vn.25.156	50435
vn.25.157	50439
vn.25.158	50441
vn.25.159	50440
vn.25.227	50726
vn.25.228	50727
vn.25.230	50735
vn.25.231	50734
vn.25.232	50729
vn.25.233	50728
vn.25.234	50733
vn.25.235	50730
vn.25.236	50731
vn.25.237	50930
vn.25.238	50732
vn.25.239	50986
vn.25.240	50893
vn.25.243	50720
vn.25.244	50987
vn.25.246	50725
vn.25.247	50895
vn.25.248	50721
vn.25.249	50896
vn.25.251	50723
vn.25.252	50724
vn.25.253	50894
vn.31	50229
vn.31.288	50828
vn.31.290	50839
vn.31.291	50837
vn.31.292	50838
vn.31.293	50836
vn.31.294	50835
vn.31.295	50829
vn.31.296	50830
vn.31.297	50831
vn.31.298	50834
vn.31.299	50833
vn.31.300	50832
vn.31.303	50849
vn.31.304	50504
vn.31.305	50503
vn.31.306	50974
vn.31.307	50505
vn.31.308	50506
vn.31.309	50891
vn.31.311	50508
vn.31.312	50507
vn.31.313	50509
vn.31.314	50510
vn.31.315	50511
vn.31.316	50512
vn.31.317	50513
vn.31.318	50514
vn.33	50230
vn.33.323	50846
vn.33.325	50993
vn.33.326	50984
vn.33.327	50985
vn.33.328	50845
vn.33.329	50843
vn.33.330	50844
vn.33.331	50841
vn.33.332	50840
vn.33.333	50842
vn.33.336	50485
vn.33.338	50491
vn.33.339	50492
vn.33.340	50487
vn.33.341	50490
vn.33.342	50489
vn.33.343	50488
vn.33.344	50486
vn.37	50231
vn.37.347	50784
vn.37.349	50785
vn.37.350	50786
vn.37.351	50787
vn.37.352	50788
vn.37.353	50789
vn.37.356	50774
vn.37.358	50775
vn.37.359	50776
vn.37.360	50777
vn.37.361	50783
vn.37.362	50778
vn.37.363	50779
vn.37.364	50780
vn.37.365	50781
vn.37.366	50782
vn.37.369	50558
vn.37.370	50562
vn.37.372	50565
vn.37.373	50564
vn.37.374	50563
vn.37.375	50561
vn.37.376	50559
vn.37.377	50560
vn.38	50216
vn.38.380	50566
vn.38.381	50587
vn.38.382	50572
vn.38.384	50592
vn.38.385	50591
vn.38.386	50589
vn.38.387	50590
vn.38.388	50581
vn.38.389	50580
vn.38.390	50582
vn.38.391	50588
vn.38.392	50586
vn.38.393	50583
vn.38.394	50576
vn.38.395	50578
vn.38.396	50579
vn.38.397	50577
vn.38.398	50575
vn.38.399	50573
vn.38.400	50584
vn.38.401	50585
vn.38.402	50570
vn.38.403	50569
vn.38.404	50568
vn.38.405	50574
vn.38.406	50571
vn.38.407	50567
vn.40	50214
vn.40.412	50466
vn.40.413	50470
vn.40.414	50899
vn.40.415	50482
vn.40.416	50481
vn.40.417	50484
vn.40.418	50483
vn.40.419	50479
vn.40.420	50480
vn.40.421	50478
vn.40.422	50476
vn.40.423	50477
vn.40.424	50475
vn.40.425	50471
vn.40.426	50472
vn.40.427	50473
vn.40.428	50474
vn.40.429	50469
vn.40.430	50468
vn.40.431	50467
vn.40.432	50900
vn.42	50221
vn.42.436	50736
vn.42.437	50743
vn.42.439	50745
vn.42.440	50744
vn.42.441	50901
vn.42.442	50742
vn.42.443	50741
vn.42.444	50739
vn.42.445	50740
vn.42.446	50737
vn.42.447	50738
vn.42.448	50977
vn.42.449	50978
vn.44	50232
vn.44.450	50602
vn.44.452	50608
vn.44.453	50607
vn.44.454	50606
vn.44.455	50605
vn.44.456	50604
vn.44.457	50603
vn.44.458	50992
vn.44.461	50593
vn.44.462	50597
vn.44.464	50601
vn.44.465	50595
vn.44.466	50600
vn.44.467	50594
vn.44.468	50599
vn.44.469	50598
vn.44.470	50596
vn.44.471	50902
vn.46	50215
vn.46.474	50790
vn.46.476	50794
vn.46.477	50793
vn.46.478	50792
vn.46.479	50791
vn.46.480	50795
vn.46.481	50796
vn.46.482	50798
vn.46.483	50797
vn.48	50233
vn.48.490	50627
vn.48.491	50624
vn.48.492	50859
vn.48.493	50625
vn.48.494	50626
vn.48.495	50903
vn.48.497	50628
vn.48.498	50629
vn.48.502	50667
vn.48.503	50668
vn.48.504	50906
vn.48.505	50905
vn.48.506	50673
vn.48.507	50672
vn.48.508	50671
vn.48.509	50670
vn.48.510	50674
vn.48.511	50675
vn.48.512	50676
vn.48.513	50669
vn.48.514	50677
vn.48.515	50907
vn.48.516	50679
vn.48.517	50678
vn.48.518	50908
vn.48.519	50904
vn.51	50234
vn.51.522	50761
vn.51.524	50764
vn.51.525	50765
vn.51.526	50909
vn.51.527	50763
vn.51.528	50762
vn.51.529	50767
vn.51.530	50766
vn.51.531	50768
vn.51.532	50769
vn.51.533	50770
vn.51.534	50772
vn.51.535	50771
vn.51.536	50773
vn.51.608	50754
vn.51.610	50760
vn.51.611	50759
vn.51.612	50757
vn.51.613	50756
vn.51.614	50911
vn.51.615	50755
vn.51.616	50758
vn.51.617	50910
vn.51.618	50997
vn.52	50235
vn.52.540	50700
vn.52.542	50710
vn.52.543	50707
vn.52.544	50709
vn.52.545	50706
vn.52.546	50708
vn.52.547	50704
vn.52.548	50705
vn.52.549	50702
vn.52.550	50701
vn.52.551	50703
vn.52.622	50392
vn.52.623	50401
vn.52.624	50399
vn.52.625	50403
vn.52.626	50915
vn.52.627	50393
vn.52.628	50394
vn.52.629	50402
vn.52.630	50400
vn.52.631	50395
vn.52.632	50396
vn.52.633	50397
vn.52.634	50916
vn.52.635	50914
vn.52.637	50398
vn.52.638	50913
vn.52.639	50912
vn.56	50236
vn.56.568	50746
vn.56.569	50748
vn.56.570	50931
vn.56.571	50752
vn.56.572	50751
vn.56.573	50750
vn.56.574	50747
vn.56.575	50749
vn.56.576	50753
vn.56.582	50388
vn.56.584	50925
vn.56.585	50391
vn.56.586	50389
vn.56.587	50390
vn.56.588	50979
vn.56.589	50933
vn.66	50237
vn.66.555	50799
vn.66.557	50803
vn.66.558	50804
vn.66.559	50802
vn.66.560	50801
vn.66.561	50800
vn.66.562	50981
vn.66.563	50980
vn.66.564	50919
vn.66.643	50404
vn.66.644	50921
vn.66.645	50870
vn.66.646	50408
vn.66.647	50407
vn.66.648	50867
vn.66.649	50868
vn.66.650	50869
vn.66.651	50865
vn.66.652	50866
vn.66.653	50863
vn.66.654	50864
vn.66.655	50862
vn.66.656	50860
vn.66.657	50920
vn.68	50238
vn.68.593	50711
vn.68.594	50934
vn.68.595	50715
vn.68.596	50714
vn.68.597	50713
vn.68.598	50712
vn.68.599	50717
vn.68.600	50718
vn.68.601	50716
vn.68.602	50719
vn.68.660	50932
vn.68.661	50922
vn.68.662	50871
vn.68.663	50861
vn.68.664	50406
vn.68.665	50924
vn.68.666	50405
vn.68.667	50923
vn.68.672	50547
vn.68.673	50548
vn.68.674	50280
vn.68.675	50557
vn.68.676	50556
vn.68.677	50555
vn.68.678	50554
vn.68.679	50553
vn.68.680	50549
vn.68.681	50550
vn.68.682	50551
vn.68.683	50552
vn.75	50239
vn.75.688	50637
vn.75.689	50943
vn.75.690	50635
vn.75.691	50940
vn.75.692	50636
vn.75.693	50941
vn.75.694	50939
vn.75.695	50634
vn.75.696	50638
vn.75.697	50942
vn.75.698	50944
vn.75.731	50691
vn.75.732	50696
vn.75.734	50699
vn.75.735	50692
vn.75.736	50698
vn.75.737	50938
vn.75.738	50693
vn.75.739	50937
vn.75.740	50694
vn.75.741	50697
vn.75.742	50695
vn.79	50240
vn.79.718	50630
vn.79.719	50945
vn.79.720	50947
vn.79.721	50633
vn.79.722	50890
vn.79.723	50632
vn.79.724	50946
vn.79.725	50631
vn.79.726	50277
vn.79.747	50329
vn.79.748	50330
vn.79.750	50332
vn.79.751	50334
vn.79.752	50880
vn.79.753	50333
vn.79.754	50331
vn.79.755	50335
vn.79.760	50307
vn.79.761	50318
vn.79.762	50323
vn.79.763	50315
vn.79.764	50322
vn.79.765	50321
vn.79.766	50320
vn.79.767	50917
vn.79.768	50319
vn.79.769	50308
vn.79.770	50309
vn.79.771	50316
vn.79.772	50317
vn.79.773	50310
vn.79.774	50311
vn.79.775	50312
vn.79.776	50314
vn.79.777	50990
vn.79.778	50313
vn.79.783	50325
vn.79.784	50324
vn.79.785	50326
vn.79.786	50327
vn.79.787	50328
vn.79.8336104	50872
vn.80	50241
vn.80.703	50298
vn.80.705	50306
vn.80.706	50305
vn.80.707	50304
vn.80.708	50300
vn.80.709	50299
vn.80.710	50302
vn.80.711	50301
vn.80.712	50303
vn.80.794	50409
vn.80.795	50948
vn.80.796	50421
vn.80.797	50422
vn.80.798	50420
vn.80.799	50419
vn.80.800	50416
vn.80.801	50417
vn.80.802	50418
vn.80.803	50414
vn.80.804	50415
vn.80.805	50411
vn.80.806	50412
vn.80.807	50413
vn.80.808	50410
vn.82	50242
vn.82.12166264	50999
vn.82.1574213	50278
vn.82.1577922	50279
vn.82.815	50289
vn.82.816	50290
vn.82.817	50949
vn.82.818	50295
vn.82.819	50297
vn.82.820	50296
vn.82.821	50294
vn.82.822	50293
vn.82.823	50292
vn.82.824	50291
vn.82.825	50950
vn.82.866	50365
vn.82.867	50366
vn.82.868	50952
vn.82.869	50375
vn.82.870	50374
vn.82.871	50373
vn.82.8714525	50955
vn.82.872	50371
vn.82.873	50370
vn.82.874	50372
vn.82.875	50369
vn.82.876	50368
vn.82.877	50367
vn.82.9289604	50953
vn.82.9289614	50954
vn.82.9289619	50956
vn.82.9289623	50957
vn.82.9289624	50958
vn.86	50243
vn.86.829	50288
vn.86.831	50284
vn.86.832	50283
vn.86.833	50282
vn.86.834	50285
vn.86.835	50286
vn.86.836	50287
vn.86.837	50281
vn.86.838	50960
vn.86.842	50343
vn.86.844	50345
vn.86.845	50347
vn.86.846	50348
vn.86.847	50344
vn.86.848	50346
vn.86.849	50349
vn.86.850	50350
vn.86.851	50982
vn.86.855	50336
vn.86.857	50337
vn.86.858	50338
vn.86.859	50341
vn.86.860	50339
vn.86.861	50340
vn.86.862	50342
vn.86.863	50959
vn.91	50244
vn.91.883	50639
vn.91.884	50640
vn.91.886	50649
vn.91.887	50648
vn.91.888	50644
vn.91.889	50645
vn.91.890	50647
vn.91.891	50646
vn.91.892	50642
vn.91.893	50643
vn.91.894	50641
vn.91.899	50376
vn.91.900	50385
vn.91.902	50926
vn.91.903	50384
vn.91.904	50379
vn.91.905	50377
vn.91.906	50378
vn.91.907	50380
vn.91.908	50381
vn.91.909	50382
vn.91.910	50383
vn.91.911	50387
vn.91.912	50386
vn.91.913	50951
vn.91.914	50975
vn.92	50245
vn.92.916	50358
vn.92.917	50360
vn.92.918	50961
vn.92.919	50935
vn.92.923	50361
vn.92.924	50965
vn.92.925	50964
vn.92.926	50962
vn.92.927	50963
vn.92.930	50967
vn.92.931	50966
vn.92.932	50936
vn.92.933	50359
vn.92.934	50362
vn.92.935	50363
vn.92.936	50364
vn.92.937	50989
vn.92.941	50351
vn.92.942	50996
vn.92.943	50353
vn.92.944	50354
vn.92.945	50969
vn.92.946	50352
vn.92.947	50355
vn.92.948	50927
vn.92.949	50356
vn.92.950	50357
vn.92.951	50968
vn.96	50246
vn.96.954	50858
vn.96.956	50820
vn.96.957	50874
vn.96.958	50875
vn.96.959	50819
vn.96.960	50876
vn.96.961	50983
vn.96.964	50821
vn.96.966	50823
vn.96.967	50822
vn.96.968	50824
vn.96.969	50825
vn.96.970	50826
vn.96.971	50928
vn.96.972	50970
vn.96.973	50827
vu-map	51003
vu-pam	51004
vu-sam	51001
vu-see	51005
vu-tae	51000
vu-tob	51002
vu.07	51002
vu.13	51001
vu.15	51000
vu.16	51003
vu.17	51004
vu.18	51005
wf-al	51008
wf-sg	51007
wf-uv	51006
wf.98611	51008
wf.98611.1	51012
wf.98612	51007
wf.98612.2	51013
wf.98613	51006
wf.98613.5	51009
wf.98613.6	51010
wf.98613.7	51011
ws-aa	51024
ws-al	51023
ws-at	51022
ws-fa	51021
ws-ge	51020
ws-gi	51019
ws-pa	51018
ws-sa	51017
ws-tu	51016
ws-vf	51015
ws-vs	51014
ws.01	51024
ws.01.7669209	51032
ws.01.7669210	51033
ws.01.7669212	51034
ws.02	51023
ws.02.7669213	51035
ws.03	51022
ws.03.4035421	51025
ws.03.7668017	51026
ws.03.7668018	51027
ws.04	51021
ws.05	51020
ws.06	51015
ws.07	51019
ws.08	51018
ws.09	51017
ws.10	51016
ws.10.10629989	51038
ws.10.7669205	51028
ws.10.7669206	51029
ws.10.7669207	51030
ws.10.7669208	51031
ws.10.7669216	51036
ws.10.7669218	51037
ws.11	51014
xk.10096138	51039
xk.10096138.03	51048
xk.10096138.09	51061
xk.10096138.23	51069
xk.10096138.24	51070
xk.10096138.32	51077
xk.10096859	51040
xk.10096859.01	51066
xk.10096859.05	51067
xk.10096859.22	51056
xk.10096859.33	51078
xk.10097357	51041
xk.10097357.06	51063
xk.10097357.10	51059
xk.10097357.27	51047
xk.10097357.34	51079
xk.10097357.36	51081
xk.10097357.37	51082
xk.10097358	51042
xk.10097358.12	51058
xk.10097358.15	51049
xk.10097358.25	51051
xk.10097358.28	51046
xk.10097358.29	51074
xk.10097358.30	51075
xk.10097358.38	51083
xk.10097359	51043
xk.10097359.08	51062
xk.10097359.11	51060
xk.10097359.18	51055
xk.10097360	51044
xk.10097360.04	51068
xk.10097360.07	51064
xk.10097360.13	51057
xk.10097360.16	51071
xk.10097360.17	51072
xk.10097360.19	51054
xk.10097360.20	51053
xk.10097360.31	51076
xk.10097361	51045
xk.10097361.02	51065
xk.10097361.14	51073
xk.10097361.21	51052
xk.10097361.26	51050
xk.10097361.35	51080
ye-ab	51098
ye-ad	51097
ye-am	51100
ye-ba	51096
ye-da	51099
ye-dh	51093
ye-hd	51092
ye-hj	51101
ye-hu	51095
ye-ib	51102
ye-ja	51091
ye-la	51103
ye-ma	51089
ye-mr	51094
ye-mw	51090
ye-ra	51088
ye-sa	51104
ye-sd	51087
ye-sh	51085
ye-sn	51086
ye-su	51105
ye-ta	51084
ye.01	51098
ye.01.1201	51203
ye.01.1202	51202
ye.01.1203	51205
ye.01.1204	51207
ye.01.1205	51206
ye.01.1206	51204
ye.01.1207	51210
ye.01.1208	51208
ye.01.1209	51201
ye.01.1210	51211
ye.01.1211	51209
ye.02	51097
ye.02.2401	51372
ye.02.2402	51374
ye.02.2403	51373
ye.02.2404	51370
ye.02.2405	51368
ye.02.2406	51375
ye.02.2407	51369
ye.02.2408	51371
ye.03	51094
ye.03.2801	51407
ye.03.2802	51409
ye.03.2803	51411
ye.03.2804	51410
ye.03.2805	51414
ye.03.2806	51415
ye.03.2807	51408
ye.03.2808	51413
ye.03.2809	51412
ye.04	51092
ye.04.1901	51320
ye.04.1902	51314
ye.04.1903	51315
ye.04.1904	51316
ye.04.1905	51318
ye.04.1906	51322
ye.04.1907	51321
ye.04.1908	51299
ye.04.1909	51300
ye.04.1910	51312
ye.04.1911	51319
ye.04.1912	51317
ye.04.1913	51304
ye.04.1914	51306
ye.04.1915	51307
ye.04.1916	51301
ye.04.1917	51308
ye.04.1918	51305
ye.04.1919	51302
ye.04.1920	51170
ye.04.1921	51303
ye.04.1922	51295
ye.04.1923	51297
ye.04.1924	51298
ye.04.1925	51310
ye.04.1928	51130
ye.04.1929	51311
ye.04.1930	51296
ye.05	51085
ye.05.2101	51342
ye.05.2102	51346
ye.05.2103	51344
ye.05.2104	51343
ye.05.2105	51172
ye.05.2106	51345
ye.05.2107	51335
ye.05.2108	51339
ye.05.2109	51340
ye.05.2110	51334
ye.05.2111	51337
ye.05.2112	51341
ye.05.2113	51332
ye.05.2114	51336
ye.05.2115	51347
ye.05.2116	51338
ye.05.2117	51333
ye.08	51095
ye.08.1801	51286
ye.08.1802	51294
ye.08.1803	51284
ye.08.1804	51168
ye.08.1805	51164
ye.08.1806	51293
ye.08.1807	51106
ye.08.1808	51292
ye.08.1809	51287
ye.08.1810	51140
ye.08.1811	51291
ye.08.1812	51283
ye.08.1813	51166
ye.08.1814	51165
ye.08.1815	51281
ye.08.1816	51285
ye.08.1817	51137
ye.08.1818	51169
ye.08.1819	51288
ye.08.1820	51125
ye.08.1821	51167
ye.08.1822	51280
ye.08.1823	51290
ye.08.1824	51107
ye.08.1825	51282
ye.08.1826	51289
ye.10	51090
ye.10.2701	51127
ye.10.2702	51111
ye.10.2703	51403
ye.10.2704	51402
ye.10.2705	51406
ye.10.2706	51405
ye.10.2707	51401
ye.10.2708	51404
ye.10.2709	51400
ye.11	51093
ye.11.2001	51324
ye.11.2002	51327
ye.11.2003	51329
ye.11.2004	51326
ye.11.2005	51331
ye.11.2006	51325
ye.11.2007	51330
ye.11.2008	51136
ye.11.2009	51323
ye.11.2010	51141
ye.11.2011	51171
ye.11.2012	51328
ye.14	51089
ye.14.2601	51391
ye.14.2602	51393
ye.14.2603	51392
ye.14.2604	51180
ye.14.2605	51389
ye.14.2606	51394
ye.14.2607	51399
ye.14.2608	51398
ye.14.2609	51131
ye.14.2610	51396
ye.14.2611	51395
ye.14.2612	51123
ye.14.2613	51390
ye.14.2614	51397
ye.15	51087
ye.15.2201	51351
ye.15.2202	51175
ye.15.2203	51176
ye.15.2204	51174
ye.15.2205	51119
ye.15.2206	51349
ye.15.2207	51348
ye.15.2208	51143
ye.15.2209	51350
ye.15.2210	51353
ye.15.2211	51116
ye.15.2212	51352
ye.15.2213	51173
ye.15.2214	51354
ye.15.2215	51117
ye.16	51086
ye.16.2301	51133
ye.16.2302	51177
ye.16.2303	51355
ye.16.2304	51365
ye.16.2305	51115
ye.16.2306	51359
ye.16.2307	51356
ye.16.2308	51366
ye.16.2309	51360
ye.16.2310	51361
ye.16.2311	51367
ye.16.2312	51364
ye.16.2313	51357
ye.16.2314	51363
ye.16.2315	51358
ye.16.2316	51362
ye.18	51099
ye.18.3001	51435
ye.18.3002	51433
ye.18.3003	51189
ye.18.3004	51436
ye.18.3005	51431
ye.18.3006	51430
ye.18.3007	51432
ye.18.3008	51434
ye.18.3009	51188
ye.19	51100
ye.19.2901	51181
ye.19.2902	51129
ye.19.2903	51417
ye.19.2904	51424
ye.19.2905	51114
ye.19.2906	51420
ye.19.2907	51418
ye.19.2908	51423
ye.19.2909	51429
ye.19.2910	51427
ye.19.2911	51182
ye.19.2912	51416
ye.19.2913	51422
ye.19.2914	51426
ye.19.2915	51142
ye.19.2916	51425
ye.19.2917	51421
ye.19.2918	51428
ye.19.2919	51126
ye.19.2920	51419
ye.20	51096
ye.20.1401	51225
ye.20.1402	51227
ye.20.1403	51234
ye.20.1404	51236
ye.20.1405	51237
ye.20.1406	51231
ye.20.1407	51229
ye.20.1408	51226
ye.20.1409	51232
ye.20.1410	51138
ye.20.1411	51228
ye.20.1412	51230
ye.20.1413	51118
ye.20.1414	51223
ye.20.1415	51222
ye.20.1416	51235
ye.20.1417	51221
ye.20.1418	51224
ye.20.1419	51113
ye.20.1420	51233
ye.21	51091
ye.21.1601	51258
ye.21.1602	51259
ye.21.1603	51255
ye.21.1604	51157
ye.21.1605	51252
ye.21.1606	51254
ye.21.1607	51256
ye.21.1608	51257
ye.21.1609	51253
ye.21.1610	51139
ye.21.1611	51260
ye.21.1612	51158
ye.22	51101
ye.22.1701	51278
ye.22.1702	51132
ye.22.1703	51160
ye.22.1704	51144
ye.22.1705	51161
ye.22.1706	51262
ye.22.1707	51279
ye.22.1708	51276
ye.22.1709	51266
ye.22.1710	51272
ye.22.1711	51268
ye.22.1712	51277
ye.22.1713	51145
ye.22.1714	51275
ye.22.1715	51159
ye.22.1716	51274
ye.22.1717	51149
ye.22.1718	51265
ye.22.1719	51267
ye.22.1720	51273
ye.22.1721	51269
ye.22.1722	51261
ye.22.1723	51264
ye.22.1724	51146
ye.22.1725	51271
ye.22.1726	51270
ye.22.1727	51162
ye.22.1728	51134
ye.22.1729	51163
ye.22.1730	51109
ye.22.1731	51263
ye.23	51102
ye.23.1101	51148
ye.23.1102	51108
ye.23.1103	51184
ye.23.1104	51120
ye.23.1105	51183
ye.23.1106	51185
ye.23.1107	51124
ye.23.1108	51198
ye.23.1109	51147
ye.23.1110	51187
ye.23.1111	51110
ye.23.1112	51199
ye.23.1113	51200
ye.23.1114	51197
ye.23.1115	51195
ye.23.1116	51135
ye.23.1117	51186
ye.23.1118	51196
ye.23.1119	51194
ye.23.1120	51128
ye.24	51103
ye.24.2501	51386
ye.24.2502	51384
ye.24.2503	51383
ye.24.2504	51379
ye.24.2505	51378
ye.24.2506	51380
ye.24.2507	51382
ye.24.2508	51381
ye.24.2509	51385
ye.24.2510	51179
ye.24.2511	51376
ye.24.2512	51387
ye.24.2513	51388
ye.24.2514	51377
ye.24.2515	51178
ye.25	51084
ye.25.1501	51122
ye.25.1502	51112
ye.25.1503	51251
ye.25.1504	51249
ye.25.1505	51250
ye.25.1506	51121
ye.25.1507	51244
ye.25.1508	51248
ye.25.1509	51156
ye.25.1510	51238
ye.25.1511	51153
ye.25.1512	51152
ye.25.1513	51154
ye.25.1514	51240
ye.25.1515	51155
ye.25.1516	51239
ye.25.1517	51241
ye.25.1518	51247
ye.25.1519	51245
ye.25.1520	51246
ye.25.1521	51242
ye.25.1522	51243
ye.25.1523	51151
ye.26	51104
ye.26.1301	51213
ye.26.1302	51218
ye.26.1303	51219
ye.26.1304	51215
ye.26.1305	51217
ye.26.1306	51212
ye.26.1307	51220
ye.26.1308	51216
ye.26.1309	51214
ye.26.1310	51150
ye.27	51088
ye.27.3101	51437
ye.27.3102	51190
ye.27.3103	51193
ye.27.3104	51192
ye.27.3105	51191
ye.27.3106	51438
ye.28	51105
ye.28.1926	51313
ye.28.1927	51309
yt.97601	51439
yt.97602	51440
yt.97603	51441
yt.97604	51442
yt.97605	51443
yt.97606	51444
yt.97607	51445
yt.97608	51446
yt.97609	51447
yt.97610	51448
yt.97611	51449
yt.97612	51450
yt.97613	51451
yt.97614	51452
yt.97615	51453
yt.97616	51454
yt.97617	51455
za-ec	51458
za-fs	51456
za-gp	51459
za-kzn	51457
za-lp	51462
za-mp	51460
za-nc	51461
za-nw	51463
za-wc	51464
za.02	51457
za.02.dc21	51491
za.02.dc22	51492
za.02.dc23	51493
za.02.dc24	51494
za.02.dc25	51473
za.02.dc26	51495
za.02.dc27	51516
za.02.dc28	51496
za.02.dc29	51497
za.02.dc43	51506
za.02.eth	51466
za.03	51456
za.03.dc16	51487
za.03.dc18	51488
za.03.dc19	51489
za.03.dc20	51490
za.03.man	51514
za.05	51458
za.05.buf	51468
za.05.dc10	51469
za.05.dc12	51470
za.05.dc13	51471
za.05.dc14	51485
za.05.dc15	51486
za.05.dc44	51479
za.05.nma	51515
za.06	51459
za.06.dc42	51505
za.06.dc48	51509
za.06.eku	51481
za.06.jhb	51482
za.06.tsh	51483
za.07	51460
za.07.dc30	51499
za.07.dc31	51500
za.07.dc32	51465
za.08	51461
za.08.dc45	51507
za.08.dc6	51510
za.08.dc7	51511
za.08.dc8	51512
za.08.dc9	51513
za.09	51462
za.09.dc33	51501
za.09.dc34	51502
za.09.dc35	51474
za.09.dc36	51503
za.09.dc47	51508
za.10	51463
za.10.dc37	51475
za.10.dc38	51504
za.10.dc39	51476
za.10.dc40	51478
za.11	51464
za.11.cpt	51467
za.11.dc1	51484
za.11.dc2	51472
za.11.dc3	51498
za.11.dc4	51477
za.11.dc5	51480
zm-01	51517
zm-02	51525
zm-03	51523
zm-04	51522
zm-05	51520
zm-06	51519
zm-07	51518
zm-08	51524
zm-09	51521
zm-10	51526
zm.01	51517
zm.01.10801800	51600
zm.01.10814741	51602
zm.01.10815319	51603
zm.01.10815320	51604
zm.01.10815321	51605
zm.01.10815322	51606
zm.01.10815323	51607
zm.01.10815324	51608
zm.01.10815325	51609
zm.01.10815326	51610
zm.01.898902	51534
zm.01.898945	51536
zm.01.906052	51548
zm.01.909482	51555
zm.01.913321	51563
zm.01.915468	51566
zm.02	51525
zm.02.10815856	51618
zm.02.10815857	51619
zm.02.10815858	51620
zm.02.10815859	51621
zm.02.13429164	51632
zm.02.8285556	51586
zm.02.8714549	51588
zm.02.898909	51535
zm.02.904420	51544
zm.02.906219	51549
zm.02.916077	51567
zm.02.916082	51568
zm.03	51523
zm.03.10800895	51595
zm.03.10815860	51622
zm.03.10815861	51623
zm.03.7732619	51581
zm.03.899821	51538
zm.03.909296	51554
zm.03.912053	51560
zm.03.918699	51573
zm.03.921026	51578
zm.04	51522
zm.04.10800891	51593
zm.04.10800892	51594
zm.04.10815862	51624
zm.04.10815863	51625
zm.04.10815864	51626
zm.04.10815865	51627
zm.04.175497	51527
zm.04.176553	51530
zm.04.899273	51537
zm.04.902718	51543
zm.04.907767	51551
zm.05	51520
zm.05.10800890	51592
zm.05.10815866	51628
zm.05.175966	51528
zm.05.176143	51529
zm.05.176756	51531
zm.05.8260556	51584
zm.05.8260557	51585
zm.05.908911	51552
zm.05.912763	51562
zm.06	51519
zm.06.10801775	51597
zm.06.10801797	51598
zm.06.10801798	51599
zm.06.10814730	51601
zm.06.895952	51532
zm.06.897041	51533
zm.06.902616	51542
zm.06.912623	51561
zm.06.916244	51569
zm.07	51518
zm.07.10815849	51611
zm.07.10815850	51612
zm.07.10815851	51613
zm.07.7671219	51579
zm.07.8260555	51583
zm.07.8714550	51589
zm.07.901764	51541
zm.07.906042	51547
zm.07.907108	51550
zm.07.9072525	51591
zm.07.910107	51558
zm.07.915082	51565
zm.07.917010	51571
zm.07.917743	51572
zm.08	51524
zm.08.10801768	51596
zm.08.13429166	51634
zm.08.8285557	51587
zm.08.901339	51539
zm.08.901342	51540
zm.08.905389	51545
zm.08.9072524	51590
zm.08.909857	51556
zm.08.911144	51559
zm.08.914956	51564
zm.08.919006	51575
zm.08.919540	51576
zm.09	51521
zm.09.10815852	51614
zm.09.10815853	51615
zm.09.10815854	51616
zm.09.10815855	51617
zm.09.13429165	51633
zm.09.7671220	51580
zm.09.7910080	51582
zm.09.909134	51553
zm.09.909886	51557
zm.10	51526
zm.10.11169206	51629
zm.10.11169207	51630
zm.10.11169209	51631
zm.10.905843	51546
zm.10.916666	51570
zm.10.918903	51574
zm.10.920896	51577
zw-bu	51643
zw-ha	51644
zw-ma	51642
zw-mc	51641
zw-me	51640
zw-mi	51635
zw-mn	51637
zw-ms	51636
zw-mv	51638
zw-mw	51639
zw.01	51642
zw.01.11204515	51706
zw.01.883480	51652
zw.01.884977	51658
zw.01.884978	51659
zw.01.887718	51667
zw.01.893548	51687
zw.01.893811	51688
zw.01.894711	51694
zw.02	51635
zw.02.8260609	51700
zw.02.878548	51645
zw.02.881163	51648
zw.02.886328	51662
zw.02.888708	51670
zw.02.890420	51677
zw.02.890981	51682
zw.02.893405	51685
zw.03	51641
zw.03.881344	51649
zw.03.882083	51651
zw.03.886383	51663
zw.03.890599	51680
zw.03.892597	51683
zw.03.894459	51691
zw.03.895060	51697
zw.04	51640
zw.04.10800411	51704
zw.04.879178	51646
zw.04.881519	51650
zw.04.884926	51657
zw.04.885172	51660
zw.04.885457	51661
zw.04.886989	51666
zw.04.890848	51681
zw.04.894293	51690
zw.05	51639
zw.05.10800410	51703
zw.05.887723	51668
zw.05.889214	51671
zw.05.889452	51672
zw.05.889953	51675
zw.05.894238	51689
zw.06	51637
zw.06.10800412	51705
zw.06.883763	51653
zw.06.884216	51654
zw.06.888223	51669
zw.06.889941	51674
zw.06.894741	51695
zw.06.895055	51696
zw.07	51636
zw.07.10800403	51702
zw.07.879611	51647
zw.07.886636	51664
zw.07.889793	51673
zw.07.890515	51678
zw.07.894702	51693
zw.07.895268	51699
zw.08	51638
zw.08.10172877	51701
zw.08.884594	51655
zw.08.884756	51656
zw.08.886762	51665
zw.08.890589	51679
zw.08.893171	51684
zw.08.893482	51686
zw.08.895080	51698
zw.09	51643
zw.09.894700	51692
zw.10	51644
zw.10.890298	51676
