 !k	0	1
" "" "	1	1
" ""s"	2	1
 #1	3	1
 #2	4	1
 #3	5	1
 & 	6	9
 'a	15	147
 'e	162	2
 'i	164	8
 'l	172	2
 'o	174	4
 's	178	1
 'u	179	9
 ( 	188	1
 (a	189	1
 (b	190	2
 (c	192	7
 (d	199	3
 (e	202	1
 (f	203	1
 (h	204	44
 (i	248	3
 (j	251	2
 (k	253	5
 (l	258	16
 (m	274	2
 (n	276	6
 (o	282	2
 (p	284	9
 (q	293	2
 (r	295	1
 (s	296	8
 (t	304	11
 (v	315	3
 (w	318	2
 (y	320	1
 (z	321	1
 ) 	322	2
 + 	324	10
 - 	334	90
 --	424	1
 -d	425	4
 -m	429	1
 / 	430	35
 //	465	3
 00	468	17
 01	485	60
 02	545	61
 03	606	64
 04	670	66
 05	736	71
 06	807	66
 07	873	58
 08	931	57
 09	988	51
 1 	1039	24
 10	1063	94
 11	1157	75
 12	1232	77
 13	1309	67
 14	1376	54
 15	1430	56
 16	1486	49
 17	1535	38
 18	1573	46
 19	1619	39
 1e	1658	1
 1r	1659	1
 2 	1660	22
 20	1682	66
 21	1748	57
 22	1805	51
 23	1856	34
 24	1890	33
 25	1923	31
 26	1954	25
 27	1979	27
 28	2006	26
 29	2032	17
 2a	2049	1
 2b	2050	1
 2e	2051	1
 3 	2052	18
 30	2070	40
 31	2110	49
 32	2159	38
 33	2197	32
 34	2229	26
 35	2255	18
 36	2273	16
 37	2289	22
 38	2311	13
 39	2324	19
 3e	2343	1
 3r	2344	1
 4 	2345	18
 40	2363	39
 41	2402	33
 42	2435	38
 43	2473	31
 44	2504	19
 45	2523	19
 46	2542	22
 47	2564	14
 48	2578	11
 49	2589	17
 4e	2606	1
 5 	2607	19
 50	2626	22
 51	2648	18
 52	2666	20
 53	2686	16
 54	2702	8
 55	2710	12
 56	2722	11
 57	2733	9
 58	2742	10
 59	2752	7
 5e	2759	1
 6 	2760	16
 60	2776	15
 61	2791	13
 62	2804	10
 63	2814	15
 64	2829	15
 65	2844	7
 66	2851	7
 67	2858	8
 68	2866	7
 69	2873	7
 6a	2880	1
 6e	2881	1
 6t	2882	1
 7 	2883	16
 70	2899	11
 71	2910	17
 72	2927	12
 73	2939	5
 74	2944	6
 75	2950	6
 76	2956	5
 77	2961	6
 78	2967	5
 79	2972	7
 7e	2979	1
 7m	2980	1
 7t	2981	1
 8 	2982	16
 80	2998	20
 81	3018	16
 82	3034	6
 83	3040	5
 84	3045	5
 85	3050	3
 86	3053	3
 87	3056	3
 88	3059	2
 89	3061	3
 8e	3064	1
 8t	3065	1
 9 	3066	15
 90	3081	2
 91	3083	4
 92	3087	5
 93	3092	3
 94	3095	3
 95	3098	4
 96	3102	2
 97	3104	6
 98	3110	1
 99	3111	2
 9e	3113	1
 @`	3114	5
 @b	3119	16
 @d	3135	9
 @f	3144	1
 @g	3145	1
 @i	3146	1
 @j	3147	3
 @k	3150	38
 @l	3188	9
 @m	3197	3
 @n	3200	14
 @q	3214	3
 @r	3217	5
 @s	3222	12
 @t	3234	7
 @u	3241	2
 @w	3243	1
 @y	3244	39
 @z	3283	2
 [r	3285	1
 `.	3286	1
 `a	3287	6
 `b	3293	15
 `d	3308	5
 `e	3313	1
 `f	3314	2
 `i	3316	1
 `j	3317	4
 `k	3321	3
 `l	3324	17
 `m	3341	890
 `n	4231	6
 `q	4237	5
 `r	4242	8
 `s	4250	5
 `t	4255	6
 `w	4261	3
 `y	4264	56
 `z	4320	5
 a 	4325	67
 a'	4392	8
 a.	4400	4
 a/	4404	3
 aa	4407	40
 ab	4447	254
 ac	4701	168
 ad	4869	310
 ae	5179	86
 af	5265	646
 ag	5911	817
 ah	6728	106
 ai	6834	427
 aj	7261	24
 ak	7285	250
 al	7535	2661
 am	10196	571
 an	10767	1910
 ao	12677	219
 ap	12896	118
 aq	13014	61
 ar	13075	1809
 as	14884	425
 at	15309	381
 au	15690	1092
 av	16782	144
 aw	16926	35
 ax	16961	28
 ay	16989	116
 az	17105	234
 b 	17339	22
 b&	17361	1
 b'	17362	3
 b.	17365	1
 b@	17366	2
 b`	17368	8
 ba	17376	3793
 bb	21169	30
 bc	21199	8
 bd	21207	251
 be	21458	1246
 bf	22704	64
 bg	22768	378
 bh	23146	141
 bi	23287	767
 bj	24054	127
 bk	24181	15
 bl	24196	329
 bm	24525	22
 bn	24547	122
 bo	24669	1332
 bp	26001	2
 bq	26003	10
 br	26013	6288
 bs	32301	57
 bt	32358	58
 bu	32416	1431
 bv	33847	2
 bw	33849	150
 by	33999	234
 bz	34233	12
 c 	34245	20
 c-	34265	1
 c.	34266	5
 c`	34271	1
 ca	34272	4761
 cb	39033	4
 cc	39037	94
 cd	39131	221
 ce	39352	972
 cf	40324	93
 cg	40417	103
 ch	40520	2684
 ci	43204	638
 cj	43842	1
 ck	43843	21
 cl	43864	375
 cm	44239	83
 cn	44322	405
 co	44727	6765
 cp	51492	63
 cq	51555	2
 cr	51557	1014
 cs	52571	14
 ct	52585	13
 cu	52598	571
 cv	53169	58
 cw	53227	3
 cy	53230	633
 cz	53863	121
 d 	53984	17
 d'	54001	206
 d.	54207	4
 d`	54211	13
 da	54224	1328
 db	55552	12
 dc	55564	3
 dd	55567	11
 de	55578	8785
 df	64363	2
 dg	64365	2
 dh	64367	107
 di	64474	6754
 dj	71228	53
 dk	71281	121
 dl	71402	121
 dm	71523	29
 dn	71552	127
 do	71679	2475
 dq	74154	3
 dr	74157	142
 ds	74299	14
 dt	74313	2
 du	74315	523
 dv	74838	7
 dw	74845	22
 dy	74867	50
 dz	74917	662
 e 	75579	105
 e.	75684	1
 e`	75685	1
 ea	75686	363
 eb	76049	22
 ec	76071	298
 ed	76369	76
 ee	76445	102
 ef	76547	11
 eg	76558	182
 eh	76740	25
 ei	76765	25
 ej	76790	5
 ek	76795	105
 el	76900	562
 em	77462	155
 en	77617	326
 eo	77943	4
 ep	77947	34
 eq	77981	68
 er	78049	215
 es	78264	695
 et	78959	217
 eu	79176	28
 ev	79204	34
 ew	79238	12
 ex	79250	11
 ey	79261	14
 ez	79275	11
 f 	79286	11
 f.	79297	3
 fa	79300	466
 fc	79766	2
 fd	79768	2
 fe	79770	2960
 ff	82730	1
 fg	82731	1
 fh	82732	5
 fi	82737	225
 fj	82962	24
 fk	82986	7
 fl	82993	173
 fm	83166	86
 fn	83252	3
 fo	83255	195
 fp	83450	2
 fq	83452	2
 fr	83454	572
 fs	84026	89
 ft	84115	2
 fu	84117	211
 fv	84328	1
 fw	84329	10
 fy	84339	28
 g 	84367	13
 g'	84380	6
 g.	84386	1
 g@	84387	3
 g`	84390	6
 ga	84396	742
 gb	85138	240
 gc	85378	3
 gd	85381	18
 ge	85399	1546
 gf	86945	2
 gg	86947	13
 gh	86960	455
 gi	87415	396
 gj	87811	28
 gk	87839	2
 gl	87841	74
 gm	87915	49
 gn	87964	153
 go	88117	1489
 gp	89606	6
 gq	89612	43
 gr	89655	1724
 gs	91379	2
 gt	91381	364
 gu	91745	1551
 gv	93296	5
 gw	93301	89
 gx	93390	1
 gy	93391	107
 gz	93498	8
 h 	93506	10
 h'	93516	8
 h-	93524	1
 h`	93525	1
 ha	93526	1275
 hb	94801	7
 hc	94808	1
 hd	94809	11
 he	94820	383
 hf	95203	5
 hg	95208	1
 hh	95209	11
 hi	95220	418
 hj	95638	13
 hk	95651	22
 hl	95673	25
 hm	95698	38
 hn	95736	361
 ho	96097	972
 hp	97069	4
 hq	97073	2
 hr	97075	656
 hs	97731	17
 ht	97748	56
 hu	97804	813
 hv	98617	3
 hw	98620	68
 hy	98688	60
 hz	98748	3
 i 	98751	48
 i.	98799	8
 i@	98807	1
 ia	98808	227
 ib	99035	483
 ic	99518	101
 id	99619	641
 ie	100260	48
 if	100308	10
 ig	100318	263
 ih	100581	18
 ii	100599	25
 ij	100624	371
 ik	100995	22
 il	101017	1065
 im	102082	109
 in	102191	1698
 io	103889	124
 ip	104013	47
 iq	104060	144
 ir	104204	778
 is	104982	1026
 it	106008	253
 iu	106261	27
 iv	106288	77
 iw	106365	49
 ix	106414	40
 iy	106454	2
 iz	106456	77
 j 	106533	7
 j.	106540	1
 j`	106541	4
 ja	106545	3089
 jb	109634	13
 jd	109647	4
 je	109651	324
 jg	109975	4
 jh	109979	43
 ji	110022	533
 jj	110555	1
 jk	110556	4
 jl	110560	16
 jm	110576	852
 jn	111428	28
 jo	111456	542
 jp	111998	1238
 jr	113236	14
 js	113250	6
 jt	113256	2
 ju	113258	845
 jv	114103	2
 jw	114105	15
 jx	114120	1
 jy	114121	11
 jz	114132	5
 k 	114137	8
 k'	114145	107
 k`	114252	12
 ka	114264	2189
 kb	116453	13
 kc	116466	3
 kd	116469	13
 ke	116482	691
 kf	117173	7
 kg	117180	67
 kh	117247	1041
 ki	118288	745
 kk	119033	5
 kl	119038	88
 km	119126	28
 kn	119154	65
 ko	119219	1859
 kp	121078	218
 kr	121296	1143
 ks	122439	25
 kt	122464	7
 ku	122471	589
 kv	123060	11
 kw	123071	192
 ky	123263	167
 kz	123430	301
 l 	123731	18
 l'	123749	47
 l-	123796	9
 l.	123805	1
 l`	123806	77
 la	123883	3205
 lb	127088	380
 lc	127468	560
 ld	128028	68
 le	128096	866
 lf	128962	25
 lg	128987	40
 lh	129027	82
 li	129109	993
 lj	130102	85
 lk	130187	92
 ll	130279	252
 lm	130531	141
 ln	130672	41
 lo	130713	755
 lp	131468	5
 lq	131473	68
 lr	131541	286
 ls	131827	173
 lt	132000	114
 lu	132114	1236
 lv	133350	639
 lw	133989	95
 lx	134084	1
 ly	134085	65
 lz	134150	35
 m 	134185	24
 m'	134209	28
 m.	134237	1
 m@	134238	3
 m`	134241	228
 ma	134469	4620
 mb	139089	37
 mc	139126	63
 md	139189	241
 me	139430	3269
 mf	142699	4
 mg	142703	166
 mh	142869	434
 mi	143303	2392
 mj	145695	9
 mk	145704	146
 ml	145850	158
 mm	146008	136
 mn	146144	578
 mo	146722	1880
 mp	148602	37
 mq	148639	10
 mr	148649	245
 ms	148894	41
 mt	148935	112
 mu	149047	4740
 mv	153787	24
 mw	153811	69
 mx	153880	2511
 my	156391	346
 mz	156737	183
 n 	156920	17
 n'	156937	6
 n.	156943	3
 n`	156946	3
 na	156949	1279
 nb	158228	16
 nc	158244	43
 nd	158287	31
 ne	158318	1806
 nf	160124	3
 ng	160127	1002
 nh	161129	29
 ni	161158	1604
 nj	162762	20
 nk	162782	29
 nl	162811	367
 nm	163178	19
 nn	163197	10
 no	163207	3451
 np	166658	102
 nq	166760	8
 nr	166768	21
 ns	166789	21
 nt	166810	16
 nu	166826	245
 nv	167071	4
 nw	167075	35
 nx	167110	2
 ny	167112	79
 nz	167191	99
 o 	167290	15
 o'	167305	10
 o.	167315	1
 oa	167316	579
 ob	167895	2664
 oc	170559	219
 od	170778	71
 oe	170849	51
 of	170900	1799
 og	172699	117
 oh	172816	106
 oi	172922	33
 oj	172955	8
 ok	172963	863
 ol	173826	285
 om	174111	177
 on	174288	124
 oo	174412	33
 op	174445	539
 or	174984	401
 os	175385	263
 ot	175648	70
 ou	175718	189
 ov	175907	70
 ow	175977	13
 ox	175990	5
 oy	175995	45
 oz	176040	16
 p 	176056	10
 p'	176066	7
 p.	176073	2
 p1	176075	1
 p2	176076	1
 p3	176077	1
 p5	176078	1
 p6	176079	1
 p`	176080	4
 pa	176084	3878
 pb	179962	4
 pc	179966	2
 pd	179968	4
 pe	179972	1223
 pf	181195	56
 pg	181251	110
 ph	181361	716
 pi	182077	557
 pk	182634	169
 pl	182803	662
 pm	183465	6
 pn	183471	128
 po	183599	1473
 pp	185072	1
 pr	185073	4073
 ps	189146	65
 pt	189211	346
 pu	189557	1521
 pv	191078	4
 pw	191082	29
 py	191111	342
 pz	191453	1
 q 	191454	3
 q'	191457	2
 q`	191459	1
 qa	191460	306
 qb	191766	11
 qc	191777	1
 qd	191778	85
 qe	191863	5
 qf	191868	2
 qh	191870	1
 qi	191871	131
 qj	192002	1
 ql	192003	109
 qm	192112	4
 qn	192116	15
 qo	192131	53
 qq	192184	2
 qr	192186	16
 qs	192202	27
 qt	192229	6
 qu	192235	519
 qv	192754	1
 qw	192755	8
 qy	192763	17
 qz	192780	5
 q~	192785	1
 r 	192786	5
 r'	192791	4
 r.	192795	3
 r`	192798	4
 ra	192802	2984
 rb	195786	13
 rc	195799	5
 rd	195804	18
 re	195822	2544
 rf	198366	6
 rg	198372	9
 rh	198381	24
 ri	198405	2516
 rj	200921	6
 rk	200927	6
 rl	200933	2
 rm	200935	20
 rn	200955	12
 ro	200967	3817
 rp	204784	1
 rq	204785	2
 rr	204787	4
 rs	204791	53
 rt	204844	8
 ru	204852	2925
 rv	207777	2
 rw	207779	58
 ry	207837	91
 rz	207928	10
 s 	207938	15
 s'	207953	2
 s-	207955	1
 s.	207956	1
 s:	207957	1
 s@	207958	1
 s`	207959	11
 sa	207970	6295
 sb	214265	218
 sc	214483	169
 sd	214652	135
 se	214787	1370
 sf	216157	38
 sg	216195	13
 sh	216208	2385
 si	218593	1210
 sj	219803	33
 sk	219836	221
 sl	220057	736
 sm	220793	132
 sn	220925	103
 so	221028	2064
 sp	223092	218
 sq	223310	9
 sr	223319	244
 ss	223563	49
 st	223612	3786
 su	227398	2302
 sv	229700	563
 sw	230263	626
 sx	230889	2
 sy	230891	226
 sz	231117	68
 t 	231185	12
 t'	231197	10
 t@	231207	1
 t`	231208	8
 ta	231216	1437
 tb	232653	29
 tc	232682	165
 td	232847	158
 te	233005	1195
 tf	234200	16
 tg	234216	39
 th	234255	1789
 ti	236044	741
 tj	236785	88
 tk	236873	82
 tl	236955	218
 tm	237173	82
 tn	237255	311
 to	237566	1159
 tp	238725	5
 tq	238730	4
 tr	238734	1593
 ts	240327	153
 tt	240480	70
 tu	240550	2069
 tv	242619	63
 tw	242682	54
 tx	242736	2
 ty	242738	112
 tz	242850	207
 u 	243057	12
 u'	243069	4
 u.	243073	24
 u@	243097	1
 ua	243098	178
 ub	243276	36
 uc	243312	14
 ud	243326	70
 ue	243396	3
 uf	243399	3
 ug	243402	147
 uh	243549	6
 ui	243555	35
 uj	243590	5
 uk	243595	190
 ul	243785	168
 um	243953	36
 un	243989	3557
 uo	247546	49
 up	247595	95
 uq	247690	3
 ur	247693	480
 us	248173	3275
 ut	251448	313
 uu	251761	17
 uv	251778	39
 uw	251817	4
 uy	251821	172
 uz	251993	242
 v 	252235	9
 v'	252244	4
 v.	252248	1
 va	252249	1073
 vb	253322	3
 vc	253325	9
 vd	253334	3
 ve	253337	1080
 vf	254417	1
 vg	254418	2
 vh	254420	3
 vi	254423	1821
 vk	256244	1
 vl	256245	70
 vn	256315	783
 vo	257098	415
 vr	257513	113
 vs	257626	6
 vt	257632	7
 vu	257639	74
 vv	257713	2
 vw	257715	1
 vy	257716	25
 v~	257741	4
 w 	257745	27
 wa	257772	676
 wb	258448	8
 wc	258456	2
 wd	258458	26
 we	258484	800
 wf	259284	12
 wg	259296	3
 wh	259299	36
 wi	259335	371
 wj	259706	3
 wk	259709	3
 wl	259712	218
 wm	259930	2
 wn	259932	9
 wo	259941	96
 wp	260037	2
 wq	260039	5
 wr	260044	26
 ws	260070	39
 wt	260109	5
 wu	260114	50
 wv	260164	1
 ww	260165	2
 wx	260167	1
 wy	260168	36
 wz	260204	4
 x 	260208	5
 x.	260213	1
 xa	260214	117
 xb	260331	1
 xc	260332	1
 xe	260333	10
 xh	260343	1
 xi	260344	311
 xj	260655	1
 xk	260656	45
 xo	260701	31
 xs	260732	1
 xu	260733	37
 xv	260770	5
 xx	260775	4
 xz	260779	1
 y 	260780	46
 y'	260826	4
 y.	260830	1
 y`	260831	2
 ya	260833	642
 yb	261475	3
 yd	261478	20
 ye	261498	537
 yf	262035	1
 yg	262036	1
 yh	262037	4
 yi	262041	84
 yj	262125	2
 yk	262127	1
 yl	262128	13
 ym	262141	4
 yn	262145	15
 yo	262160	205
 yp	262365	7
 yr	262372	12
 ys	262384	14
 yt	262398	24
 yu	262422	319
 yv	262741	2
 yw	262743	14
 yz	262757	3
 y~	262760	2
 z 	262762	6
 z.	262768	2
 z@	262770	1
 za	262771	823
 zb	263594	6
 zd	263600	7
 ze	263607	177
 zf	263784	3
 zg	263787	10
 zh	263797	384
 zi	264181	235
 zj	264416	2
 zk	264418	3
 zl	264421	20
 zm	264441	125
 zn	264566	8
 zo	264574	130
 zr	264704	10
 zs	264714	1
 zu	264715	786
 zv	265501	10
 zw	265511	85
 zy	265596	14
 zz	265610	2
 ~l	265612	1
 ~r	265613	3
 ~s	265616	1
!ka	265617	1
""" y"	265618	1
"""sh"	265619	1
"""ya"	265620	2
#1 	265622	1
#2 	265623	1
#3 	265624	1
& k	265625	2
& l	265627	1
& m	265628	1
& n	265629	1
& q	265630	1
& s	265631	2
& u	265633	1
&h 	265634	1
&k 	265635	1
' '	265636	3
' @	265639	38
' `	265677	1
' a	265678	128
' b	265806	26
' c	265832	12
' d	265844	15
' e	265859	45
' f	265904	1
' g	265905	22
' h	265927	7
' i	265934	14
' j	265948	14
' k	265962	63
' l	266025	22
' m	266047	30
' n	266077	10
' o	266087	27
' p	266114	7
' q	266121	16
' r	266137	1640
' s	267777	40
' t	267817	16
' u	267833	30
' v	267863	12
' w	267875	5
' x	267880	1
' y	267881	50
' z	267931	10
''a	267941	4
'-a	267945	2
'-b	267947	2
'-c	267949	2
'-d	267951	1
'-i	267952	7
'-k	267959	13
'-l	267972	2
'-n	267974	5
'-o	267979	1
'-p	267980	3
'-t	267983	3
'-u	267986	2
'-v	267988	1
'-y	267989	1
'-z	267990	6
'@a	267996	2
'a 	267998	38
'a'	268036	1
'a-	268037	16
'aa	268053	7
'ab	268060	20
'ac	268080	2
'ad	268082	15
'ae	268097	5
'af	268102	5
'ag	268107	15
'ah	268122	14
'ai	268136	16
'aj	268152	10
'ak	268162	21
'al	268183	143
'am	268326	28
'an	268354	73
'ao	268427	4
'ap	268431	15
'aq	268446	7
'ar	268453	66
'as	268519	81
'at	268600	9
'au	268609	4
'av	268613	4
'aw	268617	3
'ay	268620	11
'az	268631	18
'b 	268649	3
'ba	268652	7
'be	268659	1
'bn	268660	1
'bo	268661	3
'br	268664	2
'ch	268666	7
'co	268673	1
'd 	268674	3
'da	268677	8
'dd	268685	15
'de	268700	7
'di	268707	4
'dj	268711	1
'do	268712	1
'dr	268713	2
'du	268715	1
'e 	268716	8
'e-	268724	1
'ea	268725	1
'eb	268726	2
'ec	268728	1
'ed	268729	2
'eg	268731	2
'eh	268733	3
'ei	268736	1
'ek	268737	2
'el	268739	11
'em	268750	4
'en	268754	8
'er	268762	10
'es	268772	6
'et	268778	56
'eu	268834	4
'ev	268838	22
'ex	268860	1
'ey	268861	1
'fa	268862	1
'fo	268863	1
'g 	268864	1
'g'	268865	3
'ga	268868	3
'ge	268871	1
'gh	268872	1
'gi	268873	3
'gl	268876	1
'go	268877	4
'gu	268881	3
'gy	268884	4
'ha	268888	6
'he	268894	2
'hi	268896	6
'hm	268902	1
'ho	268903	1
'hw	268904	1
'i 	268905	76
'i'	268981	1
'ia	268982	28
'ib	269010	1
'id	269011	3
'ie	269014	2
'if	269016	2
'ig	269018	2
'ih	269020	1
'ii	269021	38
'ij	269059	1
'ik	269060	2
'il	269062	19
'im	269081	5
'in	269086	23
'io	269109	1
'ip	269110	1
'ir	269111	9
'is	269120	38
'it	269158	3
'iv	269161	47
'iy	269208	13
'iz	269221	2
'ja	269223	1
'jj	269224	1
'k 	269225	1
'k'	269226	4
'ka	269230	38
'ke	269268	7
'kh	269275	9
'ki	269284	138
'ko	269422	11
'kr	269433	10
'ku	269443	4
'ky	269447	23
'l 	269470	4
'l'	269474	1
'la	269475	5
'lc	269480	2
'le	269482	1
'lf	269483	1
'lg	269484	2
'li	269486	5
'll	269491	1
'lo	269492	2
'lp	269494	1
'ls	269495	1
'ly	269496	1
'lz	269497	3
'm 	269500	2
'ma	269502	9
'mb	269511	1
'me	269512	6
'mi	269518	3
'mo	269521	3
'ms	269524	1
'n 	269525	2
'n-	269527	1
'na	269528	2
'nd	269530	1
'ne	269531	4
'ng	269535	1
'ni	269536	17
'no	269553	2
'ny	269555	15
'o-	269570	6
'ob	269576	5
'oc	269581	2
'oe	269583	25
'og	269608	2
'oh	269610	1
'oi	269611	2
'ok	269613	2
'ol	269615	5
'om	269620	5
'on	269625	82
'or	269707	27
'os	269734	9
'ou	269743	12
'pi	269755	2
'po	269757	1
'pr	269758	2
'q'	269760	3
'qo	269763	1
'qu	269764	1
'r 	269765	3
'ra	269768	2
'rb	269770	1
'rc	269771	2
'rd	269773	3
'rg	269776	5
'ri	269781	16
'rj	269797	1
'rm	269798	2
'rn	269800	4
'rs	269804	2
'rt	269806	5
'ru	269811	1
'rv	269812	1
'ry	269813	1
's 	269814	97
's'	269911	15
's-	269926	3
'sa	269929	1
'sh	269930	19
'si	269949	18
'sk	269967	302
'sn	270269	1
'ss	270270	1
'st	270271	4
'su	270275	4
'sy	270279	1
't 	270280	45
't@	270325	1
'ta	270326	12
'th	270338	1
'ti	270339	1
'to	270340	4
'ts	270344	4
'ty	270348	1
'u 	270349	10
'u'	270359	5
'ub	270364	1
'ud	270365	3
'ug	270368	1
'ui	270369	1
'uk	270370	1
'ul	270371	3
'um	270374	2
'un	270376	19
'uq	270395	1
'ur	270396	7
'us	270403	2
'ut	270405	1
'uu	270406	1
'uy	270407	2
'uz	270409	1
'va	270410	3
've	270413	2
'vi	270415	4
'vo	270419	1
'vv	270420	3
'x 	270423	1
'y-	270424	1
'ya	270425	40
'ye	270465	23
'ym	270488	1
'yn	270489	2
'yo	270491	15
'yr	270506	4
'ys	270510	3
'yz	270513	5
'z 	270518	2
'za	270520	4
'zb	270524	1
'zh	270525	4
'zi	270529	1
'zy	270530	1
( b	270531	1
(av	270532	1
(bh	270533	1
(bo	270534	1
(ca	270535	1
(ch	270536	2
(ci	270538	2
(cu	270540	2
(di	270542	1
(do	270543	2
(ea	270545	1
(fo	270546	1
(hc	270547	43
(he	270590	1
(ia	270591	1
(in	270592	1
(is	270593	1
(je	270594	1
(ju	270595	1
(ke	270596	4
(ko	270600	1
(l.	270601	1
(la	270602	6
(le	270608	9
(ma	270617	1
(mo	270618	1
(nh	270619	1
(no	270620	2
(ns	270622	3
(or	270625	2
(pa	270627	8
(py	270635	1
(ql	270636	2
(re	270638	1
(sa	270639	2
(sk	270641	1
(sl	270642	1
(so	270643	3
(st	270646	1
(ta	270647	4
(te	270651	2
(ti	270653	2
(to	270655	1
(tr	270656	3
(vi	270659	3
(we	270662	1
(wh	270663	1
(ya	270664	1
(zu	270665	1
) a	270666	9
) b	270675	8
) c	270683	2
) d	270685	2
) f	270687	1
) g	270688	2
) h	270690	2
) j	270692	1
) k	270693	7
) l	270700	14
) n	270714	11
) p	270725	11
) q	270736	2
) r	270738	1
) s	270739	15
) t	270754	6
) u	270760	1
) v	270761	45
) w	270806	4
) z	270810	2
)) 	270812	1
+ 8	270813	10
+gd	270823	1
+h 	270824	1
+lb	270825	1
+li	270826	1
+np	270827	2
+pg	270829	1
+r 	270830	2
+ri	270832	1
+rl	270833	1
+rn	270834	1
+sg	270835	1
+sh	270836	5
+v 	270841	1
, a	270842	2
, b	270844	3
, c	270847	12
, d	270859	1
, g	270860	1
, h	270861	1
, l	270862	1
, m	270863	1
, n	270864	1
, p	270865	7
, r	270872	543
, s	271415	3
, t	271418	1
, u	271419	3
, z	271422	1
- /	271423	1
- @	271424	2
- a	271426	3
- b	271429	12
- c	271441	4
- d	271445	2
- e	271447	2
- f	271449	4
- g	271453	3
- h	271456	1
- i	271457	1
- j	271458	1
- k	271459	6
- l	271465	8
- m	271473	4
- n	271477	5
- o	271482	8
- p	271490	12
- r	271502	6
- s	271508	8
- t	271516	8
- u	271524	3
- v	271527	7
- w	271534	1
- y	271535	1
- z	271536	2
-- 	271538	1
-a 	271539	1
-a-	271540	12
-ab	271552	28
-ac	271580	6
-ad	271586	5
-af	271591	2
-ag	271593	5
-ah	271598	2
-ai	271600	3
-ak	271603	2
-al	271605	82
-am	271687	8
-an	271695	26
-ao	271721	1
-ap	271722	1
-aq	271723	13
-ar	271736	3
-as	271739	1
-at	271740	14
-au	271754	7
-av	271761	1
-ay	271762	1
-az	271763	1
-ba	271764	130
-be	271894	26
-bh	271920	1
-bi	271921	101
-bl	272022	1
-bo	272023	14
-br	272037	66
-bu	272103	21
-bw	272124	1
-by	272125	2
-ca	272127	15
-ce	272142	11
-ch	272153	60
-ci	272213	17
-cl	272230	4
-cn	272234	3
-co	272237	29
-cr	272266	5
-cs	272271	8
-cu	272279	7
-d'	272286	14
-da	272300	72
-de	272372	40
-dg	272412	1
-di	272413	43
-dj	272456	6
-dk	272462	1
-dl	272463	1
-dn	272464	1
-do	272465	155
-dr	272620	5
-dt	272625	4
-du	272629	10
-dz	272639	2
-e 	272641	407
-e-	273048	1
-ea	273049	8
-ec	273057	1
-ed	273058	4
-ek	273062	1
-el	273063	6
-em	273069	1
-en	273070	2
-er	273072	1
-es	273073	48
-et	273121	27
-ev	273148	2
-ex	273150	1
-ez	273151	2
-fa	273153	11
-fe	273164	1
-fg	273165	1
-fi	273166	1
-fl	273167	3
-fn	273170	1
-fo	273171	10
-fr	273181	37
-fu	273218	5
-g`	273223	1
-ga	273224	36
-gb	273260	2
-ge	273262	4
-gh	273266	6
-gi	273272	4
-gl	273276	1
-go	273277	47
-gr	273324	19
-gu	273343	633
-gw	273976	56
-gz	274032	1
-h'	274033	1
-ha	274034	28
-he	274062	5
-hi	274067	6
-hj	274073	1
-ho	274074	105
-hu	274179	12
-hy	274191	1
-i 	274192	7
-i-	274199	5
-ia	274204	3
-id	274207	3
-ij	274210	2
-ik	274212	1
-il	274213	10
-im	274223	5
-in	274228	3
-ir	274231	2
-is	274233	5
-iu	274238	2
-iv	274240	6
-iw	274246	1
-ja	274247	13
-je	274260	3
-ji	274263	2
-jo	274265	2
-ju	274267	1
-k'	274268	2
-ka	274270	61
-ke	274331	25
-kh	274356	42
-ki	274398	36
-kk	274434	1
-kl	274435	1
-kn	274436	21
-ko	274457	48
-kp	274505	2
-kr	274507	29
-ks	274536	1
-ku	274537	47
-kv	274584	12
-kw	274596	3
-la	274599	49
-ld	274648	1
-le	274649	103
-li	274752	6
-lj	274758	2
-lk	274760	1
-ll	274761	1
-lm	274762	1
-ln	274763	2
-lo	274765	31
-lq	274796	1
-lt	274797	1
-lu	274798	2
-ly	274800	1
-m'	274801	1
-m-	274802	1
-ma	274803	132
-mb	274935	11
-md	274946	1
-me	274947	31
-mf	274978	1
-mi	274979	22
-mk	275001	1
-mn	275002	4
-mo	275006	46
-mp	275052	8
-mt	275060	6
-mu	275066	33
-my	275099	1
-n-	275100	2
-na	275102	106
-nd	275208	11
-ne	275219	50
-ng	275269	12
-ni	275281	7
-nk	275288	2
-nn	275290	4
-no	275294	43
-ns	275337	1
-nt	275338	15
-nu	275353	4
-nw	275357	1
-ny	275358	2
-nz	275360	8
-o 	275368	1
-o-	275369	5
-oa	275374	3
-ob	275377	4
-oc	275381	6
-od	275387	6
-og	275393	17
-ok	275410	4
-ol	275414	23
-om	275437	1
-on	275438	19
-or	275457	20
-os	275477	2
-ot	275479	2
-ou	275481	55
-ov	275536	10
-ow	275546	1
-oy	275547	1
-p-	275548	1
-pa	275549	13
-pe	275562	36
-pf	275598	2
-pi	275600	15
-pk	275615	1
-pl	275616	2
-po	275618	109
-pr	275727	17
-pu	275744	74
-py	275818	2
-qa	275820	8
-qr	275828	1
-qu	275829	5
-r-	275834	1
-ra	275835	13
-rd	275848	9
-re	275857	3
-rh	275860	18
-ri	275878	9
-rn	275887	2
-ro	275889	16
-rt	275905	1
-ru	275906	3
-s'	275909	2
-s-	275911	2
-s.	275913	1
-sa	275914	77
-sc	275991	1
-se	275992	112
-sg	276104	2
-sh	276106	253
-si	276359	121
-sk	276480	3
-sl	276483	14
-sn	276497	2
-so	276499	14
-sp	276513	1
-sr	276514	33
-st	276547	9
-su	276556	76
-sv	276632	1
-sw	276633	1
-sy	276634	1
-sz	276635	24
-ta	276659	39
-te	276698	65
-th	276763	5
-ti	276768	2
-tn	276770	2
-to	276772	12
-tr	276784	7
-ts	276791	5
-tu	276796	10
-tw	276806	1
-ty	276807	2
-u 	276809	2
-ua	276811	1
-ub	276812	14
-ud	276826	3
-ue	276829	17
-ug	276846	1
-uj	276847	1
-ul	276848	27
-um	276875	5
-un	276880	2
-up	276882	6
-ur	276888	3
-us	276891	2
-uu	276893	12
-uw	276905	1
-uz	276906	1
-va	276907	17
-ve	276924	10
-vh	276934	1
-vi	276935	29
-vl	276964	3
-vo	276967	8
-vr	276975	1
-vu	276976	4
-vy	276980	2
-wa	276982	8
-we	276990	48
-wh	277038	8
-wi	277046	4
-wo	277050	3
-wu	277053	6
-wy	277059	1
-xa	277060	3
-xe	277063	1
-xg	277064	1
-xi	277065	1
-y-	277066	1
-ya	277067	7
-ye	277074	15
-yi	277089	1
-yl	277090	1
-yo	277091	2
-yu	277093	2
-za	277095	45
-zd	277140	1
-ze	277141	33
-zh	277174	19
-zi	277193	1
-zo	277194	4
-zu	277198	4
. 0	277202	1
. 1	277203	87
. 2	277290	71
. 3	277361	74
. 4	277435	62
. 5	277497	11
. 6	277508	13
. 7	277521	12
. 8	277533	4
. 9	277537	12
. a	277549	13
. b	277562	37
. c	277599	15
. d	277614	5
. e	277619	4
. f	277623	5
. g	277628	8
. h	277636	4
. i	277640	2
. j	277642	20
. k	277662	10
. l	277672	18
. m	277690	20
. n	277710	1
. o	277711	2
. p	277713	20
. q	277733	1
. r	277734	5
. s	277739	5
. t	277744	4
. u	277748	1
. v	277749	28
. w	277777	5
.) 	277782	10
.-p	277792	1
.a.	277793	3
.br	277796	1
.c.	277797	4
.d.	277801	1
.e.	277802	1
.f.	277803	1
.i.	277804	1
.jo	277805	1
.p.	277806	3
.r.	277809	2
.rh	277811	1
.s 	277812	1
.s.	277813	25
.sh	277838	1
.ys	277839	1
/ a	277840	2
/ b	277842	6
/ c	277848	1
/ d	277849	1
/ f	277850	1
/ g	277851	2
/ h	277853	3
/ j	277856	3
/ l	277859	1
/ m	277860	5
/ o	277865	1
/ q	277866	2
/ s	277868	4
/ t	277872	1
/ v	277873	1
/ z	277874	1
//k	277875	4
/ab	277879	1
/ah	277880	1
/ak	277881	1
/an	277882	1
/as	277883	2
/at	277885	1
/ba	277886	8
/be	277894	7
/bi	277901	2
/bl	277903	1
/bo	277904	3
/br	277907	1
/bu	277908	1
/ca	277909	7
/ce	277916	1
/ch	277917	2
/cl	277919	1
/co	277920	4
/d 	277924	3
/da	277927	1
/de	277928	7
/di	277935	2
/du	277937	1
/ea	277938	1
/ed	277939	2
/eg	277941	3
/en	277944	3
/es	277947	1
/fi	277948	1
/fo	277949	3
/fu	277952	1
/ga	277953	2
/go	277955	1
/gr	277956	2
/gu	277958	1
/if	277959	2
/ij	277961	1
/in	277962	1
/is	277963	1
/ka	277964	4
/kr	277968	1
/kw	277969	1
/la	277970	15
/lo	277985	1
/ma	277986	9
/mi	277995	1
/mo	277996	11
/mu	278007	1
/my	278008	1
/nd	278009	2
/ne	278011	1
/nk	278012	1
/no	278013	1
/od	278014	2
/ok	278016	1
/ol	278017	1
/op	278018	1
/or	278019	2
/ot	278021	1
/pe	278022	1
/pi	278023	2
/po	278025	1
/ra	278026	2
/ri	278028	1
/ro	278029	1
/sa	278030	3
/sh	278033	1
/si	278034	1
/so	278035	4
/st	278039	1
/su	278040	1
/ta	278041	1
/th	278042	1
/ti	278043	3
/to	278046	3
/tr	278049	1
/ub	278050	1
/up	278051	1
/vi	278052	3
/wa	278055	2
/we	278057	1
/wh	278058	2
0 a	278060	10
0 b	278070	13
0 c	278083	10
0 d	278093	10
0 f	278103	2
0 g	278105	5
0 h	278110	4
0 i	278114	6
0 j	278120	4
0 k	278124	16
0 l	278140	5
0 m	278145	28
0 n	278173	13
0 o	278186	7
0 p	278193	17
0 r	278210	4
0 s	278214	40
0 t	278254	5
0 v	278259	7
0 w	278266	3
0 y	278269	1
0 z	278270	2
0/b	278272	1
00 	278273	9
001	278282	1
002	278283	3
003	278286	1
004	278287	2
005	278289	1
006	278290	1
007	278291	2
008	278293	1
009	278294	1
01 	278295	68
010	278363	2
011	278365	2
012	278367	1
013	278368	1
014	278369	1
015	278370	2
016	278372	2
017	278374	1
018	278375	1
019	278376	1
02 	278377	71
020	278448	1
021	278449	1
022	278450	2
023	278452	1
024	278453	1
025	278454	1
026	278455	2
027	278457	1
028	278458	1
029	278459	1
03 	278460	71
030	278531	1
031	278532	1
032	278533	1
033	278534	2
034	278536	1
035	278537	2
036	278539	1
037	278540	2
038	278542	1
039	278543	2
04 	278545	69
040	278614	1
041	278615	3
042	278618	2
043	278620	2
044	278622	1
045	278623	1
046	278624	2
047	278626	3
048	278629	1
049	278630	2
05 	278632	69
050	278701	3
051	278704	2
052	278706	1
053	278707	2
054	278709	2
055	278711	2
056	278713	2
057	278715	2
058	278717	2
059	278719	3
06 	278722	66
060	278788	1
061	278789	2
062	278791	2
063	278793	2
064	278795	2
065	278797	2
066	278799	1
067	278800	3
068	278803	2
069	278805	2
07 	278807	62
070	278869	1
071	278870	2
072	278872	1
073	278873	3
074	278876	1
075	278877	1
076	278878	1
077	278879	2
078	278881	1
079	278882	1
08 	278883	60
080	278943	2
081	278945	1
082	278946	1
083	278947	1
084	278948	1
085	278949	1
086	278950	1
087	278951	2
088	278953	2
089	278955	2
09 	278957	56
090	279013	1
091	279014	2
092	279016	1
093	279017	1
094	279018	2
095	279020	1
097	279021	2
098	279023	1
099	279024	2
0a 	279026	1
0b 	279027	1
0c 	279028	1
0em	279029	1
0r 	279030	1
0th	279031	1
1 `	279032	1
1 a	279033	32
1 b	279065	34
1 c	279099	15
1 d	279114	14
1 e	279128	1
1 f	279129	2
1 g	279131	13
1 h	279144	9
1 i	279153	6
1 j	279159	6
1 k	279165	18
1 l	279183	14
1 m	279197	30
1 n	279227	13
1 o	279240	10
1 p	279250	13
1 r	279263	8
1 s	279271	70
1 t	279341	18
1 u	279359	6
1 v	279365	8
1 w	279373	3
1 y	279376	1
1 z	279377	2
10 	279379	66
100	279445	3
101	279448	5
102	279453	5
103	279458	4
104	279462	4
105	279466	4
106	279470	5
107	279475	4
108	279479	4
109	279483	4
10e	279487	1
10t	279488	1
11 	279489	69
110	279558	3
111	279561	4
112	279565	3
113	279568	3
114	279571	2
115	279573	2
116	279575	2
117	279577	2
118	279579	2
119	279581	2
11t	279583	1
12 	279584	65
120	279649	2
121	279651	3
122	279654	3
123	279657	3
124	279660	4
125	279664	4
126	279668	3
127	279671	2
128	279673	2
129	279675	2
12t	279677	1
13 	279678	59
130	279737	3
131	279740	2
132	279742	2
133	279744	3
134	279747	2
135	279749	3
136	279752	3
137	279755	2
138	279757	2
139	279759	2
14 	279761	56
140	279817	1
141	279818	3
142	279821	3
143	279824	1
144	279825	1
146	279826	1
147	279827	1
148	279828	1
149	279829	1
15 	279830	48
150	279878	2
151	279880	2
152	279882	2
153	279884	2
154	279886	2
155	279888	2
156	279890	2
157	279892	2
158	279894	2
159	279896	2
16 	279898	40
160	279938	2
161	279940	2
162	279942	2
163	279944	2
164	279946	2
165	279948	2
166	279950	2
167	279952	2
168	279954	2
169	279956	2
17 	279958	37
170	279995	1
171	279996	2
172	279998	1
173	279999	1
174	280000	1
175	280001	1
176	280002	1
177	280003	1
178	280004	1
179	280005	1
18 	280006	40
180	280046	1
181	280047	2
182	280049	1
183	280050	2
184	280052	2
185	280054	2
186	280056	2
187	280058	2
188	280060	1
189	280061	2
19 	280063	33
19.	280096	1
190	280097	2
191	280099	2
192	280101	1
193	280102	2
194	280104	2
195	280106	1
196	280107	1
197	280108	1
198	280109	1
199	280110	1
1er	280111	2
1ro	280113	1
1th	280114	1
2 -	280115	1
2 a	280116	26
2 b	280142	21
2 c	280163	18
2 d	280181	19
2 e	280200	5
2 f	280205	1
2 g	280206	7
2 h	280213	7
2 i	280220	7
2 j	280227	8
2 k	280235	20
2 l	280255	11
2 m	280266	41
2 n	280307	10
2 o	280317	16
2 p	280333	24
2 q	280357	1
2 r	280358	5
2 s	280363	51
2 t	280414	11
2 u	280425	2
2 v	280427	5
2 w	280432	1
2 z	280433	2
20 	280435	33
20/	280468	1
200	280469	1
201	280470	4
202	280474	4
203	280478	4
204	280482	4
205	280486	4
206	280490	4
207	280494	4
208	280498	4
209	280502	4
20a	280506	1
20b	280507	1
20c	280508	1
20r	280509	1
21 	280510	43
210	280553	3
211	280556	4
212	280560	3
213	280563	3
214	280566	4
215	280570	2
216	280572	2
217	280574	2
218	280576	3
219	280579	2
22 	280581	44
220	280625	2
221	280627	2
222	280629	3
223	280632	2
224	280634	3
225	280637	2
226	280639	3
227	280642	2
228	280644	3
229	280647	2
23 	280649	37
230	280686	2
231	280688	2
232	280690	2
233	280692	1
234	280693	1
236	280694	1
24 	280695	38
241	280733	1
243	280734	1
244	280735	1
245	280736	2
246	280738	1
247	280739	2
248	280741	1
25 	280742	34
250	280776	1
251	280777	2
252	280779	1
253	280780	1
254	280781	1
255	280782	1
256	280783	1
257	280784	1
259	280785	1
26 	280786	36
260	280822	1
261	280823	1
27 	280824	30
271	280854	1
273	280855	1
274	280856	1
275	280857	1
276	280858	1
277	280859	1
279	280860	1
28 	280861	27
280	280888	1
281	280889	1
282	280890	1
283	280891	1
284	280892	1
285	280893	1
286	280894	1
287	280895	1
288	280896	1
29 	280897	23
290	280920	1
292	280921	1
2a 	280922	1
2b 	280923	1
2e 	280924	1
2em	280925	1
2th	280926	1
3 `	280927	1
3 a	280928	23
3 b	280951	15
3 c	280966	10
3 d	280976	20
3 e	280996	6
3 f	281002	3
3 g	281005	4
3 h	281009	10
3 i	281019	8
3 j	281027	4
3 k	281031	23
3 l	281054	6
3 m	281060	37
3 n	281097	11
3 o	281108	14
3 p	281122	19
3 r	281141	6
3 s	281147	52
3 t	281199	9
3 u	281208	3
3 v	281211	8
3 w	281219	5
3 y	281224	1
3 z	281225	2
30 	281227	27
301	281254	3
302	281257	1
303	281258	4
304	281262	3
305	281265	2
306	281267	1
307	281268	3
308	281271	3
309	281274	2
31 	281276	30
310	281306	3
311	281309	3
312	281312	4
313	281316	4
314	281320	3
315	281323	3
316	281326	3
317	281329	3
318	281332	2
319	281334	2
32 	281336	27
320	281363	2
321	281365	3
322	281368	3
323	281371	2
324	281373	2
325	281375	2
326	281377	2
327	281379	2
328	281381	1
329	281382	1
33 	281383	27
330	281410	1
331	281411	2
332	281413	1
333	281414	2
334	281416	2
335	281418	2
336	281420	2
337	281422	2
338	281424	1
339	281425	1
34 	281426	27
340	281453	1
341	281454	1
342	281455	1
343	281456	1
344	281457	1
345	281458	1
346	281459	1
347	281460	1
349	281461	2
35 	281463	24
350	281487	2
351	281489	1
352	281490	1
36 	281491	20
366	281511	1
367	281512	1
368	281513	1
369	281514	1
37 	281515	20
370	281535	2
371	281537	1
372	281538	1
373	281539	1
376	281540	1
377	281541	1
378	281542	1
379	281543	1
38 	281544	15
380	281559	1
381	281560	1
382	281561	1
39 	281562	20
394	281582	1
395	281583	1
397	281584	1
398	281585	1
399	281586	1
3e 	281587	1
3em	281588	1
3rd	281589	1
4 '	281590	1
4 `	281591	1
4 a	281592	19
4 b	281611	11
4 c	281622	13
4 d	281635	19
4 e	281654	2
4 f	281656	3
4 g	281659	7
4 h	281666	5
4 i	281671	6
4 j	281677	4
4 k	281681	17
4 l	281698	13
4 m	281711	38
4 n	281749	12
4 o	281761	18
4 p	281779	16
4 r	281795	1
4 s	281796	53
4 t	281849	6
4 u	281855	5
4 v	281860	8
4 w	281868	3
4 y	281871	1
4 z	281872	1
40 	281873	17
400	281890	1
401	281891	3
402	281894	3
403	281897	3
404	281900	3
405	281903	3
406	281906	3
407	281909	2
408	281911	2
409	281913	3
41 	281916	27
410	281943	3
411	281946	3
412	281949	2
413	281951	2
414	281953	1
415	281954	1
416	281955	1
417	281956	1
418	281957	1
419	281958	1
42 	281959	26
420	281985	1
421	281986	2
422	281988	2
423	281990	2
424	281992	2
425	281994	2
426	281996	3
427	281999	3
428	282002	2
429	282004	2
43 	282006	23
430	282029	2
431	282031	2
432	282033	1
433	282034	1
434	282035	2
435	282037	2
436	282039	1
437	282040	1
438	282041	1
439	282042	1
44 	282043	20
440	282063	1
441	282064	1
442	282065	2
45 	282067	20
456	282087	1
457	282088	1
458	282089	1
459	282090	1
46 	282091	20
460	282111	1
461	282112	1
463	282113	1
464	282114	1
466	282115	1
467	282116	1
468	282117	1
469	282118	1
47 	282119	19
470	282138	1
471	282139	1
472	282140	1
48 	282141	11
486	282152	1
487	282153	1
488	282154	1
49 	282155	14
490	282169	1
491	282170	1
493	282171	1
494	282172	1
496	282173	1
497	282174	1
498	282175	1
499	282176	1
4e 	282177	1
4em	282178	1
5 a	282179	19
5 b	282198	14
5 c	282212	10
5 d	282222	11
5 e	282233	2
5 f	282235	2
5 g	282237	5
5 h	282242	3
5 i	282245	8
5 j	282253	2
5 k	282255	26
5 l	282281	12
5 m	282293	37
5 n	282330	10
5 o	282340	13
5 p	282353	15
5 q	282368	2
5 r	282370	9
5 s	282379	45
5 t	282424	6
5 u	282430	1
5 v	282431	7
5 w	282438	2
5 y	282440	2
5 z	282442	2
50 	282444	19
501	282463	2
502	282465	2
503	282467	1
504	282468	1
505	282469	1
506	282470	1
507	282471	1
508	282472	1
509	282473	1
51 	282474	20
511	282494	1
512	282495	1
513	282496	1
514	282497	2
52 	282499	18
520	282517	1
521	282518	2
522	282520	1
523	282521	1
524	282522	1
525	282523	1
53 	282524	17
531	282541	1
532	282542	1
533	282543	1
534	282544	1
54 	282545	13
55 	282558	16
555	282574	1
557	282575	1
56 	282576	16
561	282592	1
57 	282593	16
58 	282609	13
586	282622	1
588	282623	1
59 	282624	14
5c 	282638	1
5e 	282639	1
5em	282640	1
6 -	282641	2
6 a	282643	15
6 b	282658	12
6 c	282670	12
6 d	282682	10
6 e	282692	5
6 f	282697	3
6 g	282700	5
6 h	282705	4
6 i	282709	6
6 j	282715	3
6 k	282718	25
6 l	282743	12
6 m	282755	30
6 n	282785	9
6 o	282794	12
6 p	282806	14
6 q	282820	1
6 r	282821	4
6 s	282825	43
6 t	282868	6
6 u	282874	2
6 v	282876	9
6 w	282885	2
6 y	282887	2
6 z	282889	3
60 	282892	11
601	282903	1
602	282904	1
603	282905	1
604	282906	1
605	282907	1
606	282908	1
607	282909	1
608	282910	1
609	282911	1
61 	282912	19
618	282931	1
62 	282932	12
622	282944	2
63 	282946	15
631	282961	1
632	282962	1
633	282963	1
634	282964	1
635	282965	1
64 	282966	13
641	282979	1
642	282980	1
643	282981	1
644	282982	1
645	282983	1
646	282984	1
647	282985	1
65 	282986	11
66 	282997	12
67 	283009	15
68 	283024	13
69 	283037	11
698	283048	1
69m	283049	1
6ae	283050	1
6e 	283051	1
6em	283052	1
6th	283053	1
7 a	283054	8
7 b	283062	11
7 c	283073	7
7 d	283080	20
7 e	283100	1
7 f	283101	2
7 g	283103	10
7 h	283113	5
7 i	283118	7
7 j	283125	1
7 k	283126	24
7 l	283150	4
7 m	283154	38
7 n	283192	8
7 o	283200	11
7 p	283211	12
7 r	283223	4
7 s	283227	49
7 t	283276	7
7 u	283283	2
7 v	283285	7
7 y	283292	1
7 z	283293	2
70 	283295	10
701	283305	1
702	283306	1
703	283307	1
704	283308	1
705	283309	1
706	283310	1
71 	283311	20
711	283331	1
712	283332	1
713	283333	1
714	283334	1
715	283335	1
72 	283336	13
721	283349	1
722	283350	1
723	283351	1
724	283352	1
73 	283353	12
74 	283365	10
75 	283375	8
75c	283383	1
76 	283384	10
77 	283394	11
78 	283405	7
784	283412	1
79 	283413	10
792	283423	1
7em	283424	1
7mk	283425	1
7th	283426	1
8 -	283427	1
8 a	283428	6
8 b	283434	7
8 c	283441	9
8 d	283450	15
8 e	283465	6
8 f	283471	1
8 g	283472	4
8 h	283476	4
8 i	283480	8
8 j	283488	1
8 k	283489	21
8 l	283510	7
8 m	283517	36
8 n	283553	11
8 o	283564	7
8 p	283571	14
8 r	283585	4
8 s	283589	42
8 t	283631	4
8 u	283635	1
8 v	283636	5
8 z	283641	2
80 	283643	9
801	283652	2
802	283654	2
803	283656	2
804	283658	2
805	283660	2
806	283662	2
807	283664	1
808	283665	1
809	283666	2
81 	283668	13
810	283681	1
811	283682	1
812	283683	1
813	283684	1
814	283685	1
815	283686	1
816	283687	1
817	283688	1
82 	283689	10
83 	283699	8
834	283707	1
84 	283708	10
85 	283718	7
86 	283725	9
87 	283734	9
88 	283743	8
89 	283751	6
890	283757	1
8em	283758	1
8th	283759	1
9 a	283760	7
9 b	283767	9
9 c	283776	12
9 d	283788	15
9 e	283803	4
9 f	283807	1
9 g	283808	4
9 h	283812	5
9 i	283817	3
9 j	283820	2
9 k	283822	14
9 l	283836	7
9 m	283843	35
9 n	283878	7
9 o	283885	8
9 p	283893	8
9 q	283901	1
9 r	283902	5
9 s	283907	46
9 t	283953	10
9 u	283963	2
9 v	283965	1
9 w	283966	1
9 y	283967	1
9 z	283968	1
9. 	283969	1
90 	283970	8
91 	283978	9
92 	283987	8
928	283995	1
93 	283996	7
94 	284003	9
95 	284012	7
96 	284019	4
97 	284023	6
971	284029	1
972	284030	1
973	284031	1
974	284032	1
976	284033	1
98 	284034	6
99 	284040	7
9em	284047	1
9m 	284048	1
: m	284049	5
:ch	284054	1
:de	284055	1
:kh	284056	9
:ln	284065	1
:me	284066	1
:nn	284067	1
:pn	284068	3
:ri	284071	1
:t 	284072	1
:tt	284073	4
:wy	284077	1
; !	284078	1
; d	284079	2
; t	284081	1
@ '	284082	8
@ -	284090	3
@ @	284093	35
@ `	284128	29
@ a	284157	151
@ b	284308	130
@ c	284438	8
@ d	284446	46
@ e	284492	23
@ f	284515	12
@ g	284527	35
@ h	284562	52
@ i	284614	10
@ j	284624	40
@ k	284664	52
@ l	284716	356
@ m	285072	265
@ n	285337	35
@ o	285372	14
@ p	285386	5
@ q	285391	37
@ r	285428	35
@ s	285463	141
@ t	285604	108
@ u	285712	3
@ v	285715	10
@ w	285725	59
@ y	285784	12
@ z	285796	13
@-b	285809	1
@-l	285810	3
@_k	285813	1
@_w	285814	1
@`l	285815	5
@a 	285820	1
@an	285821	1
@ar	285822	1
@be	285823	1
@bl	285824	1
@br	285825	5
@bs	285830	1
@bw	285831	3
@by	285834	6
@ch	285840	2
@dg	285842	1
@dm	285843	1
@do	285844	1
@dr	285845	1
@dw	285846	1
@dy	285847	6
@fl	285853	1
@ge	285854	1
@gy	285855	1
@he	285856	42
@hu	285898	1
@i 	285899	5
@id	285904	1
@it	285905	2
@jb	285907	2
@jn	285909	1
@kh	285910	1
@ki	285911	38
@l@	285949	1
@lb	285950	2
@le	285952	1
@lh	285953	1
@li	285954	1
@lk	285955	1
@lq	285956	1
@lt	285957	2
@ly	285959	1
@lz	285960	1
@mh	285961	1
@ml	285962	1
@mw	285963	1
@n 	285964	4
@nb	285968	1
@ng	285969	1
@ni	285970	1
@nn	285971	1
@ns	285972	3
@nw	285975	2
@ny	285977	8
@qr	285985	2
@qy	285987	1
@rb	285988	1
@rd	285989	1
@rh	285990	1
@rk	285991	1
@rt	285992	1
@ry	285993	1
@se	285994	46
@sf	286040	2
@sh	286042	1
@si	286043	1
@sk	286044	2
@sl	286046	1
@st	286047	1
@sw	286048	6
@sy	286054	1
@tb	286055	1
@te	286056	1
@tf	286057	1
@tl	286058	2
@tm	286060	3
@tn	286063	1
@u 	286064	2
@ue	286066	1
@ul	286067	1
@wz	286068	1
@yb	286069	14
@yd	286083	3
@yh	286086	1
@yl	286087	15
@yq	286102	4
@yr	286106	4
@yw	286110	2
@zf	286112	1
@zg	286113	1
[re	286114	1
[wn	286115	1
] a	286116	1
] n	286117	1
_di	286118	2
_kr	286120	1
_rb	286121	1
_wl	286122	1
` '	286123	1
` `	286124	22
` a	286146	36
` b	286182	9
` c	286191	4
` d	286195	13
` e	286208	4
` f	286212	1
` g	286213	15
` h	286228	10
` i	286238	1
` j	286239	14
` k	286253	29
` l	286282	21
` m	286303	14
` n	286317	14
` p	286331	12
` q	286343	2
` r	286345	8
` s	286353	27
` t	286380	8
` u	286388	4
` v	286392	8
` w	286400	1
` y	286401	8
`. 	286409	1
`@ 	286410	22
`@_	286432	1
``a	286433	5
``b	286438	1
``i	286439	1
``m	286440	3
``n	286443	2
``r	286445	1
``t	286446	3
`a'	286449	17
`a-	286466	1
`aa	286467	11
`ae	286478	42
`ag	286520	2
`ai	286522	13
`aj	286535	1
`ak	286536	1
`al	286537	11
`am	286548	3
`an	286551	2
`ar	286553	4
`as	286557	1
`av	286558	2
`az	286560	1
`b 	286561	2
`b`	286563	4
`ba	286567	70
`bd	286637	12
`bi	286649	1
`bl	286650	3
`bm	286653	1
`bn	286654	3
`br	286657	3
`bs	286660	6
`bu	286666	6
`by	286672	25
`cc	286697	11
`ch	286708	19
`d 	286727	10
`d@	286737	3
`d`	286740	12
`da	286752	20
`dh	286772	3
`dm	286775	3
`dn	286778	4
`dr	286782	2
`dw	286784	1
`dy	286785	4
`e`	286789	1
`eb	286790	3
`ec	286793	18
`ed	286811	3
`ef	286814	1
`eh	286815	2
`ek	286817	28
`el	286845	4
`em	286849	80
`en	286929	3
`ep	286932	2
`er	286934	3
`es	286937	7
`et	286944	8
`eu	286952	1
`ew	286953	10
`fa	286963	2
`fr	286965	4
`fw	286969	1
`fy	286970	1
`h 	286971	4
`h`	286975	1
`ha	286976	8
`hl	286984	3
`hn	286987	32
`hw	287019	9
`i 	287028	14
`ia	287042	2
`ii	287044	1
`ij	287045	1
`ik	287046	1
`in	287047	2
`ip	287049	59
`ir	287108	3
`is	287111	18
`ix	287129	1
`iz	287130	24
`j 	287154	1
`jb	287155	1
`jl	287156	3
`jm	287159	2
`k 	287161	3
`k`	287164	1
`ka	287165	15
`kb	287180	1
`kc	287181	1
`kd	287182	5
`kh	287187	38
`kk	287225	1
`km	287226	3
`kn	287229	3
`kr	287232	8
`ks	287240	1
`ky	287241	1
`l 	287242	11
`l`	287253	1
`la	287254	11
`lb	287265	4
`li	287269	4
`lm	287273	7
`ln	287280	2
`lo	287282	1
`lq	287283	5
`lu	287288	1
`lw	287289	1
`ly	287290	19
`l~	287309	2
`m 	287311	6
`m@	287317	3
`ma	287320	879
`mb	288199	1
`md	288200	2
`mh	288202	2
`mk	288204	1
`ml	288205	1
`mn	288206	6
`mo	288212	2
`mp	288214	3
`mr	288217	16
`mt	288233	2
`mw	288235	3
`my	288238	1
`n 	288239	14
`na	288253	28
`nb	288281	3
`nc	288284	1
`nd	288285	1
`ne	288286	2
`ng	288288	171
`nh	288459	1
`ni	288460	3
`nk	288463	3
`nm	288466	8
`nn	288474	1
`np	288475	2
`nr	288477	1
`ns	288478	5
`nt	288483	3
`ny	288486	1
`o`	288487	1
`ob	288488	1
`oc	288489	2
`ok	288491	11
`om	288502	1
`on	288503	11
`op	288514	14
`os	288528	1
`ot	288529	1
`ow	288530	2
`ox	288532	1
`pa	288533	23
`ph	288556	59
`pl	288615	3
`pn	288618	1
`pr	288619	8
`pt	288627	2
`q 	288629	1
`qb	288630	3
`ql	288633	1
`qr	288634	2
`qw	288636	1
`qy	288637	3
`qz	288640	1
`r 	288641	3
`r@	288644	1
`r`	288645	5
`ra	288650	11
`rb	288661	3
`rc	288664	1
`rd	288665	4
`rf	288669	1
`ri	288670	1
`rq	288671	1
`rs	288672	1
`rt	288673	1
`ru	288674	1
`rw	288675	3
`ry	288678	6
`s 	288684	1
`s@	288685	1
`s`	288686	5
`sa	288691	24
`sb	288715	3
`sh	288718	5
`si	288723	9
`sk	288732	6
`sl	288738	2
`sm	288740	8
`sn	288748	5
`sr	288753	26
`st	288779	4
`sw	288783	8
`sy	288791	1
`ta	288792	9
`tf	288801	1
`th	288802	55
`tm	288857	219
`tq	289076	1
`tr	289077	5
`ty	289082	1
`um	289083	2
`ur	289085	2
`ut	289087	1
`ve	289088	2
`wa	289090	26
`wb	289116	5
`wc	289121	1
`wd	289122	2
`wf	289124	1
`wi	289125	4
`wl	289129	1
`wm	289130	1
`wn	289131	2
`wr	289133	1
`ws	289134	1
`xa	289135	2
`xe	289137	3
`xo	289140	1
`xu	289141	2
`y 	289143	20
`y@	289163	15
`ya	289178	7
`yb	289185	2
`yd	289187	6
`ye	289193	3
`yh	289196	2
`yi	289198	1
`yl	289199	3
`ym	289202	1
`yn	289203	60
`yo	289263	1
`yr	289264	1
`ys	289265	6
`yt	289271	4
`yw	289275	7
`yy	289282	1
`z 	289283	1
`za	289284	1
`zb	289285	1
`zg	289286	1
`zj	289287	1
`zm	289288	1
`zw	289289	1
`zy	289290	6
`zz	289296	1
a &	289297	1
a '	289298	16
a (	289314	15
a )	289329	1
a +	289330	2
a -	289332	21
a /	289353	12
a 0	289365	125
a 1	289490	139
a 2	289629	81
a 3	289710	46
a 4	289756	51
a 5	289807	24
a 6	289831	20
a 7	289851	19
a 8	289870	13
a 9	289883	8
a @	289891	39
a [	289930	1
a `	289931	103
a a	290034	3128
a b	293162	4038
a c	297200	6706
a d	303906	3542
a e	307448	809
a f	308257	467
a g	308724	1947
a h	310671	1175
a i	311846	2427
a j	314273	1668
a k	315941	1704
a l	317645	2961
a m	320606	4913
a n	325519	2082
a o	327601	2632
a p	330233	2737
a q	332970	148
a r	333118	4969
a s	338087	3301
a t	341388	1975
a u	343363	2155
a v	345518	1390
a w	346908	261
a x	347169	28
a y	347197	293
a z	347490	961
a' 	348451	172
a'a	348623	48
a'b	348671	4
a'd	348675	21
a'e	348696	4
a'f	348700	1
a'g	348701	1
a'i	348702	43
a'l	348745	6
a'm	348751	2
a'o	348753	1
a'q	348754	1
a'r	348755	18
a's	348773	8
a'u	348781	10
a'v	348791	3
a'z	348794	1
a) 	348795	6
a, 	348801	229
a- 	349030	2
a-a	349032	21
a-b	349053	70
a-c	349123	9
a-d	349132	15
a-e	349147	4
a-f	349151	4
a-g	349155	156
a-h	349311	7
a-i	349318	12
a-j	349330	2
a-k	349332	52
a-l	349384	34
a-m	349418	54
a-n	349472	111
a-o	349583	16
a-p	349599	22
a-r	349621	12
a-s	349633	153
a-t	349786	26
a-u	349812	26
a-v	349838	20
a-w	349858	3
a-y	349861	2
a-z	349863	5
a. 	349868	8
a.s	349876	1
a/a	349877	1
a/b	349878	3
a/c	349881	1
a/d	349882	3
a/e	349885	3
a/n	349888	1
a/o	349889	3
a/p	349892	1
a/t	349893	1
a1 	349894	1
a:p	349895	1
a:r	349896	1
a:w	349897	1
a; 	349898	2
a] 	349900	1
a`a	349901	2
a`d	349903	16
a`e	349919	2
a`i	349921	26
a`m	349947	1
a`n	349948	2
a`w	349950	1
aa 	349951	534
aa'	350485	2
aa-	350487	12
aa:	350499	3
aa`	350502	3
aaa	350505	40
aab	350545	37
aac	350582	55
aad	350637	90
aae	350727	883
aaf	351610	9
aag	351619	56
aah	351675	26
aai	351701	26
aaj	351727	41
aak	351768	134
aal	351902	145
aam	352047	149
aan	352196	438
aao	352634	10
aap	352644	57
aaq	352701	2
aar	352703	169
aas	352872	74
aat	352946	131
aau	353077	3
aav	353080	121
aaw	353201	31
aay	353232	100
aaz	353332	13
ab 	353345	231
ab'	353576	1
ab-	353577	1
ab.	353578	1
ab`	353579	3
aba	353582	1040
abb	354622	42
abc	354664	7
abd	354671	22
abe	354693	358
abg	355051	2
abh	355053	12
abi	355065	399
abj	355464	2
abk	355466	14
abl	355480	65
abn	355545	6
abo	355551	439
abp	355990	28
abr	356018	406
abs	356424	8
abt	356432	5
abu	356437	694
abw	357131	93
aby	357224	41
abz	357265	25
ac 	357290	221
ac'	357511	1
ac-	357512	3
ac/	357515	1
aca	357516	1441
acb	358957	1
acc	358958	70
acd	359028	3
ace	359031	216
acg	359247	2
ach	359249	726
aci	359975	429
ack	360404	248
acl	360652	13
acm	360665	5
acn	360670	6
aco	360676	301
acq	360977	9
acr	360986	256
acs	361242	26
act	361268	11
acu	361279	221
acv	361500	1
acy	361501	5
acz	361506	5
ad 	361511	1115
ad-	362626	14
ad`	362640	6
ada	362646	2571
adb	365217	5
adc	365222	9
add	365231	81
ade	365312	549
adf	365861	5
adg	365866	15
adh	365881	124
adi	366005	429
adj	366434	52
adk	366486	11
adl	366497	13
adm	366510	84
adn	366594	31
ado	366625	4027
adp	370652	17
adr	370669	115
ads	370784	785
adt	371569	33
adu	371602	147
adv	371749	7
adw	371756	10
ady	371766	70
adz	371836	20
ae 	371856	164
ae-	372020	11
aea	372031	5
aeb	372036	12
aec	372048	12
aed	372060	24
aee	372084	1
aef	372085	3
aeg	372088	31
aeh	372119	18
aej	372137	7
aek	372144	56
ael	372200	107
aem	372307	49
aen	372356	269
aeo	372625	19
aep	372644	885
aeq	373529	1
aer	373530	82
aes	373612	56
aet	373668	29
aeu	373697	3
aev	373700	55
aew	373755	8
aey	373763	9
aez	373772	20
af 	373792	459
af'	374251	1
afa	374252	132
afd	374384	2
afe	374386	25
aff	374411	42
afg	374453	434
afh	374887	1
afi	374888	57
afj	374945	12
afk	374957	1
afl	374958	14
afm	374972	1
afn	374973	2
afo	374975	166
afq	375141	1
afr	375142	191
afs	375333	15
aft	375348	31
afu	375379	26
afw	375405	4
afy	375409	19
ag 	375428	179
ag'	375607	13
ag-	375620	4
ag`	375624	2
aga	375626	1343
agb	376969	367
agc	377336	3
agd	377339	91
age	377430	181
agf	377611	1
agg	377612	16
agh	377628	168
agi	377796	183
agj	377979	1
agk	377980	1
agl	377981	22
agm	378003	16
agn	378019	41
ago	378060	879
agp	378939	1
agq	378940	1
agr	378941	133
ags	379074	12
agt	379086	6
agu	379092	1035
agv	380127	1
agw	380128	17
agy	380145	23
agz	380168	1
ah 	380169	1033
ah'	381202	1
ah-	381203	18
aha	381221	572
ahb	381793	8
ahc	381801	9
ahd	381810	29
ahe	381839	41
ahf	381880	2
ahg	381882	3
ahh	381885	2
ahi	381887	591
ahj	382478	2
ahk	382480	3
ahl	382483	44
ahm	382527	69
ahn	382596	17
aho	382613	330
ahp	382943	2
ahr	382945	499
ahs	383444	9
aht	383453	7
ahu	383460	251
ahv	383711	2
ahw	383713	14
ahy	383727	31
ai 	383758	1033
ai'	384791	4
ai-	384795	39
ai`	384834	2
aia	384836	395
aib	385231	287
aic	385518	938
aid	386456	164
aie	386620	27
aif	386647	7
aig	386654	56
aih	386710	32
aii	386742	10
aij	386752	106
aik	386858	71
ail	386929	1150
aim	388079	138
ain	388217	1837
aio	390054	2225
aip	392279	67
aiq	392346	5
air	392351	444
ais	392795	1112
ait	393907	363
aiu	394270	20
aiv	394290	37
aiw	394327	31
aix	394358	16
aiy	394374	44
aiz	394418	52
aj 	394470	266
aj&	394736	1
aj'	394737	1
aj-	394738	1
aja	394739	448
ajb	395187	1
ajc	395188	1
ajd	395189	16
aje	395205	53
ajg	395258	4
ajh	395262	3
aji	395265	147
ajj	395412	35
ajk	395447	2
ajl	395449	4
ajm	395453	8
ajn	395461	8
ajo	395469	115
ajp	395584	7
ajr	395591	14
ajs	395605	16
ajt	395621	2
aju	395623	124
ajv	395747	1
ajy	395748	28
ajz	395776	2
ak 	395778	399
ak'	396177	38
ak-	396215	16
ak`	396231	9
aka	396240	665
akb	396905	3
akc	396908	29
akd	396937	7
ake	396944	244
akf	397188	4
akh	397192	872
aki	398064	607
akj	398671	1
akk	398672	74
akl	398746	30
akm	398776	7
akn	398783	12
ako	398795	335
akp	399130	11
akr	399141	23
aks	399164	97
akt	399261	55
aku	399316	246
akv	399562	3
akw	399565	49
akx	399614	3
aky	399617	19
akz	399636	4
al 	399640	3042
al'	402682	105
al)	402787	1
al-	402788	122
al.	402910	1
al/	402911	2
ala	402913	2524
alb	405437	631
alc	406068	275
ald	406343	327
ale	406670	970
alf	407640	29
alg	407669	801
alh	408470	68
ali	408538	4895
alj	413433	19
alk	413452	108
all	413560	567
alm	414127	334
aln	414461	82
alo	414543	391
alp	414934	154
alq	415088	15
alr	415103	5
als	415108	100
alt	415208	698
alu	415906	242
alv	416148	215
alw	416363	10
alx	416373	5
aly	416378	247
alz	416625	40
am 	416665	1472
am'	418137	3
am,	418140	1
am-	418141	86
ama	418227	2763
amb	420990	1319
amc	422309	31
amd	422340	30
ame	422370	971
amf	423341	17
amg	423358	24
amh	423382	8
ami	423390	396
amj	423786	7
amk	423793	51
aml	423844	15
amm	423859	221
amn	424080	70
amo	424150	357
amp	424507	1475
amr	425982	61
ams	426043	98
amt	426141	191
amu	426332	243
amv	426575	10
amw	426585	11
amx	426596	9
amy	426605	37
amz	426642	6
an 	426648	11907
an'	438555	52
an)	438607	1
an,	438608	199
an-	438807	518
an/	439325	5
an`	439330	21
ana	439351	4389
anb	443740	101
anc	443841	900
and	444741	6798
ane	451539	681
anf	452220	10
ang	452230	3015
anh	455245	513
ani	455758	5718
anj	461476	234
ank	461710	322
anl	462032	67
anm	462099	187
ann	462286	316
ano	462602	685
anp	463287	55
anq	463342	32
anr	463374	14
ans	463388	914
ant	464302	2780
anu	467082	274
anv	467356	18
anw	467374	13
anx	467387	28
any	467415	345
anz	467760	381
ao 	468141	2165
ao'	470306	1
ao)	470307	1
ao-	470308	3
aoa	470311	5
aob	470316	7
aoc	470323	4
aod	470327	1
aof	470328	1
aog	470329	4
aoh	470333	14
aoi	470347	2
aoj	470349	3
aok	470352	15
aol	470367	17
aom	470384	24
aon	470408	39
aoo	470447	4
aop	470451	5
aoq	470456	1
aor	470457	29
aos	470486	189
aot	470675	11
aou	470686	64
aov	470750	1
aow	470751	1
aox	470752	3
aoy	470755	8
aoz	470763	16
ap 	470779	165
ap'	470944	3
ap-	470947	1
ap`	470948	3
apa	470951	1877
apc	472828	6
ape	472834	218
apg	473052	3
aph	473055	78
api	473133	286
apk	473419	3
apl	473422	28
apm	473450	2
apn	473452	5
apo	473457	182
app	473639	44
apq	473683	1
apr	473684	20
aps	473704	34
apt	473738	16
apu	473754	385
apw	474139	2
apy	474141	7
aq 	474148	171
aq'	474319	2
aqa	474321	44
aqb	474365	2
aqc	474367	1
aqf	474368	1
aqi	474369	8
aql	474377	2
aqm	474379	25
aqn	474404	1
aqo	474405	3
aqq	474408	8
aqr	474416	1
aqs	474417	70
aqt	474487	19
aqu	474506	156
aqw	474662	1
aqy	474663	1
aqz	474664	2
ar 	474666	2117
ar'	476783	23
ar-	476806	38
ar`	476844	2
ara	476846	4884
arb	481730	318
arc	482048	400
ard	482448	583
are	483031	948
arf	483979	64
arg	484043	1010
arh	485053	150
ari	485203	2214
arj	487417	61
ark	487478	666
arl	488144	193
arm	488337	329
arn	488666	304
aro	488970	650
arp	489620	79
arq	489699	133
arr	489832	1421
ars	491253	662
art	491915	1372
aru	493287	408
arv	493695	66
arw	493761	61
arx	493822	3
ary	493825	539
arz	494364	85
as 	494449	4676
as'	499125	64
as)	499189	10
as,	499199	2
as-	499201	102
as.	499303	4
as/	499307	3
as;	499310	1
as`	499311	2
asa	499313	540
asb	499853	10
asc	499863	494
asd	500357	9
ase	500366	157
asf	500523	2
asg	500525	8
ash	500533	1127
asi	501660	579
asj	502239	3
ask	502242	1086
asl	503328	140
asm	503468	73
asn	503541	266
aso	503807	231
asp	504038	32
asq	504070	17
asr	504087	19
ass	504106	393
ast	504499	3535
asu	508034	88
asv	508122	18
asw	508140	11
asy	508151	74
asz	508225	18
at 	508243	1205
at'	509448	4
at,	509452	1
at-	509453	19
at/	509472	1
at@	509473	3
at`	509476	6
ata	509482	1448
atb	510930	3
atc	510933	871
ate	511804	4864
atf	516668	14
atg	516682	11
ath	516693	273
ati	516966	4162
atj	521128	2
atk	521130	15
atl	521145	206
atm	521351	33
atn	521384	43
ato	521427	721
atp	522148	10
atr	522158	104
ats	522262	275
att	522537	189
atu	522726	244
atv	522970	637
atw	523607	6
atx	523613	1
aty	523614	89
atz	523703	27
au 	523730	1211
au-	524941	12
au/	524953	2
aua	524955	54
aub	525009	44
auc	525053	199
aud	525252	444
aue	525696	9
auf	525705	9
aug	525714	72
auh	525786	11
aui	525797	232
auj	526029	29
auk	526058	47
aul	526105	822
aum	526927	14
aun	526941	108
auo	527049	1
aup	527050	31
auq	527081	8
aur	527089	231
aus	527320	774
aut	528094	446
auv	528540	18
auw	528558	3
aux	528561	45
auy	528606	12
auz	528618	4
av 	528622	32
av'	528654	3
av-	528657	1
ava	528658	589
avb	529247	2
avc	529249	7
avd	529256	10
ave	529266	404
avg	529670	6
avh	529676	28
avi	529704	294
avj	529998	2
avk	530000	7
avl	530007	68
avm	530075	1
avn	530076	18
avo	530094	112
avp	530206	2
avr	530208	66
avs	530274	140
avt	530414	183
avu	530597	30
avv	530627	2
avy	530629	17
avz	530646	2
aw 	530648	81
aw'	530729	1
awa	530730	605
awb	531335	3
awc	531338	2
awd	531340	14
awe	531354	100
awf	531454	30
awg	531484	1
awh	531485	9
awi	531494	77
awk	531571	20
awl	531591	24
awm	531615	6
awn	531621	53
awo	531674	10
awp	531684	2
awq	531686	1
awr	531687	33
aws	531720	65
awt	531785	36
awu	531821	9
aww	531830	9
awy	531839	4
awz	531843	2
ax 	531845	74
axa	531919	590
axc	532509	83
axe	532592	8
axf	532600	1
axg	532601	1
axh	532602	2
axi	532604	31
axj	532635	1
axk	532636	1
axl	532637	1
axm	532638	2
axo	532640	10
axp	532650	1
axr	532651	1
axs	532652	1
axt	532653	18
axu	532671	3
axw	532674	1
axx	532675	1
axy	532676	1
ay 	532677	1752
ay'	534429	1
ay)	534430	3
ay,	534433	73
ay-	534506	13
ay/	534519	3
ay`	534522	7
aya	534529	2682
ayb	537211	38
ayc	537249	13
ayd	537262	95
aye	537357	232
ayf	537589	26
ayg	537615	10
ayh	537625	14
ayi	537639	57
ayj	537696	40
ayk	537736	100
ayl	537836	43
aym	537879	89
ayn	537968	152
ayo	538120	1879
ayp	539999	11
ayq	540010	6
ayr	540016	70
ays	540086	310
ayt	540396	30
ayu	540426	67
ayv	540493	7
ayw	540500	7
ayx	540507	2
ayy	540509	41
ayz	540550	7
az 	540557	425
az'	540982	1
az-	540983	6
aza	540989	807
azb	541796	4
azc	541800	2
azd	541802	50
aze	541852	151
azg	542003	12
azh	542015	23
azi	542038	5747
azk	547785	3
azl	547788	7
azm	547795	19
azn	547814	29
azo	547843	212
azq	548055	3
azr	548058	6
azs	548064	5
azt	548069	3
azu	548072	182
azv	548254	8
azy	548262	14
azz	548276	7
b '	548283	1
b -	548284	3
b 1	548287	3
b 2	548290	2
b 4	548292	1
b @	548293	1
b `	548294	12
b a	548306	69
b b	548375	61
b c	548436	67
b d	548503	69
b e	548572	48
b f	548620	7
b g	548627	238
b h	548865	13
b i	548878	34
b j	548912	13
b k	548925	26
b l	548951	77
b m	549028	70
b n	549098	14
b o	549112	2
b p	549114	65
b q	549179	8
b r	549187	6
b s	549193	259
b t	549452	24
b u	549476	5
b v	549481	3
b w	549484	6
b y	549490	46
b z	549536	8
b&h	549544	1
b' 	549545	2
b'a	549547	3
b'e	549550	1
b'h	549551	1
b'i	549552	1
b'r	549553	1
b's	549554	1
b'y	549555	1
b-c	549556	12
b-d	549568	1
b-e	549569	1
b-m	549570	1
b-p	549571	9
b-r	549580	1
b-s	549581	1
b. 	549582	2
b@ 	549584	40
b@-	549624	1
b@i	549625	2
b@n	549627	2
b` 	549629	9
b`@	549638	2
b`a	549640	1
b`b	549641	1
b`e	549642	1
b`j	549643	1
b`l	549644	3
b`n	549647	3
b`p	549650	1
b`s	549651	1
b`t	549652	1
b`y	549653	1
ba 	549654	1749
ba'	551403	4
ba-	551407	17
ba/	551424	2
baa	551426	184
bab	551610	172
bac	551782	260
bad	552042	229
bae	552271	48
baf	552319	15
bag	552334	181
bah	552515	615
bai	553130	293
baj	553423	124
bak	553547	116
bal	553663	580
bam	554243	144
ban	554387	1198
bao	555585	41
bap	555626	31
baq	555657	11
bar	555668	1877
bas	557545	463
bat	558008	321
bau	558329	124
bav	558453	23
baw	558476	32
bax	558508	4
bay	558512	465
baz	558977	49
bb 	559026	52
bb@	559078	2
bba	559080	30
bbd	559110	1
bbe	559111	32
bbi	559143	37
bbj	559180	1
bbk	559181	1
bbl	559182	10
bbo	559192	6
bbr	559198	1
bbs	559199	2
bbu	559201	3
bbw	559204	2
bby	559206	1
bc 	559207	7
bca	559214	3
bce	559217	2
bch	559219	5
bci	559224	211
bcn	559435	1
bcp	559436	1
bcs	559437	1
bcz	559438	1
bd 	559439	123
bd,	559562	1
bd-	559563	1
bda	559564	6
bdb	559570	1
bdd	559571	2
bde	559573	5
bdf	559578	1
bdg	559579	3
bdh	559582	2
bdi	559584	142
bdk	559726	1
bdl	559727	1
bdn	559728	3
bdo	559731	5
bdr	559736	6
bds	559742	1
bdu	559743	5
bdy	559748	7
be 	559755	641
be'	560396	1
be-	560397	17
bea	560414	84
beb	560498	12
bec	560510	56
bed	560566	31
bee	560597	42
bef	560639	5
beg	560644	368
beh	561012	10
bei	561022	180
bej	561202	55
bek	561257	274
bel	561531	670
bem	562201	15
ben	562216	468
beo	562684	7
bep	562691	1
beq	562692	14
ber	562706	1196
bes	563902	126
bet	564028	141
beu	564169	21
bev	564190	5
bex	564195	4
bey	564199	51
bez	564250	239
bf 	564489	61
bfa	564550	59
bfc	564609	1
bfq	564610	1
bfs	564611	1
bft	564612	1
bg 	564613	300
bga	564913	4
bgd	564917	73
bge	564990	1
bgf	564991	1
bgl	564992	2
bgn	564994	1
bgo	564995	2
bgr	564997	294
bgt	565291	1
bgu	565292	1
bgw	565293	1
bh 	565294	23
bh@	565317	2
bha	565319	43
bhb	565362	4
bhd	565366	2
bhe	565368	4
bhi	565372	10
bhk	565382	2
bhl	565384	2
bhm	565386	1
bhn	565387	13
bho	565400	6
bhr	565406	27
bhs	565433	34
bht	565467	1
bhu	565468	55
bhy	565523	10
bi 	565533	380
bi'	565913	2
bi-	565915	19
bia	565934	1686
bib	567620	21
bic	567641	56
bid	567697	35
bie	567732	78
big	567810	33
bih	567843	186
bii	568029	20
bij	568049	18
bik	568067	19
bil	568086	498
bim	568584	17
bin	568601	288
bio	568889	42
bip	568931	3
biq	568934	182
bir	569116	190
bis	569306	181
bit	569487	60
biu	569547	68
biv	569615	2
biw	569617	1
bix	569618	3
biy	569621	36
biz	569657	22
bj 	569679	93
bj@	569772	3
bja	569775	4
bje	569779	28
bjl	569807	2
bjn	569809	3
bjo	569812	5
bjs	569817	1
bju	569818	2
bjw	569820	1
bjy	569821	4
bk 	569825	11
bk@	569836	1
bke	569837	1
bkh	569838	23
bki	569861	4
bkl	569865	2
bkm	569867	1
bko	569868	5
bkr	569873	1
bks	569874	1
bky	569875	1
bl 	569876	37
bl'	569913	2
bl@	569915	5
bl`	569920	2
bla	569922	2373
blb	572295	3
bld	572298	9
ble	572307	55
blg	572362	2
bli	572364	1334
blj	573698	20
blk	573718	3
blm	573721	1
bln	573722	1
blo	573723	142
blp	573865	1
blq	573866	2
blr	573868	169
bls	574037	11
blt	574048	2
blu	574050	23
blw	574073	3
bly	574076	296
blz	574372	8
bl~	574380	1
bm 	574381	17
bm-	574398	1
bma	574399	2
bmb	574401	1
bme	574402	1
bml	574403	1
bmr	574404	1
bmu	574405	11
bmy	574416	2
bn 	574418	79
bn:	574497	1
bn@	574498	1
bna	574499	15
bnb	574514	2
bnd	574516	12
bne	574528	1
bng	574529	20
bnh	574549	3
bni	574552	13
bnj	574565	2
bnk	574567	1
bnn	574568	5
bno	574573	5
bnr	574578	1
bns	574579	3
bnt	574582	3
bny	574585	32
bnz	574617	3
bo 	574620	557
bo'	575177	3
bo-	575180	8
bo/	575188	3
bo`	575191	2
boa	575193	89
bob	575282	35
boc	575317	50
bod	575367	291
boe	575658	24
bof	575682	2
bog	575684	74
boh	575758	34
boi	575792	37
boj	575829	9
bok	575838	64
bol	575902	380
bom	576282	133
bon	576415	350
boo	576765	19
bop	576784	6
boq	576790	14
bor	576804	462
bos	577266	84
bot	577350	223
bou	577573	459
bov	578032	152
bow	578184	19
box	578203	4
boy	578207	152
boz	578359	27
bp 	578386	1
bpd	578387	1
bph	578388	3
bpi	578391	26
bpl	578417	1
bpr	578418	2
bq 	578420	9
bq1	578429	1
bq2	578430	1
bq3	578431	1
bq`	578432	3
bql	578435	1
bqr	578436	2
bqy	578438	2
br 	578440	5627
br'	584067	20
br@	584087	4
br`	584091	1
bra	584092	6472
brb	590564	15
brc	590579	4
brd	590583	10
bre	590593	227
brg	590820	5
brh	590825	11
bri	590836	230
brj	591066	16
brk	591082	12
brm	591094	2
brn	591096	55
bro	591151	212
brp	591363	2
brq	591365	6
brr	591371	3
brs	591374	15
brt	591389	3
bru	591392	114
brv	591506	1
brw	591507	5
bry	591512	60
brz	591572	15
br~	591587	3
bs 	591590	63
bs@	591653	1
bsa	591654	5
bsb	591659	1
bsc	591660	3
bse	591663	3
bsh	591666	278
bsi	591944	1
bsk	591945	37
bsm	591982	1
bsn	591983	1
bso	591984	3
bsr	591987	1
bst	591988	21
bsy	592009	3
bt 	592012	68
bta	592080	1
btg	592081	1
bth	592082	8
btl	592090	1
btm	592091	2
btn	592093	56
bto	592149	3
btr	592152	2
bts	592154	4
btt	592158	2
btu	592160	1
btw	592161	1
bty	592162	4
bu 	592166	129
bu'	592295	7
bu-	592302	9
bu/	592311	1
bua	592312	41
bub	592353	17
buc	592370	296
bud	592666	64
bue	592730	233
buf	592963	10
bug	592973	60
buh	593033	28
bui	593061	29
buj	593090	32
buk	593122	116
bul	593238	485
bum	593723	15
bun	593738	104
buo	593842	4
bup	593846	419
buq	594265	4
bur	594269	816
bus	595085	99
but	595184	78
buu	595262	13
buv	595275	2
buw	595277	2
bux	595279	18
buy	595297	23
buz	595320	115
bv 	595435	3
bva	595438	2
bvt	595440	1
bw 	595441	83
bw@	595524	1
bw`	595525	5
bwa	595530	67
bwb	595597	1
bwc	595598	1
bwd	595599	4
bwe	595603	80
bwf	595683	1
bwg	595684	2
bwh	595686	8
bwi	595694	1
bwj	595695	2
bwk	595697	7
bwl	595704	5
bwm	595709	3
bwn	595712	19
bwq	595731	7
bwr	595738	17
bws	595755	12
bwt	595767	3
bwu	595770	1
bwy	595771	7
bwz	595778	6
by 	595784	258
by'	596042	1
by-	596043	3
by@	596046	57
by`	596103	1
bya	596104	50
byb	596154	7
byc	596161	3
byd	596164	21
bye	596185	62
byg	596247	23
byh	596270	3
byi	596273	1
byj	596274	4
byk	596278	6
byl	596284	35
bym	596319	1
byn	596320	9
byo	596329	7
byp	596336	1
byq	596337	1
byr	596338	34
bys	596372	32
byt	596404	12
byu	596416	1
byy	596417	4
by~	596421	1
bz 	596422	16
bz@	596438	2
bze	596440	3
bzo	596443	19
bzu	596462	1
bzv	596463	1
bzw	596464	1
c -	596465	5
c 0	596470	3
c 1	596473	9
c 3	596482	2
c 5	596484	2
c 6	596486	1
c 7	596487	2
c 8	596489	1
c a	596490	35
c b	596525	190
c c	596715	216
c d	596931	290
c e	597221	259
c f	597480	5
c g	597485	27
c h	597512	31
c i	597543	29
c j	597572	13
c k	597585	45
c l	597630	579
c m	598209	212
c n	598421	79
c o	598500	503
c p	599003	67
c q	599070	7
c r	599077	234
c s	599311	92
c t	599403	63
c u	599466	4
c v	599470	40
c w	599510	6
c x	599516	5
c y	599521	8
c z	599529	17
c' 	599546	1
c'a	599547	1
c) 	599548	43
c-g	599591	1
c-l	599592	2
c-m	599594	1
c-o	599595	1
c-s	599596	1
c. 	599597	5
c.)	599602	3
c.a	599605	2
c.b	599607	1
c.f	599608	1
c/b	599609	1
c/c	599610	1
c/d	599611	1
c/m	599612	1
c`a	599613	1
c`i	599614	59
c`x	599673	3
ca 	599676	4355
ca-	604031	15
ca.	604046	1
ca/	604047	1
caa	604048	58
cab	604106	185
cac	604291	117
cad	604408	59
cae	604467	33
caf	604500	102
cag	604602	35
cah	604637	23
cai	604660	130
caj	604790	59
cak	604849	18
cal	604867	577
cam	605444	766
can	606210	2923
cao	609133	148
cap	609281	290
caq	609571	20
car	609591	1085
cas	610676	536
cat	611212	779
cau	611991	227
cav	612218	37
cax	612255	9
cay	612264	90
caz	612354	44
cb 	612398	4
cba	612402	1
cbf	612403	1
cbi	612404	1
cc 	612405	3
cca	612408	17
cce	612425	6
ccg	612431	1
cch	612432	141
cci	612573	33
cck	612606	2
ccl	612608	2
cco	612610	96
ccr	612706	34
ccs	612740	6
ccu	612746	4
ccz	612750	3
cd 	612753	222
cdo	612975	7
cdu	612982	1
ce 	612983	1736
ce+	614719	1
ce-	614720	17
cea	614737	571
ceb	615308	4
cec	615312	8
ced	615320	134
cee	615454	12
cef	615466	3
ceg	615469	20
ceh	615489	30
cei	615519	67
cej	615586	2
cek	615588	8
cel	615596	184
cem	615780	20
cen	615800	703
ceo	616503	73
cep	616576	44
ceq	616620	1
cer	616621	202
ces	616823	900
cet	617723	43
ceu	617766	12
cev	617778	24
cey	617802	6
cez	617808	2
cf 	617810	93
cfa	617903	1
cg 	617904	103
cga	618007	1
cgn	618008	1
cgr	618009	3
ch 	618012	511
ch'	618523	101
ch-	618624	29
ch.	618653	1
ch@	618654	1
ch`	618655	16
cha	618671	1410
chb	620081	14
chc	620095	6
chd	620101	19
che	620120	1947
chf	622067	2
chg	622069	2
chh	622071	70
chi	622141	2350
chk	624491	48
chl	624539	128
chm	624667	40
chn	624707	442
cho	625149	735
chp	625884	5
chq	625889	2
chr	625891	54
chs	625945	55
cht	626000	82
chu	626082	454
chw	626536	19
chy	626555	73
ci 	626628	178
cia	626806	1309
cib	628115	41
cic	628156	23
cid	628179	59
cie	628238	96
cif	628334	12
cig	628346	9
cih	628355	2
cii	628357	6
cij	628363	15
cik	628378	32
cil	628410	173
cim	628583	27
cin	628610	758
cio	629368	405
cip	629773	4857
ciq	634630	3
cir	634633	48
cis	634681	159
cit	634840	467
ciu	635307	119
civ	635426	62
ciz	635488	2
cj 	635490	1
cja	635491	1
ck 	635492	160
ck-	635652	1
ck/	635653	1
cka	635654	145
ckb	635799	4
ckc	635803	1
ckd	635804	1
cke	635805	49
ckf	635854	4
ckg	635858	1
ckh	635859	35
cki	635894	174
ckl	636068	14
ckm	636082	4
ckn	636086	5
cko	636091	152
ckp	636243	4
ckr	636247	1
cks	636248	39
ckt	636287	3
cku	636290	2
ckv	636292	1
ckw	636293	4
cky	636297	188
cl 	636485	83
cla	636568	209
cld	636777	1
cle	636778	112
cli	636890	28
clk	636918	1
cll	636919	2
clo	636921	9
clp	636930	2
clu	636932	87
cly	637019	2
cm 	637021	80
cma	637101	3
cmc	637104	43
cmd	637147	1
cme	637148	3
cmi	637151	2
cmk	637153	2
cmn	637155	2
cmo	637157	2
cmp	637159	2
cmr	637161	68
cmu	637229	1
cmx	637230	1
cn 	637231	399
cn-	637630	1
cna	637631	13
cnd	637644	3
cne	637647	1
cng	637648	5
cni	637653	6
cnn	637659	2
cno	637661	2
cnp	637663	2
cnu	637665	1
cny	637666	1
co 	637667	5395
co-	643062	2
co/	643064	1
coa	643065	178
cob	643243	35
coc	643278	97
cod	643375	236
coe	643611	17
cof	643628	6
cog	643634	108
coh	643742	5
coi	643747	42
coj	643789	15
cok	643804	20
col	643824	1513
com	645337	3236
con	648573	3711
coo	652284	50
cop	652334	78
coq	652412	12
cor	652424	453
cos	652877	296
cot	653173	265
cou	653438	4000
cov	657438	160
cow	657598	9
cox	657607	13
coy	657620	32
coz	657652	10
cp 	657662	4
cpa	657666	5
cph	657671	6
cpi	657677	2
cpk	657679	1
cpm	657680	1
cpr	657681	1
cpv	657682	56
cq 	657738	2
cqa	657740	3
cqu	657743	11
cr 	657754	97
cra	657851	316
cre	658167	149
crf	658316	1
cri	658317	216
crk	658533	2
crn	658535	5
cro	658540	742
cru	659282	371
cry	659653	2
cs 	659655	16
cs-	659671	26
csa	659697	23
cse	659720	8
csh	659728	1
csi	659729	7
csk	659736	10
cso	659746	10
csu	659756	1
csv	659757	1
ct 	659758	6278
cta	666036	6
cte	666042	7
cti	666049	31
cto	666080	167
ctr	666247	2
ctt	666249	5
ctu	666254	168
ctz	666422	2
cu 	666424	341
cu)	666765	3
cua	666768	373
cub	667141	207
cuc	667348	44
cud	667392	4
cue	667396	32
cuf	667428	2
cug	667430	2
cuh	667432	3
cui	667435	88
cuj	667523	3
cuk	667526	10
cul	667536	60
cum	667596	75
cun	667671	199
cuo	667870	4
cup	667874	22
cuq	667896	3
cur	667899	102
cus	668001	47
cut	668048	38
cuu	668086	4
cuv	668090	20
cux	668110	1
cuy	668111	35
cuz	668146	9
cv 	668155	57
cva	668212	2
cvl	668214	1
cw 	668215	2
cwa	668217	1
cwy	668218	1
cxu	668219	2
cy 	668221	993
cye	669214	2
cyi	669216	1
cym	669217	8
cyn	669225	2
cyo	669227	1
cyp	669228	622
cyq	669850	1
cyr	669851	1
cz 	669852	126
cza	669978	6
czb	669984	1
cze	669985	138
czi	670123	6
czk	670129	1
czl	670130	2
czn	670132	5
czo	670137	4
czy	670141	10
czz	670151	1
d &	670152	1
d '	670153	2
d -	670155	7
d 0	670162	21
d 1	670183	13
d 2	670196	7
d 3	670203	5
d 4	670208	2
d 5	670210	2
d 6	670212	1
d 7	670213	3
d 8	670216	7
d 9	670223	1
d @	670224	15
d `	670239	34
d a	670273	718
d b	670991	306
d c	671297	726
d d	672023	382
d e	672405	110
d f	672515	153
d g	672668	123
d h	672791	167
d i	672958	856
d j	673814	195
d k	674009	456
d l	674465	465
d m	674930	358
d n	675288	611
d o	675899	133
d p	676032	539
d q	676571	17
d r	676588	259
d s	676847	3822
d t	680669	1367
d u	682036	303
d v	682339	105
d w	682444	81
d x	682525	2
d y	682527	16
d z	682543	62
d' 	682605	4
d''	682609	4
d'a	682613	83
d'b	682696	1
d'e	682697	23
d'h	682720	4
d'i	682724	58
d'l	682782	2
d'o	682784	45
d's	682829	5
d'u	682834	2
d'v	682836	1
d) 	682837	3
d, 	682840	4
d-a	682844	18
d-b	682862	59
d-c	682921	11
d-d	682932	8
d-e	682940	26
d-f	682966	1
d-g	682967	4
d-h	682971	96
d-k	683067	26
d-m	683093	2
d-o	683095	14
d-p	683109	3
d-r	683112	1
d-s	683113	4
d-t	683117	2
d-u	683119	13
d-w	683132	1
d. 	683133	2
d.c	683135	3
d.e	683138	1
d/b	683139	2
d/d	683141	2
d/f	683143	1
d/g	683144	1
d/l	683145	1
d/n	683146	1
d@ 	683147	40
d@-	683187	1
d_r	683188	1
d` 	683189	1
d`a	683190	1
d`b	683191	1
d`d	683192	1
d`k	683193	1
d`m	683194	1
d`n	683195	8
d`t	683203	2
d`y	683205	6
da 	683211	3072
da'	686283	44
da-	686327	66
da.	686393	1
da/	686394	1
daa	686395	82
dab	686477	72
dac	686549	15
dad	686564	3185
dae	689749	79
daf	689828	2
dag	689830	276
dah	690106	183
dai	690289	164
daj	690453	13
dak	690466	290
dal	690756	562
dam	691318	260
dan	691578	753
dao	692331	100
dap	692431	37
daq	692468	14
dar	692482	521
das	693003	209
dat	693212	31
dau	693243	65
dav	693308	69
daw	693377	33
dax	693410	2
day	693412	95
daz	693507	12
db 	693519	11
db@	693530	2
db`	693532	1
dba	693533	8
dbb	693541	2
dbd	693543	3
dbe	693546	3
dbg	693549	1
dbi	693550	5
dbn	693555	1
dbo	693556	6
dbr	693562	8
dbs	693570	1
dbu	693571	5
dby	693576	8
dc 	693584	5
dca	693589	2
dcc	693591	4
dce	693595	1
dch	693596	10
dci	693606	1
dcl	693607	2
dcr	693609	1
dd 	693610	63
dd@	693673	2
dda	693675	62
ddc	693737	2
ddd	693739	5
dde	693744	22
ddg	693766	4
ddh	693770	30
ddi	693800	50
ddj	693850	4
ddk	693854	19
ddl	693873	115
ddm	693988	9
ddn	693997	1
ddo	693998	10
ddp	694008	2
ddr	694010	5
ddu	694015	6
ddv	694021	3
ddw	694024	3
ddy	694027	12
dd~	694039	1
de 	694040	8787
de'	702827	7
de+	702834	5
de-	702839	34
dea	702873	70
deb	702943	19
dec	702962	40
ded	703002	11
dee	703013	30
def	703043	27
deg	703070	99
deh	703169	42
dei	703211	85
dej	703296	7
dek	703303	22
del	703325	603
dem	703928	275
den	704203	916
deo	705119	31
dep	705150	826
deq	705976	2
der	705978	3262
des	709240	586
det	709826	105
deu	709931	51
dev	709982	39
dew	710021	9
dex	710030	1
dey	710031	27
dez	710058	37
df 	710095	5
df@	710100	1
df`	710101	1
dfa	710102	5
dfi	710107	2
dfj	710109	1
dfl	710110	3
dfn	710113	3
dfo	710116	14
dfr	710130	1
dfu	710131	2
dfw	710133	1
dfy	710134	1
dg 	710135	5
dg'	710140	1
dg@	710141	1
dg`	710142	1
dga	710143	8
dgd	710151	1
dge	710152	53
dgg	710205	1
dgh	710206	10
dgi	710216	2
dgl	710218	1
dgm	710219	1
dgn	710220	4
dgo	710224	29
dgr	710253	1
dgv	710254	1
dgw	710255	2
dgy	710257	2
dh 	710259	90
dh@	710349	2
dha	710351	101
dhe	710452	42
dhg	710494	1
dhh	710495	6
dhi	710501	42
dhk	710543	1
dhl	710544	11
dhm	710555	13
dhn	710568	5
dho	710573	15
dhp	710588	3
dhq	710591	3
dhr	710594	43
dhu	710637	24
dhv	710661	3
dhw	710664	6
dhy	710670	65
di 	710735	794
di+	711529	1
di-	711530	19
di/	711549	1
dia	711550	1438
dib	712988	28
dic	713016	34
did	713050	24
die	713074	110
dif	713184	9
dig	713193	48
dih	713241	5
dii	713246	36
dij	713282	42
dik	713324	36
dil	713360	123
dim	713483	138
din	713621	579
dio	714200	80
dip	714280	5
diq	714285	22
dir	714307	89
dis	714396	6464
dit	720860	31
diu	720891	18
div	720909	109
diw	721018	4
dix	721022	4
diy	721026	85
diz	721111	8
dj 	721119	34
dja	721153	51
dje	721204	58
dji	721262	37
djl	721299	5
djm	721304	1
djn	721305	1
djo	721306	21
dju	721327	31
djw	721358	1
djy	721359	13
dk 	721372	109
dka	721481	47
dkh	721528	16
dki	721544	5
dkk	721549	1
dkl	721550	1
dkm	721551	1
dkn	721552	1
dko	721553	5
dkr	721558	6
dks	721564	5
dku	721569	37
dkw	721606	3
dl 	721609	14
dl@	721623	1
dl`	721624	110
dla	721734	379
dlb	722113	2
dlc	722115	2
dle	722117	35
dlf	722152	1
dlg	722153	1
dlh	722154	1
dli	722155	11
dlj	722166	1
dlk	722167	2
dlm	722169	96
dln	722265	1
dlo	722266	98
dlp	722364	1
dls	722365	5
dlw	722370	3
dly	722373	2
dm 	722375	20
dm@	722395	1
dm`	722396	1
dma	722397	30
dmd	722427	1
dme	722428	1
dmg	722429	1
dmh	722430	3
dmi	722433	83
dmk	722516	1
dml	722517	7
dmm	722524	1
dmn	722525	9
dmo	722534	4
dmr	722538	4
dms	722542	4
dmu	722546	31
dmw	722577	2
dmy	722579	3
dn 	722582	24
dn@	722606	1
dna	722607	9
dnc	722616	2
dnd	722618	3
dne	722621	21
dng	722642	19
dni	722661	51
dnj	722712	8
dnk	722720	113
dnl	722833	1
dnn	722834	2
dno	722836	12
dnr	722848	1
dns	722849	2
dnt	722851	2
dnu	722853	1
dny	722854	22
do 	722876	5551
do-	728427	14
do/	728441	2
do`	728443	1
doa	728444	85
dob	728529	148
doc	728677	30
dod	728707	22
doe	728729	15
dof	728744	26
dog	728770	26
doh	728796	4
doi	728800	22
doj	728822	3
dok	728825	25
dol	728850	243
dom	729093	574
don	729667	1293
doo	730960	13
dop	730973	10
doq	730983	2
dor	730985	888
dos	731873	193
dot	732066	13
dou	732079	125
dov	732204	125
dow	732329	42
dox	732371	1
doy	732372	19
doz	732391	26
dpa	732417	7
dpe	732424	1
dph	732425	8
dpl	732433	3
dpo	732436	1
dpp	732437	1
dpr	732438	2
dpt	732440	1
dpu	732441	3
dq 	732444	5
dqh	732449	1
dqm	732450	2
dqn	732452	1
dqs	732453	1
dqu	732454	1
dr 	732455	39
dr'	732494	2
dr-	732496	1
dr.	732497	7
dr@	732504	1
dr`	732505	5
dra	732510	312
drb	732822	9
dre	732831	267
drf	733098	6
drg	733104	4
drh	733108	14
dri	733122	121
drj	733243	1
drl	733244	2
drm	733246	5
drn	733251	7
dro	733258	252
drp	733510	1
drq	733511	3
drr	733514	4
drs	733518	2
drt	733520	5
dru	733525	23
drv	733548	1
drw	733549	5
dry	733554	25
drz	733579	2
ds 	733581	1702
ds'	735283	9
ds,	735292	1
ds-	735293	3
ds/	735296	2
ds@	735298	2
dsa	735300	5
dsb	735305	14
dsc	735319	23
dsd	735342	1
dse	735343	2
dsf	735345	1
dsh	735346	29
dsi	735375	12
dsj	735387	1
dsk	735388	858
dsl	736246	3
dsm	736249	8
dsn	736257	1
dso	736258	20
dsp	736278	3
dsr	736281	8
dss	736289	2
dst	736291	18
dsu	736309	3
dsv	736312	4
dsw	736316	3
dsy	736319	3
dt 	736322	31
dt-	736353	2
dta	736355	1
dtb	736356	1
dte	736357	2
dtf	736359	1
dth	736360	2
dti	736362	2
dtj	736364	20
dtl	736384	2
dto	736386	5
dtr	736391	4
dts	736395	3
dtu	736398	1
du 	736399	354
du'	736753	3
du-	736756	19
dua	736775	35
dub	736810	76
duc	736886	35
dud	736921	15
due	736936	16
duf	736952	9
dug	736961	22
duh	736983	5
dui	736988	13
duj	737001	4
duk	737005	13
dul	737018	42
dum	737060	44
dun	737104	114
duo	737218	33
dup	737251	9
duq	737260	6
dur	737266	494
dus	737760	46
dut	737806	17
duu	737823	13
duv	737836	14
duw	737850	3
duy	737853	8
duz	737861	30
dva	737891	12
dve	737903	9
dvi	737912	21
dvo	737933	10
dvw	737943	1
dw 	737944	8
dw@	737952	1
dwa	737953	27
dwb	737980	3
dwd	737983	3
dwe	737986	20
dwf	738006	2
dwh	738008	3
dwi	738011	7
dwk	738018	3
dwl	738021	7
dwm	738028	5
dwn	738033	7
dwo	738040	7
dwq	738047	2
dwr	738049	12
dws	738061	4
dww	738065	2
dwy	738067	8
dwz	738075	3
dy 	738078	169
dy@	738247	252
dy`	738499	1
dya	738500	50
dyb	738550	19
dyc	738569	2
dyd	738571	8
dye	738579	2
dyf	738581	1
dyg	738582	11
dyh	738593	6
dyi	738599	2
dyj	738601	1
dyk	738602	19
dyl	738621	6
dym	738627	13
dyn	738640	34
dyo	738674	3
dyq	738677	12
dyr	738689	51
dys	738740	25
dyt	738765	10
dyu	738775	3
dyv	738778	1
dyw	738779	6
dyy	738785	1
dyz	738786	3
dz 	738789	615
dza	739404	680
dzb	740084	1
dzc	740085	1
dzd	740086	1
dze	740087	37
dzf	740124	1
dzh	740125	52
dzi	740177	63
dzk	740240	35
dzn	740275	9
dzo	740284	8
dzt	740292	16
dzu	740308	14
dzv	740322	1
dzy	740323	11
d~ 	740334	1
"e """	740335	1
e '	740336	8
e (	740344	9
e -	740353	8
e /	740361	1
e 0	740362	60
e 1	740422	73
e 2	740495	43
e 3	740538	31
e 4	740569	26
e 5	740595	26
e 6	740621	16
e 7	740637	13
e 8	740650	16
e 9	740666	9
e @	740675	4
e `	740679	8
e a	740687	1221
e b	741908	1417
e c	743325	2714
e d	746039	2366
e e	748405	504
e f	748909	449
e g	749358	1033
e h	750391	540
e i	750931	1099
e j	752030	607
e k	752637	771
e l	753408	1401
e m	754809	2297
e n	757106	1013
e o	758119	1109
e p	759228	1933
e q	761161	129
e r	761290	726
e s	762016	2865
e t	764881	2035
e u	766916	438
e v	767354	727
e w	768081	469
e x	768550	22
e y	768572	494
e z	769066	287
e' 	769353	3
e'a	769356	5
e'e	769361	5
e'j	769366	1
e's	769367	18
e) 	769385	6
e+l	769391	2
e+n	769393	2
e+r	769395	3
e+s	769398	5
e, 	769403	11
e-a	769414	48
e-b	769462	21
e-c	769483	22
e-d	769505	37
e-e	769542	18
e-f	769560	27
e-g	769587	37
e-h	769624	4
e-i	769628	8
e-j	769636	9
e-k	769645	31
e-l	769676	21
e-m	769697	17
e-n	769714	28
e-o	769742	37
e-p	769779	4
e-q	769783	1
e-r	769784	17
e-s	769801	58
e-t	769859	15
e-v	769874	25
e-w	769899	5
e-x	769904	1
e-z	769905	2
e. 	769907	6
e/a	769913	2
e/b	769915	5
e/c	769920	4
e/d	769924	3
e/e	769927	2
e/f	769929	3
e/g	769932	1
e/i	769933	1
e/l	769934	4
e/m	769938	9
e/n	769947	1
e/o	769948	1
e/p	769949	3
e/r	769952	1
e/s	769953	4
e/t	769957	3
e/u	769960	2
e/w	769962	1
e:k	769963	2
e:t	769965	1
e` 	769966	11
e``	769977	1
e`d	769978	2
e`e	769980	2
e`k	769982	2
e`m	769984	1
e`n	769985	87
e`o	770072	1
e`r	770073	1
e`y	770074	1
ea 	770075	1281
ea-	771356	63
eaa	771419	48
eab	771467	21
eac	771488	66
ead	771554	70
eae	771624	21
eaf	771645	3
eag	771648	23
eah	771671	19
eai	771690	5
eak	771695	13
eal	771708	163
eam	771871	93
ean	771964	193
eao	772157	7
eap	772164	11
ear	772175	262
eas	772437	492
eat	772929	91
eau	773020	124
eav	773144	127
eaw	773271	2
eay	773273	16
eaz	773289	7
eb 	773296	41
eb'	773337	1
eba	773338	224
ebb	773562	46
ebd	773608	2
ebe	773610	103
ebg	773713	1
ebh	773714	1
ebi	773715	58
ebj	773773	1
ebk	773774	1
ebl	773775	320
ebn	774095	3
ebo	774098	81
ebr	774179	187
ebs	774366	36
ebt	774402	2
ebu	774404	49
eby	774453	16
ebz	774469	1
ec 	774470	525
eca	774995	155
ecc	775150	23
ece	775173	120
ech	775293	425
eci	775718	118
eck	775836	151
ecl	775987	5
ecm	775992	5
ecn	775997	1
eco	775998	43
ecp	776041	5
ecr	776046	5
ecs	776051	13
ect	776064	217
ecu	776281	284
ecx	776565	1
ecz	776566	5
ed 	776571	3593
ed'	780164	6
ed-	780170	3
eda	780173	167
edb	780340	4
edc	780344	6
edd	780350	24
ede	780374	3256
edf	783630	6
edg	783636	14
edh	783650	4
edi	783654	239
edj	783893	11
edk	783904	3
edl	783907	8
edm	783915	7
edn	783922	22
edo	783944	353
edr	784297	270
eds	784567	11
edt	784578	1
edu	784579	21
edv	784600	8
edw	784608	15
edy	784623	8
edz	784631	16
ee 	784647	362
ee)	785009	1
ee-	785010	7
ee/	785017	1
eea	785018	23
eeb	785041	8
eec	785049	79
eed	785128	14
eef	785142	2
eeg	785144	5
eeh	785149	4
eei	785153	1
eej	785154	1
eek	785155	42
eel	785197	69
eem	785266	31
een	785297	470
eep	785767	4
eer	785771	50
ees	785821	23
eet	785844	26
eeu	785870	2
eev	785872	25
eew	785897	10
eey	785907	1
eez	785908	1
ef 	785909	59
efa	785968	50
efc	786018	1
efe	786019	191
eff	786210	44
efh	786254	1
efi	786255	11
efj	786266	3
efk	786269	179
efl	786448	19
efn	786467	1
efo	786468	31
efr	786499	5
efs	786504	3
eft	786507	18
efu	786525	5
efw	786530	2
efz	786532	1
eg 	786533	206
eg-	786739	2
eg`	786741	1
ega	786742	278
egb	787020	369
egd	787389	1
ege	787390	386
egg	787776	7
egh	787783	41
egi	787824	706
egk	788530	4
egl	788534	14
egm	788548	52
egn	788600	11
ego	788611	268
egr	788879	179
egs	789058	4
egt	789062	1
egu	789063	102
egw	789165	2
egy	789167	187
eh 	789354	141
eh-	789495	5
eha	789500	37
ehb	789537	2
ehc	789539	4
ehd	789543	3
ehe	789546	81
ehg	789627	3
ehh	789630	2
ehi	789632	81
ehl	789713	23
ehm	789736	1
ehn	789737	8
eho	789745	28
ehp	789773	2
ehq	789775	1
ehr	789776	43
ehs	789819	4
eht	789823	5
ehu	789828	69
ehw	789897	3
ehy	789900	2
ehz	789902	1
eh~	789903	5
ei 	789908	388
ei-	790296	26
eia	790322	136
eib	790458	31
eic	790489	41
eid	790530	42
eie	790572	18
eif	790590	4
eig	790594	26
eih	790620	4
eii	790624	2
eij	790626	8
eik	790634	31
eil	790665	55
eim	790720	38
ein	790758	124
eio	790882	19
eip	790901	6
eir	790907	540
eis	791447	102
eit	791549	95
eiu	791644	16
eiv	791660	4
eiw	791664	5
eix	791669	22
eiy	791691	3
eiz	791694	5
ej 	791699	7
eja	791706	115
eje	791821	30
ejh	791851	1
eji	791852	37
ejl	791889	1
ejm	791890	2
ejn	791892	2
ejo	791894	72
ejr	791966	2
ejs	791968	2
ejt	791970	1
eju	791971	29
ejw	792000	1
ek 	792001	127
ek-	792128	6
eka	792134	126
ekb	792260	1
ekd	792261	4
eke	792265	102
ekf	792367	1
ekh	792368	107
eki	792475	320
ekk	792795	4
ekl	792799	7
ekm	792806	8
ekn	792814	52
eko	792866	51
ekp	792917	5
ekr	792922	6
eks	792928	43
ekt	792971	12
eku	792983	56
ekw	793039	18
eky	793057	8
el 	793065	1316
el'	794381	89
el,	794470	19
el-	794489	24
el/	794513	2
el@	794515	1
el_	794516	1
ela	794517	1489
elb	796006	44
elc	796050	40
eld	796090	169
ele	796259	627
elf	796886	39
elg	796925	121
elh	797046	72
eli	797118	507
elj	797625	10
elk	797635	64
ell	797699	460
elm	798159	62
eln	798221	32
elo	798253	321
elp	798574	9
elq	798583	2
elr	798585	3
els	798588	134
elt	798722	78
elu	798800	49
elv	798849	29
elw	798878	18
ely	798896	68
elz	798964	1
em 	798965	228
em'	799193	1
em-	799194	2
em`	799196	2
ema	799198	599
emb	799797	259
emc	800056	26
emd	800082	3
eme	800085	1269
emf	801354	1
emg	801355	7
emh	801362	4
emi	801366	190
emk	801556	5
eml	801561	10
emm	801571	17
emn	801588	23
emo	801611	363
emp	801974	90
emr	802064	8
ems	802072	78
emt	802150	6
emu	802156	103
emv	802259	3
emw	802262	4
emy	802266	12
en 	802278	2889
en'	805167	49
en,	805216	2
en-	805218	66
en.	805284	1
en/	805285	2
ena	805287	603
enb	805890	96
enc	805986	651
end	806637	372
ene	807009	901
enf	807910	34
eng	807944	1154
enh	809098	77
eni	809175	1196
enj	810371	43
enk	810414	88
enl	810502	33
enm	810535	120
enn	810655	322
eno	810977	303
enp	811280	6
enq	811286	7
enr	811293	29
ens	811322	632
ent	811954	2590
enu	814544	88
env	814632	50
enw	814682	14
enx	814696	2
eny	814698	114
enz	814812	121
eo 	814933	111
eo-	815044	13
eoa	815057	2
eob	815059	5
eoc	815064	9
eod	815073	16
eof	815089	2
eog	815091	62
eoh	815153	3
eoj	815156	4
eok	815160	64
eol	815224	100
eom	815324	3
eon	815327	458
eop	815785	34
eoq	815819	1
eor	815820	417
eos	816237	7
eot	816244	11
eou	816255	28
eov	816283	2
eoz	816285	1
ep 	816286	85
ep'	816371	3
ep-	816374	1
ep`	816375	2
epa	816377	972
epb	817349	2
epc	817351	34
epe	817385	344
epf	817729	1
eph	817730	900
epi	818630	41
epl	818671	6
epn	818677	4
epo	818681	46
epp	818727	30
epr	818757	5
eps	818762	5
ept	818767	11
epu	818778	701
epw	819479	3
epy	819482	2
eq 	819484	7
eqa	819491	3
eqe	819494	2
eqi	819496	4
eql	819500	1
eqo	819501	2
eqq	819503	1
equ	819504	218
eqy	819722	1
er 	819723	1638
er'	821361	8
er-	821369	24
er/	821393	1
era	821394	4558
erb	825952	259
erc	826211	150
erd	826361	320
ere	826681	628
erf	827309	31
erg	827340	247
erh	827587	20
eri	827607	2289
erj	829896	4
erk	829900	116
erl	830016	615
erm	830631	310
ern	830941	1401
ero	832342	522
erp	832864	25
erq	832889	6
err	832895	588
ers	833483	404
ert	833887	1628
eru	835515	333
erv	835848	63
erw	835911	36
ery	835947	143
erz	836090	92
es 	836182	6131
es'	842313	8
es,	842321	3
es-	842324	44
es/	842368	1
esa	842369	127
esb	842496	19
esc	842515	136
esd	842651	7
ese	842658	108
esf	842766	29
esg	842795	3
esh	842798	453
esi	843251	1541
esj	844792	4
esk	844796	90
esl	844886	29
esm	844915	20
esn	844935	34
eso	844969	309
esp	845278	921
esq	846199	18
esr	846217	9
ess	846226	266
est	846492	2782
esu	849274	111
esv	849385	9
esw	849394	45
esx	849439	1
esy	849440	2
esz	849442	31
et 	849473	616
et'	850089	67
et-	850156	29
et/	850185	1
et`	850186	14
eta	850200	285
etc	850485	36
etd	850521	1
ete	850522	291
eth	850813	614
eti	851427	240
etj	851667	2
etk	851669	4
etl	851673	49
etm	851722	1
etn	851723	787
eto	852510	167
etp	852677	1
etr	852678	152
ets	852830	187
ett	853017	248
etu	853265	89
etv	853354	37
etw	853391	1
ety	853392	7
etz	853399	42
eu 	853441	128
eu-	853569	14
eu/	853583	1
eua	853584	9
eub	853593	7
euc	853600	14
eud	853614	7
eue	853621	5
euf	853626	4
eug	853630	14
eui	853644	2
euj	853646	1
euk	853647	58
eul	853705	85
eum	853790	11
eun	853801	41
eup	853842	2
euq	853844	17
eur	853861	53
eus	853914	40
eut	853954	84
euu	854038	5
euv	854043	4
euw	854047	7
eux	854054	56
euz	854110	6
ev 	854116	38
ev'	854154	1
ev-	854155	3
eva	854158	186
evb	854344	1
evc	854345	13
evd	854358	2
eve	854360	267
evg	854627	19
evh	854646	2
evi	854648	86
evj	854734	2
evk	854736	6
evl	854742	5
evn	854747	5
evo	854752	180
evp	854932	1
evr	854933	23
evs	854956	191
evt	855147	2
evu	855149	3
evv	855152	1
evy	855153	3
ew 	855156	685
ew-	855841	1
ewa	855842	838
ewb	856680	3
ewc	856683	3
ewe	856686	28
ewf	856714	278
ewh	856992	1
ewi	856993	42
ewk	857035	1
ewl	857036	2
ewn	857038	3
ewo	857041	31
ewp	857072	6
ewr	857078	1
ews	857079	20
ewt	857099	10
ewu	857109	3
ewy	857112	1
ex 	857113	23
exa	857136	286
exc	857422	12
exe	857434	20
exf	857454	2
exh	857456	2
exi	857458	2543
exl	860001	1
exm	860002	3
exo	860005	6
exp	860011	3
exq	860014	2
exs	860016	1
ext	860017	14
exu	860031	2
ey 	860033	397
ey'	860430	1
ey-	860431	4
ey/	860435	1
eya	860436	58
eyb	860494	5
eyc	860499	28
eyd	860527	9
eye	860536	64
eyf	860600	2
eyh	860602	5
eyi	860607	7
eyj	860614	4
eyk	860618	9
eyl	860627	21
eym	860648	14
eyn	860662	20
eyo	860682	10
eyp	860692	3
eyr	860695	12
eys	860707	69
eyt	860776	11
eyu	860787	19
eyv	860806	6
eyy	860812	1
eyz	860813	2
ez 	860815	303
ez-	861118	3
eza	861121	64
ezc	861185	3
ezd	861188	7
eze	861195	75
ezf	861270	1
ezg	861271	2
ezh	861273	82
ezi	861355	294
ezk	861649	3
ezm	861652	2
ezn	861654	24
ezo	861678	29
ezq	861707	4
ezr	861711	1
ezs	861712	9
ezu	861721	372
ezv	862093	2
ezy	862095	15
ezz	862110	14
f 0	862124	1
f 1	862125	2
f 3	862127	3
f 8	862130	1
f `	862131	4
f a	862135	561
f b	862696	197
f c	862893	196
f d	863089	108
f e	863197	34
f f	863231	44
f g	863275	72
f h	863347	32
f i	863379	37
f j	863416	26
f k	863442	102
f l	863544	96
f m	863640	155
f n	863795	67
f o	863862	41
f p	863903	182
f q	864085	6
f r	864091	70
f s	864161	222
f t	864383	422
f u	864805	8
f v	864813	81
f w	864894	49
f y	864943	17
f z	864960	44
f'a	865004	1
f'd	865005	1
f'k	865006	1
f-a	865007	1
f-d	865008	1
f-e	865009	2
f-l	865011	1
f-r	865012	1
f-w	865013	1
f. 	865014	3
f.)	865017	1
f.d	865018	1
f@ 	865019	13
f` 	865032	1
f`q	865033	1
fa 	865034	104
fa'	865138	5
faa	865143	15
fab	865158	5
fac	865163	6
fad	865169	4
fae	865173	32
faf	865205	7
fag	865212	14
fah	865226	45
fai	865271	31
faj	865302	12
fak	865314	14
fal	865328	107
fam	865435	9
fan	865444	138
fao	865582	4
faq	865586	2
far	865588	298
fas	865886	80
fat	865966	52
fau	866018	11
fav	866029	1
faw	866030	3
fax	866033	29
fay	866062	34
faz	866096	24
fc 	866120	3
fca	866123	1
fch	866124	1
fct	866125	1
fd 	866126	2
fd@	866128	1
fde	866129	2
fdh	866131	1
fds	866132	2
fe 	866134	67
fe-	866201	1
fea	866202	4
feb	866206	3
fec	866209	164
fed	866373	2765
fee	869138	8
fef	869146	1
feh	869147	3
fei	869150	16
fej	869166	9
fek	869175	4
fel	869179	108
fem	869287	1
fen	869288	34
feo	869322	2
fer	869324	136
fes	869460	21
fet	869481	9
feu	869490	3
fey	869493	2
fez	869495	4
ff 	869499	18
ffa	869517	29
ffe	869546	42
ffh	869588	7
ffi	869595	17
ffl	869612	4
ffn	869616	1
ffo	869617	26
ffr	869643	7
ffs	869650	1
ffu	869651	2
fg 	869653	1
fga	869654	1
fgh	869655	433
fgo	870088	1
fgu	870089	1
fh 	870090	4
fha	870094	9
fhd	870103	1
fhe	870104	2
fhh	870106	1
fhi	870107	1
fhl	870108	1
fhn	870109	2
fho	870111	1
fhr	870112	2
fhs	870114	2
fhy	870116	1
fi 	870117	126
fi'	870243	1
fia	870244	50
fib	870294	1
fic	870295	7
fid	870302	5
fie	870307	92
fif	870399	2
fig	870401	17
fih	870418	1
fii	870419	2
fij	870421	22
fik	870443	9
fil	870452	55
fim	870507	12
fin	870519	150
fio	870669	3
fiq	870672	2
fir	870674	40
fis	870714	8
fit	870722	13
fiu	870735	1
fiv	870736	1
fix	870737	1
fiy	870738	11
fiz	870749	3
fj 	870752	21
fja	870773	11
fjd	870784	1
fje	870785	1
fji	870786	21
fjl	870807	1
fjo	870808	29
fjy	870837	3
fk 	870840	3
fka	870843	7
fke	870850	1
fkh	870851	1
fkl	870852	2
fkn	870854	1
fko	870855	176
fkr	871031	1
fky	871032	2
fl 	871034	9
fl@	871043	1
fla	871044	55
fle	871099	35
fli	871134	12
flj	871146	3
fln	871149	1
flo	871150	191
flr	871341	1
flu	871342	3
flw	871345	2
fly	871347	4
flz	871351	1
fl~	871352	3
fm 	871355	84
fma	871439	2
fmn	871441	1
fmo	871442	1
fn 	871443	8
fn@	871451	1
fna	871452	2
fne	871454	1
fni	871455	3
fnl	871458	2
fnt	871460	1
fnw	871461	2
fny	871463	1
fo 	871464	93
fo'	871557	4
fo-	871561	2
fo/	871563	1
foa	871564	5
foc	871569	3
fod	871572	1
foe	871573	1
fof	871574	1
fog	871575	8
foh	871583	2
foi	871585	6
fok	871591	6
fol	871597	40
fom	871637	5
fon	871642	70
foo	871712	5
for	871717	344
fos	872061	133
fot	872194	7
fou	872201	319
fov	872520	42
fox	872562	6
foy	872568	1
foz	872569	4
fp 	872573	1
fpo	872574	1
fq 	872575	3
fqh	872578	1
fqs	872579	4
fqu	872583	1
fqw	872584	1
fqy	872585	3
fr 	872588	149
fr@	872737	7
fr`	872744	5
fra	872749	377
frd	873126	4
fre	873130	161
frh	873291	3
fri	873294	258
frj	873552	1
frm	873553	7
frn	873560	3
fro	873563	84
frp	873647	1
frq	873648	2
frs	873650	8
fru	873658	18
frw	873676	5
fry	873681	35
fs 	873716	8
fs-	873724	1
fs@	873725	2
fsa	873727	13
fsb	873740	1
fse	873741	1
fsh	873742	4
fsi	873746	1
fsk	873747	1
fsl	873748	1
fsm	873749	82
fsn	873831	2
fst	873833	3
fsw	873836	1
ft 	873837	38
ft@	873875	1
fta	873876	9
ftc	873885	1
fte	873886	16
fth	873902	3
fti	873905	3
ftk	873908	1
ftl	873909	3
fto	873912	4
fts	873916	1
fty	873917	1
ft~	873918	1
fu 	873919	105
fu-	874024	4
fua	874028	3
fuc	874031	2
fud	874033	3
fue	874036	29
fuf	874065	1
fug	874066	5
fuh	874071	1
fuj	874072	23
fuk	874095	94
ful	874189	22
fum	874211	6
fun	874217	38
fuo	874255	2
fuq	874257	2
fur	874259	44
fus	874303	10
fut	874313	20
fuu	874333	1
fuv	874334	1
fuw	874335	2
fux	874337	1
fuy	874338	1
fuz	874339	6
fvg	874345	1
fw 	874346	4
fw@	874350	1
fwa	874351	3
fwb	874354	1
fwe	874355	3
fwg	874358	1
fwi	874359	2
fwk	874361	2
fwl	874363	3
fwm	874366	1
fwn	874367	1
fwr	874368	7
fws	874375	2
fwz	874377	2
fy 	874379	5
fy@	874384	2
fya	874386	2
fyb	874388	1
fyd	874389	4
fyf	874393	1
fyh	874394	3
fyl	874397	16
fym	874413	1
fyn	874414	3
fyo	874417	22
fyq	874439	1
fyr	874440	7
fys	874447	3
fyt	874450	3
fyw	874453	2
fyz	874455	1
fz 	874456	1
fz@	874457	342
fza	874799	1
f~ 	874800	1
g &	874801	2
g (	874803	1
g -	874804	3
g 0	874807	17
g 1	874824	16
g 2	874840	19
g 3	874859	6
g 4	874865	6
g 5	874871	8
g 6	874879	1
g 8	874880	2
g 9	874882	3
g `	874885	166
g a	875051	157
g b	875208	583
g c	875791	815
g d	876606	338
g e	876944	249
g f	877193	38
g g	877231	205
g h	877436	171
g i	877607	80
g j	877687	160
g k	877847	468
g l	878315	314
g m	878629	449
g n	879078	1206
g o	880284	67
g p	880351	399
g q	880750	55
g r	880805	255
g s	881060	777
g t	881837	448
g u	882285	231
g v	882516	218
g w	882734	77
g x	882811	83
g y	882894	135
g z	883029	109
g' 	883138	2
g'-	883140	1
g'a	883141	38
g'b	883179	1
g'd	883180	3
g'h	883183	1
g'i	883184	22
g'l	883206	1
g'n	883207	3
g'o	883210	31
g'r	883241	2
g's	883243	4
g'u	883247	5
g'y	883252	6
g'z	883258	1
g) 	883259	1
g- 	883260	9
g-a	883269	1
g-b	883270	2
g-c	883272	17
g-d	883289	6
g-e	883295	7
g-f	883302	2
g-g	883304	109
g-h	883413	2
g-i	883415	2
g-k	883417	13
g-l	883430	2
g-m	883432	1
g-n	883433	4
g-o	883437	3
g-r	883440	3
g-s	883443	31
g-t	883474	3
g-u	883477	5
g-v	883482	1
g-w	883483	1
g-z	883484	4
g. 	883488	1
g/o	883489	1
g: 	883490	4
g:c	883494	1
g:d	883495	1
g:k	883496	4
g:p	883500	1
g:t	883501	2
g@ 	883503	4
g@d	883507	1
g@y	883508	2
g` 	883510	2
g`a	883512	7
g`b	883519	2
g`d	883521	2
g`e	883523	1
g`i	883524	4
g`l	883528	1
g`m	883529	13
g`o	883542	2
g`t	883544	2
g`y	883546	1
ga 	883547	828
ga'	884375	2
ga-	884377	22
gaa	884399	65
gab	884464	135
gac	884599	60
gad	884659	98
gae	884757	30
gaf	884787	17
gag	884804	21
gah	884825	100
gai	884925	143
gaj	885068	7
gak	885075	9
gal	885084	771
gam	885855	148
gan	886003	892
gao	886895	66
gap	886961	21
gaq	886982	1
gar	886983	1050
gas	888033	824
gat	888857	194
gau	889051	73
gav	889124	84
gaw	889208	97
gay	889305	92
gaz	889397	77
gb 	889474	225
gb`	889699	2
gba	889701	40
gbe	889741	376
gbi	890117	3
gbl	890120	1
gbm	890121	2
gbn	890123	1
gbo	890124	33
gbr	890157	222
gbu	890379	44
gbw	890423	1
gby	890424	11
gc 	890435	4
gca	890439	6
gcc	890445	5
gce	890450	16
gch	890466	90
gci	890556	1
gco	890557	3
gd 	890560	41
gda	890601	91
gdd	890692	19
gde	890711	40
gdh	890751	6
gdi	890757	13
gdn	890770	3
gdo	890773	263
gds	891036	1
gdu	891037	7
gdv	891044	1
gdy	891045	3
ge 	891048	418
ge'	891466	6
ge)	891472	1
ge-	891473	8
ge/	891481	5
gea	891486	20
geb	891506	12
gec	891518	10
ged	891528	37
gee	891565	27
gef	891592	3
geg	891595	9
geh	891604	6
gei	891610	23
gek	891633	5
gel	891638	169
gem	891807	382
gen	892189	1135
geo	893324	308
gep	893632	9
ger	893641	2558
ges	896199	212
get	896411	28
geu	896439	11
gev	896450	9
gew	896459	12
gey	896471	18
gez	896489	12
gf 	896501	3
gfa	896504	3
gfi	896507	5
gfn	896512	1
gfo	896513	3
gg 	896516	21
gga	896537	115
ggb	896652	1
ggc	896653	1
ggd	896654	11
gge	896665	9
ggh	896674	11
ggi	896685	50
ggl	896735	3
ggm	896738	2
ggn	896740	1
ggo	896741	15
ggr	896756	6
ggs	896762	3
ggu	896765	145
ggw	896910	3
ggy	896913	14
gh 	896927	423
gh-	897350	1
gh`	897351	2
gha	897353	1003
ghb	898356	6
ghc	898362	1
ghd	898363	34
ghe	898397	92
ghg	898489	1
ghi	898490	163
ghk	898653	3
ghl	898656	54
ghm	898710	9
ghn	898719	11
gho	898730	60
ghp	898790	3
ghr	898793	16
ghs	898809	1
ght	898810	39
ghu	898849	20
ghv	898869	1
ghw	898870	89
ghy	898959	36
ghz	898995	3
gi 	898998	221
gi-	899219	39
gia	899258	427
gib	899685	18
gic	899703	10
gid	899713	21
gie	899734	34
gif	899768	31
gig	899799	4
gih	899803	7
gii	899810	10
gij	899820	1
gil	899821	103
gim	899924	15
gin	899939	365
gio	900304	693
gip	900997	84
giq	901081	1
gir	901082	80
gis	901162	22
git	901184	47
giu	901231	94
giv	901325	4
giw	901329	2
giy	901331	27
giz	901358	10
gj 	901368	2
gja	901370	8
gje	901378	5
gji	901383	45
gjo	901428	2
gjr	901430	3
gjs	901433	1
gju	901434	19
gk 	901453	6
gk`	901459	2
gka	901461	45
gke	901506	2
gkh	901508	69
gki	901577	4
gkl	901581	4
gkm	901585	2
gkn	901587	1
gko	901588	17
gkr	901605	6
gku	901611	14
gkw	901625	1
gl 	901626	26
gl@	901652	1
gl`	901653	1
gla	901654	324
gld	901978	1
gle	901979	75
glg	902054	1
gli	902055	43
gll	902098	3
glm	902101	2
gln	902103	3
glo	902106	39
glp	902145	6
gls	902151	2
glu	902153	17
glw	902170	1
gly	902171	9
gm 	902180	48
gm@	902228	1
gma	902229	77
gmb	902306	43
gme	902349	3
gmh	902352	1
gmi	902353	3
gmk	902356	1
gml	902357	1
gmn	902358	5
gmo	902363	2
gmp	902365	1
gmr	902366	2
gmt	902368	2
gmu	902370	5
gmw	902375	4
gmy	902379	4
gn 	902383	66
gn@	902449	1
gn`	902450	2
gna	902452	347
gnb	902799	53
gnc	902852	1
gnd	902853	2
gne	902855	63
gng	902918	15
gnh	902933	1
gni	902934	18
gnj	902952	7
gnk	902959	8
gnm	902967	5
gnn	902972	2
gno	902974	8
gnq	902982	42
gnr	903024	1
gnt	903025	1
gnu	903026	1
gnw	903027	2
gny	903029	15
go 	903044	1249
go,	904293	1
go-	904294	13
go`	904307	1
goa	904308	165
gob	904473	20
goc	904493	8
god	904501	61
goe	904562	25
gof	904587	3
gog	904590	69
goh	904659	5
goi	904664	278
goj	904942	5
gok	904947	16
gol	904963	728
gom	905691	108
gon	905799	212
goo	906011	62
gop	906073	11
gor	906084	1140
gos	907224	166
got	907390	93
gou	907483	110
gov	907593	334
gow	907927	10
goy	907937	17
goz	907954	75
gp 	908029	5
gp'	908034	2
gpa	908036	8
gph	908044	27
gpi	908071	2
gpk	908073	1
gpl	908074	1
gpn	908075	2
gpo	908077	5
gpr	908082	5
gpt	908087	1
gpu	908088	28
gpy	908116	3
gq 	908119	42
gqa	908161	1
gqi	908162	3
gqo	908165	1
gqr	908166	1
gqu	908167	2
gr 	908169	107
gr-	908276	2
gr@	908278	1
gr`	908279	2
gra	908281	1541
grb	909822	32
grc	909854	68
grd	909922	14
gre	909936	457
grg	910393	2
grh	910395	2
gri	910397	86
grj	910483	2
grl	910485	8
grm	910493	10
grn	910503	6
gro	910509	466
grp	910975	2
grr	910977	5
grs	910982	3
grt	910985	1
gru	910986	24
grw	911010	2
gry	911012	17
gr~	911029	1
gs 	911030	103
gs`	911133	3
gsa	911136	99
gsb	911235	24
gsd	911259	28
gse	911287	17
gsh	911304	14
gsi	911318	46
gsk	911364	75
gsl	911439	2
gsm	911441	4
gsn	911445	5
gso	911450	14
gsp	911464	1
gsr	911465	11
gst	911476	53
gsu	911529	19
gsv	911548	4
gsw	911552	2
gt 	911554	373
gt'	911927	1
gt-	911928	1
gta	911929	13
gte	911942	2
gth	911944	12
gti	911956	4
gtl	911960	2
gtm	911962	362
gto	912324	160
gtr	912484	9
gts	912493	3
gtt	912496	1
gtu	912497	3
gtw	912500	1
gty	912501	5
gu 	912506	236
gu'	912742	1
gu-	912743	14
gu/	912757	1
gua	912758	1916
gub	914674	10
guc	914684	29
gud	914713	30
gue	914743	499
guf	915242	3
gug	915245	5
gui	915250	466
guj	915716	43
guk	915759	1
gul	915760	113
gum	915873	53
gun	915926	731
guo	916657	20
gup	916677	4
gur	916681	161
gus	916842	79
gut	916921	24
guu	916945	27
guv	916972	2
guw	916974	1
gux	916975	2
guy	916977	68
guz	917045	30
gv 	917075	1
gva	917076	10
gve	917086	2
gvi	917088	5
gvl	917093	1
gvo	917094	3
gw 	917097	53
gwa	917150	111
gwd	917261	3
gwe	917264	72
gwi	917336	12
gwj	917348	2
gwl	917350	4
gwn	917354	11
gwo	917365	37
gwr	917402	8
gwt	917410	1
gwu	917411	1
gwy	917412	2
gx 	917414	1
gxa	917415	2
gxe	917417	1
gxi	917418	35
gxo	917453	1
gy 	917454	45
gy-	917499	1
gy@	917500	1
gya	917501	58
gyd	917559	1
gye	917560	164
gyg	917724	1
gyh	917725	3
gyi	917728	3
gyk	917731	14
gyl	917745	10
gym	917755	1
gyn	917756	1
gyo	917757	29
gyp	917786	166
gyr	917952	7
gys	917959	6
gyt	917965	1
gyu	917966	8
gyy	917974	1
gyz	917975	56
gz 	918031	7
gz@	918038	4
gzd	918042	1
gzh	918043	13
gzi	918056	2
gzl	918058	5
gzn	918063	1
gzu	918064	23
gzy	918087	2
gzz	918089	1
g~z	918090	1
h &	918091	1
h '	918092	9
h (	918101	1
h -	918102	1
h 0	918103	12
h 1	918115	18
h 2	918133	9
h 3	918142	7
h 4	918149	1
h 5	918150	5
h 6	918155	2
h @	918157	1
h `	918158	48
h a	918206	523
h b	918729	298
h c	919027	664
h d	919691	536
h e	920227	220
h f	920447	35
h g	920482	412
h h	920894	146
h i	921040	422
h j	921462	136
h k	921598	922
h l	922520	276
h m	922796	379
h n	923175	145
h o	923320	120
h p	923440	438
h q	923878	41
h r	923919	109
h s	924028	570
h t	924598	1139
h u	925737	70
h v	925807	143
h w	925950	235
h x	926185	2
h y	926187	143
h z	926330	36
h' 	926366	6
h'-	926372	7
h'a	926379	42
h'd	926421	1
h'e	926422	6
h'i	926428	41
h'k	926469	3
h'l	926472	1
h'm	926473	3
h'o	926476	55
h'r	926531	1
h's	926532	3
h't	926535	2
h'u	926537	5
h'y	926542	2
h) 	926544	4
h, 	926548	1
h- 	926549	2
h-a	926551	2
h-b	926553	18
h-c	926571	1
h-d	926572	4
h-e	926576	21
h-g	926597	1
h-k	926598	4
h-l	926602	1
h-m	926603	1
h-n	926604	1
h-o	926605	1
h-r	926606	3
h-s	926609	30
h-u	926639	2
h-w	926641	37
h-y	926678	13
h-z	926691	2
h. 	926693	2
h.)	926695	1
h/l	926696	1
h@ 	926697	34
h@a	926731	1
h@n	926732	3
h` 	926735	4
h``	926739	14
h`a	926753	56
h`b	926809	109
h`c	926918	30
h`d	926948	21
h`e	926969	163
h`f	927132	2
h`h	927134	53
h`i	927187	2
h`k	927189	71
h`l	927260	20
h`m	927280	15
h`n	927295	69
h`o	927364	37
h`p	927401	94
h`r	927495	13
h`s	927508	87
h`t	927595	60
h`u	927655	1
h`w	927656	31
h`x	927687	3
h`y	927690	13
ha 	927703	710
ha'	928413	22
ha,	928435	48
ha-	928483	20
ha1	928503	1
ha`	928504	4
haa	928508	345
hab	928853	245
hac	929098	95
had	929193	282
hae	929475	95
haf	929570	77
hag	929647	66
hah	929713	476
hai	930189	1336
haj	931525	74
hak	931599	113
hal	931712	450
ham	932162	675
han	932837	2232
hao	935069	303
hap	935372	123
haq	935495	4
har	935499	970
has	936469	211
hat	936680	320
hau	937000	166
hav	937166	54
haw	937220	84
hax	937304	3
hay	937307	222
haz	937529	76
hb 	937605	12
hb-	937617	1
hb`	937618	1
hba	937619	30
hbd	937649	2
hbe	937651	3
hbh	937654	6
hbi	937660	3
hbl	937663	4
hbm	937667	1
hbn	937668	7
hbo	937675	3
hbp	937678	1
hbr	937679	18
hbs	937697	2
hbt	937699	2
hbu	937701	11
hbw	937712	6
hby	937718	6
hca	937724	5
hcc	937729	1
hce	937730	9
hch	937739	337
hci	938076	8
hck	938084	1
hcl	938085	1
hcm	938086	43
hco	938129	4
hd 	938133	54
hd@	938187	3
hda	938190	31
hdb	938221	2
hdd	938223	4
hde	938227	4
hdf	938231	2
hdg	938233	2
hdh	938235	5
hdi	938240	18
hdj	938258	1
hdk	938259	1
hdl	938260	1
hdn	938261	1
hdo	938262	4
hdq	938266	1
hdr	938267	9
hds	938276	1
hdu	938277	5
hdw	938282	1
hdy	938283	9
hdz	938292	1
he 	938293	732
he-	939025	22
he/	939047	1
he:	939048	1
hea	939049	99
heb	939148	38
hec	939186	38
hed	939224	94
hee	939318	32
hef	939350	9
heg	939359	79
heh	939438	26
hei	939464	109
hej	939573	13
hek	939586	37
hel	939623	276
hem	939899	91
hen	939990	630
heo	940620	81
hep	940701	69
her	940770	1158
hes	941928	208
het	942136	173
heu	942309	28
hev	942337	73
hew	942410	790
hex	943200	11
hey	943211	31
hez	943242	32
hf 	943274	1
hf@	943275	1
hfa	943276	1
hfi	943277	6
hfj	943283	1
hfl	943284	2
hfr	943286	1
hfs	943287	1
hft	943288	2
hfw	943290	2
hfy	943292	1
hfz	943293	341
hg 	943634	2
hg-	943636	9
hga	943645	6
hgd	943651	2
hgi	943653	15
hgl	943668	1
hgo	943669	8
hgr	943677	1
hgv	943678	1
hgw	943679	1
hgy	943680	4
hh 	943684	15
hh@	943699	1
hha	943700	47
hhb	943747	5
hhd	943752	4
hhe	943756	5
hhg	943761	1
hhi	943762	4
hhl	943766	2
hhm	943768	3
hhn	943771	12
hho	943783	17
hhp	943800	1
hhr	943801	439
hht	944240	1
hhu	944241	8
hhy	944249	9
hi 	944258	1601
hi)	945859	1
hi-	945860	43
hia	945903	831
hib	946734	88
hic	946822	97
hid	946919	185
hie	947104	59
hif	947163	6
hig	947169	235
hih	947404	95
hii	947499	76
hij	947575	31
hik	947606	179
hil	947785	489
him	948274	351
hin	948625	1135
hio	949760	296
hip	950056	68
hiq	950124	91
hir	950215	353
his	950568	248
hit	950816	278
hiu	951094	20
hiv	951114	33
hiw	951147	28
hix	951175	6
hiy	951181	127
hiz	951308	66
hj 	951374	4
hj@	951378	2
hja	951380	29
hjb	951409	2
hje	951411	1
hjh	951412	1
hjl	951413	2
hjo	951415	22
hjr	951437	7
hjw	951444	2
hjy	951446	2
hk 	951448	36
hk'	951484	2
hk-	951486	1
hka	951487	34
hkb	951521	1
hkd	951522	1
hke	951523	43
hkg	951566	18
hkh	951584	39
hki	951623	87
hkl	951710	2
hkm	951712	3
hko	951715	107
hkr	951822	4
hks	951826	4
hkt	951830	2
hku	951832	8
hkw	951840	1
hky	951841	2
hk~	951843	1
hl 	951844	55
hl'	951899	1
hl-	951900	1
hl@	951901	7
hl`	951908	15
hla	951923	134
hlb	952057	7
hld	952064	7
hle	952071	40
hlf	952111	2
hlg	952113	1
hlh	952114	1
hli	952115	42
hlj	952157	1
hlk	952158	18
hll	952176	5
hlm	952181	11
hln	952192	9
hlo	952201	33
hlq	952234	1
hlr	952235	1
hls	952236	1
hlt	952237	5
hlu	952242	10
hlw	952252	20
hly	952272	30
hm 	952302	47
hm@	952349	6
hm`	952355	3
hma	952358	113
hmb	952471	3
hmc	952474	1
hmd	952475	21
hme	952496	12
hmf	952508	1
hmg	952509	1
hmh	952510	1
hmi	952511	52
hmk	952563	3
hml	952566	37
hmm	952603	15
hmn	952618	10
hmo	952628	22
hmp	952650	11
hmr	952661	22
hms	952683	9
hmt	952692	4
hmu	952696	20
hmw	952716	10
hmy	952726	22
hmz	952748	1
hn 	952749	403
hn'	953152	4
hn-	953156	1
hn@	953157	5
hn`	953162	40
hna	953202	51
hnb	953253	6
hnc	953259	2
hnd	953261	329
hne	953590	43
hng	953633	59
hnh	953692	3
hni	953695	28
hnj	953723	3
hnk	953726	4
hnm	953730	15
hnn	953745	13
hno	953758	32
hnp	953790	18
hnr	953808	6
hns	953814	33
hnt	953847	8
hnu	953855	17
hnw	953872	2
hny	953874	45
hnz	953919	2
hn~	953921	1
ho 	953922	532
ho'	954454	8
ho-	954462	9
ho`	954471	2
hoa	954473	230
hob	954703	24
hoc	954727	68
hod	954795	80
hoe	954875	926
hof	955801	12
hog	955813	12
hoh	955825	20
hoi	955845	106
hoj	955951	14
hok	955965	145
hol	956110	270
hom	956380	286
hon	956666	989
hoo	957655	37
hop	957692	49
hoq	957741	2
hor	957743	464
hos	958207	197
hot	958404	75
hou	958479	274
hov	958753	231
how	958984	31
hoy	959015	20
hoz	959035	13
hp 	959048	3
hpa	959051	5
hpe	959056	2
hph	959058	14
hpl	959072	1
hpo	959073	2
hpp	959075	1
hpt	959076	2
hpu	959078	9
hpw	959087	1
hpy	959088	1
hq 	959089	12
hq@	959101	1
hqa	959102	21
hqd	959123	1
hqe	959124	2
hqf	959126	1
hql	959127	2
hqn	959129	2
hqo	959131	2
hqr	959133	1
hqu	959134	3
hqw	959137	1
hqy	959138	2
hqz	959140	1
hr 	959141	737
hr'	959878	2
hr-	959880	6
hr@	959886	7
hr`	959893	3
hra	959896	243
hrb	960139	13
hrc	960152	1
hrd	960153	11
hre	960164	372
hrf	960536	4
hrg	960540	1
hrh	960541	7
hri	960548	138
hrj	960686	5
hrk	960691	6
hrl	960697	1
hrm	960698	23
hrn	960721	21
hro	960742	46
hrp	960788	11
hrq	960799	27
hrr	960826	12
hrs	960838	451
hrt	961289	10
hru	961299	16
hrv	961315	594
hrw	961909	12
hry	961921	32
hrz	961953	8
hs 	961961	14
hs-	961975	1
hs@	961976	1
hsa	961977	12
hsb	961989	3
hse	961992	3
hsh	961995	64
hsi	962059	15
hsk	962074	211
hsl	962285	1
hsm	962286	1
hsn	962287	5
hsq	962292	1
hsr	962293	2
hss	962295	2
hst	962297	306
hsu	962603	5
hsw	962608	1
hsy	962609	12
hsz	962621	1
ht 	962622	160
ht'	962782	4
ht,	962786	1
ht-	962787	9
hta	962796	30
htb	962826	13
htc	962839	3
htd	962842	3
hte	962845	55
hth	962900	29
hti	962929	466
htk	963395	7
htl	963402	5
htm	963407	4
htn	963411	1
hto	963412	15
htp	963427	8
htq	963435	1
htr	963436	51
hts	963487	21
htt	963508	11
htu	963519	45
htw	963564	6
hty	963570	17
htz	963587	1
hu 	963588	453
hu'	964041	7
hu-	964048	7
hua	964055	580
hub	964635	50
huc	964685	27
hud	964712	46
hue	964758	103
huf	964861	2
hug	964863	22
huh	964885	8
hui	964893	202
huj	965095	3
huk	965098	67
hul	965165	69
hum	965234	183
hun	965417	487
huo	965904	33
hup	965937	11
huq	965948	12
hur	965960	121
hus	966081	93
hut	966174	83
huu	966257	71
huv	966328	34
huw	966362	10
hux	966372	1
huy	966373	576
huz	966949	34
hv 	966983	2
hva	966985	20
hvb	967005	1
hve	967006	2
hvi	967008	12
hvo	967020	2
hvz	967022	6
hw 	967028	10
hw@	967038	2
hwa	967040	215
hwb	967255	6
hwd	967261	4
hwe	967265	61
hwf	967326	3
hwh	967329	6
hwi	967335	17
hwj	967352	1
hwk	967353	3
hwl	967356	12
hwm	967368	2
hwn	967370	24
hwo	967394	1
hwp	967395	2
hwr	967397	16
hws	967413	8
hwt	967421	8
hww	967429	1
hwy	967430	34
hwz	967464	3
hy 	967467	89
hy-	967556	1
hy/	967557	17
hy@	967574	10
hy`	967584	2
hya	967586	93
hyb	967679	45
hyc	967724	1
hyd	967725	12
hye	967737	79
hyf	967816	2
hyg	967818	26
hyh	967844	4
hyi	967848	1
hyj	967849	1
hyk	967850	8
hyl	967858	13
hym	967871	10
hyn	967881	25
hyo	967906	53
hyp	967959	7
hyr	967966	37
hys	968003	40
hyt	968043	13
hyu	968056	2
hyw	968058	5
hyy	968063	2
hyz	968065	1
hz 	968066	1
hza	968067	2
hze	968069	1
hzh	968070	4
hzi	968074	1
hzl	968075	3
hzn	968078	2
hzr	968080	2
hzw	968082	1
hzy	968083	2
h~ 	968085	2
h~n	968087	1
h~r	968088	5
i &	968093	1
i '	968094	3
i (	968097	7
i +	968104	1
i -	968105	2
i 0	968107	45
i 1	968152	46
i 2	968198	38
i 3	968236	18
i 4	968254	24
i 5	968278	14
i 6	968292	4
i 7	968296	5
i 8	968301	6
i 9	968307	3
i `	968310	120
i a	968430	1044
i b	969474	1225
i c	970699	711
i d	971410	1034
i e	972444	331
i f	972775	263
i g	973038	815
i h	973853	532
i i	974385	618
i j	975003	743
i k	975746	891
i l	976637	469
i m	977106	1299
i n	978405	859
i o	979264	984
i p	980248	723
i q	980971	145
i r	981116	2885
i s	984001	1786
i t	985787	1058
i u	986845	397
i v	987242	472
i w	987714	153
i x	987867	203
i y	988070	287
i z	988357	261
i' 	988618	14
i'a	988632	8
i'i	988640	2
i'm	988642	1
i'r	988643	1
i'y	988644	1
i) 	988645	14
i+g	988659	1
i+p	988660	1
i+s	988661	1
i, 	988662	26
i-a	988688	26
i-b	988714	20
i-c	988734	11
i-d	988745	43
i-e	988788	12
i-g	988800	90
i-h	988890	3
i-i	988893	4
i-j	988897	1
i-k	988898	24
i-l	988922	8
i-m	988930	45
i-n	988975	17
i-o	988992	25
i-p	989017	13
i-r	989030	3
i-s	989033	70
i-t	989103	11
i-u	989114	2
i-v	989116	4
i-w	989120	3
i-x	989123	2
i-y	989125	3
i-z	989128	1
i. 	989129	21
i.c	989150	1
i.r	989151	1
i/a	989152	1
i/b	989153	1
i/e	989154	1
i/i	989155	2
i/m	989157	1
i/o	989158	1
i: 	989159	1
i:k	989160	2
i:l	989162	1
i; 	989163	1
i@h	989164	1
i`d	989165	1
i`i	989166	1
i`r	989167	1
i`y	989168	2
ia 	989170	16616
ia'	1005786	3
ia)	1005789	1
ia,	1005790	3
ia-	1005793	26
iaa	1005819	12
iab	1005831	43
iac	1005874	68
iad	1005942	23
iae	1005965	5
iaf	1005970	4
iag	1005974	186
iah	1006160	19
iai	1006179	72
iaj	1006251	4
iak	1006255	40
ial	1006295	206
iam	1006501	74
ian	1006575	3940
iao	1010515	165
iap	1010680	168
iaq	1010848	2
iar	1010850	150
ias	1011000	540
iat	1011540	396
iau	1011936	268
iav	1012204	7
iaw	1012211	5
iax	1012216	4
iay	1012220	6
iaz	1012226	50
ib 	1012276	47
iba	1012323	624
ibb	1012947	32
ibd	1012979	1
ibe	1012980	477
ibg	1013457	2
ibh	1013459	14
ibi	1013473	632
ibl	1014105	10
ibm	1014115	1
ibn	1014116	5
ibo	1014121	179
ibr	1014300	23
ibs	1014323	6
ibu	1014329	61
iby	1014390	31
ic 	1014421	726
ic-	1015147	2
ic.	1015149	3
ic/	1015152	3
ic`	1015155	59
ica	1015214	1935
icc	1017149	7
ice	1017156	285
icf	1017441	1
icg	1017442	1
ich	1017443	636
ici	1018079	4943
ick	1023022	218
icl	1023240	8
icm	1023248	2
icn	1023250	2
ico	1023252	3767
icp	1027019	1
icq	1027020	1
icr	1027021	83
ics	1027104	2
ict	1027106	6383
icu	1033489	65
icv	1033554	1
icx	1033555	1
icy	1033556	3
icz	1033559	6
id 	1033565	667
id,	1034232	2
id-	1034234	55
ida	1034289	579
idb	1034868	2
idd	1034870	38
ide	1034908	191
idf	1035099	4
idg	1035103	32
idh	1035135	16
idi	1035151	134
idj	1035285	18
idk	1035303	35
idl	1035338	25
idn	1035363	566
ido	1035929	325
idp	1036254	2
idr	1036256	42
ids	1036298	14
idt	1036312	23
idu	1036335	15
idv	1036350	3
idw	1036353	6
idy	1036359	3
idz	1036362	14
ie 	1036376	782
ie'	1037158	1
ie)	1037159	1
ie-	1037160	19
iea	1037179	1
ieb	1037180	36
iec	1037216	80
ied	1037296	58
ief	1037354	2
ieg	1037356	32
ieh	1037388	6
iei	1037394	18
iej	1037412	20
iek	1037432	41
iel	1037473	211
iem	1037684	70
ien	1037754	384
iep	1038138	15
ieq	1038153	11
ier	1038164	382
ies	1038546	276
iet	1038822	843
ieu	1039665	78
iev	1039743	18
iew	1039761	27
iex	1039788	1
iey	1039789	2
iez	1039791	9
if 	1039800	61
if-	1039861	1
if.	1039862	1
ifa	1039863	26
ife	1039889	27
iff	1039916	19
ifi	1039935	14
ifk	1039949	1
ifl	1039950	15
ifn	1039965	1
ifo	1039966	86
ifr	1040052	9
ift	1040061	12
ifu	1040073	42
ig 	1040115	58
ig'	1040173	4
ig-	1040177	3
iga	1040180	346
igb	1040526	8
igc	1040534	1
igd	1040535	15
ige	1040550	945
igg	1041495	14
igh	1041509	101
igi	1041610	94
igk	1041704	1
igl	1041705	8
igm	1041713	3
ign	1041716	264
igo	1041980	62
igr	1042042	34
igs	1042076	6
igt	1042082	2
igu	1042084	261
igv	1042345	1
igw	1042346	6
igy	1042352	2
igz	1042354	1
ih 	1042355	25
ih-	1042380	2
iha	1042382	140
ihd	1042522	1
ihe	1042523	28
ihh	1042551	2
ihi	1042553	24
ihk	1042577	2
ihl	1042579	6
ihm	1042585	9
ihn	1042594	6
iho	1042600	131
ihr	1042731	2
ihs	1042733	6
iht	1042739	3
ihu	1042742	103
ihv	1042845	1
ihy	1042846	15
ii 	1042861	2515
ii)	1045376	2
ii-	1045378	9
ii.	1045387	10
ii:	1045397	4
ii`	1045401	3
iia	1045404	105
iib	1045509	9
iic	1045518	10
iid	1045528	7
iie	1045535	4
iig	1045539	35
iih	1045574	8
iii	1045582	11
iij	1045593	3
iik	1045596	19
iil	1045615	12
iim	1045627	28
iin	1045655	28
iip	1045683	10
iir	1045693	38
iis	1045731	64
iit	1045795	17
iiu	1045812	3
iiv	1045815	6
iiw	1045821	15
iiy	1045836	54
iiz	1045890	2
ij 	1045892	31
ija	1045923	787
ijc	1046710	2
ijd	1046712	3
ije	1046715	69
ijf	1046784	1
ijg	1046785	1
ijh	1046786	5
iji	1046791	41
ijk	1046832	20
ijl	1046852	2
ijm	1046854	1
ijn	1046855	18
ijo	1046873	409
ijr	1047282	3
ijs	1047285	34
iju	1047319	16
ik 	1047335	229
ik'	1047564	18
ik-	1047582	5
ik`	1047587	2
ika	1047589	907
ikb	1048496	1
ikc	1048497	1
ikd	1048498	16
ike	1048514	103
ikg	1048617	3
ikh	1048620	112
iki	1048732	192
ikj	1048924	1
ikk	1048925	49
ikl	1048974	14
ikm	1048988	4
ikn	1048992	2
iko	1048994	157
ikp	1049151	6
ikq	1049157	1
ikr	1049158	10
iks	1049168	63
ikt	1049231	5
iku	1049236	139
ikv	1049375	2
ikw	1049377	12
iky	1049389	4
il 	1049393	5973
il'	1055366	31
il-	1055397	18
il@	1055415	1
ila	1055416	1898
ilb	1057314	32
ilc	1057346	760
ild	1058106	24
ile	1058130	704
ilf	1058834	42
ilg	1058876	25
ilh	1058901	134
ili	1059035	517
ilj	1059552	14
ilk	1059566	21
ill	1059587	1115
ilm	1060702	11
iln	1060713	24
ilo	1060737	191
ilp	1060928	23
ilq	1060951	3
ilr	1060954	1
ils	1060955	87
ilt	1061042	87
ilu	1061129	60
ilv	1061189	37
ilw	1061226	6
ily	1061232	23
ilz	1061255	5
im 	1061260	321
im-	1061581	13
ima	1061594	794
imb	1062388	289
imc	1062677	4
imd	1062681	6
ime	1062687	142
imf	1062829	1
img	1062830	6
imh	1062836	9
imi	1062845	250
imj	1063095	2
imk	1063097	3
iml	1063100	8
imm	1063108	11
imn	1063119	49
imo	1063168	333
imp	1063501	61
imq	1063562	1
imr	1063563	15
ims	1063578	70
imt	1063648	2
imu	1063650	156
imv	1063806	2
imy	1063808	3
in 	1063811	2273
in'	1066084	7
in-	1066091	31
in/	1066122	2
in`	1066124	1
ina	1066125	4409
inb	1070534	19
inc	1070553	1605
ind	1072158	1821
ine	1073979	1011
inf	1074990	9
ing	1074999	1400
inh	1076399	480
ini	1076879	832
inj	1077711	68
ink	1077779	38
inl	1077817	100
inm	1077917	5
inn	1077922	248
ino	1078170	596
inp	1078766	8
inq	1078774	8
inr	1078782	7
ins	1078789	1183
int	1079972	1553
inu	1081525	46
inv	1081571	18
inw	1081589	9
inx	1081598	4
iny	1081602	39
inz	1081641	35
io 	1081676	4164
io-	1085840	78
io/	1085918	1
ioa	1085919	27
iob	1085946	15
ioc	1085961	13
iod	1085974	4
ioe	1085978	1
iof	1085979	5
iog	1085984	10
ioh	1085994	3
ioi	1085997	9
ioj	1086006	30
iok	1086036	20
iol	1086056	20
iom	1086076	16
ion	1086092	4219
ioo	1090311	4
iop	1090315	172
ioq	1090487	127
ior	1090614	51
ios	1090665	163
iot	1090828	19
iou	1090847	70
iov	1090917	9
iow	1090926	107
iox	1091033	3
ioy	1091036	2
ioz	1091038	6
ip 	1091044	57
ip'	1091101	58
ip`	1091159	1
ipa	1091160	3635
ipd	1094795	1
ipe	1094796	208
iph	1095004	24
ipi	1095028	1826
ipj	1096854	1
ipk	1096855	1
ipl	1096856	5
ipm	1096861	2
ipn	1096863	3
ipo	1096866	48
ipp	1096914	212
ipr	1097126	31
ips	1097157	13
ipt	1097170	10
ipu	1097180	99
iq 	1097279	162
iq-	1097441	1
iqa	1097442	19
iqc	1097461	1
iqe	1097462	1
iqi	1097463	11
iql	1097474	1
iqo	1097475	1
iqq	1097476	1
iqu	1097477	391
iqv	1097868	1
iqw	1097869	1
ir 	1097870	874
ir'	1098744	1
ir-	1098745	6
ira	1098751	1623
irb	1100374	21
irc	1100395	68
ird	1100463	50
ire	1100513	526
irf	1101039	9
irg	1101048	236
irh	1101284	2
iri	1101286	503
irj	1101789	8
irk	1101797	295
irl	1102092	69
irm	1102161	33
irn	1102194	510
iro	1102704	495
irp	1103199	10
irq	1103209	142
irr	1103351	10
irs	1103361	106
irt	1103467	28
iru	1103495	74
irv	1103569	7
irw	1103576	5
iry	1103581	15
irz	1103596	11
is 	1103607	1970
is'	1105577	22
is)	1105599	2
is-	1105601	34
is/	1105635	1
isa	1105636	341
isb	1105977	34
isc	1106011	475
isd	1106486	4
ise	1106490	230
isf	1106720	4
isg	1106724	36
ish	1106760	560
isi	1107320	591
isj	1107911	1
isk	1107912	218
isl	1108130	810
ism	1108940	30
isn	1108970	19
iso	1108989	182
isp	1109171	36
isq	1109207	4
isr	1109211	33
iss	1109244	403
ist	1109647	7290
isu	1116937	71
isv	1117008	6
isw	1117014	4
isy	1117018	2
isz	1117020	8
it 	1117028	482
it'	1117510	55
it-	1117565	16
ita	1117581	1427
itb	1119008	3
itc	1119011	19
ite	1119030	3766
itf	1122796	4
itg	1122800	5
ith	1122805	148
iti	1122953	395
itj	1123348	2
itk	1123350	8
itl	1123358	98
itm	1123456	6
itn	1123462	3
ito	1123465	649
itp	1124114	3
itr	1124117	131
its	1124248	257
itt	1124505	107
itu	1124612	152
itv	1124764	2
itw	1124766	5
ity	1124771	3844
itz	1128615	200
iu 	1128815	300
iu'	1129115	1
iu-	1129116	1
iu:	1129117	2
iua	1129119	11
iub	1129130	17
iuc	1129147	14
iud	1129161	63
iue	1129224	1
iug	1129225	12
iui	1129237	5
iuj	1129242	1
iuk	1129243	12
iul	1129255	128
ium	1129383	42
iun	1129425	62
iuo	1129487	3
iup	1129490	10
iuq	1129500	1
iur	1129501	121
ius	1129622	44
iut	1129666	20
iuv	1129686	7
iuw	1129693	2
iux	1129695	1
iuz	1129696	11
iv 	1129707	56
iv'	1129763	1
iv-	1129764	2
iv.	1129766	2
iva	1129768	335
ivb	1130103	1
ivc	1130104	1
ivd	1130105	2
ive	1130107	317
ivg	1130424	2
ivh	1130426	1
ivi	1130427	255
ivj	1130682	1
ivk	1130683	6
ivl	1130689	3
ivn	1130692	54
ivo	1130746	100
ivp	1130846	1
ivr	1130847	11
ivs	1130858	67
ivt	1130925	3
ivu	1130928	26
ivy	1130954	2
ivz	1130956	1
iw 	1130957	3
iwa	1130960	216
iwe	1131176	10
iwi	1131186	23
iwo	1131209	32
iwr	1131241	1
iwy	1131242	1
ix 	1131243	57
ix-	1131300	5
ix.	1131305	2
ixa	1131307	22
ixc	1131329	20
ixe	1131349	19
ixh	1131368	8
ixi	1131376	17
ixk	1131393	1
ixl	1131394	2
ixm	1131396	3
ixo	1131399	16
ixp	1131415	3
ixq	1131418	3
ixt	1131421	70
ixu	1131491	3
iy 	1131494	2026
iy)	1133520	1
iy-	1133521	2
iya	1133523	704
iyb	1134227	1
iye	1134228	1131
iyi	1135359	4
iyk	1135363	2
iyl	1135365	2
iym	1135367	3
iyn	1135370	37
iyo	1135407	68
iyp	1135475	1
iyr	1135476	8
iys	1135484	44
iyt	1135528	5
iyu	1135533	30
iyw	1135563	4
iyy	1135567	5
iz 	1135572	76
iz'	1135648	3
iz-	1135651	3
iza	1135654	190
izb	1135844	7
izc	1135851	4
izd	1135855	2
ize	1135857	98
izh	1135955	189
izi	1136144	70
izj	1136214	1
izk	1136215	31
izl	1136246	24
izm	1136270	35
izn	1136305	5
izo	1136310	61
izp	1136371	4
izq	1136375	1
izr	1136376	10
izs	1136386	4
izt	1136390	3
izu	1136393	72
izv	1136465	12
izw	1136477	1
izy	1136478	2
izz	1136480	38
j +	1136518	1
j -	1136519	2
j 0	1136521	2
j 1	1136523	5
j 2	1136528	4
j 3	1136532	5
j 4	1136537	4
j 5	1136541	4
j 6	1136545	2
j 7	1136547	2
j 8	1136549	1
j @	1136550	2
j a	1136552	30
j b	1136582	113
j c	1136695	66
j d	1136761	40
j e	1136801	17
j f	1136818	26
j g	1136844	18
j h	1136862	3
j i	1136865	1
j j	1136866	15
j k	1136881	26
j l	1136907	15
j m	1136922	45
j n	1136967	7
j o	1136974	20
j p	1136994	13
j q	1137007	5
j r	1137012	338
j s	1137350	123
j t	1137473	95
j u	1137568	3
j v	1137571	9
j w	1137580	7
j y	1137587	16
j z	1137603	5
j&k	1137608	1
j' 	1137609	1
j-j	1137610	1
j-m	1137611	1
j-n	1137612	1
j-p	1137613	2
j-s	1137615	1
j-v	1137616	1
j-z	1137617	17
j. 	1137634	2
j@ 	1137636	14
j` 	1137650	1
j`f	1137651	2
j`l	1137653	2
j`y	1137655	1
ja 	1137656	1051
ja'	1138707	2
ja-	1138709	6
ja]	1138715	1
jaa	1138716	23
jab	1138739	119
jac	1138858	128
jad	1138986	12
jae	1138998	24
jaf	1139022	10
jag	1139032	49
jah	1139081	71
jai	1139152	42
jaj	1139194	7
jak	1139201	55
jal	1139256	229
jam	1139485	985
jan	1140470	484
jao	1140954	10
jap	1140964	1265
jaq	1142229	4
jar	1142233	386
jas	1142619	125
jat	1142744	19
jau	1142763	32
jav	1142795	26
jaw	1142821	156
jay	1142977	47
jaz	1143024	26
jb 	1143050	8
jba	1143058	6
jbe	1143064	1
jbl	1143065	10
jbn	1143075	1
jbo	1143076	1
jbr	1143077	3
jby	1143080	5
jc 	1143085	1
jca	1143086	3
jch	1143089	1
jci	1143090	2
jd 	1143092	4
jd@	1143096	2
jda	1143098	2
jde	1143100	3
jdi	1143103	4
jdl	1143107	1
jdo	1143108	2
jds	1143110	1
jdu	1143111	16
jdw	1143127	2
jdy	1143129	8
je 	1143137	133
je'	1143270	1
je+	1143271	1
je-	1143272	7
jea	1143279	12
jeb	1143291	14
jec	1143305	49
jed	1143354	23
jee	1143377	3
jef	1143380	32
jeg	1143412	5
jeh	1143417	3
jei	1143420	7
jej	1143427	5
jek	1143432	31
jel	1143463	146
jem	1143609	50
jen	1143659	41
jeo	1143700	56
jep	1143756	3
jeq	1143759	8
jer	1143767	121
jes	1143888	70
jet	1143958	8
jeu	1143966	4
jev	1143970	24
jew	1143994	21
jey	1144015	13
jez	1144028	9
jf 	1144037	2
jfa	1144039	1
jfh	1144040	1
jfr	1144041	2
jg 	1144043	2
jga	1144045	3
jge	1144048	1
jgi	1144049	3
jgt	1144052	1
jgu	1144053	1
jgw	1144054	1
jh 	1144055	3
jh@	1144058	2
jha	1144060	41
jhe	1144101	6
jhk	1144107	1
jhl	1144108	1
jhn	1144109	2
jho	1144111	2
jhp	1144113	2
jhr	1144115	8
jhu	1144123	4
jhv	1144127	1
jhw	1144128	1
jhy	1144129	1
ji 	1144130	124
ji'	1144254	1
ji-	1144255	6
ji/	1144261	2
jia	1144263	172
jib	1144435	24
jic	1144459	19
jid	1144478	5
jie	1144483	11
jig	1144494	37
jih	1144531	13
jii	1144544	3
jij	1144547	19
jik	1144566	86
jil	1144652	195
jim	1144847	31
jin	1144878	144
jio	1145022	3
jip	1145025	1
jiq	1145026	5
jir	1145031	48
jis	1145079	5
jit	1145084	24
jiu	1145108	34
jiv	1145142	1
jiw	1145143	5
jix	1145148	2
jiy	1145150	5
jiz	1145155	23
jj 	1145178	1
jj-	1145179	2
jja	1145181	38
jje	1145219	1
jji	1145220	1
jjr	1145221	1
jjy	1145222	1
jk 	1145223	20
jk,	1145243	1
jka	1145244	1
jke	1145245	5
jkn	1145250	1
jko	1145251	2
jl 	1145253	29
jl@	1145282	2
jla	1145284	2
jlb	1145286	1
jle	1145287	1
jlf	1145288	2
jlg	1145290	2
jlj	1145292	1
jll	1145293	2
jlm	1145295	1
jln	1145296	2
jlo	1145298	3
jls	1145301	1
jlu	1145302	3
jlw	1145305	3
jly	1145308	2
jm 	1145310	847
jm`	1146157	3
jma	1146160	5
jme	1146165	3
jmg	1146168	1
jmi	1146169	3
jml	1146172	3
jmm	1146175	2
jmn	1146177	2
jmo	1146179	1
jmu	1146180	1
jmw	1146181	5
jmy	1146186	4
jn 	1146190	20
jn@	1146210	1
jna	1146211	9
jnd	1146220	6
jne	1146226	16
jng	1146242	4
jni	1146246	5
jnm	1146251	1
jnn	1146252	4
jno	1146256	2
jnp	1146258	6
jns	1146264	2
jnt	1146266	1
jnu	1146267	2
jnw	1146269	37
jny	1146306	5
jo 	1146311	233
jo-	1146544	4
jo`	1146548	1
joa	1146549	102
job	1146651	370
joc	1147021	15
jod	1147036	1
joe	1147037	9
jog	1147046	7
joh	1147053	61
joi	1147114	29
joj	1147143	4
jok	1147147	6
jol	1147153	15
jom	1147168	18
jon	1147186	129
joo	1147315	5
jop	1147320	1
joq	1147321	1
jor	1147322	147
jos	1147469	269
jot	1147738	5
jou	1147743	24
jov	1147767	9
jow	1147776	17
joy	1147793	7
joz	1147800	6
jp 	1147806	1237
jph	1149043	2
jpl	1149045	1
jpn	1149046	1237
jpu	1150283	9
jr 	1150292	11
jr@	1150303	2
jra	1150305	22
jrb	1150327	2
jrd	1150329	3
jre	1150332	1
jrf	1150333	1
jrg	1150334	1
jrh	1150335	1
jri	1150336	2
jrj	1150338	2
jrm	1150340	3
jrn	1150343	3
jrr	1150346	1
jrs	1150347	5
jrt	1150352	2
jru	1150354	1
jrv	1150355	1
jrw	1150356	2
jry	1150358	2
jrz	1150360	1
js 	1150361	3
jsa	1150364	2
jsc	1150366	2
jsd	1150368	1
jsh	1150369	18
jsi	1150387	2
jsk	1150389	72
jsp	1150461	1
jsr	1150462	2
jss	1150464	30
jst	1150494	4
jsw	1150498	1
jt 	1150499	6
jtr	1150505	1
jtu	1150506	1
ju 	1150507	76
ju-	1150583	35
jua	1150618	319
jub	1150937	43
juc	1150980	26
jud	1151006	48
jue	1151054	26
juf	1151080	1
jug	1151081	17
juh	1151098	1
jui	1151099	8
juj	1151107	18
juk	1151125	2
jul	1151127	30
jum	1151157	63
jun	1151220	470
jup	1151690	10
juq	1151700	6
jur	1151706	57
jus	1151763	38
jut	1151801	35
juu	1151836	2
juv	1151838	5
juw	1151843	3
jux	1151846	1
juy	1151847	18
juz	1151865	4
jva	1151869	4
jvm	1151873	1
jvo	1151874	8
jvu	1151882	1
jw 	1151883	3
jwa	1151886	2
jwb	1151888	3
jwe	1151891	1
jwf	1151892	2
jwh	1151894	2
jwi	1151896	2
jwk	1151898	1
jwm	1151899	2
jwn	1151901	3
jwr	1151904	5
jwt	1151909	1
jwy	1151910	3
jwz	1151913	1
jx 	1151914	1
jy 	1151915	11
jy@	1151926	2
jya	1151928	3
jyb	1151931	1
jye	1151932	1
jyi	1151933	2
jyj	1151935	3
jyk	1151938	1
jyl	1151939	36
jym	1151975	27
jyo	1152002	1
jyp	1152003	2
jyr	1152005	4
jys	1152009	4
jyv	1152013	1
jyw	1152014	1
jyy	1152015	2
jyz	1152017	3
jz 	1152020	2
jza	1152022	1
jzn	1152023	2
jzr	1152025	3
jzy	1152028	6
j~ 	1152034	1
j~n	1152035	1
k &	1152036	1
k (	1152037	2
k -	1152039	2
k 0	1152041	15
k 1	1152056	12
k 2	1152068	7
k 3	1152075	5
k 6	1152080	5
k 7	1152085	4
k 8	1152089	2
k `	1152091	42
k a	1152133	145
k b	1152278	148
k c	1152426	261
k d	1152687	311
k e	1152998	45
k f	1153043	21
k g	1153064	153
k h	1153217	86
k i	1153303	138
k j	1153441	27
k k	1153468	161
k l	1153629	138
k m	1153767	328
k n	1154095	151
k o	1154246	98
k p	1154344	306
k q	1154650	35
k r	1154685	107
k s	1154792	340
k t	1155132	166
k u	1155298	153
k v	1155451	84
k w	1155535	41
k x	1155576	46
k y	1155622	15
k z	1155637	22
k' 	1155659	80
k'@	1155739	2
k'a	1155741	100
k'b	1155841	1
k'e	1155842	5
k'i	1155847	10
k'k	1155857	3
k'm	1155860	1
k'o	1155861	18
k'r	1155879	3
k's	1155882	8
k't	1155890	8
k'u	1155898	11
k'y	1155909	5
k'z	1155914	2
k, 	1155916	1
k-a	1155917	5
k-b	1155922	2
k-c	1155924	1
k-d	1155925	55
k-e	1155980	4
k-g	1155984	11
k-h	1155995	3
k-i	1155998	1
k-k	1155999	23
k-l	1156022	1
k-m	1156023	4
k-n	1156027	3
k-o	1156030	2
k-s	1156032	9
k-t	1156041	1
k-u	1156042	3
k-v	1156045	1
k-z	1156046	1
k/d	1156047	1
k@ 	1156048	13
k@h	1156061	42
k@s	1156103	46
k@u	1156149	2
k` 	1156151	74
k`a	1156225	11
k`i	1156236	9
k`k	1156245	2
k`o	1156247	3
k`s	1156250	1
k`u	1156251	1
k`v	1156252	2
k`y	1156254	1
ka 	1156255	2177
ka'	1158432	18
ka-	1158450	36
kaa	1158486	101
kab	1158587	545
kac	1159132	20
kad	1159152	71
kae	1159223	86
kaf	1159309	28
kag	1159337	78
kah	1159415	89
kai	1159504	342
kaj	1159846	168
kak	1160014	76
kal	1160090	453
kam	1160543	268
kan	1160811	760
kao	1161571	37
kap	1161608	85
kar	1161693	667
kas	1162360	408
kat	1162768	1000
kau	1163768	77
kav	1163845	40
kaw	1163885	97
kax	1163982	3
kay	1163985	1968
kaz	1165953	486
kb 	1166439	8
kba	1166447	3
kbe	1166450	2
kbh	1166452	1
kbi	1166453	3
kbn	1166456	2
kbo	1166458	1
kbr	1166459	5
kbu	1166464	4
kbw	1166468	1
kby	1166469	55
kc 	1166524	2
kca	1166526	6
kce	1166532	4
kch	1166536	29
kci	1166565	4
kcn	1166569	1
kcu	1166570	1
kd 	1166571	7
kd-	1166578	1
kd@	1166579	2
kda	1166581	32
kdb	1166613	1
kdc	1166614	2
kdd	1166616	1
kde	1166617	3
kdi	1166620	1
kdk	1166621	1
kdm	1166622	1
kdr	1166623	1
kds	1166624	1
kdu	1166625	2
kdy	1166627	1
kdz	1166628	1
ke 	1166629	390
ke'	1167019	7
ke+	1167026	1
ke-	1167027	10
kea	1167037	17
keb	1167054	57
kec	1167111	20
ked	1167131	66
kee	1167197	39
kef	1167236	31
keg	1167267	9
keh	1167276	11
kei	1167287	17
kej	1167304	2
kek	1167306	23
kel	1167329	86
kem	1167415	81
ken	1167496	422
keo	1167918	16
kep	1167934	43
keq	1167977	2
ker	1167979	249
kes	1168228	121
ket	1168349	76
keu	1168425	5
kev	1168430	7
kew	1168437	3
key	1168440	19
kez	1168459	9
kf 	1168468	5
kfa	1168473	5
kfi	1168478	3
kfo	1168481	3
kfr	1168484	7
kfs	1168491	1
kfu	1168492	1
kg 	1168493	57
kga	1168550	11
kgd	1168561	1
kgl	1168562	1
kgn	1168563	1
kgo	1168564	1
kgy	1168565	1
kgz	1168566	54
kh 	1168620	355
kh'	1168975	44
kh-	1169019	6
kh@	1169025	3
kh`	1169028	14
kha	1169042	676
khb	1169718	13
khc	1169731	9
khd	1169740	14
khe	1169754	144
khf	1169898	1
khg	1169899	16
khh	1169915	11
khi	1169926	114
khk	1170040	28
khl	1170068	75
khm	1170143	279
khn	1170422	75
kho	1170497	579
khp	1171076	6
khr	1171082	115
khs	1171197	367
kht	1171564	138
khu	1171702	133
khv	1171835	14
khw	1171849	105
khy	1171954	63
khz	1172017	4
ki 	1172021	849
ki)	1172870	9
ki-	1172879	49
kia	1172928	188
kib	1173116	18
kic	1173134	5
kid	1173139	19
kie	1173158	437
kif	1173595	14
kig	1173609	19
kih	1173628	9
kii	1173637	2254
kij	1175891	12
kik	1175903	65
kil	1175968	71
kim	1176039	104
kin	1176143	552
kio	1176695	15
kip	1176710	12
kir	1176722	303
kis	1177025	640
kit	1177665	126
kiu	1177791	7
kiv	1177798	48
kiw	1177846	3
kiy	1177849	3027
kiz	1180876	24
kja	1180900	5
kje	1180905	3
kjh	1180908	1
kjo	1180909	2
kk 	1180911	10
kk-	1180921	1
kka	1180922	168
kke	1181090	10
kkh	1181100	10
kki	1181110	21
kkl	1181131	3
kkm	1181134	1
kkn	1181135	1
kko	1181136	11
kks	1181147	1
kku	1181148	11
kky	1181159	24
kl 	1181183	22
kla	1181205	144
kle	1181349	56
kli	1181405	75
klj	1181480	2
klk	1181482	1
kll	1181483	6
klm	1181489	4
kln	1181493	4
klo	1181497	18
klp	1181515	2
klr	1181517	1
kls	1181518	1
klt	1181519	1
klu	1181520	8
klv	1181528	1
kly	1181529	9
km 	1181538	11
kma	1181549	20
kmb	1181569	17
kmc	1181586	1
kmd	1181587	1
kme	1181588	73
kmi	1181661	2
kml	1181663	7
kmn	1181670	2
kmo	1181672	5
kmp	1181677	3
kmr	1181680	1
kmu	1181681	4
kmy	1181685	2
kn 	1181687	39
kn-	1181726	1
kn@	1181727	1
kn`	1181728	1
kna	1181729	26
knd	1181755	3
kne	1181758	53
kng	1181811	14
kni	1181825	33
knm	1181858	4
knn	1181862	11
kno	1181873	18
knr	1181891	1
kns	1181892	3
knt	1181895	2
knu	1181897	1
kny	1181898	7
ko 	1181905	167
ko'	1182072	6
ko-	1182078	470
ko/	1182548	3
ko`	1182551	1
koa	1182552	54
kob	1182606	40
koc	1182646	54
kod	1182700	20
koe	1182720	54
kof	1182774	6
kog	1182780	45
koh	1182825	35
koi	1182860	517
koj	1183377	3
kok	1183380	54
kol	1183434	146
kom	1183580	723
kon	1184303	256
koo	1184559	31
kop	1184590	153
kor	1184743	694
kos	1185437	393
kot	1185830	378
kou	1186208	134
kov	1186342	338
kow	1186680	22
koy	1186702	415
koz	1187117	26
kp 	1187143	216
kp'	1187359	2
kpa	1187361	19
kpe	1187380	5
kph	1187385	5
kpi	1187390	5
kpo	1187395	17
kpp	1187412	1
kpr	1187413	2
kpu	1187415	2
kpy	1187417	1
kqa	1187418	1
kr 	1187419	277
kr'	1187696	3
kr-	1187699	2
kr@	1187701	5
kra	1187706	905
krb	1188611	3
krc	1188614	1
krd	1188615	7
kre	1188622	218
krg	1188840	2
krh	1188842	2
kri	1188844	89
krj	1188933	1
krk	1188934	7
krl	1188941	4
krm	1188945	8
krn	1188953	11
kro	1188964	80
krr	1189044	1
krs	1189045	6
krt	1189051	1
kru	1189052	702
krv	1189754	1
krw	1189755	4
kry	1189759	24
krz	1189783	16
ks 	1189799	94
ks`	1189893	1
ksa	1189894	62
ksb	1189956	4
ksc	1189960	2
ksd	1189962	1
kse	1189963	22
ksh	1189985	39
ksi	1190024	72
ksj	1190096	1
ksk	1190097	62
ksl	1190159	1
ksm	1190160	40
ksn	1190200	25
kso	1190225	38
ksp	1190263	1
ksr	1190264	4
kss	1190268	12
kst	1190280	21
ksu	1190301	13
ksv	1190314	3
ksw	1190317	1
ksy	1190318	3
ksz	1190321	3
kt 	1190324	24
kt-	1190348	20
kta	1190368	12
kte	1190380	5
kth	1190385	6
kti	1190391	55
kto	1190446	79
ktp	1190525	1
ktr	1190526	4
kts	1190530	2
ktt	1190532	3
ktu	1190535	1
kty	1190536	25
ku 	1190561	127
ku'	1190688	1
ku-	1190689	15
kua	1190704	24
kub	1190728	17
kuc	1190745	18
kud	1190763	17
kue	1190780	2
kuf	1190782	6
kug	1190788	5
kuh	1190793	29
kui	1190822	29
kuj	1190851	35
kuk	1190886	42
kul	1190928	99
kum	1191027	115
kun	1191142	585
kuo	1191727	45
kup	1191772	28
kur	1191800	223
kus	1192023	105
kut	1192128	121
kuu	1192249	7
kuv	1192256	7
kuw	1192263	117
kuy	1192380	15
kuz	1192395	25
kv 	1192420	1
kva	1192421	22
kve	1192443	25
kvi	1192468	11
kvo	1192479	1
kvv	1192480	1
kw 	1192481	132
kw-	1192613	1
kwa	1192614	151
kwd	1192765	2
kwe	1192767	17
kwh	1192784	9
kwi	1192793	20
kwk	1192813	4
kwl	1192817	3
kwm	1192820	2
kwn	1192822	1
kwo	1192823	5
kwr	1192828	6
kws	1192834	1
kwt	1192835	118
kwu	1192953	8
kww	1192961	1
kwy	1192962	2
kxe	1192964	2
kxo	1192966	1
ky 	1192967	1797
ky@	1194764	3
kya	1194767	13
kyb	1194780	3
kyc	1194783	1
kyd	1194784	1
kye	1194785	51
kyf	1194836	3
kyh	1194839	1
kyi	1194840	74
kyj	1194914	2
kyk	1194916	4
kyl	1194920	9
kym	1194929	4
kyn	1194933	8
kyo	1194941	87
kyp	1195028	1
kyr	1195029	68
kys	1195097	5
kyt	1195102	7
kyu	1195109	15
kyy	1195124	26
kyz	1195150	7
kz 	1195157	430
kza	1195587	2
kzh	1195589	2
kzn	1195591	1
kzy	1195592	1
k~ 	1195593	2
k~s	1195595	4
l '	1195599	81
l +	1195680	1
l -	1195681	5
l 0	1195686	16
l 1	1195702	20
l 2	1195722	10
l 3	1195732	2
l 4	1195734	3
l 5	1195737	1
l 6	1195738	2
l 7	1195740	1
l 8	1195741	3
l 9	1195744	1
l @	1195745	17
l `	1195762	21
l a	1195783	652
l b	1196435	6060
l c	1202495	572
l d	1203067	501
l e	1203568	148
l f	1203716	99
l g	1203815	276
l h	1204091	183
l i	1204274	219
l j	1204493	157
l k	1204650	246
l l	1204896	171
l m	1205067	792
l n	1205859	649
l o	1206508	153
l p	1206661	1100
l q	1207761	105
l r	1207866	349
l s	1208215	800
l t	1209015	412
l u	1209427	71
l v	1209498	101
l w	1209599	95
l x	1209694	4
l y	1209698	51
l z	1209749	60
l' 	1209809	18
l'-	1209827	4
l'a	1209831	32
l'b	1209863	3
l'c	1209866	6
l'd	1209872	3
l'e	1209875	13
l'g	1209888	3
l'h	1209891	1
l'i	1209892	12
l'k	1209904	18
l'm	1209922	8
l'n	1209930	36
l'o	1209966	15
l's	1209981	306
l't	1210287	4
l'u	1210291	1
l'v	1210292	3
l'y	1210295	32
l'z	1210327	1
l) 	1210328	1
l, 	1210329	20
l-a	1210349	14
l-b	1210363	10
l-c	1210373	6
l-d	1210379	11
l-e	1210390	8
l-f	1210398	8
l-g	1210406	20
l-h	1210426	15
l-i	1210441	10
l-j	1210451	2
l-k	1210453	13
l-l	1210466	6
l-m	1210472	22
l-n	1210494	6
l-o	1210500	2
l-p	1210502	3
l-q	1210505	9
l-r	1210514	5
l-s	1210519	21
l-t	1210540	32
l-u	1210572	1
l-v	1210573	1
l-w	1210574	1
l-z	1210575	2
l. 	1210577	2
l.)	1210579	1
l/b	1210580	1
l/d	1210581	1
l/g	1210582	1
l/l	1210583	1
l/m	1210584	1
l/s	1210585	1
l@ 	1210586	48
l@b	1210634	1
l@c	1210635	1
l@n	1210636	1
l_d	1210637	1
l` 	1210638	113
l`@	1210751	9
l`b	1210760	8
l`d	1210768	5
l`f	1210773	1
l`h	1210774	3
l`j	1210777	2
l`l	1210779	8
l`m	1210787	11
l`n	1210798	17
l`q	1210815	5
l`r	1210820	11
l`s	1210831	8
l`t	1210839	2
l`w	1210841	3
l`y	1210844	12
l`z	1210856	4
la 	1210860	3573
la'	1214433	9
la-	1214442	69
la`	1214511	1
laa	1214512	325
lab	1214837	529
lac	1215366	218
lad	1215584	223
lae	1215807	33
laf	1215840	25
lag	1215865	420
lah	1216285	265
lai	1216550	259
laj	1216809	134
lak	1216943	232
lal	1217175	166
lam	1217341	337
lan	1217678	5264
lao	1222942	244
lap	1223186	144
laq	1223330	9
lar	1223339	656
las	1223995	2534
lat	1226529	1050
lau	1227579	171
lav	1227750	433
law	1228183	253
lax	1228436	83
lay	1228519	493
laz	1229012	57
lb 	1229069	55
lb@	1229124	1
lba	1229125	217
lbb	1229342	2
lbc	1229344	2
lbd	1229346	5
lbe	1229351	434
lbh	1229785	15
lbi	1229800	14
lbj	1229814	4
lbk	1229818	3
lbl	1229821	8
lbm	1229829	1
lbn	1229830	40
lbo	1229870	34
lbq	1229904	6
lbr	1229910	264
lbs	1230174	6
lbt	1230180	16
lbu	1230196	18
lbw	1230214	6
lby	1230220	48
lc 	1230268	561
lc`	1230829	1
lca	1230830	648
lce	1231478	894
lch	1232372	51
lci	1232423	30
lck	1232453	1
lco	1232454	116
lcr	1232570	2
lcs	1232572	14
lcu	1232586	8
lcy	1232594	1
lcz	1232595	1
ld 	1232596	233
ld'	1232829	1
ld)	1232830	2
ld-	1232832	1
ld/	1232833	2
ld@	1232835	1
ld_	1232836	1
ld`	1232837	2
lda	1232839	144
ldb	1232983	6
ldd	1232989	2
lde	1232991	133
ldf	1233124	6
ldg	1233130	1
ldh	1233131	16
ldi	1233147	78
ldj	1233225	4
ldk	1233229	4
ldl	1233233	6
ldm	1233239	4
ldn	1233243	3
ldo	1233246	97
ldq	1233343	3
ldr	1233346	15
lds	1233361	14
ldt	1233375	7
ldu	1233382	29
ldw	1233411	17
ldy	1233428	53
ldz	1233481	8
le 	1233489	1431
le'	1234920	2
le,	1234922	2
le-	1234924	58
le/	1234982	6
le:	1234988	2
lea	1234990	148
leb	1235138	117
lec	1235255	58
led	1235313	112
lee	1235425	56
lef	1235481	211
leg	1235692	161
leh	1235853	25
lei	1235878	118
lej	1235996	32
lek	1236028	81
lel	1236109	49
lem	1236158	271
len	1236429	570
leo	1236999	239
lep	1237238	24
leq	1237262	9
ler	1237271	169
les	1237440	740
let	1238180	209
leu	1238389	72
lev	1238461	73
lew	1238534	20
lex	1238554	35
ley	1238589	170
lez	1238759	59
lf 	1238818	17
lf-	1238835	1
lf@	1238836	2
lfa	1238838	31
lfd	1238869	1
lfe	1238870	8
lfh	1238878	4
lfi	1238882	15
lfj	1238897	2
lfl	1238899	3
lfn	1238902	4
lfo	1238906	57
lfq	1238963	2
lfr	1238965	15
lfs	1238980	5
lft	1238985	2
lfu	1238987	1
lfw	1238988	3
lfy	1238991	5
lg 	1238996	9
lg'	1239005	2
lga	1239007	429
lgb	1239436	1
lgd	1239437	1
lge	1239438	631
lgh	1240069	5
lgi	1240074	51
lgm	1240125	3
lgn	1240128	4
lgo	1240132	218
lgr	1240350	38
lgt	1240388	2
lgu	1240390	36
lgw	1240426	3
lgy	1240429	1
lgz	1240430	6
lh 	1240436	29
lh-	1240465	1
lh@	1240466	1
lha	1240467	170
lhd	1240637	5
lhe	1240642	23
lhf	1240665	2
lhg	1240667	1
lhi	1240668	16
lhj	1240684	6
lhk	1240690	3
lhl	1240693	1
lhm	1240694	22
lhn	1240716	6
lho	1240722	83
lhr	1240805	9
lhs	1240814	17
lhu	1240831	31
lhw	1240862	7
lhy	1240869	5
li 	1240874	699
li'	1241573	10
li-	1241583	3
lia	1241586	1386
lib	1242972	382
lic	1243354	765
lid	1244119	51
lie	1244170	117
lif	1244287	97
lig	1244384	71
lih	1244455	12
lii	1244467	44
lij	1244511	11
lik	1244522	827
lil	1245349	52
lim	1245401	353
lin	1245754	932
lio	1246686	76
lip	1246762	249
liq	1247011	15
lir	1247026	21
lis	1247047	492
lit	1247539	3652
liu	1251191	74
liv	1251265	302
liw	1251567	65
lix	1251632	31
liy	1251663	78
liz	1251741	113
lj 	1251854	123
lj-	1251977	1
lj@	1251978	1
lja	1251979	63
ljb	1252042	6
ljc	1252048	2
ljd	1252050	7
lje	1252057	41
ljf	1252098	2
ljh	1252100	5
lji	1252105	7
ljl	1252112	2
ljm	1252114	4
ljn	1252118	25
ljo	1252143	4
ljr	1252147	3
lju	1252150	32
ljw	1252182	3
ljy	1252185	5
ljz	1252190	4
lk 	1252194	80
lk'	1252274	5
lk@	1252279	45
lk`	1252324	1
lka	1252325	111
lkb	1252436	9
lke	1252445	32
lkf	1252477	3
lkh	1252480	72
lki	1252552	23
lkk	1252575	7
lkl	1252582	2
lkm	1252584	5
lkn	1252589	4
lko	1252593	54
lkr	1252647	29
lks	1252676	2
lkt	1252678	1
lku	1252679	6
lkw	1252685	5
lky	1252690	5
lk~	1252695	4
ll 	1252699	389
ll'	1253088	2
ll-	1253090	3
ll/	1253093	1
ll@	1253094	4
ll`	1253098	1
lla	1253099	1099
llb	1254198	4
llc	1254202	1
lld	1254203	5
lle	1254208	615
llg	1254823	2
llh	1254825	10
lli	1254835	290
llj	1255125	1
llk	1255126	6
lll	1255132	8
llm	1255140	12
lln	1255152	9
llo	1255161	339
llp	1255500	2
llr	1255502	1
lls	1255503	71
llt	1255574	5
llu	1255579	22
llw	1255601	1
lly	1255602	30
lm 	1255632	141
lm-	1255773	1
lm@	1255774	2
lm`	1255776	3
lma	1255779	243
lmb	1256022	2
lmd	1256024	17
lme	1256041	77
lmf	1256118	3
lmg	1256121	1
lmh	1256122	17
lmi	1256139	78
lmj	1256217	4
lmk	1256221	8
lml	1256229	5
lmn	1256234	40
lmo	1256274	35
lmp	1256309	1
lmq	1256310	6
lmr	1256316	10
lms	1256326	63
lmt	1256389	10
lmu	1256399	6
lmw	1256405	1
lmy	1256406	29
lmz	1256435	7
ln 	1256442	67
ln-	1256509	1
ln`	1256510	6
lna	1256516	49
lnb	1256565	6
lnc	1256571	2
lnd	1256573	11
lne	1256584	39
lnf	1256623	1
lng	1256624	21
lnh	1256645	1
lni	1256646	51
lnj	1256697	4
lnk	1256701	2
lnm	1256703	3
lnn	1256706	2
lno	1256708	49
lnq	1256757	2
lns	1256759	10
lnt	1256769	2
lnu	1256771	1
lnw	1256772	1
lny	1256773	17
lnz	1256790	2
lo 	1256792	1282
lo'	1258074	1
lo-	1258075	29
loa	1258104	45
lob	1258149	57
loc	1258206	104
lod	1258310	83
loe	1258393	36
lof	1258429	26
log	1258455	141
loh	1258596	13
loi	1258609	53
loj	1258662	20
lok	1258682	51
lol	1258733	42
lom	1258775	1531
lon	1260306	378
loo	1260684	16
lop	1260700	101
loq	1260801	6
lor	1260807	429
los	1261236	318
lot	1261554	101
lou	1261655	223
lov	1261878	668
low	1262546	100
lox	1262646	14
loy	1262660	63
loz	1262723	17
lp 	1262740	9
lpa	1262749	113
lpe	1262862	30
lph	1262892	18
lpi	1262910	12
lpl	1262922	2
lpn	1262924	2
lpo	1262926	20
lpp	1262946	4
lpr	1262950	2
lps	1262952	5
lpt	1262957	1
lpu	1262958	16
lpw	1262974	2
lpx	1262976	1
lpy	1262977	1
lq 	1262978	6
lq@	1262984	1
lqa	1262985	10
lqb	1262995	2
lqd	1262997	7
lqh	1263004	1
lqi	1263005	3
lql	1263008	7
lqm	1263015	3
lqn	1263018	12
lqo	1263030	3
lqr	1263033	10
lqs	1263043	16
lqt	1263059	5
lqu	1263064	8
lqw	1263072	7
lqy	1263079	6
lr 	1263085	243
lra	1263328	9
lrb	1263337	6
lrd	1263343	3
lre	1263346	3
lrh	1263349	2
lri	1263351	3
lrj	1263354	1
lrm	1263355	7
lrn	1263362	1
lro	1263363	3
lrq	1263366	6
lrs	1263372	8
lru	1263380	1
lrw	1263381	6
lry	1263387	8
ls 	1263395	173
ls-	1263568	4
ls@	1263572	1
ls`	1263573	1
lsa	1263574	38
lsb	1263612	21
lsc	1263633	4
lsd	1263637	6
lse	1263643	12
lsf	1263655	7
lsg	1263662	2
lsh	1263664	109
lsi	1263773	47
lsj	1263820	1
lsk	1263821	254
lsl	1264075	16
lsm	1264091	8
lsn	1264099	14
lso	1264113	44
lsp	1264157	1
lsq	1264158	2
lsr	1264160	4
lss	1264164	3
lst	1264167	30
lsu	1264197	26
lsv	1264223	1
lsw	1264224	45
lsy	1264269	3
lsz	1264272	3
lt 	1264275	263
lt@	1264538	1
lt`	1264539	2
lta	1264541	419
ltb	1264960	1
ltc	1264961	2
ltd	1264963	2
lte	1264965	156
ltf	1265121	2
ltg	1265123	1
lth	1265124	24
lti	1265148	79
ltj	1265227	1
ltk	1265228	1
ltl	1265229	5
ltm	1265234	1
ltn	1265235	3
lto	1265238	207
ltr	1265445	12
lts	1265457	13
ltt	1265470	1
ltu	1265471	129
ltv	1265600	1
ltw	1265601	4
lty	1265605	15
ltz	1265620	12
lu 	1265632	360
lu'	1265992	2
lu-	1265994	13
lua	1266007	60
lub	1266067	95
luc	1266162	674
lud	1266836	45
lue	1266881	24
luf	1266905	6
lug	1266911	32
luh	1266943	12
lui	1266955	269
luj	1267224	87
luk	1267311	86
lul	1267397	29
lum	1267426	102
lun	1267528	146
luo	1267674	17
lup	1267691	44
luq	1267735	14
lur	1267749	16
lus	1267765	80
lut	1267845	53
luu	1267898	28
luv	1267926	5
luw	1267931	11
lux	1267942	119
luy	1268061	15
luz	1268076	78
lv 	1268154	633
lva	1268787	862
lvd	1269649	3
lve	1269652	67
lvi	1269719	33
lvk	1269752	1
lvl	1269753	1
lvn	1269754	1
lvo	1269755	14
lvr	1269769	1
lvs	1269770	2
lvu	1269772	22
lw 	1269794	57
lw@	1269851	2
lwa	1269853	18
lwc	1269871	2
lwd	1269873	11
lwe	1269884	18
lwf	1269902	3
lwg	1269905	2
lwh	1269907	7
lwi	1269914	5
lwj	1269919	1
lwk	1269920	3
lwl	1269923	6
lwm	1269929	1
lwn	1269930	17
lwo	1269947	5
lwq	1269952	3
lwr	1269955	5
lws	1269960	12
lwt	1269972	5
lwy	1269977	8
lw~	1269985	2
lx 	1269987	4
lxa	1269991	3
ly 	1269994	311
ly'	1270305	1
ly-	1270306	1
ly@	1270307	141
ly`	1270448	1
lya	1270449	135
lyb	1270584	8
lyc	1270592	2
lyd	1270594	7
lye	1270601	10
lyf	1270611	3
lyg	1270614	2
lyh	1270616	3
lyi	1270619	19
lyj	1270638	1
lyk	1270639	48
lyl	1270687	9
lym	1270696	117
lyn	1270813	83
lyo	1270896	17
lyp	1270913	2
lyq	1270915	42
lyr	1270957	11
lys	1270968	307
lyt	1271275	51
lyu	1271326	33
lyv	1271359	2
lyw	1271361	3
lyy	1271364	4
lyz	1271368	5
ly~	1271373	4
lz 	1271377	5
lz-	1271382	1
lz`	1271383	1
lza	1271384	14
lzb	1271398	9
lze	1271407	31
lzf	1271438	1
lzg	1271439	1
lzh	1271440	26
lzi	1271466	13
lzk	1271479	1
lzl	1271480	1
lzn	1271481	7
lzq	1271488	1
lzr	1271489	6
lzw	1271495	6
lzy	1271501	3
l~ 	1271504	8
l~n	1271512	1
l~s	1271513	1
m &	1271514	1
m '	1271515	2
m +	1271517	1
m 0	1271518	5
m 1	1271523	7
m 2	1271530	9
m 3	1271539	6
m 4	1271545	4
m 5	1271549	2
m 6	1271551	3
m 7	1271554	2
m 9	1271556	1
m @	1271557	1
m `	1271558	69
m a	1271627	253
m b	1271880	298
m c	1272178	253
m d	1272431	336
m e	1272767	91
m f	1272858	101
m g	1272959	373
m h	1273332	119
m i	1273451	138
m j	1273589	912
m k	1274501	157
m l	1274658	96
m m	1274754	355
m n	1275109	135
m o	1275244	174
m p	1275418	209
m q	1275627	18
m r	1275645	93
m s	1275738	297
m t	1276035	354
m u	1276389	90
m v	1276479	817
m w	1277296	55
m x	1277351	6
m y	1277357	31
m z	1277388	137
"m""y"	1277525	1
m' 	1277526	1
m'b	1277527	4
m'c	1277531	1
m'd	1277532	3
m'g	1277535	3
m'h	1277538	3
m'i	1277541	4
m'l	1277545	1
m'p	1277546	1
m's	1277547	18
m't	1277565	1
m, 	1277566	1
m-a	1277567	1
m-d	1277568	61
m-e	1277629	13
m-f	1277642	4
m-g	1277646	13
m-h	1277659	1
m-k	1277660	3
m-o	1277663	5
m-p	1277668	9
m-q	1277677	1
m-s	1277678	3
m-t	1277681	3
m-v	1277684	2
m-y	1277686	1
m-z	1277687	1
m. 	1277688	1
m/k	1277689	1
m:p	1277690	1
m@ 	1277691	34
m@n	1277725	1
m@r	1277726	1
m@s	1277727	2
m` 	1277729	4
m`@	1277733	3
m``	1277736	1
m`a	1277737	1
m`d	1277738	1
m`h	1277739	1
m`l	1277740	3
m`m	1277743	1
m`n	1277744	3
m`r	1277747	2
m`s	1277749	3
m`t	1277752	220
m`w	1277972	2
m`y	1277974	3
ma 	1277977	1447
ma'	1279424	43
ma-	1279467	74
ma/	1279541	4
maa	1279545	1208
mab	1280753	23
mac	1280776	324
mad	1281100	593
mae	1281693	60
maf	1281753	16
mag	1281769	281
mah	1282050	361
mai	1282411	1018
maj	1283429	40
mak	1283469	266
mal	1283735	1285
mam	1285020	163
man	1285183	4955
mao	1290138	42
map	1290180	70
maq	1290250	12
mar	1290262	2524
mas	1292786	563
mat	1293349	754
mau	1294103	197
mav	1294300	32
maw	1294332	65
max	1294397	19
may	1294416	317
maz	1294733	250
mb 	1294983	10
mb'	1294993	1
mba	1294994	496
mbb	1295490	1
mbd	1295491	1
mbe	1295492	260
mbh	1295752	2
mbi	1295754	1652
mbj	1297406	1
mbl	1297407	17
mbn	1297424	16
mbo	1297440	693
mbr	1298133	109
mbs	1298242	2
mbt	1298244	5
mbu	1298249	346
mbw	1298595	7
mby	1298602	23
mc 	1298625	26
mc)	1298651	43
mc`	1298694	3
mca	1298697	4
mcc	1298701	12
mcd	1298713	5
mce	1298718	28
mcg	1298746	1
mch	1298747	41
mci	1298788	6
mck	1298794	6
mcl	1298800	9
mcm	1298809	2
mcn	1298811	2
mco	1298813	19
mcp	1298832	5
mct	1298837	1
mcu	1298838	1
md 	1298839	56
md-	1298895	1
md@	1298896	1
mda	1298897	43
mdb	1298940	4
mdc	1298944	1
mdd	1298945	4
mde	1298949	15
mdf	1298964	2
mdg	1298966	147
mdh	1299113	8
mdi	1299121	7
mdj	1299128	2
mdl	1299130	1
mdn	1299131	9
mdo	1299140	10
mdq	1299150	1
mdr	1299151	5
mdt	1299156	1
mdu	1299157	3
mdv	1299160	21
mdw	1299181	3
mdy	1299184	247
mdz	1299431	1
me 	1299432	301
me'	1299733	1
me)	1299734	1
me+	1299735	2
me-	1299737	13
me`	1299750	1
mea	1299751	66
mec	1299817	36
med	1299853	149
mee	1300002	329
mef	1300331	3
meg	1300334	61
meh	1300395	90
mei	1300485	103
mej	1300588	17
mek	1300605	30
mel	1300635	171
mem	1300806	12
men	1300818	1781
meo	1302599	8
mep	1302607	2
meq	1302609	3
mer	1302612	485
mes	1303097	355
met	1303452	146
meu	1303598	10
mev	1303608	1
mew	1303609	10
mex	1303619	2539
mey	1306158	37
mez	1306195	46
mf 	1306241	3
mfa	1306244	18
mfe	1306262	1
mfi	1306263	2
mfo	1306265	11
mfr	1306276	4
mft	1306280	1
mfy	1306281	1
mfz	1306282	1
mg 	1306283	156
mg'	1306439	1
mg@	1306440	1
mga	1306441	18
mgd	1306459	2
mge	1306461	4
mgg	1306465	1
mgh	1306466	5
mgi	1306471	2
mgl	1306473	1
mgn	1306474	4
mgo	1306478	4
mgr	1306482	7
mgs	1306489	1
mgu	1306490	17
mgw	1306507	1
mgy	1306508	4
mgz	1306512	1
mh 	1306513	58
mh`	1306571	2
mha	1306573	36
mhb	1306609	4
mhd	1306613	8
mhe	1306621	8
mhf	1306629	340
mhi	1306969	5
mhj	1306974	1
mhl	1306975	53
mhm	1307028	9
mhn	1307037	2
mho	1307039	4
mhr	1307043	12
mhs	1307055	2
mhu	1307057	18
mhv	1307075	6
mhw	1307081	5
mhy	1307086	5
mi 	1307091	184
mi'	1307275	2
mi,	1307277	25
mi-	1307302	40
mi/	1307342	2
mia	1307344	146
mib	1307490	70
mic	1307560	404
mid	1307964	97
mie	1308061	134
mif	1308195	3
mig	1308198	122
mih	1308320	44
mii	1308364	19
mij	1308383	7
mik	1308390	64
mil	1308454	244
mim	1308698	32
min	1308730	1729
mio	1310459	17
mip	1310476	3
miq	1310479	6
mir	1310485	365
mis	1310850	489
mit	1311339	209
miu	1311548	12
mix	1311560	21
miy	1311581	89
miz	1311670	30
mj 	1311700	3
mja	1311703	1
mjd	1311704	1
mje	1311705	3
mji	1311708	5
mjl	1311713	2
mjm	1311715	1
mjn	1311716	1
mjo	1311717	3
mjr	1311720	3
mju	1311723	3
mjz	1311726	1
mk 	1311727	86
mk@	1311813	3
mk`	1311816	1
mka	1311817	12
mkd	1311829	83
mke	1311912	4
mkh	1311916	22
mki	1311938	3
mkk	1311941	2
mkm	1311943	1
mkn	1311944	5
mko	1311949	52
mkp	1312001	2
mkr	1312003	4
mks	1312007	2
mkt	1312009	1
mku	1312010	3
mkw	1312013	2
mky	1312015	38
ml 	1312053	119
ml@	1312172	2
mla	1312174	37
mle	1312211	7
mlh	1312218	6
mli	1312224	81
mlj	1312305	3
mlk	1312308	5
mll	1312313	2
mln	1312315	2
mlo	1312317	5
mlp	1312322	1
mlq	1312323	1
mlr	1312324	1
mls	1312325	2
mlt	1312327	70
mlu	1312397	6
mlw	1312403	5
mly	1312408	27
mm 	1312435	109
mm@	1312544	1
mma	1312545	111
mmb	1312656	1
mmd	1312657	1
mme	1312658	49
mmh	1312707	5
mmi	1312712	10
mmn	1312722	1
mmo	1312723	129
mmr	1312852	88
mms	1312940	2
mmt	1312942	1
mmu	1312943	706
mn 	1313649	460
mn@	1314109	3
mn`	1314112	2
mna	1314114	55
mnb	1314169	2
mnc	1314171	2
mnd	1314173	16
mne	1314189	39
mnf	1314228	1
mng	1314229	429
mnh	1314658	5
mni	1314663	24
mnk	1314687	1
mnm	1314688	1
mnn	1314689	102
mno	1314791	26
mnp	1314817	16
mnq	1314833	5
mnr	1314838	1
mns	1314839	22
mnt	1314861	99
mnu	1314960	1
mnw	1314961	6
mny	1314967	73
mnz	1315040	7
mo 	1315047	254
mo'	1315301	1
mo-	1315302	29
mo`	1315331	1
moa	1315332	65
mob	1315397	11
moc	1315408	375
mod	1315783	25
moe	1315808	20
mof	1315828	3
mog	1315831	43
moh	1315874	22
moi	1315896	25
moj	1315921	10
mok	1315931	45
mol	1315976	181
mom	1316157	20
mon	1316177	1372
moo	1317549	29
mop	1317578	16
moq	1317594	4
mor	1317598	946
mos	1318544	324
mot	1318868	127
mou	1318995	285
mov	1319280	29
mow	1319309	4
mox	1319313	12
moy	1319325	40
moz	1319365	208
mp 	1319573	28
mp'	1319601	1
mp-	1319602	1
mpa	1319603	166
mpb	1319769	9
mpd	1319778	3
mpe	1319781	57
mpf	1319838	2
mph	1319840	905
mpi	1320745	91
mpj	1320836	1
mpk	1320837	4
mpl	1320841	24
mpm	1320865	3
mpn	1320868	2
mpo	1320870	323
mpr	1321193	21
mps	1321214	27
mpt	1321241	22
mpu	1321263	78
mpw	1321341	2
mpy	1321343	4
mq 	1321347	4
mqa	1321351	2
mqb	1321353	1
mqd	1321354	3
mqi	1321357	1
mql	1321358	1
mqr	1321359	5
mqs	1321364	1
mqt	1321365	2
mqu	1321367	1
mqw	1321368	1
mr 	1321369	100
mr'	1321469	1
mr@	1321470	14
mr`	1321484	1
mra	1321485	60
mrb	1321545	5
mrc	1321550	1
mrd	1321551	6
mre	1321557	4
mrg	1321561	3
mrh	1321564	2
mri	1321566	14
mrj	1321580	2
mrk	1321582	140
mrl	1321722	1
mrn	1321723	8
mro	1321731	20
mrq	1321751	3
mrs	1321754	7
mrt	1321761	74
mru	1321835	9
mrw	1321844	8
mry	1321852	13
mrz	1321865	2
ms 	1321867	116
ms'	1321983	3
ms-	1321986	1
ms@	1321987	2
ms`	1321989	4
msa	1321993	23
msb	1322016	4
msc	1322020	1
msd	1322021	33
mse	1322054	8
msf	1322062	2
msh	1322064	79
msi	1322143	24
msj	1322167	1
msk	1322168	272
msl	1322440	2
msn	1322442	5
mso	1322447	13
msq	1322460	2
msr	1322462	12
mss	1322474	1
mst	1322475	25
msu	1322500	22
msw	1322522	1
msy	1322523	8
msz	1322531	1
mt 	1322532	171
mt'	1322703	1
mt@	1322704	5
mt`	1322709	1
mta	1322710	8
mte	1322718	36
mth	1322754	27
mti	1322781	9
mtl	1322790	11
mtm	1322801	5
mtn	1322806	1
mto	1322807	71
mtq	1322878	2
mtr	1322880	7
mts	1322887	21
mtt	1322908	6
mtu	1322914	4
mtw	1322918	12
mty	1322930	3
mu 	1322933	114
mu'	1323047	14
mu-	1323061	2
mua	1323063	172
mub	1323235	20
muc	1323255	34
mud	1323289	50
mue	1323339	100
muf	1323439	3
mug	1323442	24
muh	1323466	32
mui	1323498	12
muj	1323510	11
muk	1323521	69
mul	1323590	81
mum	1323671	18
mun	1323689	8218
muo	1331907	13
mup	1331920	1
muq	1331921	7
mur	1331928	514
mus	1332442	122
mut	1332564	60
muu	1332624	89
muv	1332713	1
muw	1332714	5
mux	1332719	8
muy	1332727	27
muz	1332754	26
mv 	1332780	23
mva	1332803	1
mvi	1332804	4
mvn	1332808	1
mvo	1332809	6
mvr	1332815	4
mvu	1332819	1
mvy	1332820	6
mw 	1332826	38
mwa	1332864	21
mwb	1332885	2
mwd	1332887	2
mwe	1332889	7
mwg	1332896	1
mwh	1332897	2
mwi	1332899	38
mwj	1332937	2
mwk	1332939	3
mwl	1332942	6
mwm	1332948	2
mwn	1332950	26
mwo	1332976	5
mwq	1332981	1
mwr	1332982	5
mws	1332987	10
mwt	1332997	4
mwu	1333001	1
mwy	1333002	2
mwz	1333004	2
mx 	1333006	2504
mxa	1335510	25
mxu	1335535	1
my 	1335536	201
my'	1335737	1
my@	1335738	12
mya	1335750	130
myb	1335880	1
myc	1335881	1
myd	1335882	6
mye	1335888	10
myg	1335898	1
myh	1335899	2
myi	1335901	4
myj	1335905	3
myk	1335908	20
myl	1335928	10
mym	1335938	16
myn	1335954	23
myo	1335977	8
myq	1335985	1
myr	1335986	28
mys	1336014	195
myt	1336209	25
myw	1336234	6
myx	1336240	1
myy	1336241	3
myz	1336244	4
mz 	1336248	179
mz@	1336427	1
mza	1336428	5
mzd	1336433	1
mzf	1336434	2
mzg	1336436	2
mzh	1336438	3
mzi	1336441	4
mzm	1336445	1
mzn	1336446	1
mzr	1336447	4
mzw	1336451	2
mzy	1336453	3
m~ 	1336456	1
n '	1336457	6
n (	1336463	13
n -	1336476	11
n /	1336487	18
n 0	1336505	53
n 1	1336558	39
n 2	1336597	22
n 3	1336619	9
n 4	1336628	14
n 5	1336642	10
n 6	1336652	12
n 7	1336664	11
n 8	1336675	5
n 9	1336680	3
n @	1336683	6
n `	1336689	148
n a	1336837	1757
n b	1338594	1312
n c	1339906	2919
n d	1342825	1667
n e	1344492	351
n f	1344843	3054
n g	1347897	809
n h	1348706	1081
n i	1349787	2121
n j	1351908	2005
n k	1353913	1807
n l	1355720	884
n m	1356604	2312
n n	1358916	1037
n o	1359953	904
n p	1360857	1367
n q	1362224	214
n r	1362438	3711
n s	1366149	2900
n t	1369049	1970
n u	1371019	810
n v	1371829	1317
n w	1373146	333
n x	1373479	132
n y	1373611	683
n z	1374294	369
n' 	1374663	86
n'-	1374749	6
n'a	1374755	8
n'b	1374763	1
n'd	1374764	4
n'e	1374768	3
n'g	1374771	14
n'i	1374785	7
n'k	1374792	5
n'n	1374797	1
n'o	1374798	1
n's	1374799	26
n'u	1374825	1
n'y	1374826	7
n'z	1374833	1
n) 	1374834	4
n))	1374838	1
n, 	1374839	201
n- 	1375040	1
n-a	1375041	15
n-b	1375056	5
n-c	1375061	20
n-d	1375081	8
n-e	1375089	362
n-f	1375451	1
n-g	1375452	156
n-h	1375608	15
n-i	1375623	2
n-j	1375625	2
n-k	1375627	9
n-l	1375636	10
n-m	1375646	9
n-n	1375655	10
n-o	1375665	33
n-p	1375698	3
n-q	1375701	2
n-r	1375703	4
n-s	1375707	73
n-t	1375780	27
n-u	1375807	18
n-v	1375825	4
n-w	1375829	12
n-y	1375841	2
n-z	1375843	7
n. 	1375850	5
n/a	1375855	1
n/b	1375856	2
n/e	1375858	1
n/i	1375859	1
n/l	1375860	1
n/m	1375861	1
n/s	1375862	1
n/t	1375863	2
n/w	1375865	1
n:m	1375866	1
n@ 	1375867	70
n` 	1375937	2
n`@	1375939	2
n`a	1375941	17
n`m	1375958	8
n`n	1375966	42
n`w	1376008	1
n`y	1376009	17
na 	1376026	8079
na'	1384105	24
na,	1384129	5
na-	1384134	44
na/	1384178	2
naa	1384180	155
nab	1384335	167
nac	1384502	377
nad	1384879	1859
nae	1386738	30
naf	1386768	24
nag	1386792	274
nah	1387066	103
nai	1387169	108
naj	1387277	90
nak	1387367	422
nal	1387789	319
nam	1388108	1703
nan	1389811	655
nao	1390466	29
nap	1390495	68
naq	1390563	9
nar	1390572	434
nas	1391006	1453
nat	1392459	223
nau	1392682	75
nav	1392757	105
naw	1392862	75
nax	1392937	13
nay	1392950	103
naz	1393053	37
nb 	1393090	23
nb@	1393113	1
nb`	1393114	2
nba	1393116	37
nbd	1393153	3
nbe	1393156	31
nbh	1393187	3
nbi	1393190	9
nbj	1393199	1
nbk	1393200	1
nbl	1393201	6
nbo	1393207	19
nbp	1393226	1
nbq	1393227	1
nbr	1393228	22
nbs	1393250	1
nbt	1393251	4
nbu	1393255	142
nby	1393397	4
nc 	1393401	46
nca	1393447	264
ncb	1393711	1
ncc	1393712	2
ncd	1393714	1
nce	1393715	1703
nch	1395418	456
nci	1395874	1004
nck	1396878	4
ncl	1396882	38
ncn	1396920	1
nco	1396921	210
ncr	1397131	9
ncs	1397140	2
nct	1397142	13
ncu	1397155	25
ncy	1397180	362
ncz	1397542	1
nd 	1397543	3810
nd'	1401353	1
nd)	1401354	1
nd-	1401355	20
nd/	1401375	4
nda	1401379	3711
ndb	1405090	8
ndc	1405098	1
ndd	1405099	110
nde	1405209	1448
ndf	1406657	2
ndg	1406659	20
ndh	1406679	80
ndi	1406759	1580
ndj	1408339	30
ndk	1408369	3
ndl	1408372	297
ndm	1408669	9
ndn	1408678	4
ndo	1408682	1060
ndp	1409742	2
ndq	1409744	2
ndr	1409746	357
nds	1410103	1079
ndt	1411182	3
ndu	1411185	422
ndv	1411607	7
ndw	1411614	21
ndy	1411635	62
ndz	1411697	20
ne 	1411717	1540
ne'	1413257	2
ne+	1413259	1
ne,	1413260	6
ne-	1413266	73
ne/	1413339	3
nea	1413342	401
neb	1413743	118
nec	1413861	60
ned	1413921	127
nee	1414048	42
nef	1414090	24
neg	1414114	185
neh	1414299	17
nei	1414316	265
nej	1414581	19
nek	1414600	39
nel	1414639	134
nem	1414773	59
nen	1414832	130
neo	1414962	16
nep	1414978	103
neq	1415081	1
ner	1415082	335
nes	1415417	1565
net	1416982	527
neu	1417509	48
nev	1417557	98
new	1417655	844
nex	1418499	1
ney	1418500	44
nez	1418544	451
nf 	1418995	4
nfa	1418999	7
nfd	1419006	1
nfe	1419007	10
nff	1419017	1
nfi	1419018	27
nfj	1419045	1
nfk	1419046	1
nfl	1419047	2
nfo	1419049	17
nfr	1419066	6
nft	1419072	1
nfu	1419073	15
nfz	1419088	1
ng 	1419089	3700
ng'	1422789	17
ng)	1422806	1
ng-	1422807	179
ng/	1422986	1
ng:	1422987	12
ng`	1422999	23
nga	1423022	2052
ngb	1425074	77
ngc	1425151	96
ngd	1425247	287
nge	1425534	386
ngf	1425920	11
ngg	1425931	285
ngh	1426216	267
ngi	1426483	103
ngj	1426586	52
ngk	1426638	159
ngl	1426797	276
ngm	1427073	26
ngn	1427099	118
ngo	1427217	1422
ngp	1428639	78
ngq	1428717	5
ngr	1428722	137
ngs	1428859	340
ngt	1429199	193
ngu	1429392	401
ngv	1429793	7
ngw	1429800	108
ngx	1429908	39
ngy	1429947	115
ngz	1430062	38
nh 	1430100	408
nh.	1430508	1
nh`	1430509	1
nha	1430510	429
nhb	1430939	1
nhc	1430940	1
nhe	1430941	49
nhh	1430990	2
nhi	1430992	13
nhl	1431005	6
nhm	1431011	2
nhn	1431013	1
nho	1431014	161
nhr	1431175	3
nhu	1431178	43
nhw	1431221	2
nhy	1431223	1
ni 	1431224	1451
ni)	1432675	1
ni-	1432676	20
ni/	1432696	1
ni;	1432697	1
nia	1432698	4939
nib	1437637	9
nic	1437646	5285
nid	1442931	100
nie	1443031	164
nif	1443195	23
nig	1443218	927
nih	1444145	16
nii	1444161	80
nij	1444241	593
nik	1444834	150
nil	1444984	118
nim	1445102	74
nin	1445176	540
nio	1445716	233
nip	1445949	54
niq	1446003	17
nir	1446020	25
nis	1446045	1091
nit	1447136	3870
niu	1451006	24
niv	1451030	11
niw	1451041	8
nix	1451049	11
niy	1451060	151
niz	1451211	123
nj 	1451334	48
nj-	1451382	1
nj@	1451383	5
nj`	1451388	1
nja	1451389	193
njb	1451582	2
nje	1451584	55
njf	1451639	2
njg	1451641	2
njh	1451643	1
nji	1451644	81
njk	1451725	1
njl	1451726	10
njm	1451736	2
njn	1451738	7
njo	1451745	39
njp	1451784	2
njr	1451786	3
njs	1451789	72
njt	1451861	1
nju	1451862	23
njw	1451885	3
njy	1451888	7
njz	1451895	1
nj~	1451896	2
nk 	1451898	44
nk'	1451942	2
nk@	1451944	1
nk`	1451945	70
nka	1452015	160
nkb	1452175	1
nkd	1452176	1
nke	1452177	25
nkf	1452202	3
nkh	1452205	115
nki	1452320	51
nkj	1452371	1
nkl	1452372	32
nkm	1452404	3
nkn	1452407	2
nko	1452409	74
nkp	1452483	5
nkr	1452488	10
nks	1452498	53
nkt	1452551	35
nku	1452586	42
nkw	1452628	9
nky	1452637	7
nl 	1452644	368
nl'	1453012	1
nla	1453013	192
nld	1453205	360
nle	1453565	23
nlg	1453588	1
nlh	1453589	1
nli	1453590	32
nlj	1453622	1
nlk	1453623	2
nln	1453625	2
nlo	1453627	6
nlu	1453633	7
nlw	1453640	2
nly	1453642	1
nm 	1453643	35
nma	1453678	334
nmb	1454012	1
nmd	1454013	4
nme	1454017	18
nmg	1454035	1
nmh	1454036	1
nmi	1454037	6
nmk	1454043	3
nml	1454046	5
nmn	1454051	4
nmo	1454055	10
nms	1454065	4
nmt	1454069	1
nmu	1454070	7
nmw	1454077	3
nmy	1454080	3
nn 	1454083	145
nn'	1454228	2
nn-	1454230	3
nn@	1454233	1
nn`	1454234	1
nna	1454235	211
nnb	1454446	2
nnd	1454448	108
nne	1454556	386
nnf	1454942	1
nng	1454943	6
nnh	1454949	2
nni	1454951	83
nnj	1455034	2
nnk	1455036	7
nnl	1455043	47
nnm	1455090	29
nnn	1455119	29
nno	1455148	31
nnp	1455179	5
nnr	1455184	6
nns	1455190	78
nnt	1455268	23
nnu	1455291	18
nnv	1455309	1
nnw	1455310	1
nny	1455311	34
no 	1455345	1122
no-	1456467	67
no.	1456534	342
no_	1456876	1
noa	1456877	32
nob	1456909	47
noc	1456956	31
nod	1456987	95
noe	1457082	48
nof	1457130	2
nog	1457132	118
noh	1457250	71
noi	1457321	173
noj	1457494	5
nok	1457499	85
nol	1457584	26
nom	1457610	338
non	1457948	200
noo	1458148	127
nop	1458275	116
noq	1458391	2
nor	1458393	2189
nos	1460582	351
not	1460933	53
nou	1460986	122
nov	1461108	1293
now	1462401	38
nox	1462439	13
noy	1462452	93
noz	1462545	16
np 	1462561	87
np'	1462648	4
npa	1462652	13
npd	1462665	6
npe	1462671	20
nph	1462691	12
npi	1462703	4
npl	1462707	84
npo	1462791	9
npp	1462800	1
npr	1462801	1
nps	1462802	1
npt	1462803	15
npu	1462818	42
npw	1462860	3
npy	1462863	2
nq 	1462865	3
nq@	1462868	1
nqa	1462869	5
nqd	1462874	1
nqf	1462875	2
nqi	1462877	1
nql	1462878	3
nqn	1462881	1
nqo	1462882	1
nqr	1462883	5
nqt	1462888	1
nqu	1462889	51
nqw	1462940	3
nqy	1462943	1
nr 	1462944	23
nra	1462967	20
nre	1462987	5
nrf	1462992	1
nrh	1462993	1
nri	1462994	17
nrk	1463011	2
nrm	1463013	6
nrn	1463019	4
nro	1463023	22
nrr	1463045	1
nrs	1463046	3
nrt	1463049	1
nru	1463050	16
nrw	1463066	1
nry	1463067	13
ns 	1463080	393
ns'	1463473	39
ns,	1463512	1
ns@	1463513	1
nsa	1463514	265
nsb	1463779	13
nsc	1463792	32
nsd	1463824	4
nse	1463828	157
nsf	1463985	4
nsg	1463989	1
nsh	1463990	121
nsi	1464111	230
nsj	1464341	1
nsk	1464342	1571
nsl	1465913	86
nsm	1465999	2
nsn	1466001	5
nso	1466006	97
nsp	1466103	3
nsr	1466106	12
nss	1466118	4
nst	1466122	190
nsu	1466312	63
nsv	1466375	10
nsw	1466385	37
nsy	1466422	82
nsz	1466504	2
nt 	1466506	2046
nt'	1468552	7
nt,	1468559	2
nt-	1468561	26
nt/	1468587	2
nt@	1468589	4
nta	1468593	1881
ntb	1470474	2
ntc	1470476	6
ntd	1470482	3
nte	1470485	968
ntf	1471453	3
ntg	1471456	22
nth	1471478	106
nti	1471584	1349
ntj	1472933	4
ntk	1472937	2
ntl	1472939	56
ntm	1472995	10
ntn	1473005	4
nto	1473009	1122
ntp	1474131	2
ntq	1474133	92
ntr	1474225	594
nts	1474819	98
ntt	1474917	17
ntu	1474934	214
ntv	1475148	2
ntw	1475150	3
ntx	1475153	1
nty	1475154	3806
ntz	1478960	12
nu 	1478972	220
nu'	1479192	9
nu-	1479201	3
nua	1479204	23
nub	1479227	74
nuc	1479301	31
nud	1479332	4
nue	1479336	216
nuf	1479552	13
nug	1479565	23
nuh	1479588	3
nui	1479591	16
nuj	1479607	4
nuk	1479611	21
nul	1479632	52
num	1479684	54
nun	1479738	29
nuo	1479767	7
nup	1479774	9
nuq	1479783	3
nur	1479786	34
nus	1479820	64
nut	1479884	6
nuu	1479890	22
nuv	1479912	5
nuw	1479917	4
nux	1479921	3
nuy	1479924	3
nuz	1479927	2
nv 	1479929	8
nva	1479937	7
nve	1479944	19
nvi	1479963	60
nvm	1480023	1
nvo	1480024	2
nvs	1480026	1
nw 	1480027	9
nw`	1480036	2
nwa	1480038	20
nwb	1480058	36
nwd	1480094	5
nwe	1480099	12
nwf	1480111	1
nwg	1480112	5
nwh	1480117	1
nwi	1480118	6
nwj	1480124	3
nwk	1480127	3
nwl	1480130	3
nwm	1480133	8
nwn	1480141	3
nwo	1480144	19
nwp	1480163	1
nwr	1480164	13
nws	1480177	5
nwt	1480182	1
nwy	1480183	7
nwz	1480190	2
nw~	1480192	1
nx 	1480193	3
nxa	1480196	5
nxe	1480201	1
nxi	1480202	28
nxv	1480230	2
ny 	1480232	474
ny)	1480706	1
ny-	1480707	2
ny@	1480709	20
ny`	1480729	2
nya	1480731	271
nyb	1481002	4
nyc	1481006	2
nyd	1481008	10
nye	1481018	22
nyf	1481040	5
nyg	1481045	1
nyh	1481046	4
nyi	1481050	118
nyj	1481168	10
nyk	1481178	10
nyl	1481188	10
nym	1481198	6
nyn	1481204	25
nyo	1481229	25
nyp	1481254	1
nyr	1481255	11
nys	1481266	16
nyt	1481282	26
nyu	1481308	22
nyv	1481330	4
nyw	1481334	8
nyy	1481342	107
nyz	1481449	2
nz 	1481451	104
nz'	1481555	1
nz-	1481556	1
nz@	1481557	2
nza	1481559	376
nzb	1481935	1
nzd	1481936	1
nze	1481937	68
nzh	1482005	29
nzi	1482034	41
nzk	1482075	1
nzl	1482076	90
nzn	1482166	1
nzo	1482167	68
nzr	1482235	4
nzt	1482239	2
nzu	1482241	9
nzw	1482250	6
nzy	1482256	1
n~ 	1482257	4
o '	1482261	2
o (	1482263	9
o )	1482272	1
o -	1482273	2
o 0	1482275	43
o 1	1482318	28
o 2	1482346	22
o 3	1482368	18
o 4	1482386	24
o 5	1482410	2
o 6	1482412	10
o 7	1482422	5
o 8	1482427	4
o 9	1482431	1
o `	1482432	18
o a	1482450	1020
o b	1483470	2377
o c	1485847	2639
o d	1488486	6786
o e	1495272	248
o f	1495520	200
o g	1495720	1396
o h	1497116	261
o i	1497377	204
o j	1497581	680
o k	1498261	249
o l	1498510	518
o m	1499028	3879
o n	1502907	1360
o o	1504267	398
o p	1504665	2665
o q	1507330	83
o r	1507413	4643
o s	1512056	2186
o t	1514242	663
o u	1514905	423
o v	1515328	429
o w	1515757	84
o x	1515841	83
o y	1515924	144
o z	1516068	132
o' 	1516200	8
o'b	1516208	1
o'c	1516209	1
o'd	1516210	1
o'f	1516211	1
o'h	1516212	6
o'j	1516218	1
o'l	1516219	7
o'n	1516226	2
o'o	1516228	3
o'p	1516231	3
o'q	1516234	1
o'r	1516235	5
o's	1516240	2
o'x	1516242	1
o'y	1516243	1
o'z	1516244	4
o) 	1516248	1
o, 	1516249	1
o-a	1516250	32
o-b	1516282	97
o-c	1516379	21
o-d	1516400	67
o-e	1516467	9
o-f	1516476	10
o-g	1516486	120
o-h	1516606	1
o-i	1516607	2
o-j	1516609	1
o-k	1516610	84
o-l	1516694	5
o-m	1516699	57
o-n	1516756	47
o-o	1516803	11
o-p	1516814	158
o-r	1516972	6
o-s	1516978	108
o-t	1517086	6
o-u	1517092	3
o-v	1517095	7
o-y	1517102	1
o-z	1517103	50
o. 	1517153	348
o.r	1517501	1
o/a	1517502	2
o/b	1517504	2
o/c	1517506	1
o/e	1517507	1
o/g	1517508	1
o/i	1517509	1
o/m	1517510	2
o/n	1517512	1
o/o	1517513	1
o/s	1517514	2
o/t	1517516	1
o_d	1517517	1
o`k	1517518	1
o`l	1517519	1
o`n	1517520	1
o`p	1517521	1
o`r	1517522	2
o`s	1517524	2
o`y	1517526	1
o`z	1517527	3
oa 	1517530	424
oa/	1517954	2
oaa	1517956	1
oab	1517957	6
oac	1517963	142
oad	1518105	28
oae	1518133	1
oaf	1518134	1
oag	1518135	4
oah	1518139	46
oai	1518185	23
oak	1518208	13
oal	1518221	29
oam	1518250	23
oan	1518273	57
oao	1518330	76
oap	1518406	18
oaq	1518424	21
oar	1518445	145
oas	1518590	176
oat	1518766	654
oau	1519420	1
oav	1519421	4
oax	1519425	572
oay	1519997	15
oaz	1520012	1
ob 	1520013	29
ob'	1520042	2
oba	1520044	739
obb	1520783	4
obc	1520787	211
obd	1520998	2
obe	1521000	185
obg	1521185	1
obh	1521186	5
obi	1521191	82
obj	1521273	1
obk	1521274	1
obl	1521275	2307
obn	1523582	3
obo	1523585	168
obr	1523753	72
obs	1523825	274
obu	1524099	18
obv	1524117	1
obw	1524118	2
oby	1524120	17
oc 	1524137	78
oca	1524215	453
occ	1524668	121
oce	1524789	41
och	1524830	383
oci	1525213	34
ocj	1525247	1
ock	1525248	123
ocl	1525371	16
ocm	1525387	1
ocn	1525388	11
oco	1525399	187
ocq	1525586	2
ocr	1525588	228
ocs	1525816	6
oct	1525822	14
ocu	1525836	21
ocz	1525857	2
od 	1525859	235
od,	1526094	1
od-	1526095	20
oda	1526115	166
odb	1526281	2
odc	1526283	2
odd	1526285	21
ode	1526306	146
odf	1526452	4
odg	1526456	16
odh	1526472	23
odi	1526495	317
odj	1526812	4
odk	1526816	29
odl	1526845	31
odm	1526876	1
odn	1526877	46
odo	1526923	114
odp	1527037	3
odr	1527040	61
ods	1527101	773
odt	1527874	1
odu	1527875	27
odv	1527902	8
odw	1527910	8
ody	1527918	6
odz	1527924	75
oe 	1527999	1049
oe-	1529048	7
oea	1529055	1
oeb	1529056	2
oec	1529058	7
oed	1529065	4
oeg	1529069	3
oeh	1529072	2
oei	1529074	51
oek	1529125	12
oel	1529137	21
oem	1529158	13
oen	1529171	84
oer	1529255	15
oes	1529270	123
oet	1529393	7
oeu	1529400	2
oev	1529402	20
oew	1529422	1
oey	1529423	1
oez	1529424	1
of 	1529425	1802
of-	1531227	1
ofa	1531228	69
ofc	1531297	1
ofd	1531298	2
ofe	1531300	8
off	1531308	17
ofi	1531325	47
ofj	1531372	1
ofl	1531373	1
ofo	1531374	18
ofr	1531392	5
ofs	1531397	1
oft	1531398	8
ofu	1531406	10
og 	1531416	98
og'	1531514	21
og-	1531535	3
og`	1531538	2
oga	1531540	154
ogb	1531694	12
ogc	1531706	3
ogd	1531709	24
oge	1531733	24
ogg	1531757	16
ogh	1531773	19
ogi	1531792	58
ogl	1531850	23
ogm	1531873	1
ogn	1531874	22
ogo	1531896	346
ogp	1532242	2
ogr	1532244	148
ogs	1532392	16
ogt	1532408	9
ogu	1532417	102
ogv	1532519	6
ogw	1532525	6
ogy	1532531	19
oh 	1532550	34
oh-	1532584	5
oha	1532589	53
ohb	1532642	1
ohc	1532643	1
ohd	1532644	1
ohe	1532645	43
ohg	1532688	9
ohh	1532697	11
ohi	1532708	180
ohj	1532888	36
ohk	1532924	8
ohl	1532932	4
ohm	1532936	6
ohn	1532942	62
oho	1533004	38
ohq	1533042	1
ohr	1533043	12
ohs	1533055	4
oht	1533059	5
ohu	1533064	8
ohv	1533072	1
ohy	1533073	2
oi 	1533075	666
oi-	1533741	7
oia	1533748	310
oib	1534058	6
oic	1534064	19
oie	1534083	25
oig	1534108	3
oii	1534111	2
oij	1534113	1
oik	1534114	9
oil	1534123	23
oim	1534146	33
oin	1534179	81
oio	1534260	20
oip	1534280	1
oir	1534281	77
ois	1534358	247
oit	1534605	42
oiu	1534647	10
oiv	1534657	20
oiw	1534677	15
oix	1534692	21
oiy	1534713	12
oiz	1534725	8
oj 	1534733	6
oj-	1534739	1
oj.	1534740	1
oja	1534741	68
ojb	1534809	3
ojd	1534812	7
oje	1534819	36
oji	1534855	14
ojj	1534869	2
ojk	1534871	1
ojm	1534872	1
ojn	1534873	7
ojo	1534880	38
ojp	1534918	3
ojr	1534921	1
ojs	1534922	4
oju	1534926	12
ojv	1534938	8
ok 	1534946	245
ok'	1535191	1
ok-	1535192	12
oka	1535204	228
okb	1535432	1
okc	1535433	6
okd	1535439	1
oke	1535440	83
okf	1535523	1
okg	1535524	1
okh	1535525	114
oki	1535639	52
okk	1535691	110
okl	1535801	84
okm	1535885	3
okn	1535888	7
oko	1535895	153
okp	1536048	7
okr	1536055	783
oks	1536838	90
okt	1536928	27
oku	1536955	94
okv	1537049	3
okw	1537052	13
oky	1537065	61
ol 	1537126	275
ol'	1537401	121
ol,	1537522	1
ol-	1537523	5
ola	1537528	941
olb	1538469	11
olc	1538480	37
old	1538517	168
ole	1538685	218
olf	1538903	19
olg	1538922	98
olh	1539020	32
oli	1539052	1321
olj	1540373	151
olk	1540524	96
oll	1540620	264
olm	1540884	63
oln	1540947	101
olo	1541048	1811
olp	1542859	18
olq	1542877	3
olr	1542880	2
ols	1542882	166
olt	1543048	215
olu	1543263	134
olv	1543397	11
olw	1543408	7
oly	1543415	103
olz	1543518	26
om 	1543544	546
"om"""	1544090	1
om'	1544091	1
om-	1544092	8
om@	1544100	1
oma	1544101	3986
omb	1548087	1354
omc	1549441	2
omd	1549443	4
ome	1549447	202
omf	1549649	7
omg	1549656	2
omh	1549658	17
omi	1549675	583
omj	1550258	1
omk	1550259	2
oml	1550261	4
omm	1550265	701
omn	1550966	182
omo	1551148	532
omp	1551680	36
omr	1551716	6
oms	1551722	172
omt	1551894	34
omu	1551928	3007
omv	1554935	1
omw	1554936	1
omx	1554937	8
omy	1554945	13
omz	1554958	3
on 	1554961	6469
on'	1561430	52
on)	1561482	4
on-	1561486	133
on/	1561619	1
ona	1561620	591
onb	1562211	16
onc	1562227	213
ond	1562440	3727
one	1566167	1108
onf	1567275	19
ong	1567294	2210
onh	1569504	20
oni	1569524	797
onj	1570321	42
onk	1570363	56
onl	1570419	7
onm	1570426	8
onn	1570434	97
ono	1570531	462
onp	1570993	4
onq	1570997	9
onr	1571006	23
ons	1571029	368
ont	1571397	641
onu	1572038	124
onv	1572162	6
onw	1572168	12
onx	1572180	2
ony	1572182	115
onz	1572297	31
oo 	1572328	55
oo-	1572383	2
ooa	1572385	1
oob	1572386	3
ooc	1572389	7
ood	1572396	106
ooe	1572502	2
oof	1572504	2
oog	1572506	9
ooh	1572515	8
ooi	1572523	4
ook	1572527	74
ool	1572601	58
oom	1572659	16
oon	1572675	129
ooo	1572804	2
oop	1572806	4
ooq	1572810	1
oor	1572811	171
oos	1572982	60
oot	1573042	21
oou	1573063	29
oov	1573092	1
oow	1573093	2
ooy	1573095	7
ooz	1573102	3
op 	1573105	57
op'	1573162	7
op-	1573169	1
op`	1573170	1
opa	1573171	125
opb	1573296	2
opc	1573298	431
opd	1573729	1
ope	1573730	106
oph	1573836	32
opi	1573868	206
opj	1574074	12
opk	1574086	4
opl	1574090	36
opm	1574126	4
opn	1574130	6
opo	1574136	419
opp	1574555	26
opr	1574581	53
ops	1574634	137
opt	1574771	13
opu	1574784	15
opy	1574799	5
oq 	1574804	9
oqa	1574813	1
oqb	1574814	1
oqc	1574815	1
oqd	1574816	2
oqe	1574818	2
oqi	1574820	1
oqo	1574821	5
oqq	1574826	1
oqr	1574827	1
oqt	1574828	1
oqu	1574829	251
oqy	1575080	1
or 	1575081	1173
or'	1576254	8
or)	1576262	1
or-	1576263	97
or.	1576360	1
or/	1576361	2
ora	1576363	1197
orb	1577560	47
orc	1577607	36
ord	1577643	746
ore	1578389	1158
orf	1579547	33
org	1579580	430
orh	1580010	51
ori	1580061	730
orj	1580791	88
ork	1580879	137
orl	1581016	65
orm	1581081	195
orn	1581276	316
oro	1581592	1436
orp	1583028	23
orq	1583051	13
orr	1583064	196
ors	1583260	389
ort	1583649	2183
oru	1585832	144
orv	1585976	15
orw	1585991	383
ory	1586374	83
orz	1586457	31
os 	1586488	1846
os'	1588334	1
os-	1588335	6
osa	1588341	379
osb	1588720	6
osc	1588726	47
ose	1588773	364
osf	1589137	4
osg	1589141	2
osh	1589143	318
osi	1589461	401
osj	1589862	44
osk	1589906	126
osl	1590032	100
osm	1590132	25
osn	1590157	46
oso	1590203	154
osp	1590357	22
osq	1590379	7
osr	1590386	5
oss	1590391	350
ost	1590741	687
osu	1591428	63
osv	1591491	4
osw	1591495	2
osy	1591497	12
osz	1591509	14
ot 	1591523	125
ot'	1591648	1
ot-	1591649	3
ot`	1591652	1
ota	1591653	565
otc	1592218	2
otd	1592220	7
ote	1592227	239
otg	1592466	1
oth	1592467	78
oti	1592545	125
otj	1592670	8
otk	1592678	7
otl	1592685	101
otm	1592786	3
otn	1592789	17
oto	1592806	393
otr	1593199	21
ots	1593220	99
ott	1593319	166
otu	1593485	77
otv	1593562	2
otw	1593564	3
oty	1593567	8
otz	1593575	13
ou 	1593588	489
ou)	1594077	18
ou-	1594095	9
oua	1594104	246
oub	1594350	43
ouc	1594393	71
oud	1594464	121
oue	1594585	184
ouf	1594769	84
oug	1594853	160
ouh	1595013	41
oui	1595054	133
ouj	1595187	10
ouk	1595197	80
oul	1595277	141
oum	1595418	87
oun	1595505	4401
ouo	1599906	2
oup	1599908	15
ouq	1599923	1
our	1599924	551
ous	1600475	262
out	1600737	1198
ouv	1601935	41
ouw	1601976	5
oux	1601981	7
ouy	1601988	9
ouz	1601997	57
ov 	1602054	257
ov'	1602311	11
ov-	1602322	2
ov.	1602324	1
ova	1602325	1376
ovc	1603701	25
ovd	1603726	43
ove	1603769	701
ovg	1604470	43
ovh	1604513	3
ovi	1604516	1844
ovk	1606360	10
ovl	1606370	15
ovn	1606385	14
ovo	1606399	420
ovq	1606819	1
ovr	1606820	14
ovs	1606834	1019
ovt	1607853	5
ovu	1607858	15
ovy	1607873	21
ovz	1607894	1
ow 	1607895	113
ow'	1608008	3
ow-	1608011	1
owa	1608012	155
owb	1608167	3
owd	1608170	7
owe	1608177	88
owf	1608265	1
owh	1608266	5
owi	1608271	351
owk	1608622	5
owl	1608627	16
owm	1608643	4
own	1608647	281
owo	1608928	25
owp	1608953	1
owr	1608954	7
ows	1608961	86
owt	1609047	2
owu	1609049	1
oww	1609050	1
owy	1609051	19
owz	1609070	13
ox 	1609083	28
ox'	1609111	2
oxa	1609113	6
oxb	1609119	3
oxc	1609122	6
oxe	1609128	1
oxf	1609129	3
oxh	1609132	1
oxi	1609133	21
oxk	1609154	1
oxo	1609155	14
oxp	1609169	1
oxq	1609170	1
oxs	1609171	1
oxt	1609172	7
oxu	1609179	3
oxw	1609182	1
oy 	1609183	457
oy-	1609640	1
oya	1609641	345
oyb	1609986	3
oyc	1609989	3
oyd	1609992	14
oye	1610006	88
oyg	1610094	5
oyh	1610099	1
oyi	1610100	8
oyk	1610108	1
oyl	1610109	7
oym	1610116	3
oyn	1610119	10
oyo	1610129	85
oyp	1610214	2
oyr	1610216	2
oys	1610218	13
oyt	1610231	2
oyu	1610233	20
oyw	1610253	1
oyy	1610254	2
oz 	1610256	39
oz'	1610295	1
oza	1610296	312
ozc	1610608	2
ozd	1610610	6
oze	1610616	45
ozg	1610661	29
ozh	1610690	36
ozi	1610726	43
ozj	1610769	1
ozk	1610770	4
ozl	1610774	7
ozm	1610781	6
ozn	1610787	18
ozo	1610805	45
ozp	1610850	1
ozs	1610851	4
ozt	1610855	3
ozu	1610858	24
ozv	1610882	2
ozy	1610884	11
p 0	1610895	3
p 1	1610898	1
p 2	1610899	4
p 4	1610903	1
p 5	1610904	2
p a	1610906	18
p b	1610924	26
p c	1610950	29
p d	1610979	28
p e	1611007	17
p f	1611024	3
p g	1611027	16
p h	1611043	8
p i	1611051	12
p j	1611063	1243
p k	1612306	32
p l	1612338	14
p m	1612352	123
p n	1612475	102
p o	1612577	11
p p	1612588	251
p q	1612839	2
p r	1612841	11
p s	1612852	39
p t	1612891	46
p u	1612937	1
p v	1612938	36
p w	1612974	20
p x	1612994	2
p y	1612996	4
p z	1613000	2
"p""y"	1613002	1
p'a	1613003	58
p'e	1613061	3
p'i	1613064	4
p'k	1613068	1
p'l	1613069	1
p'o	1613070	8
p'r	1613078	1
p's	1613079	6
p'u	1613085	5
p'y	1613090	16
p-d	1613106	1
p-h	1613107	1
p-m	1613108	1
p-r	1613109	1
p-s	1613110	2
p-z	1613112	1
p. 	1613113	5
p.s	1613118	1
p/t	1613119	1
p1 	1613120	1
p2 	1613121	1
p3 	1613122	1
p5 	1613123	1
p6 	1613124	1
p`a	1613125	3
p`l	1613128	1
p`m	1613129	1
p`o	1613130	2
p`r	1613132	1
p`s	1613133	1
p`x	1613134	2
pa 	1613136	479
pa'	1613615	4
pa-	1613619	4
pa`	1613623	1
paa	1613624	83
pab	1613707	33
pac	1613740	112
pad	1613852	68
pae	1613920	23
paf	1613943	126
pag	1614069	528
pah	1614597	32
pai	1614629	134
paj	1614763	16
pak	1614779	247
pal	1615026	3842
pam	1618868	78
pan	1618946	2324
pao	1621270	14
pap	1621284	190
paq	1621474	7
par	1621481	2547
pas	1624028	352
pat	1624380	617
pau	1624997	719
pav	1625716	52
paw	1625768	9
pax	1625777	13
pay	1625790	39
paz	1625829	152
pb 	1625981	4
pba	1625985	1
pbe	1625986	9
pbu	1625995	3
pc 	1625998	2
pca	1626000	2
pce	1626002	2
pch	1626004	5
pci	1626009	466
pcz	1626475	1
pd 	1626476	10
pd-	1626486	1
pda	1626487	1
pdd	1626488	1
pde	1626489	3
pdl	1626492	1
pdo	1626493	1
pe 	1626494	528
pe-	1627022	4
pea	1627026	30
peb	1627056	9
pec	1627065	242
ped	1627307	243
pee	1627550	14
peg	1627564	9
peh	1627573	12
pei	1627585	40
pej	1627625	10
pek	1627635	11
pel	1627646	100
pem	1627746	31
pen	1627777	354
peo	1628131	21
pep	1628152	6
peq	1628158	73
per	1628231	837
pes	1629068	165
pet	1629233	231
peu	1629464	9
pev	1629473	6
pew	1629479	5
pex	1629484	5
pey	1629489	8
pez	1629497	25
pf 	1629522	54
pfa	1629576	3
pfo	1629579	2
pfu	1629581	2
pg 	1629583	110
pga	1629693	2
pgd	1629695	1
pgi	1629696	1
pgl	1629697	1
ph 	1629698	136
ph'	1629834	2
ph`	1629836	878
pha	1630714	191
phb	1630905	3
phc	1630908	9
phd	1630917	1
phe	1630918	72
phh	1630990	1
phi	1630991	185
phk	1631176	2
phl	1631178	117
phm	1631295	10
phn	1631305	49
pho	1631354	1058
php	1632412	4
phr	1632416	76
phs	1632492	3
pht	1632495	24
phu	1632519	157
phw	1632676	4
phy	1632680	82
ph~	1632762	1
pi 	1632763	139
pia	1632902	434
pib	1633336	2
pic	1633338	53
pid	1633391	6
pie	1633397	91
pif	1633488	3
pig	1633491	9
pih	1633500	3
pii	1633503	12
pij	1633515	8
pik	1633523	37
pil	1633560	127
pim	1633687	22
pin	1633709	417
pio	1634126	1685
pip	1635811	7
piq	1635818	6
pir	1635824	262
pis	1636086	50
pit	1636136	181
piu	1636317	135
piv	1636452	7
piw	1636459	1
pix	1636460	6
piy	1636466	5
piz	1636471	5
pja	1636476	1
pje	1636477	12
pji	1636489	1
pju	1636490	1
pk 	1636491	166
pk'	1636657	1
pka	1636658	3
pkd	1636661	1
pkh	1636662	7
pki	1636669	7
pkn	1636676	1
pko	1636677	3
pkr	1636680	1
pl 	1636681	406
pl`	1637087	1
pla	1637088	220
pld	1637308	1
ple	1637309	90
pli	1637399	79
plj	1637478	3
plk	1637481	1
pll	1637482	12
pln	1637494	1
plo	1637495	44
plp	1637539	1
plu	1637540	11
plv	1637551	1
plw	1637552	20
ply	1637572	6
plz	1637578	8
pm 	1637586	9
pma	1637595	4
pme	1637599	4
pmn	1637603	1
pmu	1637604	1
pn 	1637605	6
pna	1637611	3
pnc	1637614	1
pnd	1637615	5
png	1637620	120
pnh	1637740	1
pni	1637741	6
pnj	1637747	4
pnm	1637751	1
pnn	1637752	8
pno	1637760	21
pny	1637781	4
pnz	1637785	1
po 	1637786	288
po-	1638074	6
poa	1638080	20
pob	1638100	6
poc	1638106	43
pod	1638149	112
poe	1638261	9
pog	1638270	30
poh	1638300	58
poi	1638358	71
poj	1638429	7
pok	1638436	32
pol	1638468	929
pom	1639397	100
pon	1639497	206
poo	1639703	28
pop	1639731	34
poq	1639765	3
por	1639768	645
pos	1640413	163
pot	1640576	164
pou	1640740	26
pov	1640766	38
pow	1640804	337
pox	1641141	3
poy	1641144	3
poz	1641147	26
pp 	1641173	5
ppa	1641178	15
ppd	1641193	1
ppe	1641194	146
pph	1641340	4
ppi	1641344	201
ppl	1641545	7
ppo	1641552	6
pps	1641558	12
ppt	1641570	1
ppu	1641571	33
ppv	1641604	1
ppy	1641605	5
pqi	1641610	1
pr 	1641611	986
pr'	1642597	5
pr@	1642602	1
pra	1642603	487
prb	1643090	1
prd	1643091	6
pre	1643097	341
prg	1643438	1
prh	1643439	1
pri	1643440	1260
prk	1644700	217
prn	1644917	1
pro	1644918	1526
prp	1646444	1
prr	1646445	1
prs	1646446	4
prt	1646450	332
pru	1646782	658
prw	1647440	2
pry	1647442	283
prz	1647725	5
ps 	1647730	35
ps'	1647765	2
psa	1647767	17
psb	1647784	1
psc	1647785	1
pse	1647786	25
psh	1647811	150
psi	1647961	7
psk	1647968	75
psl	1648043	2
psm	1648045	1
pso	1648046	16
psr	1648062	2
pst	1648064	55
psu	1648119	3
psw	1648122	1
psy	1648123	1
psz	1648124	1
pt 	1648125	512
pta	1648637	5
pte	1648642	3
ptf	1648645	2
pth	1648647	9
pti	1648656	26
ptn	1648682	1
pto	1648683	32
ptr	1648715	1
pts	1648716	5
ptt	1648721	7
ptu	1648728	4
ptv	1648732	1
ptw	1648733	7
pty	1648740	1
pu 	1648741	66
pu'	1648807	1
pu-	1648808	3
pua	1648811	219
pub	1649030	1302
puc	1650332	24
pud	1650356	9
pue	1650365	1299
puf	1651664	1
pug	1651665	13
puh	1651678	2
pui	1651680	12
puj	1651692	6
puk	1651698	72
pul	1651770	146
pum	1651916	8
pun	1651924	151
puo	1652075	5
pup	1652080	5
pur	1652085	260
pus	1652345	29
put	1652374	79
puu	1652453	38
puv	1652491	2
puw	1652493	1
pux	1652494	2
puy	1652496	6
puz	1652502	5
pv 	1652507	3
pve	1652510	2
pvi	1652512	1
pvn	1652513	1
pw 	1652514	19
pwa	1652533	4
pwe	1652537	2
pwh	1652539	1
pwi	1652540	1
pwl	1652541	1
pwn	1652542	3
pwo	1652545	2
pwr	1652547	16
pwu	1652563	1
px 	1652564	1
py 	1652565	274
pya	1652839	3
pyd	1652842	1
pye	1652843	25
pyf	1652868	53
pyg	1652921	1
pyi	1652922	4
pyl	1652926	4
pyn	1652930	3
pyo	1652933	7
pyr	1652940	13
pys	1652953	5
pyt	1652958	3
pyu	1652961	2
pyv	1652963	1
pyy	1652964	1
pz 	1652965	1
q 1	1652966	2
q 6	1652968	1
q a	1652969	66
q b	1653035	11
q c	1653046	4
q d	1653050	26
q e	1653076	1
q f	1653077	1
q g	1653078	51
q h	1653129	4
q i	1653133	142
q j	1653275	9
q k	1653284	5
q l	1653289	19
q m	1653308	28
q n	1653336	5
q o	1653341	7
q p	1653348	1
q q	1653349	16
q r	1653365	5
q s	1653370	26
q t	1653396	18
q u	1653414	1
q v	1653415	2
q w	1653417	1
q y	1653418	3
q z	1653421	3
q'a	1653424	4
q'i	1653428	1
q'u	1653429	1
q'v	1653430	1
q-f	1653431	1
q1 	1653432	1
q2 	1653433	1
q3 	1653434	1
q@ 	1653435	105
q` 	1653540	3
q`f	1653543	1
q`y	1653544	1
qa 	1653545	23
qa'	1653568	19
qaa	1653587	3
qab	1653590	13
qac	1653603	1
qad	1653604	45
qae	1653649	7
qaf	1653656	5
qah	1653661	33
qai	1653694	1
qak	1653695	1
qal	1653696	95
qam	1653791	5
qan	1653796	41
qap	1653837	1
qaq	1653838	1
qar	1653839	63
qas	1653902	71
qat	1653973	28
qax	1654001	1
qay	1654002	12
qaz	1654014	84
qb 	1654098	3
qb@	1654101	3
qba	1654104	4
qbh	1654108	1
qbi	1654109	1
qbl	1654110	6
qbo	1654116	1
qbr	1654117	1
qbs	1654118	4
qbw	1654122	1
qc 	1654123	1
qch	1654124	3
qd 	1654127	84
qda	1654211	3
qdd	1654214	1
qdh	1654215	1
qdm	1654216	2
qdr	1654218	4
qds	1654222	4
qdy	1654226	2
qe 	1654228	2
qe'	1654230	1
qeh	1654231	1
qel	1654232	1
qen	1654233	2
qeq	1654235	2
qer	1654237	4
qes	1654241	2
qez	1654243	5
qf 	1654248	3
qf@	1654251	2
qfs	1654253	2
qh 	1654255	2
qhl	1654257	1
qhr	1654258	1
qi 	1654259	66
qia	1654325	30
qib	1654355	3
qic	1654358	1
qie	1654359	1
qih	1654360	2
qil	1654362	6
qim	1654368	2
qin	1654370	50
qio	1654420	2
qip	1654422	1
qiq	1654423	2
qir	1654425	4
qis	1654429	3
qit	1654432	3
qiu	1654435	10
qiw	1654445	1
qiy	1654446	44
qiz	1654490	4
qjl	1654494	1
ql 	1654495	16
ql@	1654511	3
ql`	1654514	11
qla	1654525	1
qlb	1654526	2
qld	1654528	3
qlh	1654531	1
qli	1654532	2
qlm	1654534	2
qln	1654536	1
qlq	1654537	1
qlt	1654538	2
qlw	1654540	2
qly	1654542	97
qm 	1654639	4
qmb	1654643	1
qmh	1654644	2
qmo	1654646	25
qmp	1654671	1
qmr	1654672	2
qms	1654674	1
qn 	1654675	10
qn@	1654685	2
qna	1654687	1
qnb	1654688	2
qnd	1654690	6
qnf	1654696	1
qng	1654697	5
qnj	1654702	1
qnl	1654703	1
qnn	1654704	2
qnr	1654706	2
qnt	1654708	3
qnw	1654711	1
qny	1654712	3
qnz	1654715	1
qo'	1654716	7
qo`	1654723	1
qob	1654724	1
qod	1654725	1
qoe	1654726	1
qog	1654727	2
qol	1654729	2
qom	1654731	2
qon	1654733	4
qoo	1654737	4
qoq	1654741	2
qor	1654743	32
qos	1654775	27
qot	1654802	2
qqa	1654804	9
qqe	1654813	1
qql	1654814	1
qqu	1654815	2
qr 	1654817	8
qr.	1654825	1
qr@	1654826	3
qr`	1654829	1
qra	1654830	4
qrb	1654834	4
qrc	1654838	1
qrd	1654839	3
qre	1654842	1
qrh	1654843	2
qrl	1654845	1
qrm	1654846	3
qrn	1654849	2
qrq	1654851	3
qrr	1654854	3
qrs	1654857	4
qrt	1654861	3
qrw	1654864	3
qry	1654867	10
qr~	1654877	1
qs 	1654878	8
qs@	1654886	1
qsb	1654887	11
qsd	1654898	1
qsh	1654899	6
qsi	1654905	2
qsm	1654907	2
qsn	1654909	1
qsr	1654910	16
qst	1654926	68
qsu	1654994	4
qsw	1654998	4
qsy	1655002	4
qt 	1655006	5
qt`	1655011	4
qta	1655015	1
qtb	1655016	1
qtl	1655017	1
qtn	1655018	1
qto	1655019	19
qtr	1655038	3
qtw	1655041	1
qty	1655042	3
qu 	1655045	119
qu'	1655164	5
qua	1655169	289
qub	1655458	4
quc	1655462	1
qud	1655463	4
que	1655467	788
qui	1656255	653
quj	1656908	1
qul	1656909	5
qum	1656914	3
qun	1656917	7
quo	1656924	10
quq	1656934	1
qur	1656935	19
qus	1656954	8
qut	1656962	6
quu	1656968	5
quv	1656973	3
quw	1656976	6
quy	1656982	10
quz	1656992	1
qva	1656993	2
qvv	1656995	1
qw 	1656996	1
qw@	1656997	1
qw`	1656998	2
qwa	1657000	1
qwb	1657001	2
qwc	1657003	1
qwf	1657004	1
qwl	1657005	1
qwn	1657006	2
qwq	1657008	1
qwr	1657009	4
qws	1657013	7
qww	1657020	1
qwy	1657021	5
qwz	1657026	1
qy 	1657027	11
qy@	1657038	18
qyb	1657056	1
qyh	1657057	3
qyl	1657060	3
qym	1657063	2
qyn	1657065	5
qyq	1657070	4
qyr	1657074	8
qys	1657082	1
qyw	1657083	2
qyz	1657085	13
qz 	1657098	3
qzh	1657101	2
qzm	1657103	2
qzq	1657105	1
qzw	1657106	2
qzy	1657108	2
q~r	1657110	1
q~z	1657111	1
r '	1657112	5
r (	1657117	3
r +	1657120	2
r -	1657122	3
r 0	1657125	24
r 1	1657149	25
r 2	1657174	9
r 3	1657183	17
r 4	1657200	10
r 5	1657210	9
r 6	1657219	4
r 7	1657223	4
r 8	1657227	2
r 9	1657229	1
r `	1657230	29
r a	1657259	1094
r b	1658353	5950
r c	1664303	1043
r d	1665346	516
r e	1665862	486
r f	1666348	187
r g	1666535	268
r h	1666803	717
r i	1667520	822
r j	1668342	213
r k	1668555	479
r l	1669034	476
r m	1669510	836
r n	1670346	401
r o	1670747	134
r p	1670881	1313
r q	1672194	41
r r	1672235	331
r s	1672566	701
r t	1673267	1284
r u	1674551	66
r v	1674617	76
r w	1674693	138
r x	1674831	1
r y	1674832	36
r z	1674868	61
r' 	1674929	10
r'-	1674939	1
r'a	1674940	11
r'd	1674951	5
r'e	1674956	12
r'g	1674968	2
r'h	1674970	1
r'i	1674971	16
r'k	1674987	3
r'l	1674990	1
r'm	1674991	3
r'n	1674994	3
r'p	1674997	1
r's	1674998	23
r't	1675021	2
r'u	1675023	4
r'y	1675027	13
r) 	1675040	1
r- 	1675041	1
r-a	1675042	22
r-b	1675064	18
r-c	1675082	2
r-d	1675084	1
r-e	1675085	21
r-f	1675106	3
r-g	1675109	1
r-h	1675110	1
r-i	1675111	1
r-k	1675112	3
r-l	1675115	82
r-m	1675197	14
r-n	1675211	2
r-o	1675213	8
r-r	1675221	7
r-s	1675228	6
r-t	1675234	10
r-u	1675244	2
r-v	1675246	4
r-z	1675250	2
r. 	1675252	13
r.i	1675265	1
r/d	1675266	1
r/f	1675267	1
r/m	1675268	1
r/n	1675269	1
r/s	1675270	1
r/w	1675271	1
r@ 	1675272	120
r@c	1675392	1
r@d	1675393	1
r@k	1675394	1
r@l	1675395	1
r@n	1675396	1
r` 	1675397	7
r`a	1675404	2
r`d	1675406	1
r`l	1675407	2
r`n	1675409	7
r`r	1675416	1
r`w	1675417	2
r`y	1675419	13
ra 	1675432	2951
ra'	1678383	32
ra)	1678415	1
ra,	1678416	2
ra-	1678418	82
ra/	1678500	1
raa	1678501	213
rab	1678714	456
rac	1679170	550
rad	1679720	1358
rae	1681078	228
raf	1681306	67
rag	1681373	798
rah	1682171	375
rai	1682546	3666
raj	1686212	298
rak	1686510	309
ral	1686819	1346
ram	1688165	496
ran	1688661	3443
rao	1692104	72
rap	1692176	187
raq	1692363	185
rar	1692548	120
ras	1692668	1787
rat	1694455	3747
rau	1698202	145
rav	1698347	192
raw	1698539	103
rax	1698642	4
ray	1698646	2092
raz	1700738	5796
rb 	1706534	25
rb@	1706559	4
rb`	1706563	3
rba	1706566	572
rbd	1707138	4
rbe	1707142	56
rbg	1707198	2
rbh	1707200	7
rbi	1707207	128
rbj	1707335	1
rbk	1707336	2
rbl	1707338	9
rbn	1707347	5
rbo	1707352	135
rbr	1707487	14
rbs	1707501	1
rbt	1707502	9
rbu	1707511	68
rbw	1707579	2
rby	1707581	42
rbz	1707623	2
rc 	1707625	15
rca	1707640	234
rcc	1707874	2
rce	1707876	112
rch	1707988	118
rci	1708106	41
rck	1708147	3
rcl	1708150	50
rco	1708200	91
rcr	1708291	1
rcs	1708292	1
rct	1708293	6
rcu	1708299	37
rcy	1708336	2
rcz	1708338	1
rd 	1708339	306
rd'	1708645	4
rd-	1708649	138
rd/	1708787	2
rd@	1708789	7
rd`	1708796	1
rda	1708797	295
rdb	1709092	3
rdd	1709095	5
rde	1709100	307
rdf	1709407	4
rdg	1709411	4
rdh	1709415	12
rdi	1709427	205
rdj	1709632	34
rdk	1709666	5
rdl	1709671	138
rdm	1709809	2
rdn	1709811	3
rdo	1709814	227
rdr	1710041	14
rds	1710055	37
rdu	1710092	66
rdv	1710158	3
rdw	1710161	13
rdy	1710174	25
rdz	1710199	41
re 	1710240	1312
re'	1711552	2
re+	1711554	1
re,	1711555	3
re-	1711558	48
re/	1711606	19
rea	1711625	795
reb	1712420	114
rec	1712534	164
red	1712698	167
ree	1712865	225
ref	1713090	217
reg	1713307	1124
reh	1714431	29
rei	1714460	219
rej	1714679	41
rek	1714720	81
rel	1714801	384
rem	1715185	171
ren	1715356	680
reo	1716036	4
rep	1716040	699
req	1716739	11
rer	1716750	197
res	1716947	2131
ret	1719078	288
reu	1719366	35
rev	1719401	66
rew	1719467	134
rex	1719601	3
rey	1719604	94
rez	1719698	169
rf 	1719867	38
rf-	1719905	2
rfa	1719907	26
rfe	1719933	11
rff	1719944	1
rfh	1719945	3
rfi	1719948	29
rfj	1719977	5
rfl	1719982	3
rfo	1719985	18
rfr	1720003	4
rfs	1720007	1
rft	1720008	2
rfu	1720010	25
rfw	1720035	6
rfy	1720041	3
rg 	1720044	328
rg'	1720372	38
rg-	1720410	7
rg@	1720417	1
rg`	1720418	1
rga	1720419	225
rgd	1720644	2
rge	1720646	790
rgg	1721436	1
rgh	1721437	117
rgi	1721554	658
rgl	1722212	13
rgm	1722225	4
rgn	1722229	19
rgo	1722248	129
rgr	1722377	6
rgs	1722383	91
rgu	1722474	59
rgw	1722533	4
rgy	1722537	60
rgz	1722597	2
rg~	1722599	1
rh 	1722600	88
rh-	1722688	7
rh.	1722695	1
rh@	1722696	1
rha	1722697	116
rhb	1722813	2
rhe	1722815	26
rhf	1722841	1
rhi	1722842	13
rhl	1722855	3
rhm	1722858	7
rhn	1722865	7
rho	1722872	51
rhr	1722923	7
rhs	1722930	3
rht	1722933	2
rhu	1722935	6
rhv	1722941	3
rhw	1722944	7
rhy	1722951	4
rhz	1722955	1
ri 	1722956	1145
ri)	1724101	1
ri-	1724102	37
ri/	1724139	1
ria	1724140	2896
rib	1727036	267
ric	1727303	7709
rid	1735012	217
rie	1735229	510
rif	1735739	28
rig	1735767	86
rih	1735853	13
rii	1735866	143
rij	1736009	102
rik	1736111	154
ril	1736265	77
rim	1736342	218
rin	1736560	1177
rio	1737737	2127
rip	1739864	74
riq	1739938	58
rir	1739996	21
ris	1740017	492
rit	1740509	825
riu	1741334	64
riv	1741398	314
riw	1741712	34
rix	1741746	9
riy	1741755	109
riz	1741864	152
rj 	1742016	102
rj@	1742118	1
rj`	1742119	1
rja	1742120	36
rje	1742156	21
rjh	1742177	1
rji	1742178	5
rjj	1742183	2
rjl	1742185	2
rjm	1742187	1
rjn	1742188	4
rjo	1742192	8
rjp	1742200	1
rjr	1742201	1
rjs	1742202	1
rjt	1742203	1
rju	1742204	24
rjw	1742228	2
rjy	1742230	3
rk 	1742233	511
rk'	1742744	13
rk-	1742757	2
rk@	1742759	3
rk`	1742762	1
rka	1742763	313
rkd	1743076	3
rke	1743079	71
rkh	1743150	170
rki	1743320	1168
rkk	1744488	3
rkl	1744491	19
rkm	1744510	66
rkn	1744576	8
rko	1744584	41
rkp	1744625	3
rkr	1744628	5
rks	1744633	27
rkt	1744660	2
rku	1744662	79
rkv	1744741	2
rkw	1744743	11
rky	1744754	2
rkz	1744756	131
rl 	1744887	15
rla	1744902	646
rlb	1745548	8
rld	1745556	3
rle	1745559	77
rlh	1745636	1
rli	1745637	67
rlj	1745704	1
rll	1745705	4
rln	1745709	1
rlo	1745710	120
rlr	1745830	1
rls	1745831	12
rlt	1745843	2
rlu	1745845	12
rly	1745857	10
rm 	1745867	52
rm'	1745919	1
rm:	1745920	1
rm@	1745921	4
rm`	1745925	3
rma	1745928	403
rmb	1746331	1
rmd	1746332	6
rme	1746338	208
rmg	1746546	1
rmh	1746547	7
rmi	1746554	87
rmk	1746641	2
rml	1746643	27
rmm	1746670	1
rmn	1746671	36
rmo	1746707	104
rmp	1746811	1
rmr	1746812	2
rms	1746814	66
rmt	1746880	3
rmu	1746883	23
rmw	1746906	4
rmy	1746910	15
rmz	1746925	2
rn 	1746927	922
rn-	1747849	8
rn@	1747857	2
rn`	1747859	1
rna	1747860	533
rnb	1748393	5
rnc	1748398	1
rnd	1748399	5
rne	1748404	187
rnf	1748591	1
rng	1748592	24
rnh	1748616	6
rni	1748622	162
rnj	1748784	17
rnk	1748801	6
rnm	1748807	13
rnn	1748820	8
rno	1748828	312
rnp	1749140	3
rnq	1749143	3
rnr	1749146	1
rns	1749147	30
rnt	1749177	12
rnu	1749189	24
rnw	1749213	8
rny	1749221	27
rnz	1749248	1
ro 	1749249	4479
ro-	1753728	40
ro/	1753768	1
ro`	1753769	1
roa	1753770	666
rob	1754436	124
roc	1754560	220
rod	1754780	846
roe	1755626	94
rof	1755720	19
rog	1755739	111
roh	1755850	12
roi	1755862	85
roj	1755947	25
rok	1755972	150
rol	1756122	269
rom	1756391	3456
ron	1759847	666
roo	1760513	148
rop	1760661	151
roq	1760812	77
ror	1760889	48
ros	1760937	822
rot	1761759	67
rou	1761826	3435
rov	1765261	1821
row	1767082	68
rox	1767150	4
roy	1767154	64
roz	1767218	63
rp 	1767281	14
rpa	1767295	63
rpc	1767358	2
rpe	1767360	21
rpf	1767381	1
rph	1767382	17
rpi	1767399	12
rpk	1767411	1
rpl	1767412	2
rpn	1767414	2
rpo	1767416	20
rpr	1767436	7
rps	1767443	16
rpt	1767459	3
rpu	1767462	22
rpw	1767484	4
rpy	1767488	1
rq 	1767489	20
rq@	1767509	7
rq`	1767516	1
rqa	1767517	40
rqb	1767557	4
rqd	1767561	1
rqi	1767562	60
rql	1767622	2
rqm	1767624	1
rqn	1767625	3
rqo	1767628	1
rqs	1767629	2
rqt	1767631	1
rqu	1767632	51
rqw	1767683	3
rqy	1767686	20
rr 	1767706	14
rr-	1767720	1
rr@	1767721	1
rra	1767722	427
rrb	1768149	15
rrc	1768164	1
rrd	1768165	1
rre	1768166	323
rrg	1768489	1
rrh	1768490	11
rri	1768501	1160
rrk	1769661	10
rrl	1769671	9
rrm	1769680	3
rrn	1769683	15
rro	1769698	299
rrp	1769997	4
rrt	1770001	1
rru	1770002	17
rry	1770019	50
rrz	1770069	1
rs 	1770070	207
rs'	1770277	11
rs-	1770288	1
rs/	1770289	1
rsa	1770290	71
rsb	1770361	9
rsc	1770370	27
rsd	1770397	5
rse	1770402	103
rsf	1770505	4
rsg	1770509	1
rsh	1770510	150
rsi	1770660	61
rsj	1770721	2
rsk	1770723	954
rsl	1771677	6
rsm	1771683	2
rsn	1771685	10
rso	1771695	91
rsp	1771786	1
rsq	1771787	5
rsr	1771792	5
rss	1771797	3
rst	1771800	526
rsu	1772326	22
rsv	1772348	9
rsw	1772357	5
rsy	1772362	6
rsz	1772368	5
rs~	1772373	3
rt 	1772376	308
rt'	1772684	10
rt)	1772694	2
rt-	1772696	8
rt/	1772704	2
rt@	1772706	6
rt`	1772712	3
rta	1772715	1037
rtb	1773752	3
rtc	1773755	1
rtd	1773756	2
rte	1773758	694
rtf	1774452	3
rth	1774455	1102
rti	1775557	323
rtj	1775880	1
rtk	1775881	4
rtl	1775885	72
rtm	1775957	258
rtn	1776215	23
rto	1776238	1306
rtq	1777544	1
rtr	1777545	7
rts	1777552	61
rtt	1777613	7
rtu	1777620	391
rtv	1778011	13
rtw	1778024	5
rty	1778029	18
rtz	1778047	6
ru 	1778053	3205
ru-	1781258	8
rua	1781266	35
rub	1781301	39
ruc	1781340	61
rud	1781401	74
rue	1781475	25
ruf	1781500	8
rug	1781508	779
ruh	1782287	14
rui	1782301	27
ruj	1782328	49
ruk	1782377	41
rul	1782418	34
rum	1782452	164
run	1782616	427
ruo	1783043	12
rup	1783055	41
ruq	1783096	1
rur	1783097	80
rus	1783177	3666
rut	1786843	54
ruu	1786897	20
ruv	1786917	16
ruw	1786933	7
rux	1786940	2
ruy	1786942	19
ruz	1786961	391
rv 	1787352	5
rva	1787357	68
rvd	1787425	2
rve	1787427	36
rvi	1787463	32
rvl	1787495	2
rvm	1787497	1
rvn	1787498	1
rvo	1787499	40
rvs	1787539	3
rvv	1787542	1
rvy	1787543	1
rw 	1787544	41
rw@	1787585	1
rwa	1787586	482
rwb	1788068	4
rwd	1788072	18
rwe	1788090	10
rwf	1788100	3
rwh	1788103	10
rwi	1788113	17
rwj	1788130	4
rwk	1788134	2
rwl	1788136	3
rwm	1788139	3
rwn	1788142	21
rwo	1788163	17
rwp	1788180	1
rwq	1788181	1
rwr	1788182	4
rws	1788186	9
rwt	1788195	5
rwu	1788200	1
rww	1788201	2
rwy	1788203	10
rwz	1788213	8
rx 	1788221	1
rxa	1788222	2
rxi	1788224	1
rxo	1788225	17
ry 	1788242	607
ry'	1788849	3
ry,	1788852	1
ry-	1788853	2
ry/	1788855	1
ry@	1788856	25
ry`	1788881	2
rya	1788883	205
ryb	1789088	25
ryc	1789113	7
ryd	1789120	20
rye	1789140	17
ryf	1789157	7
ryg	1789164	2
ryh	1789166	4
ryi	1789170	7
ryj	1789177	3
ryk	1789180	11
ryl	1789191	64
rym	1789255	26
ryn	1789281	84
ryo	1789365	76
ryp	1789441	6
ryq	1789447	2
ryr	1789449	6
rys	1789455	62
ryt	1789517	13
ryu	1789530	13
ryv	1789543	2
ryw	1789545	6
ryy	1789551	5
ryz	1789556	26
rz 	1789582	29
rz'	1789611	1
rz-	1789612	2
rz@	1789614	1
rza	1789615	45
rzc	1789660	1
rze	1789661	103
rzg	1789764	3
rzh	1789767	23
rzi	1789790	34
rzk	1789824	1
rzl	1789825	1
rzn	1789826	6
rzo	1789832	27
rzp	1789859	1
rzq	1789860	2
rzu	1789862	26
rzw	1789888	5
rzy	1789893	27
rzz	1789920	3
r~ 	1789923	12
s '	1789935	3
s (	1789938	20
s +	1789958	1
s -	1789959	10
s /	1789969	2
s 0	1789971	63
s 1	1790034	28
s 2	1790062	10
s 3	1790072	9
s 4	1790081	7
s 5	1790088	6
s 6	1790094	5
s 7	1790099	6
s 8	1790105	3
s 9	1790108	2
s @	1790110	3
s `	1790113	17
s a	1790130	1042
s b	1791172	2300
s c	1793472	1566
s d	1795038	590
s e	1795628	279
s f	1795907	190
s g	1796097	1189
s h	1797286	511
s i	1797797	377
s j	1798174	239
s k	1798413	486
s l	1798899	1367
s m	1800266	1468
s n	1801734	1271
s o	1803005	205
s p	1803210	1450
s q	1804660	86
s r	1804746	853
s s	1805599	1365
s t	1806964	498
s u	1807462	3318
s v	1810780	291
s w	1811071	116
s x	1811187	5
s y	1811192	22
s z	1811214	53
s' 	1811267	27
s'-	1811294	5
s'a	1811299	4
s'e	1811303	3
s'i	1811306	1
s'k	1811307	171
s'm	1811478	1
s'q	1811479	3
s'r	1811482	1
s't	1811483	43
s'v	1811526	2
s'y	1811528	2
s) 	1811530	14
s, 	1811544	7
s- 	1811551	1
s-a	1811552	4
s-b	1811556	9
s-c	1811565	14
s-d	1811579	23
s-e	1811602	6
s-f	1811608	1
s-h	1811609	2
s-i	1811611	2
s-j	1811613	1
s-k	1811614	23
s-l	1811637	3
s-m	1811640	22
s-o	1811662	2
s-p	1811664	19
s-r	1811683	3
s-s	1811686	121
s-u	1811807	8
s-v	1811815	1
s-w	1811816	2
s-z	1811818	1
s. 	1811819	25
s.)	1811844	4
s.a	1811848	1
s.p	1811849	1
s.r	1811850	1
s/b	1811851	1
s/c	1811852	2
s/d	1811854	1
s/g	1811855	2
s/m	1811857	3
s/r	1811860	1
s/w	1811861	1
s:t	1811862	1
s; 	1811863	1
s@ 	1811864	22
s@t	1811886	1
s` 	1811887	3
s`@	1811890	1
s`a	1811891	1
s`d	1811892	7
s`k	1811899	1
s`m	1811900	1
s`n	1811901	8
s`w	1811909	1
s`y	1811910	5
sa 	1811915	927
sa'	1812842	10
sa)	1812852	3
sa-	1812855	12
sa`	1812867	17
saa	1812884	101
sab	1812985	268
sac	1813253	126
sad	1813379	53
sae	1813432	29
saf	1813461	32
sag	1813493	115
sah	1813608	103
sai	1813711	1360
saj	1815071	8
sak	1815079	264
sal	1815343	605
sam	1815948	370
san	1816318	3361
sao	1819679	1052
sap	1820731	48
saq	1820779	9
sar	1820788	549
sas	1821337	1043
sat	1822380	174
sau	1822554	309
sav	1822863	152
saw	1823015	59
sax	1823074	7
say	1823081	97
saz	1823178	3
sb 	1823181	201
sb@	1823382	12
sb`	1823394	5
sba	1823399	26
sbc	1823425	1
sbe	1823426	40
sbh	1823466	7
sbi	1823473	3
sbj	1823476	1
sbk	1823477	1
sbl	1823478	2
sbn	1823480	1
sbo	1823481	41
sbp	1823522	1
sbq	1823523	3
sbr	1823526	8
sbs	1823534	1
sbt	1823535	1
sbu	1823536	23
sbv	1823559	1
sby	1823560	32
sbz	1823592	1
sc 	1823593	196
sc'	1823789	1
sca	1823790	325
scb	1824115	1
sce	1824116	33
sch	1824149	218
sci	1824367	26
sck	1824393	19
scl	1824412	1
sco	1824413	560
scq	1824973	1
scr	1824974	27
scs	1825001	1
sct	1825002	2
scu	1825004	52
scz	1825056	15
sd 	1825071	125
sda	1825196	76
sde	1825272	12
sdh	1825284	1
sdi	1825285	3
sdn	1825288	110
sdo	1825398	6
sdq	1825404	1
sdr	1825405	10
sds	1825415	1
sdu	1825416	1
sdw	1825417	2
sdy	1825419	7
se 	1825426	876
se'	1826302	1
se-	1826303	15
se/	1826318	1
sea	1826319	46
seb	1826365	108
sec	1826473	64
sed	1826537	26
see	1826563	137
sef	1826700	12
seg	1826712	54
seh	1826766	52
sei	1826818	47
sej	1826865	12
sek	1826877	38
sel	1826915	338
sem	1827253	141
sen	1827394	383
seo	1827777	99
sep	1827876	70
seq	1827946	4
ser	1827950	376
ses	1828326	91
set	1828417	183
seu	1828600	156
sev	1828756	159
sew	1828915	8
sex	1828923	19
sey	1828942	108
sez	1829050	1
sf 	1829051	9
sf@	1829060	1
sfa	1829061	53
sfe	1829114	2
sfh	1829116	2
sfi	1829118	14
sfj	1829132	3
sfk	1829135	1
sfl	1829136	2
sfo	1829138	6
sfq	1829144	6
sfr	1829150	4
sft	1829154	1
sfu	1829155	1
sfy	1829156	6
sg 	1829162	9
sg-	1829171	1
sga	1829172	41
sgc	1829213	1
sgd	1829214	1
sge	1829215	6
sgh	1829221	2
sgo	1829223	33
sgp	1829256	4
sgr	1829260	7
sgt	1829267	1
sgu	1829268	2
sgw	1829270	1
sgy	1829271	1
sh 	1829272	770
sh'	1830042	3
sh)	1830045	1
sh-	1830046	21
sh@	1830067	12
sh`	1830079	27
sha	1830106	1210
shb	1831316	18
shc	1831334	319
shd	1831653	8
she	1831661	578
shf	1832239	4
shg	1832243	8
shh	1832251	445
shi	1832696	1781
shk	1834477	232
shl	1834709	48
shm	1834757	99
shn	1834856	45
sho	1834901	150
shp	1835051	2
shq	1835053	41
shr	1835094	78
shs	1835172	54
sht	1835226	502
shu	1835728	136
shv	1835864	3
shw	1835867	34
shy	1835901	81
shz	1835982	1
sh~	1835983	2
si 	1835985	1835
si-	1837820	11
sia	1837831	4246
sib	1842077	163
sic	1842240	70
sid	1842310	182
sie	1842492	94
sif	1842586	6
sig	1842592	47
sih	1842639	17
sii	1842656	96
sij	1842752	7
sik	1842759	44
sil	1842803	199
sim	1843002	224
sin	1843226	551
sio	1843777	121
sip	1843898	230
siq	1844128	7
sir	1844135	167
sis	1844302	172
sit	1844474	61
siu	1844535	8
siv	1844543	31
siw	1844574	3
six	1844577	4
siy	1844581	99
siz	1844680	2
sj 	1844682	14
sja	1844696	22
sjc	1844718	1
sjd	1844719	1
sje	1844720	50
sjl	1844770	1
sjm	1844771	6
sjo	1844777	9
sk 	1844786	400
sk'	1845186	5
sk-	1845191	15
sk@	1845206	4
ska	1845210	3697
ske	1848907	75
skh	1848982	27
ski	1849009	2914
skj	1851923	3
skk	1851926	3
skl	1851929	4
skn	1851933	3
sko	1851936	1023
skp	1852959	1
skr	1852960	66
sks	1853026	6
sku	1853032	47
skv	1853079	15
skw	1853094	2
sky	1853096	1626
sl 	1854722	44
sl@	1854766	2
sla	1854768	905
slb	1855673	193
sld	1855866	2
sle	1855868	175
slf	1856043	2
slg	1856045	1
slh	1856046	6
sli	1856052	61
slj	1856113	1
slk	1856114	3
sll	1856117	3
slm	1856120	14
sln	1856134	1
slo	1856135	355
slp	1856490	2
sls	1856492	1
slt	1856493	4
slu	1856497	101
slv	1856598	58
slw	1856656	2
sly	1856658	20
sm 	1856678	28
sm@	1856706	7
sm`	1856713	4
sma	1856717	110
smb	1856827	3
sme	1856830	31
smg	1856861	1
smh	1856862	1
smi	1856863	40
sml	1856903	3
smn	1856906	7
smo	1856913	60
smp	1856973	4
smr	1856977	16
sms	1856993	4
smt	1856997	10
smu	1857007	41
smx	1857048	1
smy	1857049	6
sn 	1857055	91
sn@	1857146	2
sn`	1857148	9
sna	1857157	81
snd	1857238	7
sne	1857245	56
sng	1857301	27
sni	1857328	50
snj	1857378	13
snk	1857391	2
snm	1857393	4
snn	1857397	3
sno	1857400	225
snq	1857625	1
snr	1857626	3
snt	1857629	4
snu	1857633	3
snw	1857636	1
sny	1857637	10
so 	1857647	650
so'	1858297	4
so-	1858301	12
so/	1858313	1
soa	1858314	40
sob	1858354	21
soc	1858375	44
sod	1858419	45
soe	1858464	20
sof	1858484	54
sog	1858538	33
soh	1858571	7
soi	1858578	12
soj	1858590	1
sok	1858591	66
sol	1858657	374
som	1859031	197
son	1859228	567
soo	1859795	14
sop	1859809	36
soq	1859845	1
sor	1859846	103
sos	1859949	161
sot	1860110	156
sou	1860266	1377
sov	1861643	187
sow	1861830	5
sox	1861835	3
soy	1861838	17
soz	1861855	9
sp 	1861864	7
sp'	1861871	2
sp-	1861873	1
spa	1861874	147
spe	1862021	91
sph	1862112	5
spi	1862117	170
spl	1862287	58
spm	1862345	2
spo	1862347	24
spr	1862371	33
sps	1862404	1
spt	1862405	1
spu	1862406	690
spv	1863096	1
spw	1863097	1
spy	1863098	3
sq 	1863101	6
sqa	1863107	11
sqi	1863118	1
sql	1863119	5
sqn	1863124	1
sqo	1863125	1
sqt	1863126	3
squ	1863129	44
sqy	1863173	5
sqz	1863178	1
sr 	1863179	122
sr-	1863301	3
sr@	1863304	5
sr`	1863309	2
sra	1863311	68
srb	1863379	37
srd	1863416	2
sre	1863418	21
srg	1863439	3
srh	1863442	2
sri	1863444	111
srj	1863555	1
srk	1863556	5
srm	1863561	2
srn	1863563	1
sro	1863564	75
srp	1863639	11
srr	1863650	2
srs	1863652	1
srt	1863653	3
sru	1863656	7
srw	1863663	8
sry	1863671	11
sr~	1863682	1
ss 	1863683	155
ss-	1863838	7
ss/	1863845	3
ssa	1863848	402
ssb	1864250	2
ssc	1864252	2
ssd	1864254	38
sse	1864292	365
ssf	1864657	1
ssh	1864658	3
ssi	1864661	2909
ssj	1867570	2
ssk	1867572	64
ssl	1867636	3
ssm	1867639	2
ssn	1867641	3
sso	1867644	449
ssp	1868093	1
ssr	1868094	3
sss	1868097	1
sst	1868098	5
ssu	1868103	26
ssv	1868129	1
ssw	1868130	2
ssy	1868132	5
st 	1868137	1263
st'	1869400	1728
st)	1871128	2
st-	1871130	23
st.	1871153	108
st@	1871261	1
st`	1871262	2
sta	1871264	6178
stb	1877442	3
stc	1877445	5
std	1877450	2
ste	1877452	1319
stf	1878771	41
stg	1878812	3
sth	1878815	50
sti	1878865	954
stj	1879819	1
stk	1879820	4
stl	1879824	82
stm	1879906	103
stn	1880009	484
sto	1880493	639
stp	1881132	16
stq	1881148	3
str	1881151	7491
sts	1888642	519
stt	1889161	7
stu	1889168	82
stv	1889250	5
stw	1889255	4
sty	1889259	37
stz	1889296	1
st~	1889297	11
su 	1889308	259
su-	1889567	23
sua	1889590	41
sub	1889631	79
suc	1889710	238
sud	1889948	278
sue	1890226	12
suf	1890238	13
sug	1890251	44
suh	1890295	38
sui	1890333	14
suj	1890347	3
suk	1890350	105
sul	1890455	849
sum	1891304	491
sun	1891795	191
suo	1891986	28
sup	1892014	30
suq	1892044	8
sur	1892052	310
sus	1892362	179
sut	1892541	38
suu	1892579	20
suv	1892599	6
suw	1892605	31
suy	1892636	43
suz	1892679	18
sv 	1892697	65
sv.	1892762	2
sva	1892764	69
sve	1892833	154
svg	1892987	1
svi	1892988	46
svk	1893034	87
svn	1893121	229
svo	1893350	8
svu	1893358	1
svy	1893359	3
sw 	1893362	5
sw)	1893367	3
swa	1893370	119
swb	1893489	1
swc	1893490	1
swd	1893491	5
swe	1893496	320
swf	1893816	2
swh	1893818	3
swi	1893821	229
swj	1894050	1
swk	1894051	2
swl	1894053	35
swm	1894088	1
swn	1894089	7
swo	1894096	5
swq	1894101	10
swr	1894111	28
sws	1894139	8
swy	1894147	25
swz	1894172	42
sx 	1894214	4
sy 	1894218	412
sy-	1894630	1
sy@	1894631	6
sya	1894637	28
syb	1894665	4
syc	1894669	31
syd	1894700	70
sye	1894770	2
syf	1894772	6
syg	1894778	1
syh	1894779	2
syi	1894781	1
syj	1894782	1
syk	1894783	13
syl	1894796	86
sym	1894882	8
syn	1894890	15
syo	1894905	3
syp	1894908	2
syq	1894910	2
syr	1894912	91
sys	1895003	10
syt	1895013	3
syu	1895016	21
syw	1895037	4
syz	1895041	5
sz 	1895046	53
sz-	1895099	10
sza	1895109	27
szb	1895136	1
szc	1895137	11
sze	1895148	19
szi	1895167	5
szk	1895172	3
szl	1895175	3
szn	1895178	2
szo	1895180	27
szp	1895207	11
szt	1895218	15
szu	1895233	1
szy	1895234	4
s~ 	1895238	10
s~[	1895248	1
t #	1895249	3
t '	1895252	22
t (	1895274	2
t -	1895276	1
t 0	1895277	23
t 1	1895300	19
t 2	1895319	8
t 3	1895327	10
t 4	1895337	9
t 5	1895346	10
t 6	1895356	11
t 7	1895367	6
t 8	1895373	3
t 9	1895376	3
t @	1895379	6
t `	1895385	58
t a	1895443	1081
t b	1896524	822
t c	1897346	814
t d	1898160	987
t e	1899147	567
t f	1899714	109
t g	1899823	900
t h	1900723	397
t i	1901120	531
t j	1901651	230
t k	1901881	848
t l	1902729	1052
t m	1903781	1053
t n	1904834	700
t o	1905534	333
t p	1905867	887
t q	1906754	141
t r	1906895	479
t s	1907374	1217
t t	1908591	948
t u	1909539	355
t v	1909894	251
t w	1910145	373
t x	1910518	31
t y	1910549	84
t z	1910633	187
t' 	1910820	1717
t'-	1912537	24
t'a	1912561	9
t'e	1912570	58
t'i	1912628	64
t'k	1912692	2
t'l	1912694	2
t'o	1912696	4
t'r	1912700	6
t's	1912706	14
t'v	1912720	1
t'y	1912721	4
t) 	1912725	4
t, 	1912729	4
t-a	1912733	10
t-b	1912743	21
t-c	1912764	3
t-d	1912767	7
t-e	1912774	9
t-f	1912783	7
t-g	1912790	3
t-h	1912793	4
t-i	1912797	6
t-j	1912803	2
t-k	1912805	18
t-l	1912823	19
t-m	1912842	15
t-n	1912857	6
t-o	1912863	16
t-p	1912879	23
t-r	1912902	4
t-s	1912906	14
t-t	1912920	4
t-u	1912924	12
t-v	1912936	3
t-w	1912939	1
t-y	1912940	3
t. 	1912943	106
t.-	1913049	1
t.j	1913050	1
t/e	1913051	1
t/l	1913052	1
t/m	1913053	1
t/o	1913054	1
t/s	1913055	2
t@ 	1913057	17
t@-	1913074	1
t@i	1913075	4
t@s	1913079	1
t@t	1913080	1
t@y	1913081	2
t` 	1913083	2
t`@	1913085	2
t`a	1913087	4
t`b	1913091	1
t`e	1913092	4
t`i	1913096	18
t`l	1913114	3
t`m	1913117	1
t`n	1913118	1
t`o	1913119	1
t`r	1913120	1
t`u	1913121	3
t`z	1913124	2
ta 	1913126	3405
ta'	1916531	13
ta-	1916544	115
ta/	1916659	1
ta;	1916660	1
ta`	1916661	24
taa	1916685	92
tab	1916777	165
tac	1916942	135
tad	1917077	232
tae	1917309	36
taf	1917345	38
tag	1917383	152
tah	1917535	112
tai	1917647	221
taj	1917868	95
tak	1917963	219
tal	1918182	672
tam	1918854	953
tan	1919807	3455
tao	1923262	59
tap	1923321	170
taq	1923491	32
tar	1923523	1159
tas	1924682	273
tat	1924955	3555
tau	1928510	105
tav	1928615	113
taw	1928728	33
tax	1928761	6
tay	1928767	229
taz	1928996	27
tb 	1929023	4
tb@	1929027	1
tba	1929028	18
tbe	1929046	2
tbi	1929048	4
tbl	1929052	3
tbo	1929055	12
tbr	1929067	9
tbs	1929076	5
tbt	1929081	1
tbu	1929082	4
tbw	1929086	2
tby	1929088	3
tc 	1929091	3
tca	1929094	16
tcc	1929110	2
tcd	1929112	156
tch	1929268	939
tck	1930207	1
tco	1930208	4
tcu	1930212	3
tcz	1930215	1
td 	1930216	156
td`	1930372	1
tda	1930373	13
tdb	1930386	1
tdi	1930387	2
tdl	1930389	1
tdm	1930390	2
tdo	1930392	1
tds	1930393	1
te 	1930394	1992
te-	1932386	56
te.	1932442	4
te/	1932446	12
tea	1932458	171
teb	1932629	43
tec	1932672	135
ted	1932807	3482
tee	1936289	26
tef	1936315	18
teg	1936333	86
teh	1936419	40
tei	1936459	156
tej	1936615	24
tek	1936639	39
tel	1936678	358
tem	1937036	724
ten	1937760	1006
teo	1938766	49
tep	1938815	338
teq	1939153	12
ter	1939165	1395
tes	1940560	3502
tet	1944062	142
teu	1944204	87
tev	1944291	31
tew	1944322	12
tex	1944334	275
tey	1944609	22
tez	1944631	16
tf 	1944647	14
tfa	1944661	8
tfe	1944669	1
tfi	1944670	6
tfj	1944676	11
tfl	1944687	2
tfn	1944689	1
tfo	1944690	28
tfr	1944718	1
tft	1944719	1
tfu	1944720	1
tfw	1944721	1
tfy	1944722	4
tf~	1944726	1
tg 	1944727	39
tga	1944766	6
tge	1944772	4
tgh	1944776	1
tgn	1944777	1
tgo	1944778	55
tgr	1944833	6
tgu	1944839	2
tgy	1944841	2
th 	1944843	2889
th'	1947732	3
th)	1947735	3
th,	1947738	1
th-	1947739	43
th/	1947782	1
th@	1947783	5
th`	1947788	19
tha	1947807	1376
thb	1949183	12
thc	1949195	4
thd	1949199	3
the	1949202	1220
thf	1950422	3
thg	1950425	1
thi	1950426	329
thk	1950755	2
thl	1950757	23
thm	1950780	23
thn	1950803	43
tho	1950846	310
thp	1951156	6
thr	1951162	78
ths	1951240	8
tht	1951248	3
thu	1951251	208
thv	1951459	1
thw	1951460	65
thy	1951525	17
ti 	1951542	1311
ti'	1952853	3
ti+	1952856	1
ti-	1952857	32
tia	1952889	1103
tib	1953992	91
tic	1954083	363
tid	1954446	161
tie	1954607	86
tif	1954693	30
tig	1954723	57
tih	1954780	8
tii	1954788	49
tij	1954837	18
tik	1954855	80
til	1954935	153
tim	1955088	363
tin	1955451	1692
tio	1957143	2953
tip	1960096	41
tiq	1960137	21
tir	1960158	116
tis	1960274	319
tit	1960593	109
tiu	1960702	53
tiv	1960755	65
tiw	1960820	6
tix	1960826	6
tiy	1960832	98
tiz	1960930	50
tj 	1960980	83
tja	1961063	6
tje	1961069	7
tjh	1961076	1
tji	1961077	1
tjk	1961078	80
tjn	1961158	1
tjo	1961159	8
tjr	1961167	2
tju	1961169	1
tjw	1961170	1
tjy	1961171	20
tk 	1961191	5
tk'	1961196	1
tka	1961197	17
tkb	1961214	2
tke	1961216	7
tkh	1961223	17
tki	1961240	16
tkk	1961256	1
tkl	1961257	5
tkm	1961262	70
tkn	1961332	2
tko	1961334	12
tkr	1961346	2
tks	1961348	3
tku	1961351	3
tkv	1961354	2
tkw	1961356	2
tky	1961358	4
tl 	1961362	104
tl@	1961466	3
tla	1961469	744
tlb	1962213	3
tle	1962216	90
tlg	1962306	1
tli	1962307	55
tlk	1962362	2
tll	1962364	4
tlm	1962368	2
tln	1962370	1
tlo	1962371	46
tlq	1962417	2
tls	1962419	79
tlt	1962498	1
tlu	1962499	5
tlw	1962504	2
tly	1962506	17
tm 	1962523	175
tm@	1962698	2
tma	1962700	59
tmb	1962759	1
tmd	1962760	219
tme	1962979	259
tmg	1963238	1
tmi	1963239	7
tml	1963246	6
tmm	1963252	1
tmn	1963253	4
tmo	1963257	89
tmp	1963346	3
tmr	1963349	3
tms	1963352	1
tmt	1963353	2
tmu	1963355	1
tmw	1963356	2
tmy	1963358	5
tn 	1963363	778
tn@	1964141	5
tna	1964146	862
tnb	1965008	1
tnd	1965009	4
tne	1965013	12
tng	1965025	12
tnh	1965037	2
tni	1965039	11
tnj	1965050	7
tnk	1965057	1
tnm	1965058	2
tnn	1965060	6
tno	1965066	9
tnr	1965075	1
tns	1965076	1
tnt	1965077	2
tnu	1965079	1
tnw	1965080	2
tny	1965082	6
tnz	1965088	1
to 	1965089	3167
to'	1968256	1
to-	1968257	24
to.	1968281	5
toa	1968286	29
tob	1968315	212
toc	1968527	238
tod	1968765	18
toe	1968783	15
tof	1968798	15
tog	1968813	73
toh	1968886	11
toi	1968897	21
toj	1968918	4
tok	1968922	163
tol	1969085	219
tom	1969304	139
ton	1969443	1209
too	1970652	20
top	1970672	68
toq	1970740	4
tor	1970744	538
tos	1971282	512
tot	1971794	59
tou	1971853	115
tov	1971968	232
tow	1972200	270
tox	1972470	3
toy	1972473	39
toz	1972512	9
tp 	1972521	1
tp`	1972522	1
tpa	1972523	5
tpe	1972528	2
tph	1972530	12
tpi	1972542	1
tpn	1972543	1
tpo	1972544	4
tpp	1972548	1
tpr	1972549	2
tpt	1972551	1
tpu	1972552	11
tq 	1972563	1
tq@	1972564	94
tqa	1972658	1
tqi	1972659	1
tql	1972660	3
tqr	1972663	1
tqv	1972664	1
tr 	1972665	1088
tr'	1973753	4
tr@	1973757	9
tr`	1973766	2
tra	1973768	1510
trb	1975278	9
trc	1975287	1
trd	1975288	4
tre	1975292	483
trf	1975775	3
trg	1975778	1
trh	1975779	2
tri	1975781	6797
trk	1982578	6
trl	1982584	2
trm	1982586	3
trn	1982589	19
tro	1982608	363
trp	1982971	12
trq	1982983	3
trr	1982986	5
trs	1982991	2
trt	1982993	19
tru	1983012	91
trw	1983103	7
try	1983110	18
trz	1983128	15
tr~	1983143	1
ts 	1983144	602
ts'	1983746	40
ts-	1983786	14
ts`	1983800	4
tsa	1983804	176
tsb	1983980	5
tsc	1983985	5
tsd	1983990	4
tse	1983994	95
tsf	1984089	4
tsh	1984093	53
tsi	1984146	254
tsj	1984400	1
tsk	1984401	431
tsl	1984832	3
tsm	1984835	5
tsn	1984840	2
tso	1984842	40
tsp	1984882	19
tsq	1984901	4
tsr	1984905	1
tst	1984906	9
tsu	1984915	129
tsv	1985044	1
tsw	1985045	44
tsy	1985089	20
tsz	1985109	1
tt 	1985110	156
tt'	1985266	3
tt-	1985269	1
tta	1985270	227
ttb	1985497	5
tte	1985502	195
ttf	1985697	1
ttg	1985698	6
tth	1985704	55
tti	1985759	95
ttk	1985854	14
ttl	1985868	25
ttm	1985893	105
ttn	1985998	7
tto	1986005	189
ttp	1986194	4
ttr	1986198	13
tts	1986211	48
ttt	1986259	113
ttu	1986372	14
ttv	1986386	2
ttw	1986388	7
tty	1986395	8
tu 	1986403	253
tu'	1986656	5
tu-	1986661	30
tu/	1986691	1
tua	1986692	90
tub	1986782	78
tuc	1986860	164
tud	1987024	12
tue	1987036	41
tuf	1987077	5
tug	1987082	359
tuh	1987441	3
tui	1987444	20
tuj	1987464	4
tuk	1987468	103
tul	1987571	193
tum	1987764	272
tun	1988036	503
tuo	1988539	11
tup	1988550	41
tuq	1988591	2
tur	1988593	1518
tus	1990111	70
tut	1990181	54
tuu	1990235	11
tuv	1990246	16
tuw	1990262	4
tux	1990266	13
tuy	1990279	32
tuz	1990311	20
tv 	1990331	12
tv'	1990343	1
tva	1990344	34
tve	1990378	55
tvi	1990433	655
tvo	1991088	2
tvr	1991090	11
tw 	1991101	30
twa	1991131	18
twb	1991149	3
twe	1991152	9
twf	1991161	1
twh	1991162	1
twi	1991163	11
twj	1991174	1
twk	1991175	1
twl	1991176	3
twm	1991179	1
twn	1991180	41
two	1991221	29
twq	1991250	1
twr	1991251	9
tws	1991260	2
twt	1991262	2
tww	1991264	1
twy	1991265	7
twz	1991272	3
tx 	1991275	1
txa	1991276	2
txg	1991278	1
ty 	1991279	7659
ty)	1998938	2
ty,	1998940	1
ty-	1998941	27
ty@	1998968	6
tya	1998974	50
tyb	1999024	10
tyc	1999034	3
tyd	1999037	3
tye	1999040	4
tyf	1999044	4
tyg	1999048	2
tyh	1999050	1
tyi	1999051	1
tyj	1999052	1
tyk	1999053	3
tyl	1999056	6
tym	1999062	12
tyn	1999074	32
tyo	1999106	3
typ	1999109	2
tyq	1999111	1
tyr	1999112	38
tys	1999150	29
tyt	1999179	3
tyu	1999182	45
tyv	1999227	30
tyw	1999257	1
tyy	1999258	2
tyz	1999260	6
tz 	1999266	222
tz-	1999488	1
tz@	1999489	1
tza	1999490	250
tzb	1999740	1
tzc	1999741	3
tzd	1999744	1
tze	1999745	186
tzi	1999931	42
tzm	1999973	1
tzo	1999974	14
tzq	1999988	1
tzr	1999989	1
tzt	1999990	1
tzu	1999991	5
tzw	1999996	2
t~ 	1999998	16
u &	2000014	1
u '	2000015	4
u -	2000019	4
u /	2000023	1
u 0	2000024	13
u 1	2000037	16
u 2	2000053	9
u 3	2000062	9
u 4	2000071	7
u 5	2000078	9
u 6	2000087	2
u `	2000089	2
u a	2000091	850
u b	2000941	270
u c	2001211	547
u d	2001758	414
u e	2002172	47
u f	2002219	24
u g	2002243	249
u h	2002492	329
u i	2002821	196
u j	2003017	194
u k	2003211	165
u l	2003376	313
u m	2003689	424
u n	2004113	320
u o	2004433	108
u p	2004541	663
u q	2005204	56
u r	2005260	3153
u s	2008413	628
u t	2009041	339
u u	2009380	45
u v	2009425	122
u w	2009547	49
u x	2009596	53
u y	2009649	78
u z	2009727	127
u' 	2009854	2
u'a	2009856	27
u'b	2009883	1
u'e	2009884	1
u'g	2009885	1
u'i	2009886	5
u'k	2009891	1
u'l	2009892	4
u'm	2009896	5
u'o	2009901	1
u'r	2009902	7
u't	2009909	9
u'u	2009918	2
u'z	2009920	2
u) 	2009922	21
u+h	2009943	1
u+r	2009944	2
u+v	2009946	1
u- 	2009947	1
u-a	2009948	3
u-b	2009951	13
u-c	2009964	8
u-d	2009972	5
u-e	2009977	3
u-g	2009980	83
u-h	2010063	5
u-i	2010068	2
u-k	2010070	3
u-l	2010073	1
u-m	2010074	6
u-n	2010080	24
u-o	2010104	3
u-p	2010107	3
u-q	2010110	2
u-r	2010112	6
u-s	2010118	53
u-t	2010171	5
u-u	2010176	2
u-w	2010178	9
u-y	2010187	2
u.s	2010189	24
u/b	2010213	3
u/c	2010216	1
u/d	2010217	1
u/k	2010218	1
u:k	2010219	2
u:n	2010221	1
u:t	2010222	1
u@l	2010223	1
ua 	2010224	1004
ua'	2011228	1
ua)	2011229	1
ua-	2011230	2
ua/	2011232	1
uaa	2011233	1
uab	2011234	30
uac	2011264	131
uad	2011395	387
uae	2011782	3
uaf	2011785	4
uag	2011789	16
uah	2011805	73
uai	2011878	105
uaj	2011983	33
uak	2012016	29
ual	2012045	113
uam	2012158	100
uan	2012258	1182
uao	2013440	12
uap	2013452	79
uaq	2013531	6
uar	2013537	325
uas	2013862	112
uat	2013974	591
uau	2014565	33
uav	2014598	11
uax	2014609	3
uay	2014612	537
uaz	2015149	42
ub 	2015191	47
ub-	2015238	23
ub@	2015261	2
uba	2015263	467
ubb	2015730	20
ubc	2015750	4
ubd	2015754	2
ube	2015756	80
ubi	2015836	111
ubk	2015947	4
ubl	2015951	1328
ubn	2017279	17
ubo	2017296	65
ubp	2017361	1
ubr	2017362	72
ubs	2017434	6
ubt	2017440	4
ubu	2017444	70
ubv	2017514	1
ubw	2017515	2
uby	2017517	4
uc 	2017521	48
uca	2017569	383
ucc	2017952	9
uce	2017961	192
uch	2018153	269
uci	2018422	623
uck	2019045	159
ucl	2019204	12
ucm	2019216	1
uco	2019217	275
ucp	2019492	1
ucq	2019493	1
ucr	2019494	64
ucs	2019558	4
uct	2019562	7
ucu	2019569	109
ucw	2019678	1
ucy	2019679	1
ucz	2019680	1
ud 	2019681	276
ud'	2019957	1
ud-	2019958	34
uda	2019992	548
udb	2020540	9
udd	2020549	16
ude	2020565	99
udf	2020664	1
udg	2020665	2
udh	2020667	9
udi	2020676	196
udj	2020872	5
udl	2020877	2
udm	2020879	29
udn	2020908	7
udo	2020915	83
udr	2020998	7
uds	2021005	10
udt	2021015	1
udu	2021016	77
udv	2021093	2
udw	2021095	3
udy	2021098	6
udz	2021104	39
ue 	2021143	511
ue)	2021654	1
ue-	2021655	16
ue/	2021671	1
ue`	2021672	105
uea	2021777	103
ueb	2021880	385
uec	2022265	14
ued	2022279	43
uee	2022322	89
uef	2022411	3
ueg	2022414	24
ueh	2022438	49
uei	2022487	62
uej	2022549	5
uek	2022554	6
uel	2022560	616
uem	2023176	31
uen	2023207	353
ueo	2023560	2
uep	2023562	5
ueq	2023567	6
uer	2023573	1259
ues	2024832	151
uet	2024983	131
ueu	2025114	14
uev	2025128	159
uex	2025287	1
uey	2025288	42
uez	2025330	106
uf 	2025436	15
uf-	2025451	2
ufa	2025453	32
ufe	2025485	11
uff	2025496	29
ufi	2025525	20
ufk	2025545	1
ufl	2025546	3
ufm	2025549	1
ufo	2025550	8
ufr	2025558	61
ufs	2025619	1
uft	2025620	1
ufu	2025621	8
ufw	2025629	1
ufy	2025630	1
ug 	2025631	765
ug'	2026396	6
ug-	2026402	2
uga	2026404	615
ugb	2027019	8
ugc	2027027	3
ugd	2027030	9
uge	2027039	27
ugg	2027066	16
ugh	2027082	128
ugi	2027210	33
ugk	2027243	1
ugl	2027244	57
ugm	2027301	2
ugn	2027303	4
ugo	2027307	35
ugq	2027342	1
ugr	2027343	9
ugs	2027352	34
ugt	2027386	8
ugu	2027394	249
ugv	2027643	1
ugw	2027644	4
ugy	2027648	6
uh 	2027654	17
uh-	2027671	4
uha	2027675	116
uhb	2027791	17
uhd	2027808	1
uhe	2027809	10
uhh	2027819	1
uhi	2027820	20
uhj	2027840	1
uhk	2027841	1
uhl	2027842	4
uhm	2027846	2
uhn	2027848	2
uho	2027850	22
uhq	2027872	1
uhr	2027873	2
uhs	2027875	1
uht	2027876	11
uhu	2027887	19
uhw	2027906	1
ui 	2027907	613
ui,	2028520	1
ui-	2028521	5
uia	2028526	240
uib	2028766	17
uic	2028783	43
uid	2028826	71
uie	2028897	29
uif	2028926	1
uig	2028927	28
uih	2028955	8
uii	2028963	3
uij	2028966	11
uik	2028977	9
uil	2028986	222
uim	2029208	57
uin	2029265	409
uio	2029674	8
uip	2029682	32
uiq	2029714	2
uir	2029716	67
uis	2029783	264
uit	2030047	130
uiu	2030177	11
uiv	2030188	5
uiw	2030193	1
uix	2030194	19
uiy	2030213	1
uiz	2030214	48
uj 	2030262	92
uj-	2030354	18
uja	2030372	104
ujb	2030476	1
ujd	2030477	2
uje	2030479	16
ujf	2030495	1
ujh	2030496	4
uji	2030500	80
ujj	2030580	3
ujm	2030583	1
ujo	2030584	12
ujp	2030596	2
ujr	2030598	3
ujs	2030601	1
ujt	2030602	1
uju	2030603	37
ujv	2030640	3
ujy	2030643	2
uk 	2030645	157
uk-	2030802	60
uka	2030862	119
ukb	2030981	49
ukc	2031030	7
ukd	2031037	8
uke	2031045	37
ukg	2031082	1
ukh	2031083	79
uki	2031162	66
ukj	2031228	1
ukk	2031229	10
ukl	2031239	31
ukm	2031270	4
uko	2031274	112
ukp	2031386	2
ukr	2031388	182
uks	2031570	38
ukt	2031608	68
uku	2031676	291
ukv	2031967	1
ukw	2031968	14
ul 	2031982	1126
ul'	2033108	98
ul-	2033206	38
ul/	2033244	1
ula	2033245	438
ulb	2033683	23
ulc	2033706	93
uld	2033799	55
ule	2033854	164
ulf	2034018	10
ulg	2034028	335
ulh	2034363	11
uli	2034374	258
ulj	2034632	4
ulk	2034636	15
ull	2034651	73
ulm	2034724	16
uln	2034740	17
ulo	2034757	758
ulp	2035515	10
ulq	2035525	1
ulr	2035526	4
uls	2035530	34
ult	2035564	50
ulu	2035614	226
ulv	2035840	3
ulw	2035843	2
uly	2035845	28
ulz	2035873	5
um 	2035878	597
um-	2036475	5
um/	2036480	1
uma	2036481	625
umb	2037106	252
umc	2037358	2
umd	2037360	3
ume	2037363	103
umf	2037466	5
umg	2037471	11
umh	2037482	19
umi	2037501	99
umj	2037600	1
umk	2037601	7
uml	2037608	12
umm	2037620	18
umn	2037638	13
umo	2037651	40
ump	2037691	40
umq	2037731	3
umr	2037734	9
ums	2037743	36
umt	2037779	6
umu	2037785	41
umx	2037826	1
umy	2037827	13
umz	2037840	3
un 	2037843	1363
un'	2039206	3
un-	2039209	22
un.	2039231	1
un/	2039232	1
una	2039233	3268
unb	2042501	21
unc	2042522	213
und	2042735	806
une	2043541	493
unf	2044034	15
ung	2044049	751
unh	2044800	24
uni	2044824	8760
unj	2053584	81
unk	2053665	79
unl	2053744	7
unm	2053751	34
unn	2053785	49
uno	2053834	56
unp	2053890	8
unq	2053898	3
unr	2053901	3
uns	2053904	101
unt	2054005	4060
unu	2058065	40
unw	2058105	3
unx	2058108	1
uny	2058109	21
unz	2058130	12
uo 	2058142	80
uoa	2058222	1
uob	2058223	45
uoc	2058268	19
uod	2058287	1
uog	2058288	1
uoh	2058289	8
uoi	2058297	8
uoj	2058305	2
uok	2058307	77
uol	2058384	9
uom	2058393	14
uon	2058407	61
uop	2058468	2
uor	2058470	7
uos	2058477	2
uot	2058479	10
uou	2058489	3
uov	2058492	3
uoy	2058495	3
uoz	2058498	4
up 	2058502	33
"up"""	2058535	1
up'	2058536	1
up-	2058537	1
up/	2058538	1
upa	2058539	1069
upc	2059608	1
upe	2059609	70
uph	2059679	18
upi	2059697	49
upk	2059746	2
upl	2059748	5
upm	2059753	1
upn	2059754	20
upo	2059774	21
upp	2059795	110
upr	2059905	4
ups	2059909	22
upt	2059931	3
upu	2059934	22
upv	2059956	1
upw	2059957	1
upy	2059958	1
uq 	2059959	8
uqa	2059967	9
uqd	2059976	1
uqe	2059977	1
uqi	2059978	4
uqm	2059982	1
uqo	2059983	1
uqs	2059984	4
uqu	2059988	78
ur 	2060066	630
ur'	2060696	15
ur-	2060711	25
ur/	2060736	3
ura	2060739	848
urb	2061587	305
urc	2061892	40
urd	2061932	62
ure	2061994	546
urf	2062540	19
urg	2062559	498
urh	2063057	15
uri	2063072	771
urj	2063843	11
urk	2063854	1227
url	2065081	36
urm	2065117	73
urn	2065190	90
uro	2065280	184
urp	2065464	15
urq	2065479	5
urr	2065484	57
urs	2065541	190
urt	2065731	129
uru	2065860	527
urv	2066387	24
urw	2066411	6
urx	2066417	17
ury	2066434	212
urz	2066646	45
us 	2066691	4386
us'	2071077	5
us)	2071082	2
us-	2071084	3
usa	2071087	3400
usb	2074487	4
usc	2074491	46
usd	2074537	5
use	2074542	114
usf	2074656	2
usg	2074658	4
ush	2074662	317
usi	2074979	88
usk	2075067	140
usl	2075207	13
usm	2075220	8
usn	2075228	8
uso	2075236	34
usp	2075270	6
usq	2075276	5
usr	2075281	3
uss	2075284	2878
ust	2078162	856
usu	2079018	68
usv	2079086	2
usw	2079088	3
usy	2079091	1
usz	2079092	8
ut 	2079100	157
ut'	2079257	2
ut-	2079259	51
ut`	2079310	3
uta	2079313	341
utb	2079654	1
utc	2079655	8
ute	2079663	131
uth	2079794	1140
uti	2080934	142
utj	2081076	2
utk	2081078	5
utl	2081083	79
utm	2081162	1
utn	2081163	19
uto	2081182	227
utp	2081409	1
utr	2081410	49
uts	2081459	103
utt	2081562	166
utu	2081728	164
utw	2081892	1
uty	2081893	2
utz	2081895	4
uu 	2081899	32
uu+	2081931	4
uu-	2081935	2
uu:	2081937	2
uub	2081939	5
uuc	2081944	2
uud	2081946	16
uue	2081962	111
uug	2082073	2
uuh	2082075	10
uuj	2082085	1
uuk	2082086	53
uul	2082139	28
uum	2082167	7
uun	2082174	42
uuo	2082216	3
uup	2082219	4
uuq	2082223	1
uur	2082224	79
uus	2082303	44
uut	2082347	6
uuv	2082353	2
uv 	2082355	12
uva	2082367	103
uvd	2082470	1
uve	2082471	74
uvg	2082545	1
uvh	2082546	1
uvi	2082547	14
uvn	2082561	2
uvo	2082563	9
uvr	2082572	2
uvs	2082574	28
uvu	2082602	9
uvw	2082611	1
uw 	2082612	8
uwa	2082620	185
uwe	2082805	16
uwg	2082821	1
uwi	2082822	6
uwk	2082828	1
uwo	2082829	4
uwu	2082833	4
uww	2082837	1
ux 	2082838	101
ux-	2082939	5
ux/	2082944	1
uxa	2082945	6
uxc	2082951	3
uxe	2082954	120
uxf	2083074	1
uxh	2083075	1
uxi	2083076	9
uxo	2083085	17
uxp	2083102	5
uxt	2083107	15
uxu	2083122	1
uxv	2083123	1
uy 	2083124	243
uy-	2083367	1
uya	2083368	67
uyb	2083435	6
uyc	2083441	1
uye	2083442	618
uyg	2084060	19
uyh	2084079	1
uyi	2084080	20
uyk	2084100	1
uyl	2084101	14
uym	2084115	2
uyn	2084117	6
uyo	2084123	32
uyq	2084155	1
uyr	2084156	1
uys	2084157	17
uyt	2084174	2
uyu	2084176	51
uyz	2084227	1
uz 	2084228	634
uz-	2084862	2
uza	2084864	148
uzb	2085012	236
uzc	2085248	13
uzd	2085261	5
uze	2085266	72
uzg	2085338	8
uzh	2085346	89
uzi	2085435	48
uzk	2085483	4
uzl	2085487	9
uzm	2085496	8
uzn	2085504	11
uzo	2085515	48
uzp	2085563	1
uzq	2085564	1
uzr	2085565	1
uzs	2085566	6
uzu	2085572	27
uzw	2085599	1
uzx	2085600	1
uzy	2085601	2
uzz	2085603	5
v +	2085608	1
v 0	2085609	1
v 1	2085610	2
v 2	2085612	3
v 3	2085615	3
v 4	2085618	2
v 5	2085620	1
v 6	2085621	4
v 7	2085625	2
v `	2085627	1
v a	2085628	29
v b	2085657	39
v c	2085696	83
v d	2085779	45
v e	2085824	8
v f	2085832	1
v g	2085833	26
v h	2085859	5
v i	2085864	6
v j	2085870	9
v k	2085879	23
v l	2085902	640
v m	2086542	76
v n	2086618	13
v o	2086631	27
v p	2086658	32
v q	2086690	5
v r	2086695	127
v s	2086822	86
v t	2086908	32
v u	2086940	28
v v	2086968	11
v w	2086979	1
v z	2086980	1
v' 	2086981	7
v'-	2086988	2
v'e	2086990	2
v'i	2086992	3
v'l	2086995	2
v'r	2086997	3
v's	2087000	2
v'y	2087002	3
v-i	2087005	2
v-k	2087007	1
v-o	2087008	1
v-p	2087009	2
v-s	2087011	1
v-t	2087012	2
v-v	2087014	1
v-y	2087015	1
v. 	2087016	7
va 	2087023	863
va'	2087886	9
va,	2087895	26
va-	2087921	10
vaa	2087931	52
vab	2087983	3
vac	2087986	149
vad	2088135	785
vae	2088920	16
vaf	2088936	1
vag	2088937	20
vah	2088957	6
vai	2088963	58
vaj	2089021	8
vak	2089029	119
val	2089148	682
vam	2089830	18
van	2089848	474
vao	2090322	21
vap	2090343	5
vaq	2090348	1
var	2090349	462
vas	2090811	475
vat	2091286	66
vau	2091352	31
vav	2091383	19
vaw	2091402	2
vax	2091404	3
vay	2091407	25
vaz	2091432	10
vb 	2091442	2
vba	2091444	2
vbe	2091446	1
vbh	2091447	1
vbr	2091448	1
vbv	2091449	1
vc 	2091450	9
vca	2091459	2
vce	2091461	7
vch	2091468	4
vci	2091472	32
vco	2091504	1
vct	2091505	6
vd 	2091511	24
vda	2091535	10
vde	2091545	5
vdi	2091550	27
vdo	2091577	2
ve 	2091579	727
ve)	2092306	1
ve-	2092307	9
ve/	2092316	1
vea	2092317	30
veb	2092347	1
vec	2092348	66
ved	2092414	34
vee	2092448	19
vef	2092467	1
veg	2092468	45
veh	2092513	15
vei	2092528	73
vej	2092601	6
vek	2092607	2
vel	2092609	170
vem	2092779	31
ven	2092810	862
veo	2093672	2
ver	2093674	1271
ves	2094945	195
vet	2095140	106
veu	2095246	1
vev	2095247	3
vey	2095250	11
vez	2095261	24
vf 	2095285	1
vg 	2095286	2
vga	2095288	3
vge	2095291	2
vgg	2095293	2
vgh	2095295	1
vgl	2095296	1
vgn	2095297	1
vgo	2095298	36
vgr	2095334	27
vh 	2095361	1
vha	2095362	28
vhe	2095390	3
vhl	2095393	1
vho	2095394	1
vhr	2095395	1
vhu	2095396	4
vi 	2095400	173
vi+	2095573	1
vi-	2095574	27
vi.	2095601	2
via	2095603	876
vib	2096479	6
vic	2096485	276
vid	2096761	116
vie	2096877	980
vig	2097857	14
vih	2097871	13
vii	2097884	26
vij	2097910	12
vik	2097922	43
vil	2097965	496
vim	2098461	6
vin	2098467	1651
vio	2100118	7
vip	2100125	3
viq	2100128	7
vir	2100135	293
vis	2100428	264
vit	2100692	221
viu	2100913	4
viv	2100917	37
viy	2100954	31
viz	2100985	12
vja	2100997	1
vje	2100998	4
vk 	2101002	1
vka	2101003	25
vkh	2101028	4
vki	2101032	2
vks	2101034	1
vl 	2101035	7
vl'	2101042	4
vl@	2101046	1
vla	2101047	65
vle	2101112	20
vlg	2101132	2
vli	2101134	14
vlj	2101148	16
vlm	2101164	1
vln	2101165	1
vlo	2101166	42
vls	2101208	1
vly	2101209	3
vm 	2101212	2
vmn	2101214	2
vn 	2101216	788
vna	2102004	5
vne	2102009	6
vng	2102015	3
vni	2102018	52
vnm	2102070	780
vnn	2102850	1
vno	2102851	4
vnp	2102855	1
vns	2102856	2
vny	2102858	20
vo 	2102878	397
vo-	2103275	35
vo.	2103310	1
voa	2103311	17
vob	2103328	168
voc	2103496	6
vod	2103502	66
voe	2103568	5
vog	2103573	12
voh	2103585	10
voi	2103595	95
voj	2103690	14
vok	2103704	11
vol	2103715	176
vom	2103891	20
von	2103911	60
voo	2103971	18
vop	2103989	3
vor	2103992	155
vos	2104147	76
vot	2104223	14
vou	2104237	24
vov	2104261	5
vow	2104266	1
voy	2104267	9
voz	2104276	14
vpa	2104290	1
vpi	2104291	2
vpu	2104293	1
vqo	2104294	1
vr 	2104295	4
vr-	2104299	1
vra	2104300	113
vrb	2104413	6
vrc	2104419	1
vrd	2104420	2
vre	2104422	28
vrg	2104450	1
vrh	2104451	2
vri	2104453	19
vrl	2104472	1
vrn	2104473	2
vro	2104475	48
vrp	2104523	1
vrs	2104524	3
vrt	2104527	12
vry	2104539	3
vs 	2104542	35
vs'	2104577	51
vsa	2104628	4
vsb	2104632	1
vsc	2104633	1
vse	2104634	11
vsg	2104645	30
vsh	2104675	11
vsi	2104686	3
vsj	2104689	1
vsk	2104690	1285
vst	2105975	4
vt 	2105979	4
vta	2105983	1
vte	2105984	1
vti	2105985	1
vtm	2105986	1
vto	2105987	79
vts	2106066	8
vtt	2106074	106
vu 	2106180	68
vua	2106248	5
vub	2106253	1
vuc	2106254	2
vue	2106256	5
vug	2106261	2
vuh	2106263	1
vui	2106264	1
vuk	2106265	38
vul	2106303	24
vum	2106327	10
vun	2106337	11
vuo	2106348	4
vur	2106352	8
vus	2106360	9
vut	2106369	11
vuv	2106380	1
vuz	2106381	3
vv 	2106384	1
vv-	2106385	3
vva	2106388	2
vve	2106390	1
vvh	2106391	1
vvi	2106392	1
vvo	2106393	1
vvu	2106394	1
vwe	2106395	1
vwi	2106396	1
vwv	2106397	1
vy 	2106398	20
vya	2106418	22
vyb	2106440	2
vyc	2106442	2
vye	2106444	5
vyg	2106449	1
vyi	2106450	6
vyk	2106456	2
vyl	2106458	2
vym	2106460	2
vyn	2106462	2
vys	2106464	16
vyt	2106480	2
vyu	2106482	5
vyv	2106487	1
vyy	2106488	5
vyz	2106493	2
vz 	2106495	7
vza	2106502	1
vze	2106503	1
vzh	2106504	1
v~l	2106505	4
w (	2106509	2
w 0	2106511	5
w 1	2106516	2
w @	2106518	1
w `	2106519	32
w a	2106551	33
w b	2106584	99
w c	2106683	141
w d	2106824	43
w e	2106867	17
w f	2106884	7
w g	2106891	173
w h	2107064	26
w i	2107090	9
w j	2107099	135
w k	2107234	139
w l	2107373	43
w m	2107416	118
w n	2107534	34
w o	2107568	10
w p	2107578	40
w q	2107618	16
w r	2107634	44
w s	2107678	166
w t	2107844	41
w u	2107885	2
w v	2107887	7
w w	2107894	19
w y	2107913	65
w z	2107978	163
w' 	2108141	3
w'a	2108144	1
w) 	2108145	3
w-d	2108148	1
w-l	2108149	1
w-t	2108150	1
w-w	2108151	1
w-y	2108152	1
w.p	2108153	2
w@ 	2108155	12
w` 	2108167	3
w`l	2108170	1
w`n	2108171	1
w`r	2108172	2
w`w	2108174	1
w`y	2108175	1
wa 	2108176	763
wa'	2108939	53
wa-	2108992	55
waa	2109047	56
wab	2109103	24
wac	2109127	8
wad	2109135	136
wae	2109271	9
waf	2109280	2
wag	2109282	23
wah	2109305	73
wai	2109378	178
waj	2109556	17
wak	2109573	129
wal	2109702	298
wam	2110000	21
wan	2110021	1228
wao	2111249	3
wap	2111252	9
waq	2111261	3
war	2111264	266
was	2111530	174
wat	2111704	168
wau	2111872	8
wav	2111880	2
waw	2111882	6
way	2111888	476
waz	2112364	21
wb 	2112385	42
wb@	2112427	3
wba	2112430	3
wbe	2112433	3
wbk	2112436	6
wbl	2112442	6
wbr	2112448	5
wbs	2112453	2
wbt	2112455	1
wbw	2112456	4
wby	2112460	24
wc 	2112484	1
wca	2112485	2
wch	2112487	7
wci	2112494	1
wco	2112495	1
wd 	2112496	35
wd@	2112531	3
wda	2112534	10
wdb	2112544	2
wde	2112546	5
wdh	2112551	1
wdi	2112552	2
wdk	2112554	2
wdm	2112556	2
wdn	2112558	4
wdo	2112562	1
wdr	2112563	6
wds	2112569	3
wdu	2112572	1
wdw	2112573	2
wdy	2112575	34
we 	2112609	134
we-	2112743	1
wea	2112744	12
web	2112756	15
wec	2112771	2
wed	2112773	319
wee	2113092	16
weg	2113108	7
weh	2113115	3
wei	2113118	39
wej	2113157	2
wek	2113159	8
wel	2113167	75
wem	2113242	5
wen	2113247	64
weo	2113311	42
wer	2113353	85
wes	2113438	960
wet	2114398	13
wew	2114411	1
wex	2114412	2
wey	2114414	12
wez	2114426	2
wf 	2114428	42
wf`	2114470	1
wfh	2114471	1
wfi	2114472	1
wfo	2114473	290
wfq	2114763	1
wfr	2114764	1
wft	2114765	1
wfy	2114766	2
wg 	2114768	3
wga	2114771	1
wgh	2114772	1
wgl	2114773	2
wgn	2114775	3
wgr	2114778	2
wgu	2114780	1
wgy	2114781	2
wgz	2114783	1
wh 	2114784	23
wh@	2114807	5
wha	2114812	25
whb	2114837	1
whd	2114838	4
whe	2114842	11
whh	2114853	1
whi	2114854	46
whj	2114900	5
whl	2114905	3
whm	2114908	2
whn	2114910	1
who	2114911	1
whr	2114912	6
whs	2114918	1
wht	2114919	6
whw	2114925	1
why	2114926	3
whz	2114929	2
wi 	2114931	71
wi'	2115002	1
wi-	2115003	3
wia	2115006	342
wib	2115348	1
wic	2115349	54
wid	2115403	5
wie	2115408	120
wif	2115528	6
wig	2115534	14
wih	2115548	2
wii	2115550	16
wij	2115566	31
wik	2115597	2
wil	2115599	239
wim	2115838	6
win	2115844	93
wio	2115937	1
wip	2115938	2
wir	2115940	4
wis	2115944	94
wit	2116038	198
wiw	2116236	4
wiy	2116240	3
wj 	2116243	8
wj@	2116251	1
wjb	2116252	1
wjd	2116253	3
wjh	2116256	1
wjn	2116257	2
wjr	2116259	2
wjy	2116261	1
wjz	2116262	1
wk 	2116263	17
wk@	2116280	2
wka	2116282	9
wkb	2116291	1
wke	2116292	10
wkf	2116302	1
wkh	2116303	7
wki	2116310	3
wkl	2116313	1
wkn	2116314	2
wko	2116316	2
wkr	2116318	2
wks	2116320	3
wku	2116323	2
wkw	2116325	1
wky	2116326	4
wk~	2116330	1
wl 	2116331	29
wl@	2116360	2
wl`	2116362	1
wla	2116363	20
wld	2116383	21
wle	2116404	7
wlf	2116411	11
wlg	2116422	3
wlh	2116425	2
wli	2116427	4
wlj	2116431	1
wlk	2116432	3
wll	2116435	1
wlm	2116436	6
wln	2116442	1
wlo	2116443	6
wlp	2116449	2
wlq	2116451	1
wls	2116452	38
wlt	2116490	4
wlu	2116494	1
wlv	2116495	1
wlw	2116496	1
wlx	2116497	1
wly	2116498	189
wl~	2116687	2
wm 	2116689	23
wm@	2116712	3
wm`	2116715	1
wma	2116716	6
wmd	2116722	1
wme	2116723	1
wmh	2116724	1
wmn	2116725	3
wmr	2116728	4
wms	2116732	1
wmt	2116733	1
wmy	2116734	2
wm~	2116736	1
wn 	2116737	331
wn-	2117068	4
wn@	2117072	9
wn`	2117081	1
wna	2117082	3
wnc	2117085	3
wnd	2117088	11
wne	2117099	6
wng	2117105	48
wnh	2117153	2
wni	2117155	4
wnj	2117159	10
wnk	2117169	6
wnl	2117175	2
wnm	2117177	2
wnn	2117179	2
wno	2117181	2
wnp	2117183	2
wnr	2117185	2
wns	2117187	23
wnt	2117210	3
wnw	2117213	8
wny	2117221	53
wnz	2117274	1
wn~	2117275	3
wo 	2117278	46
wob	2117324	1
woc	2117325	2
wod	2117327	21
woe	2117348	2
wog	2117350	1
woi	2117351	15
woj	2117366	16
wok	2117382	2
wol	2117384	39
wom	2117423	2
won	2117425	57
woo	2117482	93
woq	2117575	4
wor	2117579	49
wos	2117628	4
wot	2117632	5
wou	2117637	6
wow	2117643	3
woy	2117646	1
woz	2117647	1
wp 	2117648	2
wp.	2117650	1
wpa	2117651	1
wpd	2117652	1
wph	2117653	1
wpn	2117654	2
wpo	2117656	6
wpw	2117662	1
wpy	2117663	1
wq 	2117664	11
wq@	2117675	1
wqd	2117676	1
wqf	2117677	1
wqn	2117678	1
wqr	2117679	7
wqs	2117686	1
wqt	2117687	1
wqw	2117688	3
wqy	2117691	5
wr 	2117696	78
wr@	2117774	21
wr`	2117795	2
wra	2117797	13
wrb	2117810	3
wrd	2117813	15
wre	2117828	24
wrg	2117852	3
wrh	2117855	3
wri	2117858	7
wrj	2117865	2
wrk	2117867	5
wrl	2117872	5
wrm	2117877	5
wrn	2117882	5
wro	2117887	4
wrq	2117891	1
wrr	2117892	10
wrs	2117902	2
wrt	2117904	4
wrv	2117908	1
wrw	2117909	5
wrx	2117914	1
wry	2117915	10
wrz	2117925	4
ws 	2117929	62
ws-	2117991	1
ws@	2117992	9
ws`	2118001	2
wsa	2118003	16
wsb	2118019	1
wsc	2118020	3
wsf	2118023	4
wsh	2118027	31
wsi	2118058	1
wsk	2118059	112
wsl	2118171	6
wsm	2118177	28
wsn	2118205	2
wso	2118207	8
wsq	2118215	2
wsr	2118217	3
wst	2118220	17
wsx	2118237	1
wsy	2118238	9
ws~	2118247	1
wt 	2118248	53
wt@	2118301	4
wta	2118305	4
wtc	2118309	1
wth	2118310	7
wtj	2118317	1
wtl	2118318	1
wtm	2118319	1
wtn	2118320	1
wto	2118321	11
wts	2118332	1
wtt	2118333	5
wty	2118338	4
wu 	2118342	44
wua	2118386	5
wub	2118391	1
wud	2118392	4
wue	2118396	1
wuh	2118397	3
wuj	2118400	2
wuk	2118402	1
wul	2118403	5
wum	2118408	3
wun	2118411	3
wur	2118414	10
wus	2118424	11
wut	2118435	5
wuw	2118440	1
wux	2118441	1
wuz	2118442	3
wv 	2118445	2
ww 	2118447	4
wwa	2118451	11
wwd	2118462	1
wwk	2118463	1
wwo	2118464	1
wwr	2118465	1
wws	2118466	1
wwz	2118467	1
wx 	2118468	1
wy 	2118469	27
wy@	2118496	8
wy`	2118504	2
wya	2118506	4
wyb	2118510	2
wyd	2118512	22
wye	2118534	14
wyf	2118548	3
wyh	2118551	6
wyj	2118557	1
wyk	2118558	11
wyl	2118569	5
wym	2118574	2
wyn	2118576	19
wyo	2118595	27
wyp	2118622	1
wyq	2118623	2
wyr	2118625	12
wys	2118637	10
wyt	2118647	6
wyy	2118653	7
wyz	2118660	8
wz 	2118668	14
wza	2118682	3
wzb	2118685	2
wzg	2118687	1
wzh	2118688	2
wzj	2118690	12
wzk	2118702	2
wzl	2118704	2
wzm	2118706	1
wzn	2118707	1
wzq	2118708	1
wzr	2118709	5
wzs	2118714	1
wzw	2118715	2
wzy	2118717	4
w~ 	2118721	4
x 1	2118725	1
x 5	2118726	1
x 6	2118727	1
x a	2118728	27
x b	2118755	10
x c	2118765	51
x d	2118816	13
x e	2118829	15
x f	2118844	49
x g	2118893	6
x h	2118899	3
x i	2118902	22
x j	2118924	2
x k	2118926	13
x l	2118939	9
x m	2118948	2521
x n	2121469	17
x o	2121486	3
x p	2121489	12
x q	2121501	2
x r	2121503	16
x s	2121519	29
x t	2121548	32
x u	2121580	12
x v	2121592	17
x w	2121609	6
x y	2121615	5
x z	2121620	2
x's	2121622	2
x-d	2121624	2
x-f	2121626	1
x-o	2121627	1
x-p	2121628	1
x-s	2121629	2
x-x	2121631	3
x. 	2121634	4
x/b	2121638	1
xa 	2121639	86
xa-	2121725	4
xaa	2121729	2
xab	2121731	6
xac	2121737	574
xad	2122311	5
xae	2122316	1
xag	2122317	2
xai	2122319	48
xak	2122367	3
xal	2122370	14
xam	2122384	6
xan	2122390	39
xap	2122429	3
xaq	2122432	1
xar	2122433	17
xas	2122450	262
xat	2122712	4
xav	2122716	8
xax	2122724	1
xay	2122725	14
xaz	2122739	2
xbi	2122741	1
xbo	2122742	2
xbu	2122744	1
xby	2122745	1
xca	2122746	85
xce	2122831	2
xch	2122833	5
xci	2122838	11
xco	2122849	19
xcu	2122868	4
xe 	2122872	22
xe-	2122894	2
xeb	2122896	1
xec	2122897	1
xed	2122898	2
xei	2122900	8
xek	2122908	6
xel	2122914	5
xem	2122919	118
xen	2123037	5
xep	2123042	1
xer	2123043	5
xes	2123048	1
xet	2123049	4
xeu	2123053	1
xew	2123054	1
xex	2123055	1
xey	2123056	5
xf 	2123061	1
xfi	2123062	1
xfo	2123063	6
xg 	2123069	1
xga	2123070	1
xgh	2123071	1
xha	2123072	3
xho	2123075	2
xhu	2123077	10
xi 	2123087	123
xi'	2123210	1
xi.	2123211	2
xia	2123213	175
xic	2123388	2547
xie	2125935	14
xig	2125949	2
xii	2125951	7
xil	2125958	7
xim	2125965	5
xin	2125970	73
xio	2126043	17
xiq	2126060	1
xir	2126061	2
xis	2126063	7
xit	2126070	4
xiu	2126074	2
xiv	2126076	2
xix	2126078	5
xiz	2126083	3
xj 	2126086	1
xjo	2126087	1
xk 	2126088	45
xko	2126133	1
xku	2126134	2
xkx	2126136	45
xla	2126181	1
xle	2126182	2
xlo	2126184	1
xma	2126185	2
xme	2126187	4
xmi	2126191	1
xmo	2126192	1
xo 	2126193	13
xo'	2126206	1
xoa	2126207	1
xob	2126208	1
xoc	2126209	23
xoj	2126232	1
xol	2126233	2
xom	2126235	2
xon	2126237	32
xop	2126269	1
xor	2126270	35
xos	2126305	1
xot	2126306	5
xou	2126311	2
xox	2126313	5
xpa	2126318	9
xpe	2126327	4
xqu	2126331	6
xru	2126337	1
xs 	2126338	1
xsh	2126339	1
xsm	2126340	1
xsw	2126341	1
xta	2126342	28
xte	2126370	25
xti	2126395	5
xtl	2126400	50
xto	2126450	11
xtr	2126461	6
xu 	2126467	15
xua	2126482	9
xub	2126491	1
xuc	2126492	1
xud	2126493	2
xue	2126495	1
xuk	2126496	1
xul	2126497	2
xum	2126499	3
xun	2126502	5
xuo	2126507	2
xup	2126509	2
xur	2126511	1
xus	2126512	1
xut	2126513	2
xuy	2126515	9
xuz	2126524	1
xv.	2126525	1
xvd	2126526	1
xve	2126527	2
xvi	2126529	4
xwa	2126533	1
xwe	2126534	1
xx.	2126535	1
xxa	2126536	1
xxi	2126537	3
xyl	2126540	4
xz 	2126544	1
y '	2126545	1
y (	2126546	50
y -	2126596	1
y /	2126597	3
y 0	2126600	18
y 1	2126618	7
y 2	2126625	4
y 3	2126629	8
y 4	2126637	4
y 5	2126641	5
y 6	2126646	4
y 7	2126650	1
y 8	2126651	1
y `	2126652	79
y a	2126731	769
y b	2127500	871
y c	2128371	3873
y d	2132244	1784
y e	2134028	146
y f	2134174	98
y g	2134272	451
y h	2134723	389
y i	2135112	241
y j	2135353	343
y k	2135696	1192
y l	2136888	355
y m	2137243	1002
y n	2138245	784
y o	2139029	1410
y p	2140439	657
y q	2141096	67
y r	2141163	2010
y s	2143173	935
y t	2144108	349
y u	2144457	441
y v	2144898	287
y w	2145185	149
y x	2145334	9
y y	2145343	89
y z	2145432	134
y' 	2145566	4
y'a	2145570	1
y'i	2145571	1
y's	2145572	6
y) 	2145578	7
y, 	2145585	75
y-a	2145660	6
y-b	2145666	5
y-c	2145671	2
y-d	2145673	1
y-e	2145674	1
y-g	2145675	2
y-k	2145677	1
y-m	2145678	31
y-n	2145709	1
y-t	2145710	6
y-v	2145716	2
y-w	2145718	1
y-y	2145719	2
y.s	2145721	1
y.y	2145722	1
y/c	2145723	5
y/l	2145728	7
y/m	2145735	3
y/r	2145738	2
y/t	2145740	1
y/v	2145741	3
y/w	2145744	1
y@ 	2145745	529
y@-	2146274	2
y@_	2146276	1
y` 	2146277	5
y`@	2146282	4
y`a	2146286	1
y`d	2146287	2
y`l	2146289	1
y`m	2146290	1
y`n	2146291	2
y`q	2146293	1
y`y	2146294	4
ya 	2146298	2667
ya'	2148965	3
ya)	2148968	1
ya,	2148969	145
ya-	2149114	22
ya;	2149136	1
ya]	2149137	1
yaa	2149138	72
yab	2149210	144
yac	2149354	171
yad	2149525	47
yae	2149572	8
yaf	2149580	5
yag	2149585	106
yah	2149691	276
yai	2149967	62
yaj	2150029	1
yak	2150030	66
yal	2150096	92
yam	2150188	254
yan	2150442	689
yao	2151131	21
yap	2151152	66
yaq	2151218	1
yar	2151219	266
yas	2151485	118
yat	2151603	182
yau	2151785	44
yav	2151829	15
yaw	2151844	13
yax	2151857	4
yay	2151861	19
yaz	2151880	87
yb 	2151967	17
yb@	2151984	12
yba	2151996	21
ybb	2152017	2
ybd	2152019	2
ybe	2152021	61
ybh	2152082	2
ybi	2152084	14
ybk	2152098	4
ybn	2152102	6
ybo	2152108	5
ybr	2152113	18
ybs	2152131	3
ybt	2152134	2
ybu	2152136	10
ybw	2152146	12
yby	2152158	15
ybz	2152173	2
yca	2152175	5
ycc	2152180	6
yce	2152186	6
ych	2152192	54
yci	2152246	1
yck	2152247	9
yco	2152256	1
ycr	2152257	1
ycu	2152258	4
ycy	2152262	1
ycz	2152263	1
yd 	2152264	56
yd@	2152320	16
yda	2152336	74
ydb	2152410	1
ydd	2152411	43
yde	2152454	14
ydf	2152468	1
ydg	2152469	3
ydh	2152472	3
ydi	2152475	28
ydj	2152503	4
ydl	2152507	1
ydm	2152508	12
ydn	2152520	5
ydo	2152525	5
ydr	2152530	4
yds	2152534	5
ydu	2152539	3
ydv	2152542	1
ydw	2152543	5
ydy	2152548	51
ye 	2152599	1624
ye-	2154223	7
ye`	2154230	2
yea	2154232	6
yeb	2154238	4
yec	2154242	9
yed	2154251	9
yee	2154260	2
yef	2154262	2
yeg	2154264	21
yeh	2154285	25
yei	2154310	8
yej	2154318	1
yek	2154319	7
yel	2154326	50
yem	2154376	365
yen	2154741	645
yeo	2155386	323
yep	2155709	3
yeq	2155712	4
yer	2155716	62
yes	2155778	69
yet	2155847	33
yeu	2155880	3
yev	2155883	116
yew	2155999	2
yey	2156001	35
yez	2156036	1
yf 	2156037	27
yf@	2156064	6
yfa	2156070	11
yfh	2156081	1
yfi	2156082	7
yfn	2156089	2
yfo	2156091	3
yfr	2156094	2
yfw	2156096	1
yfy	2156097	1
yg 	2156098	1
yg'	2156099	3
yg@	2156102	1
yga	2156103	8
ygd	2156111	13
yge	2156124	11
ygg	2156135	11
ygh	2156146	30
ygi	2156176	6
ygk	2156182	1
ygl	2156183	1
ygn	2156184	2
ygo	2156186	5
ygu	2156191	22
ygw	2156213	2
yh 	2156215	37
yh@	2156252	1
yha	2156253	19
yhd	2156272	1
yhe	2156273	2
yhi	2156275	1
yhk	2156276	1
yhl	2156277	4
yho	2156281	2
yhr	2156283	1
yht	2156284	1
yhu	2156285	3
yhw	2156288	2
yi 	2156290	263
yi-	2156553	4
yia	2156557	2
yib	2156559	2
yic	2156561	5
yid	2156566	6
yif	2156572	1
yig	2156573	12
yih	2156585	1
yii	2156586	4
yij	2156590	2
yik	2156592	8
yil	2156600	10
yim	2156610	6
yin	2156616	65
yir	2156681	13
yis	2156694	10
yit	2156704	8
yiv	2156712	21
yiw	2156733	2
yiy	2156735	1
yiz	2156736	4
yj 	2156740	17
yj@	2156757	1
yja	2156758	46
yjl	2156804	1
yjm	2156805	1
yjn	2156806	7
yjr	2156813	5
yjs	2156818	1
yjy	2156819	2
yk 	2156821	15
yk'	2156836	63
yk-	2156899	7
yk@	2156906	2
yk`	2156908	2
yka	2156910	52
ykd	2156962	2
yke	2156964	2
ykh	2156966	48
yki	2157014	19
ykj	2157033	3
ykk	2157036	2
ykl	2157038	3
ykm	2157041	1
yko	2157042	22
ykp	2157064	1
ykr	2157065	2
yks	2157067	8
ykt	2157075	4
yku	2157079	21
ykv	2157100	1
yky	2157101	1
yl 	2157102	65
yl'	2157167	3
yl@	2157170	13
yl`	2157183	3
yla	2157186	91
ylb	2157277	4
yld	2157281	9
yle	2157290	16
ylg	2157306	1
ylh	2157307	9
yli	2157316	20
ylk	2157336	16
yll	2157352	46
ylm	2157398	14
yln	2157412	3
ylo	2157415	39
ylq	2157454	2
ylr	2157456	1
yls	2157457	12
ylt	2157469	7
ylu	2157476	2
ylv	2157478	74
ylw	2157552	3
yly	2157555	18
ylz	2157573	2
yl~	2157575	1
ym 	2157576	165
ym@	2157741	4
yma	2157745	79
ymb	2157824	4
yme	2157828	13
ymg	2157841	2
ymh	2157843	4
ymi	2157847	8
ymj	2157855	1
ymk	2157856	5
yml	2157861	4
ymm	2157865	1
ymn	2157866	11
ymo	2157877	18
ymp	2157895	3
ymq	2157898	2
ymr	2157900	7
yms	2157907	15
ymt	2157922	2
ymu	2157924	3
ymv	2157927	3
ymw	2157930	7
ymy	2157937	14
ymz	2157951	1
yn 	2157952	205
yn'	2158157	3
yn-	2158160	3
yn@	2158163	35
yn`	2158198	1
yna	2158199	39
ynb	2158238	7
ync	2158245	3
ynd	2158248	14
yne	2158262	144
yng	2158406	52
ynh	2158458	7
yni	2158465	12
ynj	2158477	2
ynk	2158479	75
ynl	2158554	2
ynm	2158556	2
ynn	2158558	7
yno	2158565	9
ynq	2158574	1
yns	2158575	61
ynt	2158636	5
ynu	2158641	3
ynw	2158644	4
yny	2158648	18
ynz	2158666	1
yo 	2158667	245
yo'	2158912	1
yo-	2158913	29
yo/	2158942	1
yoa	2158943	7
yob	2158950	24
yoc	2158974	10
yod	2158984	11
yoe	2158995	4
yog	2158999	53
yoh	2159052	3
yoi	2159055	5
yoj	2159060	2
yok	2159062	41
yol	2159103	23
yom	2159126	37
yon	2159163	1861
yoo	2161024	3
yop	2161027	5
yoq	2161032	2
yor	2161034	125
yos	2161159	41
yot	2161200	67
you	2161267	70
yov	2161337	22
yow	2161359	7
yoy	2161366	1
yoz	2161367	20
yp 	2161387	1
ypa	2161388	10
ype	2161398	3
yph	2161401	9
ypi	2161410	3
ypo	2161413	6
ypp	2161419	2
ypr	2161421	627
yps	2162048	4
ypt	2162052	172
ypu	2162224	4
ypw	2162228	1
yq 	2162229	62
yq@	2162291	1
yqb	2162292	1
yqm	2162293	1
yqn	2162294	2
yqo	2162296	5
yqr	2162301	5
yqs	2162306	2
yqu	2162308	1
yqw	2162309	1
yqz	2162310	1
yr 	2162311	112
yr'	2162423	3
yr-	2162426	3
yr@	2162429	44
yr`	2162473	1
yra	2162474	74
yrb	2162548	3
yrd	2162551	3
yre	2162554	22
yrf	2162576	3
yrg	2162579	60
yrh	2162639	13
yri	2162652	89
yrj	2162741	5
yrk	2162746	4
yrl	2162750	3
yrm	2162753	7
yrn	2162760	9
yro	2162769	10
yrp	2162779	2
yrq	2162781	1
yrr	2162782	4
yrs	2162786	20
yrt	2162806	16
yru	2162822	2
yrv	2162824	3
yrw	2162827	12
yry	2162839	23
yrz	2162862	4
ys 	2162866	119
ys'	2162985	3
ys-	2162988	8
ys.	2162996	1
ys@	2162997	1
ysa	2162998	29
ysb	2163027	2
yse	2163029	24
ysh	2163053	89
ysi	2163142	172
ysk	2163314	208
ysl	2163522	38
ysm	2163560	3
ysn	2163563	6
yso	2163569	24
ysp	2163593	1
ysq	2163594	2
ysr	2163596	5
yss	2163601	7
yst	2163608	54
ysu	2163662	8
ysv	2163670	2
ysw	2163672	2
ysy	2163674	294
ysz	2163968	3
ys~	2163971	2
yt 	2163973	85
yt-	2164058	1
yta	2164059	29
ytc	2164088	1
yte	2164089	7
yth	2164096	23
yti	2164119	20
ytj	2164139	1
ytk	2164140	2
ytl	2164142	2
ytm	2164144	1
ytn	2164145	4
yto	2164149	15
ytr	2164164	4
yts	2164168	26
ytt	2164194	2
ytu	2164196	10
ytv	2164206	1
ytw	2164207	3
yty	2164210	2
ytz	2164212	2
yu 	2164214	131
yu-	2164345	3
yua	2164348	54
yub	2164402	18
yuc	2164420	132
yud	2164552	2
yue	2164554	13
yuf	2164567	2
yug	2164569	14
yuh	2164583	1
yui	2164584	1
yuk	2164585	33
yul	2164618	16
yum	2164634	51
yun	2164685	62
yuo	2164747	1
yup	2164748	6
yuq	2164754	3
yur	2164757	43
yus	2164800	29
yut	2164829	45
yuu	2164874	25
yuw	2164899	1
yux	2164900	1
yuy	2164901	15
yuz	2164916	14
yv 	2164930	1
yva	2164931	36
yvd	2164967	1
yve	2164968	2
yvi	2164970	11
yvk	2164981	2
yvn	2164983	1
yvo	2164984	1
yvt	2164985	1
yvu	2164986	1
yvy	2164987	5
yw 	2164992	9
yw-	2165001	2
yw@	2165003	2
ywa	2165005	8
ywb	2165013	11
ywd	2165024	1
ywi	2165025	1
ywk	2165026	2
ywl	2165028	2
ywm	2165030	3
ywn	2165033	20
ywo	2165053	3
ywr	2165056	2
yws	2165058	5
ywt	2165063	8
ywy	2165071	2
ywz	2165073	1
yxa	2165074	2
yxo	2165076	1
yy 	2165077	163
yy.	2165240	1
yy`	2165241	2
yya	2165243	18
yye	2165261	2
yyg	2165263	1
yyh	2165264	1
yyi	2165265	8
yyl	2165273	2
yym	2165275	1
yyn	2165276	7
yyp	2165283	2
yyq	2165285	2
yyr	2165287	1
yys	2165288	3
yyu	2165291	6
yyy	2165297	1
yz 	2165298	15
yz@	2165313	4
yza	2165317	8
yzb	2165325	1
yzd	2165326	2
yze	2165328	1
yzf	2165329	1
yzg	2165330	19
yzh	2165349	4
yzi	2165353	3
yzl	2165356	2
yzn	2165358	5
yzo	2165363	1
yzr	2165364	4
yzs	2165368	55
yzu	2165423	1
yzw	2165424	5
yzy	2165429	29
y~c	2165458	1
y~l	2165459	1
y~n	2165460	1
y~t	2165461	4
z '	2165465	1
z 0	2165466	2
z 1	2165468	6
z 2	2165474	3
z 3	2165477	1
z 7	2165478	1
z `	2165479	2
z a	2165481	217
z b	2165698	126
z c	2165824	205
z d	2166029	946
z e	2166975	23
z f	2166998	15
z g	2167013	93
z h	2167106	40
z i	2167146	35
z j	2167181	13
z k	2167194	328
z l	2167522	81
z m	2167603	286
z n	2167889	133
z o	2168022	33
z p	2168055	111
z q	2168166	17
z r	2168183	36
z s	2168219	148
z t	2168367	248
z u	2168615	236
z v	2168851	21
z w	2168872	14
z x	2168886	3
z y	2168889	34
z z	2168923	43
z'i	2168966	1
z'k	2168967	3
z'm	2168970	1
z'y	2168971	1
z'z	2168972	1
z-a	2168973	1
z-b	2168974	1
z-e	2168975	2
z-g	2168977	1
z-l	2168978	3
z-m	2168981	1
z-n	2168982	10
z-t	2168992	1
z-u	2168993	1
z-z	2168994	8
z. 	2169002	2
z@ 	2169004	353
z@i	2169357	1
z@l	2169358	1
z`y	2169359	1
za 	2169360	431
za'	2169791	2
za-	2169793	37
zaa	2169830	6
zab	2169836	169
zac	2170005	130
zad	2170135	60
zae	2170195	3
zaf	2170198	70
zag	2170268	126
zah	2170394	38
zai	2170432	30
zaj	2170462	11
zak	2170473	350
zal	2170823	146
zam	2170969	375
zan	2171344	428
zao	2171772	16
zap	2171788	75
zaq	2171863	75
zar	2171938	256
zas	2172194	90
zat	2172284	62
zau	2172346	104
zav	2172450	87
zaw	2172537	21
zax	2172558	14
zay	2172572	13
zaz	2172585	11
zb 	2172596	1
zb@	2172597	1
zba	2172598	4
zbd	2172602	3
zbe	2172605	240
zbi	2172845	1
zbl	2172846	3
zbo	2172849	6
zbu	2172855	9
zbw	2172864	1
zby	2172865	3
zca	2172868	8
zce	2172876	10
zci	2172886	2
zco	2172888	6
zcu	2172894	2
zcz	2172896	12
zd 	2172908	14
zda	2172922	9
zde	2172931	10
zdg	2172941	1
zdi	2172942	34
zdn	2172976	2
zdo	2172978	5
zdr	2172983	4
zds	2172987	1
zdu	2172988	4
zdv	2172992	1
zdy	2172993	2
zdz	2172995	1
ze 	2172996	92
ze-	2173088	4
zea	2173092	101
zeb	2173193	10
zec	2173203	124
zed	2173327	3
zee	2173330	18
zef	2173348	3
zeg	2173351	38
zeh	2173389	4
zei	2173393	31
zej	2173424	3
zek	2173427	39
zel	2173466	66
zem	2173532	88
zen	2173620	105
zeo	2173725	1
zep	2173726	2
zeq	2173728	5
zer	2173733	353
zes	2174086	79
zet	2174165	27
zeu	2174192	9
zev	2174201	35
zew	2174236	9
zey	2174245	5
zez	2174250	4
zf 	2174254	1
zfn	2174255	1
zfr	2174256	4
zft	2174260	1
zfu	2174261	1
zfw	2174262	2
zg 	2174264	3
zg'	2174267	1
zga	2174268	42
zge	2174310	1
zgg	2174311	1
zgh	2174312	3
zgi	2174315	4
zgl	2174319	1
zgm	2174320	1
zgn	2174321	2
zgo	2174323	5
zgr	2174328	9
zgw	2174337	2
zgy	2174339	18
zh 	2174357	31
zh'	2174388	4
zh-	2174392	3
zh@	2174395	2
zha	2174397	139
zhb	2174536	1
zhd	2174537	9
zhe	2174546	155
zhg	2174701	5
zhh	2174706	1
zhi	2174707	204
zhk	2174911	2
zhl	2174913	3
zhm	2174916	4
zhn	2174920	56
zho	2174976	147
zhp	2175123	1
zhr	2175124	7
zhs	2175131	108
zht	2175239	1
zhu	2175240	75
zhw	2175315	2
zhy	2175317	18
zhz	2175335	3
zi 	2175338	198
zi'	2175536	1
zi-	2175537	3
zia	2175540	104
zib	2175644	11
zic	2175655	13
zid	2175668	19
zie	2175687	45
zif	2175732	2
zig	2175734	24
zih	2175758	5
zii	2175763	13
zij	2175776	2
zik	2175778	2
zil	2175780	5645
zim	2181425	95
zin	2181520	156
zio	2181676	27
zip	2181703	6
ziq	2181709	2
zir	2181711	224
zis	2181935	8
zit	2181943	17
ziu	2181960	3
ziv	2181963	5
ziw	2181968	1
ziy	2181969	10
ziz	2181979	78
zj 	2182057	1
zja	2182058	12
zje	2182070	2
zjm	2182072	1
zjn	2182073	1
zjo	2182074	1
zk 	2182075	1
zk'	2182076	1
zka	2182077	14
zkh	2182091	2
zki	2182093	38
zkn	2182131	1
zko	2182132	7
zkr	2182139	23
zku	2182162	4
zkw	2182166	2
zky	2182168	1
zl 	2182169	16
zl-	2182185	1
zl@	2182186	2
zla	2182188	18
zle	2182206	4
zlf	2182210	3
zli	2182213	32
zlo	2182245	7
zlq	2182252	1
zlu	2182253	7
zly	2182260	6
zm 	2182266	136
zma	2182402	16
zmb	2182418	119
zme	2182537	5
zmi	2182542	34
zml	2182576	2
zmo	2182578	2
zmw	2182580	4
zmy	2182584	1
zn 	2182585	9
zna	2182594	23
znb	2182617	2
znd	2182619	2
zne	2182621	14
zng	2182635	9
zni	2182644	39
znj	2182683	4
znl	2182687	1
znm	2182688	7
zno	2182695	26
znt	2182721	1
zny	2182722	4
zo 	2182726	94
zo-	2182820	4
zo/	2182824	1
zoa	2182825	27
zob	2182852	15
zoc	2182867	6
zod	2182873	4
zoe	2182877	4
zof	2182881	1
zog	2182882	2
zoh	2182884	1
zoi	2182885	4
zoj	2182889	1
zok	2182890	3
zol	2182893	33
zom	2182926	13
zon	2182939	270
zoo	2183209	7
zop	2183216	6
zoq	2183222	6
zor	2183228	39
zos	2183267	9
zot	2183276	9
zou	2183285	60
zov	2183345	39
zow	2183384	64
zoy	2183448	4
zoz	2183452	3
zpa	2183455	1
zpe	2183456	2
zpi	2183458	1
zpr	2183459	11
zpu	2183470	3
zq 	2183473	2
zqa	2183475	1
zqn	2183476	2
zqu	2183478	9
zqz	2183487	1
zr 	2183488	10
zr@	2183498	2
zr`	2183500	3
zra	2183503	8
zre	2183511	10
zrh	2183521	1
zri	2183522	3
zrj	2183525	1
zrl	2183526	1
zrm	2183527	1
zrn	2183528	3
zro	2183531	2
zrq	2183533	4
zrt	2183537	3
zrw	2183540	1
zry	2183541	5
zsa	2183546	3
zsi	2183549	1
zsk	2183550	26
zst	2183576	55
zt 	2183631	2
zta	2183633	5
zte	2183638	10
zth	2183648	1
zti	2183649	1
ztl	2183650	1
zto	2183651	2
ztr	2183653	2
ztu	2183655	1
ztw	2183656	16
zty	2183672	3
zu 	2183675	154
zu'	2183829	2
zu-	2183831	9
zua	2183840	30
zub	2183870	7
zuc	2183877	7
zud	2183884	1
zue	2183885	369
zuf	2184254	11
zug	2184265	7
zuh	2184272	2
zui	2184274	56
zuj	2184330	1
zuk	2184331	6
zul	2184337	65
zum	2184402	28
zun	2184430	28
zuo	2184458	53
zup	2184511	587
zuq	2185098	1
zur	2185099	84
zus	2185183	2
zut	2185185	1
zuu	2185186	10
zuw	2185196	1
zuy	2185197	5
zuz	2185202	1
zv 	2185203	1
zva	2185204	6
zve	2185210	10
zvi	2185220	13
zvo	2185233	13
zvy	2185246	1
zw 	2185247	74
zw@	2185321	1
zwa	2185322	4
zwb	2185326	4
zwd	2185330	2
zwe	2185332	75
zwf	2185407	1
zwh	2185408	1
zwi	2185409	1
zwl	2185410	1
zwn	2185411	5
zwo	2185416	2
zwr	2185418	7
zwt	2185425	2
zwy	2185427	8
zwz	2185435	1
zw~	2185436	1
zxu	2185437	1
zy 	2185438	20
zy@	2185458	5
zya	2185463	7
zyb	2185470	3
zyc	2185473	10
zyd	2185483	6
zye	2185489	5
zyg	2185494	4
zyj	2185498	1
zyk	2185499	1
zyl	2185500	21
zym	2185521	3
zyn	2185524	23
zyo	2185547	5
zyq	2185552	2
zyr	2185554	14
zys	2185568	24
zyt	2185592	3
zyu	2185595	2
zyv	2185597	2
zyw	2185599	3
zyz	2185602	6
zz 	2185608	28
zza	2185636	26
zze	2185662	1
zzg	2185663	1
zzi	2185664	7
zzo	2185671	10
zzt	2185681	1
zzu	2185682	1
z~l	2185683	1
~ a	2185684	9
~ b	2185693	6
~ c	2185699	2
~ h	2185701	6
~ i	2185707	1
~ k	2185708	5
~ l	2185713	1
~ m	2185714	16
~ n	2185730	4
~ o	2185734	1
~ p	2185735	3
~ q	2185738	2
~ r	2185740	2
~ s	2185742	6
~ t	2185748	3
~ v	2185751	1
~ w	2185752	1
~ y	2185753	3
~ ~	2185756	5
~[w	2185761	1
~ch	2185762	1
~l`	2185763	1
~ls	2185764	1
~ly	2185765	4
~l~	2185769	1
~n 	2185770	1
~ng	2185771	2
~nj	2185773	1
~rb	2185774	1
~rg	2185775	2
~rs	2185777	1
~r~	2185778	5
~sr	2185783	1
~s~	2185784	5
~t~	2185789	4
~z 	2185793	1
~z~	2185794	1
