name	'are'are	0	1
name	'auhelawa	1	1
name	a'ou	2	1
name	a-pucikwar	3	1
name	aari	4	1
name	aasax	5	1
name	abadi	6	1
name	abaga	7	1
name	abai sungai	8	1
name	abanyom	9	1
name	abar	10	1
name	abau	11	1
name	abaza	12	1
name	abe	13	1
name	abellen ayta	14	1
name	abidji	15	1
name	abinomn	16	1
name	abipon	17	1
name	abishira	18	1
name	abkhazian	19	1
name	abnaki, eastern	20	1
name	abnaki, western	21	1
name	abom	22	1
name	abon	23	1
name	abron	24	1
name	abu	25	1
name	abu' arapesh	26	1
name	abua	27	1
name	abui	28	1
name	abun	29	1
name	abure	30	1
name	abureni	31	1
name	acatepec me'phaa	32	1
name	acehnese	33	1
name	achagua	34	1
name	achang	35	1
name	ache	36	2
name	acheron	38	1
name	achi	39	1
name	achinese	40	1
name	achterhoeks	41	1
name	achuar-shiwiar	42	1
name	achumawi	43	1
name	acipa, eastern	44	1
name	acoli	45	1
name	acroa	46	1
name	adai	47	1
name	adamawa fulfulde	48	1
name	adamorobe sign language	49	1
name	adang	50	1
name	adangbe	51	1
name	adangme	52	1
name	adara	53	1
name	adasen	54	1
name	adele	55	1
name	adhola	56	1
name	adi	57	1
name	adilabad gondi	58	1
name	adioukrou	59	1
name	adithinngithigh	60	1
name	adivasi oriya	61	1
name	adiwasi garasia	62	1
name	adnyamathanha	63	1
name	adonara	64	1
name	aduge	65	1
name	adyghe	66	1
name	adzera	67	1
name	aeka	68	1
name	aekyom	69	1
name	aequian	70	1
name	aer	71	1
name	afade	72	1
name	afar	73	1
name	afghan sign language	74	1
name	afitti	75	1
name	afrihili	76	1
name	afrikaans	77	1
name	afro-seminole creole	78	1
name	agarabi	79	1
name	agariya	80	1
name	agatu	81	1
name	agavotaguerra	82	1
name	aghem	83	1
name	aghu	84	1
name	aghu-tharnggala	85	1
name	aghul	86	1
name	aghwan	87	1
name	agi	88	1
name	agob	89	1
name	agoi	90	1
name	agta, alabat island	91	1
name	agta, casiguran dumagat	92	1
name	agta, central cagayan	93	1
name	agta, dicamay	94	1
name	agta, dupaninan	95	1
name	agta, isarog	96	1
name	agta, mt. iraya	97	1
name	agta, mt. iriga	98	1
name	agta, pahanan	99	1
name	agta, umiray dumaget	100	1
name	agta, villa viciosa	101	1
name	aguacateco	102	1
name	aguano	103	1
name	aguaruna	104	1
name	aguna	105	1
name	agusan manobo	106	1
name	agutaynen	107	1
name	agwagwune	108	1
name	ahan	109	1
name	ahanta	110	1
name	aheri gondi	111	1
name	aheu	112	1
name	ahirani	113	1
name	ahom	114	1
name	ahtena	115	1
name	ahwai	116	1
name	ai-cham	117	1
name	aighon	118	1
name	aikana	119	1
name	aiklep	120	1
name	aimaq	121	1
name	aimele	122	1
name	aimol	123	1
name	ainbai	124	1
name	ainu	125	1
name	ainu (china)	126	1
name	ainu (japan)	127	1
name	aiome	128	1
name	airoran	129	1
name	aiton	130	1
name	aizi, aproumu	131	1
name	aizi, mobumrin	132	1
name	aizi, tiagbamrin	133	1
name	aja (benin)	134	1
name	aja (south sudan)	135	1
name	ajawa	136	1
name	ajie	137	1
name	ajumbu	138	1
name	ajyininka apurucayali	139	1
name	ak	140	1
name	aka	141	1
name	aka-bea	142	1
name	aka-bo	143	1
name	aka-cari	144	1
name	aka-jeru	145	1
name	aka-kede	146	1
name	aka-kol	147	1
name	aka-kora	148	1
name	akan	149	1
name	akar-bale	150	1
name	akaselem	151	1
name	akawaio	152	1
name	ake	153	1
name	akebu	154	1
name	akei	155	1
name	akeu	156	1
name	akha	157	1
name	akhvakh	158	1
name	akkadian	159	1
name	akkala sami	160	1
name	aklanon	161	1
name	akolet	162	1
name	akoose	163	1
name	akoye	164	1
name	akpa	165	1
name	akpes	166	1
name	akrukay	167	1
name	akukem	168	1
name	akuku	169	1
name	akum	170	1
name	akuntsu	171	1
name	akurio	172	1
name	akwa	173	1
name	akyaung ari naga	174	1
name	al-sayyid bedouin sign language	175	1
name	alaba-k'abeena	176	1
name	alabama	177	1
name	alabat island agta	178	1
name	alacatlatzala mixtec	179	1
name	alago	180	1
name	alagwa	181	1
name	alak	182	1
name	alamblak	183	1
name	alangan	184	1
name	alanic	185	1
name	alapmunte	186	1
name	alawa	187	1
name	albanian	188	1
name	albanian sign language	189	1
name	albanian, arbereshe	190	1
name	albanian, arvanitika	191	1
name	albanian, gheg	192	1
name	albanian, tosk	193	1
name	albarradas sign language	194	1
name	alcozauca mixtec	195	1
name	alege	196	1
name	alekano	197	1
name	aleut	198	1
name	aleut, mednyj	199	1
name	algerian arabic	200	1
name	algerian jewish sign language	201	1
name	algerian saharan arabic	202	1
name	algerian sign language	203	1
name	algonquian, carolina	204	1
name	algonquin	205	1
name	ali	206	1
name	alladian	207	1
name	allar	208	1
name	alngith	209	1
name	alo phola	210	1
name	aloapam zapotec	211	1
name	alor	212	1
name	alsea	213	1
name	alta, northern	214	1
name	alta, southern	215	1
name	altai, northern	216	1
name	altai, southern	217	1
name	alu kurumba	218	1
name	alugu	219	1
name	alumu-tesu	220	1
name	alune	221	1
name	aluo	222	1
name	alur	223	1
name	alutor	224	1
name	alviri-vidari	225	1
name	alyawarr	226	1
name	ama (papua new guinea)	227	1
name	ama (sudan)	228	1
name	amahai	229	1
name	amahuaca	230	1
name	amaimon	231	1
name	amal	232	1
name	amami koniya sign language	233	1
name	amami-oshima, northern	234	1
name	amami-oshima, southern	235	1
name	amanab	236	1
name	amanaye	237	1
name	amara	238	1
name	amarakaeri	239	1
name	amarasi	240	1
name	amatlan zapotec	241	1
name	amba (solomon islands)	242	1
name	amba (uganda)	243	1
name	ambae, east	244	1
name	ambae, west	245	1
name	ambai	246	1
name	ambakich	247	1
name	ambala ayta	248	1
name	ambelau	249	1
name	ambele	250	1
name	amblong	251	1
name	ambo	252	1
name	ambo-pasco quechua	253	1
name	ambonese malay	254	1
name	ambrak	255	1
name	ambrym, north	256	1
name	ambrym, southeast	257	1
name	ambul	258	1
name	ambulas	259	1
name	amdang	260	1
name	amdo tibetan	261	1
name	amele	262	1
name	american english	263	1
name	american sign language	264	1
name	amganad ifugao	265	1
name	amharic	266	1
name	ami	267	1
name	amis	268	1
name	amo	269	1
name	amol	270	1
name	amoltepec mixtec	271	1
name	ampanang	272	1
name	ampari dogon	273	1
name	amri karbi	274	1
name	amto	275	1
name	amundava	276	1
name	amurdak	277	1
name	amuzgo, guerrero	278	1
name	amuzgo, ipalapa	279	1
name	amuzgo, san pedro amuzgos	280	1
name	ana tinga dogon	281	1
name	anaang	282	1
name	anakalangu	283	1
name	anal	284	1
name	anam	285	1
name	anambe	286	1
name	anamgura	287	1
name	anasi	288	1
name	anca	289	1
name	ancient egyptian	290	1
name	ancient greek	291	1
name	ancient greek (to 1453)	292	1
name	ancient hebrew	293	1
name	ancient macedonian	294	1
name	ancient north arabian	295	1
name	ancient zapotec	296	1
name	andaandi	297	1
name	andai	298	1
name	andajin	299	1
name	andalusian arabic	300	1
name	andaman creole hindi	301	1
name	andaqui	302	1
name	andarum	303	1
name	andegerebinha	304	1
name	andh	305	1
name	andi	306	1
name	andio	307	1
name	andoa	308	1
name	andoque	309	1
name	andra-hus	310	1
name	aneityum	311	1
name	anem	312	1
name	aneme wake	313	1
name	anfillo	314	1
name	angaataha	315	1
name	angaite	316	1
name	angal	317	1
name	angal enen	318	1
name	angal heneng	319	1
name	angami naga	320	1
name	angguruk yali	321	1
name	angika	322	1
name	angkamuthi	323	1
name	anglo-norman	324	1
name	angloromani	325	1
name	angolar	326	1
name	angor	327	1
name	angoram	328	1
name	angosturas tunebo	329	1
name	anguthimri	330	1
name	ani phowa	331	1
name	anii	332	1
name	animere	333	1
name	anindilyakwa	334	1
name	aninka	335	1
name	anjam	336	1
name	ankave	337	1
name	anmatyerre	338	1
name	anong	339	1
name	anor	340	1
name	anserma	341	1
name	ansus	342	1
name	antakarinya	343	1
name	antankarana malagasy	344	1
name	antigua and barbuda creole english	345	1
name	anu-hkongso chin	346	1
name	anuak	347	1
name	anufo	348	1
name	anuki	349	1
name	anus	350	1
name	anuta	351	1
name	anyin	352	1
name	anyin morofo	353	1
name	ao naga	354	1
name	aoheng	355	1
name	aore	356	1
name	ap ma	357	1
name	apache, jicarilla	358	1
name	apache, kiowa	359	1
name	apache, lipan	360	1
name	apache, mescalero-chiricahua	361	1
name	apache, western	362	1
name	apalachee	363	1
name	apalai	364	1
name	apali	365	1
name	apasco-apoala mixtec	366	1
name	apatani	367	1
name	apiaka	368	1
name	apinaye	369	1
name	apma	370	1
name	aproumu aizi	371	1
name	apurina	372	1
name	aputai	373	1
name	aquitanian	374	1
name	arabana	375	1
name	arabela	376	1
name	arabic	377	1
name	arabic, algerian	378	1
name	arabic, algerian saharan	379	1
name	arabic, andalusian	380	1
name	arabic, baharna	381	1
name	arabic, chadian	382	1
name	arabic, cypriot	383	1
name	arabic, dhofari	384	1
name	arabic, eastern egyptian bedawi	385	1
name	arabic, egyptian	386	1
name	arabic, gulf	387	1
name	arabic, hadrami	388	1
name	arabic, hijazi	389	1
name	arabic, judeo-iraqi	390	1
name	arabic, judeo-moroccan	391	1
name	arabic, judeo-tripolitanian	392	1
name	arabic, judeo-yemeni	393	1
name	arabic, levantine	394	1
name	arabic, libyan	395	1
name	arabic, mesopotamian	396	1
name	arabic, moroccan	397	1
name	arabic, najdi	398	1
name	arabic, north mesopotamian	399	1
name	arabic, omani	400	1
name	arabic, saidi	401	1
name	arabic, sanaani	402	1
name	arabic, shihhi	403	1
name	arabic, siculo	404	1
name	arabic, standard	405	1
name	arabic, sudanese	406	1
name	arabic, ta'izzi-adeni	407	1
name	arabic, tajiki	408	1
name	arabic, tunisian	409	1
name	arabic, uzbeki	410	1
name	aragonese	411	1
name	araki	412	1
name	arakwal	413	1
name	aralle-tabulahan	414	1
name	aramaic	415	1
name	aramaic, jewish babylonian (ca. 200-1200 ce)	416	1
name	aramaic, jewish palestinian	417	1
name	aramaic, official (700-300 bce)	418	1
name	aramaic, old (up to 700 bce)	419	1
name	aramaic, samaritan	420	1
name	arammba	421	1
name	aranadan	422	1
name	aranama-tamique	423	1
name	aranda, lower southern	424	1
name	arandai	425	1
name	araona	426	1
name	arapaho	427	1
name	arapaso	428	1
name	arapesh, abu'	429	1
name	arapesh, bumbita	430	1
name	arara, mato grosso	431	1
name	arara, para	432	1
name	ararandewara	433	1
name	arawak	434	1
name	arawete	435	1
name	arawum	436	1
name	arbereshe albanian	437	1
name	arbore	438	1
name	archi	439	1
name	ardhamagadhi prakrit	440	1
name	are	441	1
name	areba	442	1
name	arem	443	1
name	arequipa-la union quechua	444	1
name	argentine sign language	445	1
name	argobba	446	1
name	arguni	447	1
name	arha	448	1
name	arho	449	1
name	arhuaco	450	1
name	ari	451	1
name	aribwatsa	452	1
name	aribwaung	453	1
name	arifama-miniafia	454	1
name	arigidi	455	1
name	arikapu	456	1
name	arikara	457	1
name	arikem	458	1
name	arin	459	1
name	aringa	460	1
name	armazic	461	1
name	armenian	462	1
name	armenian sign language	463	1
name	armenian, classical	464	1
name	armenian, middle	465	1
name	armenian, western	466	1
name	aromanian	467	1
name	arop-lokep	468	1
name	arop-sissano	469	1
name	arosi	470	1
name	arpitan	471	1
name	arrarnta, western	472	1
name	arrernte, eastern	473	1
name	arritinngithigh	474	1
name	arta	475	1
name	arua (amazonas state)	476	1
name	arua (rodonia state)	477	1
name	aruamu	478	1
name	aruek	479	1
name	aruop	480	1
name	arutani	481	1
name	arvanitika albanian	482	1
name	as	483	1
name	asaro'o	484	1
name	ashaninka	485	1
name	ashe	486	1
name	asheninka pajonal	487	1
name	asheninka perene	488	1
name	asheninka, pichis	489	1
name	asheninka, south ucayali	490	1
name	asheninka, ucayali-yurua	491	1
name	ashkun	492	1
name	asho chin	493	1
name	ashtiani	494	1
name	asilulu	495	1
name	askopan	496	1
name	asmat, casuarina coast	497	1
name	asmat, central	498	1
name	asmat, north	499	1
name	asmat, yaosakor	500	1
name	asoa	501	1
name	assamese	502	1
name	assangori	503	1
name	assiniboine	504	1
name	assyrian neo-aramaic	505	1
name	asturian	506	1
name	asu	507	1
name	asu (nigeria)	508	1
name	asu (tanzania)	509	1
name	asue awyu	510	1
name	asumboa	511	1
name	asuncion mixtepec zapotec	512	1
name	asuri	513	1
name	asurini, tocantins	514	1
name	asurini, xingu	515	1
name	ata	516	1
name	ata manobo	517	1
name	atakapa	518	1
name	atampaya	519	1
name	atatlahuca mixtec	520	1
name	atauran	521	1
name	atayal	522	1
name	atemble	523	1
name	athpariya	524	1
name	ati	525	1
name	atikamekw	526	1
name	atohwaim	527	1
name	atong (cameroon)	528	1
name	atong (india)	529	1
name	atorada	530	1
name	atsahuaca	531	1
name	atsam	532	1
name	atsugewi	533	1
name	atta, faire	534	1
name	atta, pamplona	535	1
name	atta, pudtol	536	1
name	attapady kurumba	537	1
name	attie	538	1
name	atzingo matlatzinca	539	1
name	au	540	1
name	aulua	541	1
name	aura	542	1
name	aushi	543	1
name	aushiri	544	1
name	auslan	545	1
name	austral	546	1
name	australian aborigines sign language	547	1
name	australian english	548	1
name	austrian german	549	1
name	austrian sign language	550	1
name	auwe	551	1
name	auye	552	1
name	auyokawa	553	1
name	ava-canoeiro	554	1
name	avar, old	555	1
name	avaric	556	1
name	avatime	557	1
name	avau	558	1
name	avestan	559	1
name	avikam	560	1
name	avokaya	561	1
name	awa (china)	562	1
name	awa (papua new guinea)	563	1
name	awa-cuaiquer	564	1
name	awabakal	565	1
name	awad bing	566	1
name	awadhi	567	1
name	awak	568	1
name	awar	569	1
name	awara	570	1
name	awbono	571	1
name	aweer	572	1
name	awera	573	1
name	aweti	574	1
name	awing	575	1
name	awiyaana	576	1
name	awjilah	577	1
name	awngi	578	1
name	awngthim	579	1
name	awtuw	580	1
name	awu	581	1
name	awun	582	1
name	awutu	583	1
name	awyi	584	1
name	awyu, asue	585	1
name	awyu, central	586	1
name	awyu, edera	587	1
name	awyu, jair	588	1
name	awyu, north	589	1
name	awyu, south	590	1
name	axamb	591	1
name	axi yi	592	1
name	ayabadhu	593	1
name	ayacucho quechua	594	1
name	ayautla mazatec	595	1
name	ayere	596	1
name	ayerrerenge	597	1
name	ayi (papua new guinea)	598	1
name	ayiwo	599	1
name	ayizi	600	1
name	ayizo gbe	601	1
name	aymara	602	1
name	aymara, central	603	1
name	aymara, southern	604	1
name	ayoquesco zapotec	605	1
name	ayoreo	606	1
name	ayta, abellen	607	1
name	ayta, ambala	608	1
name	ayta, mag-antsi	609	1
name	ayta, mag-indi	610	1
name	ayta, magbukun	611	1
name	ayta, sorsogon	612	1
name	ayu	613	1
name	ayutla mixtec	614	1
name	azerbaijani	615	1
name	azerbaijani, north	616	1
name	azerbaijani, south	617	1
name	azeri	618	1
name	azha	619	1
name	azhe	620	1
name	azoyu me'phaa	621	1
name	baan	622	1
name	baangi	623	1
name	baatonum	624	1
name	baba	625	1
name	baba malay	626	1
name	babango	627	1
name	babanki	628	1
name	babar, north	629	1
name	babar, southeast	630	1
name	babatana	631	1
name	babine	632	1
name	babuza	633	1
name	bacama	634	1
name	bacanese malay	635	1
name	bactrian	636	1
name	bada (indonesia)	637	1
name	bada (nigeria)	638	1
name	badaga	639	1
name	bade	640	1
name	badeshi	641	1
name	badi kanum	642	1
name	badimaya	643	1
name	badjiri	644	1
name	badui	645	1
name	badyara	646	1
name	baeggu	647	1
name	baelelea	648	1
name	baetora	649	1
name	bafanji	650	1
name	bafaw-balong	651	1
name	bafia	652	1
name	bafut	653	1
name	baga kaloum	654	1
name	baga koga	655	1
name	baga manduri	656	1
name	baga pokur	657	1
name	baga sitemu	658	1
name	baga sobane	659	1
name	bagheli	660	1
name	bagirmi	661	1
name	bagirmi fulfulde	662	1
name	bago-kusuntu	663	1
name	bagri	664	1
name	bagupi	665	1
name	bagusa	666	1
name	bagvalal	667	1
name	baha buyang	668	1
name	baham	669	1
name	bahamas creole english	670	1
name	baharna arabic	671	1
name	bahau	672	1
name	bahinemo	673	1
name	bahing	674	1
name	bahnar	675	1
name	bahonsuai	676	1
name	bai (south sudan)	677	1
name	bai, central	678	1
name	bai, lama	679	1
name	bai, panyi	680	1
name	bai, southern	681	1
name	baibai	682	1
name	baikeno	683	1
name	baima	684	1
name	baimak	685	1
name	bainouk-gunyaamolo	686	1
name	bainouk-gunyuno	687	1
name	bainouk-samik	688	1
name	baiso	689	1
name	baissa fali	690	1
name	bajan	691	1
name	bajau, indonesian	692	1
name	bajau, west coast	693	1
name	bajelani	694	1
name	bajjika	695	1
name	baka (cameroon)	696	1
name	baka (south sudan)	697	1
name	bakairi	698	1
name	bakaka	699	1
name	bakhtiari	700	1
name	baki	701	1
name	bakoko	702	1
name	bakole	703	1
name	bakpinka	704	1
name	bakumpai	705	1
name	bakwe	706	1
name	balaesang	707	1
name	balaibalan	708	1
name	balangao	709	1
name	balangingi	710	1
name	balanta-ganja	711	1
name	balanta-kentohe	712	1
name	balantak	713	1
name	baldemu	714	1
name	bali (democratic republic of congo)	715	1
name	bali (nigeria)	716	1
name	balinese	717	1
name	balinese malay	718	1
name	balkan gagauz turkish	719	1
name	balkan romani	720	1
name	balo	721	1
name	balochi, eastern	722	1
name	balochi, southern	723	1
name	balochi, western	724	1
name	baloi	725	1
name	balti	726	1
name	baltic romani	727	1
name	baluan-pam	728	1
name	baluchi	729	1
name	bamako sign language	730	1
name	bamali	731	1
name	bambalang	732	1
name	bambam	733	1
name	bambara	734	1
name	bambassi	735	1
name	bambili-bambui	736	1
name	bamenyam	737	1
name	bamu	738	1
name	bamukumbit	739	1
name	bamun	740	1
name	bamunka	741	1
name	bamwe	742	1
name	ban khor sign language	743	1
name	bana	744	1
name	banao itneg	745	1
name	banaro	746	1
name	banda (indonesia)	747	1
name	banda malay	748	1
name	banda, mid-southern	749	1
name	banda, south central	750	1
name	banda, togbo-vara	751	1
name	banda, west central	752	1
name	banda-bambari	753	1
name	banda-banda	754	1
name	banda-mbres	755	1
name	banda-ndele	756	1
name	banda-yangere	757	1
name	bandi	758	1
name	bandial	759	1
name	bandjalang	760	1
name	bangala	761	1
name	bangandu	762	1
name	bangba	763	1
name	banggai	764	1
name	banggarla	765	1
name	bangi	766	1
name	bangime	767	1
name	bangka	768	1
name	bangla	769	1
name	bangolan	770	1
name	bangubangu	771	1
name	bangwinji	772	1
name	baniva	773	1
name	baniwa	774	1
name	banjar	775	1
name	bankagooma	776	1
name	bankal	777	1
name	bankan tey dogon	778	1
name	bankon	779	1
name	bannoni	780	1
name	bantawa	781	1
name	bantayanon	782	1
name	bantik	783	1
name	bantoanon	784	1
name	banyjima	785	1
name	baoule	786	1
name	bara malagasy	787	1
name	baraamu	788	1
name	barababaraba	789	1
name	barai	790	1
name	barakai	791	1
name	baram kayan	792	1
name	barama	793	1
name	barambu	794	1
name	baramu	795	1
name	barapasi	796	1
name	baras	797	1
name	barasana-eduria	798	1
name	barbaram	799	1
name	barbareno	800	1
name	barclayville grebo	801	1
name	bardi	802	1
name	bare	803	1
name	barein	804	1
name	bareli, palya	805	1
name	bareli, pauri	806	1
name	bareli, rathwi	807	1
name	bargam	808	1
name	bari	809	2
name	bariai	811	1
name	bariji	812	1
name	barikanchi	813	1
name	barikewa	814	1
name	barok	815	1
name	barombi	816	1
name	barro negro tunebo	817	1
name	barrow point	818	1
name	baruga	819	1
name	baruya	820	1
name	barwe	821	1
name	barzani jewish neo-aramaic	822	1
name	basa (cameroon)	823	1
name	basa (nigeria)	824	1
name	basa-gumna	825	1
name	basa-gurmana	826	1
name	basaa	827	1
name	basap	828	1
name	basay	829	1
name	bashkardi	830	1
name	bashkir	831	1
name	basketo	832	1
name	basque	833	1
name	bassa	834	1
name	bassa-kontagora	835	1
name	bassari	836	1
name	bassossi	837	1
name	bata	838	1
name	batad ifugao	839	1
name	batak	840	1
name	batak alas-kluet	841	1
name	batak angkola	842	1
name	batak dairi	843	1
name	batak karo	844	1
name	batak mandailing	845	1
name	batak simalungun	846	1
name	batak toba	847	1
name	batanga	848	1
name	batek	849	1
name	bateri	850	1
name	bathari	851	1
name	bati (cameroon)	852	1
name	bati (indonesia)	853	1
name	batjala	854	1
name	bats	855	1
name	batu	856	1
name	batui	857	1
name	batuley	858	1
name	bau	859	1
name	bau bidayuh	860	1
name	bauchi	861	1
name	bauni	862	1
name	baure	863	1
name	bauria	864	1
name	bauwaki	865	1
name	bauzi	866	1
name	bavarian	867	1
name	bawm chin	868	1
name	bay miwok	869	1
name	bayali	870	1
name	baybayanon	871	1
name	baygo	872	1
name	bayono	873	1
name	bayot	874	1
name	bayungu	875	1
name	bazigar	876	1
name	beami	877	1
name	beaver	878	1
name	beba	879	1
name	bebele	880	1
name	bebeli	881	1
name	bebil	882	1
name	bedjond	883	1
name	bedoanas	884	1
name	beeke	885	1
name	beele	886	1
name	beembe	887	1
name	beezen	888	1
name	befang	889	1
name	beginci	890	1
name	beja	891	1
name	bekati'	892	1
name	bekwarra	893	1
name	bekwel	894	1
name	belait	895	1
name	belanda bor	896	1
name	belanda viri	897	1
name	belarusian	898	1
name	belhariya	899	1
name	beli (papua new guinea)	900	1
name	beli (south sudan)	901	1
name	belize kriol english	902	1
name	bella coola	903	1
name	bellari	904	1
name	belning	905	1
name	bemba	906	1
name	bemba (zambia)	907	1
name	bembe	908	1
name	ben tey dogon	909	1
name	bena	910	1
name	bena (nigeria)	911	1
name	bena (tanzania)	912	1
name	benabena	913	1
name	benamanga	914	1
name	bench	915	1
name	bende	916	1
name	bendi	917	1
name	beng	918	1
name	benga	919	1
name	bengali	920	1
name	benggoi	921	1
name	bengkala sign language	922	1
name	bentong	923	1
name	benyadu'	924	1
name	beothuk	925	1
name	bepour	926	1
name	berakou	927	1
name	berau malay	928	1
name	berawan, central	929	1
name	berawan, east	930	1
name	berawan, west	931	1
name	berbice creole dutch	932	1
name	berik	933	1
name	berinomo	934	1
name	berom	935	1
name	berta	936	1
name	berti	937	1
name	besisi	938	1
name	besme	939	1
name	besoa	940	1
name	betaf	941	1
name	betawi	942	1
name	bete	943	1
name	bete, daloa	944	1
name	bete, gagnoa	945	1
name	bete, guiberoua	946	1
name	bete-bendi	947	1
name	beti (cote d'ivoire)	948	1
name	betta kurumba	949	1
name	bezhta	950	1
name	bhadrawahi	951	1
name	bhalay	952	1
name	bharia	953	1
name	bhasa, nepal	954	1
name	bhatri	955	1
name	bhattiyali	956	1
name	bhaya	957	1
name	bhele	958	1
name	bhil, sindhi	959	1
name	bhilali	960	1
name	bhili	961	1
name	bhojpuri	962	1
name	bhoti kinnauri	963	1
name	bhoti, spiti	964	1
name	bhoti, stod	965	1
name	bhujel	966	1
name	bhunjia	967	1
name	biafada	968	1
name	biage	969	1
name	biak	970	1
name	biali	971	1
name	bian marind	972	1
name	biangai	973	1
name	biao	974	1
name	biao mon	975	1
name	biao-jiao mien	976	1
name	biatah bidayuh	977	1
name	bibbulman	978	1
name	bidayuh, bau	979	1
name	bidayuh, biatah	980	1
name	bidayuh, bukar-sadung	981	1
name	bidayuh, tringgus-sembaan	982	1
name	bidhawal	983	1
name	bidiyo	984	1
name	bidjara	985	1
name	bidyogo	986	1
name	biem	987	1
name	bierebo	988	1
name	bieria	989	1
name	biete	990	1
name	big nambas	991	1
name	biga	992	1
name	bigambal	993	1
name	bih	994	1
name	bijim	995	1
name	bijori	996	1
name	bikol	997	1
name	bikol, buhi'non	998	1
name	bikol, central	999	1
name	bikol, libon	1000	1
name	bikol, miraya	1001	1
name	bikol, northern catanduanes	1002	1
name	bikol, rinconada	1003	1
name	bikol, southern catanduanes	1004	1
name	bikol, west albay	1005	1
name	bikya	1006	1
name	bila	1007	1
name	bilaspuri	1008	1
name	bilba	1009	1
name	bilbil	1010	1
name	bile	1011	1
name	bilin	1012	1
name	bilma kanuri	1013	1
name	biloxi	1014	1
name	bilua	1015	1
name	bilur	1016	1
name	bima	1017	1
name	bimin	1018	1
name	bimoba	1019	1
name	bina (nigeria)	1020	1
name	bina (papua new guinea)	1021	1
name	binahari	1022	1
name	binandere	1023	1
name	bindal	1024	1
name	bine	1025	1
name	bini	1026	1
name	binji	1027	1
name	binongan itneg	1028	1
name	bintauna	1029	1
name	bintulu	1030	1
name	binukid	1031	1
name	binukidnon, northern	1032	1
name	binukidnon, southern	1033	1
name	binumarien	1034	1
name	bipi	1035	1
name	bira	1036	1
name	birale	1037	1
name	birao	1038	1
name	birgit	1039	1
name	birhor	1040	1
name	biri	1041	1
name	birifor, malba	1042	1
name	birifor, southern	1043	1
name	biritai	1044	1
name	birked	1045	1
name	birri	1046	1
name	birrpayi	1047	1
name	birwa	1048	1
name	bisaya, brunei	1049	1
name	bisaya, sabah	1050	1
name	biseni	1051	1
name	bishnupriya	1052	1
name	bishuo	1053	1
name	bisis	1054	1
name	bislama	1055	1
name	bisorio	1056	1
name	bissa	1057	1
name	bisu	1058	1
name	bit	1059	1
name	bitare	1060	1
name	bitur	1061	1
name	biwat	1062	1
name	biyo	1063	1
name	biyom	1064	1
name	blaan, koronadal	1065	1
name	blaan, sarangani	1066	1
name	blablanga	1067	1
name	blafe	1068	1
name	blagar	1069	1
name	blang	1070	1
name	blin	1071	1
name	blissymbols	1072	1
name	bo (laos)	1073	1
name	bo (papua new guinea)	1074	1
name	bo-rukul	1075	1
name	bo-ung	1076	1
name	boano (maluku)	1077	1
name	boano (sulawesi)	1078	1
name	bobo madare, northern	1079	1
name	bobo madare, southern	1080	1
name	bobongko	1081	1
name	bobot	1082	1
name	bodo	1083	1
name	bodo (central african republic)	1084	1
name	bodo (india)	1085	1
name	bodo gadaba	1086	1
name	bodo parja	1087	1
name	bofi	1088	1
name	boga	1089	1
name	bogaya	1090	1
name	boghom	1091	1
name	boguru	1092	1
name	bohtan neo-aramaic	1093	1
name	boikin	1094	1
name	bokha	1095	1
name	boko (benin)	1096	1
name	boko (democratic republic of congo)	1097	1
name	bokobaru	1098	1
name	bokoto	1099	1
name	bokyi	1100	1
name	bola	1101	1
name	bolango	1102	1
name	bole	1103	1
name	bolgarian	1104	1
name	bolgo	1105	1
name	bolia	1106	1
name	bolinao	1107	1
name	bolivian sign language	1108	1
name	boloki	1109	1
name	bolon	1110	1
name	bolondo	1111	1
name	bolongan	1112	1
name	bolyu	1113	1
name	bom-kim	1114	1
name	boma	1115	1
name	bomboli	1116	1
name	bomboma	1117	1
name	bomitaba	1118	1
name	bomu	1119	1
name	bomwali	1120	1
name	bon gula	1121	1
name	bonan	1122	1
name	bondei	1123	1
name	bondo	1124	1
name	bondoukou kulango	1125	1
name	bondum dom dogon	1126	1
name	bonerate	1127	1
name	bonerif	1128	1
name	bonggi	1129	1
name	bonggo	1130	1
name	bongili	1131	1
name	bongo	1132	1
name	bongu	1133	1
name	bonjo	1134	1
name	bonkeng	1135	1
name	bonkiman	1136	1
name	bontok	1137	1
name	bontok, central	1138	1
name	bontok, eastern	1139	1
name	bontok, northern	1140	1
name	bontok, southern	1141	1
name	bontok, southwestern	1142	1
name	bookan	1143	1
name	boon	1144	1
name	boor	1145	1
name	bor, belanda	1146	1
name	bora	1147	1
name	borana-arsi-guji oromo	1148	1
name	border kuna	1149	1
name	borei	1150	1
name	borgu fulfulde	1151	1
name	boro (ethiopia)	1152	1
name	boro (ghana)	1153	1
name	borong	1154	1
name	bororo	1155	1
name	boruca	1156	1
name	boselewa	1157	1
name	bosngun	1158	1
name	bosnian	1159	1
name	bote-majhi	1160	1
name	botlikh	1161	1
name	botolan sambal	1162	1
name	bouna kulango	1163	1
name	bouni	1164	1
name	bouyei	1165	1
name	bozaba	1166	1
name	bozo, jenaama	1167	1
name	bozo, kelengaxo	1168	1
name	bozo, tiemacewe	1169	1
name	bozo, tieyaxo	1170	1
name	bragat	1171	1
name	brahui	1172	1
name	braj	1173	1
name	brao	1174	1
name	brazilian portuguese	1175	1
name	brazilian sign language	1176	1
name	brem	1177	1
name	breri	1178	1
name	breton	1179	1
name	breton, middle	1180	1
name	breton, old	1181	1
name	bribri	1182	1
name	bribri sign language	1183	1
name	brithenig	1184	1
name	british english	1185	1
name	british sign language	1186	1
name	brokkat	1187	1
name	brokpake	1188	1
name	brokskat	1189	1
name	brooke's point palawano	1190	1
name	broome pearling lugger pidgin	1191	1
name	bru, eastern	1192	1
name	bru, western	1193	1
name	brunca sign language	1194	1
name	brunei	1195	1
name	brunei bisaya	1196	1
name	bruny island tasmanian	1197	1
name	bu (bauchi state)	1198	1
name	bu (kaduna state)	1199	1
name	bu-nao bunu	1200	1
name	bua	1201	1
name	bualkhaw chin	1202	1
name	buamu	1203	1
name	buang, mangga	1204	1
name	buang, mapos	1205	1
name	bube	1206	1
name	bubi	1207	1
name	bubia	1208	1
name	budeh stieng	1209	1
name	budibud	1210	1
name	budong-budong	1211	1
name	budu	1212	1
name	budukh	1213	1
name	buduma	1214	1
name	budza	1215	1
name	bugan	1216	1
name	bugawac	1217	1
name	bughotu	1218	1
name	buginese	1219	1
name	buglere	1220	1
name	bugun	1221	1
name	buhi'non bikol	1222	1
name	buhid	1223	1
name	buhutu	1224	1
name	bukar-sadung bidayuh	1225	1
name	bukat	1226	1
name	bukharic	1227	1
name	bukit malay	1228	1
name	bukitan	1229	1
name	bukiyip	1230	1
name	buksa	1231	1
name	bukusu	1232	1
name	bukwen	1233	1
name	bulgarian	1234	1
name	bulgarian sign language	1235	1
name	bulgebi	1236	1
name	buli	1237	1
name	buli (ghana)	1238	1
name	buli (indonesia)	1239	1
name	bullom so	1240	1
name	bulo stieng	1241	1
name	bulu	1242	1
name	bulu (cameroon)	1243	1
name	bulu (papua new guinea)	1244	1
name	bum	1245	1
name	bumaji	1246	1
name	bumang	1247	1
name	bumbita arapesh	1248	1
name	bumthangkha	1249	1
name	bun	1250	1
name	buna	1251	1
name	bunak	1252	1
name	bunama	1253	1
name	bundeli	1254	1
name	bung	1255	1
name	bungain	1256	1
name	bunganditj	1257	1
name	bungku	1258	1
name	bungu	1259	1
name	bunoge dogon	1260	1
name	bunu, bu-nao	1261	1
name	bunu, jiongnai	1262	1
name	bunu, wunai	1263	1
name	bunu, younuo	1264	1
name	bunuba	1265	1
name	bunun	1266	1
name	buol	1267	1
name	bura-pabir	1268	1
name	burak	1269	1
name	buraka	1270	1
name	burarra	1271	1
name	burate	1272	1
name	burdekin, lower	1273	1
name	burduna	1274	1
name	bure	1275	1
name	buriat	1276	1
name	buriat, china	1277	1
name	buriat, mongolia	1278	1
name	buriat, russia	1279	1
name	burji	1280	1
name	burmbar	1281	1
name	burmese	1282	1
name	burmese, old	1283	1
name	burmeso	1284	1
name	buru (indonesia)	1285	1
name	buru (nigeria)	1286	1
name	burui	1287	1
name	burumakok	1288	1
name	burun	1289	1
name	burundian sign language	1290	1
name	burunge	1291	1
name	burushaski	1292	1
name	burusu	1293	1
name	buruwai	1294	1
name	busa	1295	1
name	busam	1296	1
name	busami	1297	1
name	busang kayan	1298	1
name	bushi	1299	1
name	bushoong	1300	1
name	buso	1301	1
name	busoa	1302	1
name	bussa	1303	1
name	busuu	1304	1
name	butbut kalinga	1305	1
name	butmas-tur	1306	1
name	butuanon	1307	1
name	buwal	1308	1
name	buyang, baha	1309	1
name	buyang, e'ma	1310	1
name	buyang, langnian	1311	1
name	buyu	1312	1
name	buyuan jinuo	1313	1
name	bwa	1314	1
name	bwaidoka	1315	1
name	bwamu, cwi	1316	1
name	bwamu, laa laa	1317	1
name	bwanabwana	1318	1
name	bwatoo	1319	1
name	bwe karen	1320	1
name	bwela	1321	1
name	bwile	1322	1
name	bwisi	1323	1
name	byangsi	1324	1
name	byep	1325	1
name	c'lela	1326	1
name	caac	1327	1
name	cabecar	1328	1
name	cabiyari	1329	1
name	cacaloxtepec mixtec	1330	1
name	cacaopera	1331	1
name	cacgia roglai	1332	1
name	cacua	1333	1
name	caddo	1334	1
name	cafundo creole	1335	1
name	cahuarano	1336	1
name	cahuilla	1337	1
name	cahungwarya	1338	1
name	cajamarca quechua	1339	1
name	cajatambo north lima quechua	1340	1
name	cajonos zapotec	1341	1
name	cajun french	1342	1
name	caka	1343	1
name	cakchiquel-quiche mixed language	1344	1
name	cakfem-mushere	1345	1
name	calamian tagbanwa	1346	1
name	calderon highland quichua	1347	1
name	callawalla	1348	1
name	calo	1349	1
name	caluyanun	1350	1
name	cambodian sign language	1351	1
name	cameroon mambila	1352	1
name	cameroon pidgin	1353	1
name	camling	1354	1
name	campalagian	1355	1
name	campidanese sardinian	1356	1
name	camsa	1357	1
name	camtho	1358	1
name	camunic	1359	1
name	canadian english	1360	1
name	canadian french	1361	1
name	canar highland quichua	1362	1
name	candoshi-shapra	1363	1
name	canela	1364	1
name	canichana	1365	1
name	cantonese	1366	1
name	cao lan	1367	1
name	cao miao	1368	1
name	capanahua	1369	1
name	capiznon	1370	1
name	cappadocian greek	1371	1
name	caquinte	1372	1
name	car nicobarese	1373	1
name	cara	1374	1
name	carabayo	1375	1
name	caramanta	1376	1
name	carapana	1377	1
name	carian	1378	1
name	carib	1379	1
name	carib, galibi	1380	1
name	carib, island	1381	1
name	caribbean hindustani	1382	1
name	caribbean javanese	1383	1
name	carijona	1384	1
name	carolina algonquian	1385	1
name	carolinian	1386	1
name	carpathian romani	1387	1
name	carrier	1388	1
name	carrier, southern	1389	1
name	cashibo-cacataibo	1390	1
name	cashinahua	1391	1
name	casiguran dumagat agta	1392	1
name	casuarina coast asmat	1393	1
name	catalan	1394	1
name	catalan sign language	1395	1
name	catawba	1396	1
name	cavinena	1397	1
name	cayubaba	1398	1
name	cayuga	1399	1
name	cayuse	1400	1
name	cebaara senoufo	1401	1
name	cebuano	1402	1
name	celtiberian	1403	1
name	cemuhi	1404	1
name	cen	1405	1
name	central asmat	1406	1
name	central atlas tamazight	1407	1
name	central awyu	1408	1
name	central aymara	1409	1
name	central bai	1410	1
name	central berawan	1411	1
name	central bikol	1412	1
name	central bontok	1413	1
name	central cagayan agta	1414	1
name	central dusun	1415	1
name	central grebo	1416	1
name	central hongshuihe zhuang	1417	1
name	central huasteca nahuatl	1418	1
name	central huishui hmong	1419	1
name	central kanuri	1420	1
name	central kurdish	1421	1
name	central maewo	1422	1
name	central malay	1423	1
name	central masela	1424	1
name	central mashan hmong	1425	1
name	central mazahua	1426	1
name	central melanau	1427	1
name	central mnong	1428	1
name	central nahuatl	1429	1
name	central nicobarese	1430	1
name	central ojibwa	1431	1
name	central okinawan	1432	1
name	central palawano	1433	1
name	central pame	1434	1
name	central pashto	1435	1
name	central pomo	1436	1
name	central puebla nahuatl	1437	1
name	central sama	1438	1
name	central siberian yupik	1439	1
name	central sierra miwok	1440	1
name	central subanen	1441	1
name	central tagbanwa	1442	1
name	central tarahumara	1443	1
name	central tunebo	1444	1
name	central yupik	1445	1
name	central-eastern niger fulfulde	1446	1
name	centuum	1447	1
name	cerma	1448	1
name	cha'ari	1449	1
name	chabu	1450	1
name	chachapoyas quechua	1451	1
name	chachi	1452	1
name	chacobo	1453	1
name	chadian arabic	1454	1
name	chadian sign language	1455	1
name	chadong	1456	1
name	chagatai	1457	1
name	chaima	1458	1
name	chak	1459	1
name	chakali	1460	1
name	chakavian	1461	1
name	chakma	1462	1
name	chala	1463	1
name	chaldean neo-aramaic	1464	1
name	chalikha	1465	1
name	cham, eastern	1466	1
name	cham, old	1467	1
name	cham, western	1468	1
name	chamacoco	1469	1
name	chamalal	1470	1
name	chambeali	1471	1
name	chambri	1472	1
name	chamicuro	1473	1
name	chamorro	1474	1
name	chane	1475	1
name	chang naga	1476	1
name	changriwa	1477	1
name	changthang	1478	1
name	chantyal	1479	1
name	chara	1480	1
name	chatino, eastern highland	1481	1
name	chatino, nopala	1482	1
name	chatino, tataltepec	1483	1
name	chatino, western highland	1484	1
name	chatino, zacatepec	1485	1
name	chatino, zenzontepec	1486	1
name	chaudangsi	1487	1
name	chaura	1488	1
name	chavacano	1489	1
name	chayahuita	1490	1
name	chayuco mixtec	1491	1
name	chazumba mixtec	1492	1
name	che	1493	1
name	chechen	1494	1
name	chehalis, lower	1495	1
name	chehalis, upper	1496	1
name	cheke holo	1497	1
name	chemakum	1498	1
name	chenapian	1499	1
name	chenchu	1500	1
name	chenoua	1501	1
name	chepang	1502	1
name	chepya	1503	1
name	cherepon	1504	1
name	cherokee	1505	1
name	chesu	1506	1
name	chetco	1507	1
name	chetti, wayanad	1508	1
name	chewong	1509	1
name	cheyenne	1510	1
name	chhattisgarhi	1511	1
name	chhintange	1512	1
name	chhulung	1513	1
name	chiangmai sign language	1514	1
name	chiapanec	1515	1
name	chibcha	1516	1
name	chicahuaxtla triqui	1517	1
name	chichewa	1518	1
name	chichicapan zapotec	1519	1
name	chichimeca-jonaz	1520	1
name	chickasaw	1521	1
name	chicomuceltec	1522	1
name	chiga	1523	1
name	chigmecatitlan mixtec	1524	1
name	chilcotin	1525	1
name	chilean sign language	1526	1
name	chilisso	1527	1
name	chiltepec chinantec	1528	1
name	chimalapa zoque	1529	1
name	chimariko	1530	1
name	chimborazo highland quichua	1531	1
name	chimila	1532	1
name	chin, anu-hkongso	1533	1
name	chin, asho	1534	1
name	chin, bawm	1535	1
name	chin, bualkhaw	1536	1
name	chin, chinbon	1537	1
name	chin, daai	1538	1
name	chin, eastern khumi	1539	1
name	chin, ekai	1540	1
name	chin, falam	1541	1
name	chin, hakha	1542	1
name	chin, kaang	1543	1
name	chin, khumi	1544	1
name	chin, laitu	1545	1
name	chin, lautu	1546	1
name	chin, mara	1547	1
name	chin, matu	1548	1
name	chin, mro-khimi	1549	1
name	chin, mun	1550	1
name	chin, ngawn	1551	1
name	chin, paite	1552	1
name	chin, rawngtu	1553	1
name	chin, rungtu	1554	1
name	chin, senthang	1555	1
name	chin, siyin	1556	1
name	chin, songlai	1557	1
name	chin, sumtu	1558	1
name	chin, tawr	1559	1
name	chin, tedim	1560	1
name	chin, thado	1561	1
name	chin, thaiphum	1562	1
name	chin, zotung	1563	1
name	chin, zyphe	1564	1
name	china buriat	1565	1
name	chinali	1566	1
name	chinantec, chiltepec	1567	1
name	chinantec, comaltepec	1568	1
name	chinantec, lalana	1569	1
name	chinantec, lealao	1570	1
name	chinantec, ojitlan	1571	1
name	chinantec, ozumacin	1572	1
name	chinantec, palantla	1573	1
name	chinantec, quiotepec	1574	1
name	chinantec, sochiapam	1575	1
name	chinantec, tepetotutla	1576	1
name	chinantec, tepinapa	1577	1
name	chinantec, tlacoatzintepec	1578	1
name	chinantec, usila	1579	1
name	chinantec, valle nacional	1580	1
name	chinbon chin	1581	1
name	chincha quechua	1582	1
name	chinese	1583	1
name	chinese pidgin english	1584	1
name	chinese sign language	1585	1
name	chinese, cantonese	1586	1
name	chinese, gan	1587	1
name	chinese, hakka	1588	1
name	chinese, huizhou	1589	1
name	chinese, jinyu	1590	1
name	chinese, late middle	1591	1
name	chinese, leizhou	1592	1
name	chinese, literary	1593	1
name	chinese, mandarin	1594	2
name	chinese, min bei	1596	1
name	chinese, min dong	1597	1
name	chinese, min nan	1598	1
name	chinese, min zhong	1599	1
name	chinese, northern ping	1600	1
name	chinese, old	1601	1
name	chinese, pu-xian	1602	1
name	chinese, shaojiang	1603	1
name	chinese, southern ping	1604	1
name	chinese, wu	1605	1
name	chinese, xiang	1606	1
name	chinese, yue	1607	1
name	chinook	1608	1
name	chinook jargon	1609	1
name	chipaya	1610	1
name	chipewyan	1611	1
name	chippewa	1612	1
name	chiquian ancash quechua	1613	1
name	chiquihuitlan mazatec	1614	1
name	chiquitano	1615	1
name	chiripa	1616	1
name	chiru	1617	1
name	chitimacha	1618	1
name	chitkuli kinnauri	1619	1
name	chittagonian	1620	1
name	chitwania tharu	1621	1
name	choapan zapotec	1622	1
name	chocangacakha	1623	1
name	chochotec	1624	1
name	choctaw	1625	1
name	chodri	1626	1
name	chokri naga	1627	1
name	chokwe	1628	1
name	chol	1629	1
name	cholon	1630	1
name	chong	1631	1
name	choni	1632	1
name	chontal, highland oaxaca	1633	1
name	chontal, lowland oaxaca	1634	1
name	chontal, tabasco	1635	1
name	chonyi-dzihana-kauma	1636	1
name	chopi	1637	1
name	chorasmian	1638	1
name	chorote, iyo'wujwa	1639	1
name	chorote, iyojwa'ja	1640	1
name	chorti	1641	1
name	chothe naga	1642	1
name	chrau	1643	1
name	chru	1644	1
name	chuanqiandian cluster miao	1645	1
name	chuave	1646	1
name	chug	1647	1
name	chuj	1648	1
name	chuka	1649	1
name	chukot	1650	1
name	chukwa	1651	1
name	chulym	1652	1
name	chumburung	1653	1
name	chung	1654	1
name	churahi	1655	1
name	church slavic	1656	1
name	chut	1657	1
name	chuukese	1658	1
name	chuvantsy	1659	1
name	chuvash	1660	1
name	chuwabu	1661	1
name	ci gbe	1662	1
name	cia-cia	1663	1
name	cibak	1664	1
name	cicipu	1665	1
name	cimbrian	1666	1
name	cinda-regi-tiyal	1667	1
name	cineni	1668	1
name	cinta larga	1669	1
name	cisalpine gaulish	1670	1
name	cishingini	1671	1
name	citak	1672	1
name	citak, tamnim	1673	1
name	ciwogai	1674	1
name	classical armenian	1675	1
name	classical mandaic	1676	1
name	classical mongolian	1677	1
name	classical nahuatl	1678	1
name	classical newari	1679	1
name	classical quechua	1680	1
name	classical sanskrit	1681	1
name	classical syriac	1682	1
name	classical tibetan	1683	1
name	coahuilteco	1684	1
name	coast miwok	1685	1
name	coastal konjo	1686	1
name	coatecas altas zapotec	1687	1
name	coatepec nahuatl	1688	1
name	coatlan mixe	1689	1
name	coatlan zapotec	1690	1
name	coatzospan mixtec	1691	1
name	cocama-cocamilla	1692	1
name	cochimi	1693	1
name	cocopa	1694	1
name	cocos islands malay	1695	1
name	coeur d'alene	1696	1
name	cofan	1697	1
name	cogui	1698	1
name	col	1699	1
name	colognian	1700	1
name	colombian sign language	1701	1
name	colonia tovar german	1702	1
name	colorado	1703	1
name	columbia-wenatchi	1704	1
name	colville salish	1705	1
name	comaltepec chinantec	1706	1
name	comanche	1707	1
name	comecrudo	1708	1
name	como karim	1709	1
name	comorian	1710	1
name	comorian, maore	1711	1
name	comorian, mwali	1712	1
name	comorian, ndzwani	1713	1
name	comorian, ngazidja	1714	1
name	comox	1715	1
name	con	1716	1
name	congo swahili	1717	2
name	coong	1719	1
name	coos	1720	1
name	copainala zoque	1721	1
name	copala triqui	1722	1
name	coptic	1723	1
name	coquille	1724	1
name	cora, el nayar	1725	1
name	cora, santa teresa	1726	1
name	cori	1727	1
name	cornish	1728	1
name	cornish, middle	1729	1
name	cornish, old	1730	1
name	corongo ancash quechua	1731	1
name	corsican	1732	1
name	costa rican sign language	1733	1
name	cotabato manobo	1734	1
name	cotoname	1735	1
name	cowlitz	1736	1
name	coyotepec popoloca	1737	1
name	coyutla totonac	1738	1
name	cree	1739	1
name	cree, moose	1740	1
name	cree, northern east	1741	1
name	cree, plains	1742	1
name	cree, southern east	1743	1
name	cree, swampy	1744	1
name	cree, woods	1745	1
name	creek	1746	1
name	creole arabic, sudanese	1747	1
name	creole dutch, berbice	1748	1
name	creole dutch, skepi	1749	1
name	creole english, antigua and barbuda	1750	1
name	creole english, bahamas	1751	1
name	creole english, fernando po	1752	1
name	creole english, grenadian	1753	1
name	creole english, guyanese	1754	1
name	creole english, hawai'i	1755	1
name	creole english, islander	1756	1
name	creole english, jamaican	1757	1
name	creole english, nicaragua	1758	1
name	creole english, sea island	1759	1
name	creole english, tobagonian	1760	1
name	creole english, trinidadian	1761	1
name	creole english, turks and caicos	1762	1
name	creole english, vincentian	1763	1
name	creole english, virgin islands	1764	1
name	creole french, guadeloupean	1765	1
name	creole french, guianese	1766	1
name	creole french, karipuna	1767	1
name	creole french, reunion	1768	1
name	creole french, saint lucian	1769	1
name	creole french, san miguel	1770	1
name	creole french, seselwa	1771	1
name	creole hindi, andaman	1772	1
name	creole malay, malaccan	1773	1
name	creole malay, sri lankan	1774	1
name	creole portuguese, korlai	1775	1
name	creole portuguese, malaccan	1776	1
name	creole, afro-seminole	1777	1
name	creole, cafundo	1778	1
name	creole, louisiana	1779	1
name	creole, torres strait	1780	1
name	crimean tatar	1781	1
name	crioulo, upper guinea	1782	1
name	croatia sign language	1783	1
name	croatian	1784	1
name	cross river mbembe	1785	1
name	crow	1786	1
name	cruzeno	1787	1
name	cua	1788	1
name	cuba sign language	1789	1
name	cubeo	1790	1
name	cuiba	1791	1
name	cuicatec, tepeuxila	1792	1
name	cuicatec, teutila	1793	1
name	cuitlatec	1794	1
name	culina	1795	1
name	cumanagoto	1796	1
name	cumbric	1797	1
name	cun	1798	1
name	cuneiform luwian	1799	1
name	cupeno	1800	1
name	curonian	1801	1
name	curripaco	1802	1
name	cusco quechua	1803	1
name	cutchi-swahili	1804	1
name	cuvok	1805	1
name	cuyamecalco mixtec	1806	1
name	cuyonon	1807	1
name	cwi bwamu	1808	1
name	cypriot arabic	1809	1
name	czech	1810	1
name	czech sign language	1811	1
name	da'a kaili	1812	1
name	daai chin	1813	1
name	daakaka	1814	1
name	daantanai'	1815	1
name	daasanach	1816	1
name	daats'iin	1817	1
name	daba	1818	1
name	dabarre	1819	1
name	dabe	1820	1
name	dacian	1821	1
name	dadi dadi	1822	1
name	dadibi	1823	1
name	dadiya	1824	1
name	daga	1825	1
name	dagaare, southern	1826	1
name	dagaari dioula	1827	1
name	dagara, northern	1828	1
name	dagba	1829	1
name	dagbani	1830	1
name	dagik	1831	1
name	dagoman	1832	1
name	dahalik	1833	1
name	dahalo	1834	1
name	daho-doo	1835	1
name	dai	1836	1
name	dai zhuang	1837	1
name	dair	1838	1
name	daju, dar daju	1839	1
name	daju, dar fur	1840	1
name	daju, dar sila	1841	1
name	daka, samba	1842	1
name	dakka	1843	1
name	dakota	1844	1
name	dakpakha	1845	1
name	dalabon	1846	1
name	dalmatian	1847	1
name	daloa bete	1848	1
name	dama	1849	1
name	damakawa	1850	1
name	damal	1851	1
name	damar, east	1852	1
name	damar, west	1853	1
name	dambi	1854	1
name	dameli	1855	1
name	dampelas	1856	1
name	dan	1857	1
name	danaru	1858	1
name	danau	1859	1
name	dandami maria	1860	1
name	dangaleat	1861	1
name	dangaura tharu	1862	1
name	dani, lower grand valley	1863	1
name	dani, mid grand valley	1864	1
name	dani, upper grand valley	1865	1
name	dani, western	1866	1
name	danish	1867	1
name	danish sign language	1868	1
name	danish, traveller	1869	1
name	dano	1870	1
name	danu	1871	1
name	daonda	1872	1
name	dar daju daju	1873	1
name	dar fur daju	1874	1
name	dar sila daju	1875	1
name	darai	1876	1
name	dargwa	1877	1
name	dari	1878	2
name	dari, zoroastrian	1880	1
name	darkinyung	1881	1
name	darlong	1882	1
name	darmiya	1883	1
name	daro-matu melanau	1884	1
name	dass	1885	1
name	datooga	1886	1
name	daungwurrung	1887	1
name	daur	1888	1
name	davawenyo	1889	1
name	daw	1890	1
name	dawawa	1891	1
name	dawera-daweloor	1892	1
name	dawik kui	1893	1
name	dawro	1894	1
name	day	1895	1
name	dayak, malayic	1896	1
name	dayi	1897	1
name	daza	1898	1
name	dazaga	1899	1
name	deccan	1900	1
name	dedua	1901	1
name	defaka	1902	1
name	defi gbe	1903	1
name	deg	1904	1
name	degema	1905	1
name	degenan	1906	1
name	degexit'an	1907	1
name	dehu	1908	1
name	dehwari	1909	1
name	dela-oenale	1910	1
name	delaware	1911	1
name	delaware, pidgin	1912	1
name	delo	1913	1
name	dem	1914	1
name	dema	1915	1
name	demisa	1916	1
name	demta	1917	1
name	dendi (benin)	1918	1
name	dendi (central african republic)	1919	1
name	dengese	1920	1
name	dengka	1921	1
name	deni	1922	1
name	deno	1923	1
name	denya	1924	1
name	deori	1925	1
name	dera (indonesia)	1926	1
name	dera (nigeria)	1927	1
name	desano	1928	1
name	desiya	1929	1
name	dewas rai	1930	1
name	dewoin	1931	1
name	dezfuli	1932	1
name	dghwede	1933	1
name	dhaiso	1934	1
name	dhalandji	1935	1
name	dhangu-djangu	1936	1
name	dhanki	1937	1
name	dhanwar (nepal)	1938	1
name	dhao	1939	1
name	dharawal	1940	1
name	dhargari	1941	1
name	dharuk	1942	1
name	dharumbal	1943	1
name	dhatki	1944	1
name	dhimal	1945	1
name	dhodia	1946	1
name	dhofari arabic	1947	1
name	dhudhuroa	1948	1
name	dhundari	1949	1
name	dhungaloo	1950	1
name	dhurga	1951	1
name	dhuwal	1952	1
name	dhuwaya	1953	1
name	dia	1954	1
name	dibabawon manobo	1955	1
name	dibiyaso	1956	1
name	dibo	1957	1
name	dibole	1958	1
name	dicamay agta	1959	1
name	dida, lakota	1960	1
name	dida, yocoboue	1961	1
name	didinga	1962	1
name	dido	1963	1
name	dieri	1964	1
name	digaro-mishmi	1965	1
name	digo	1966	1
name	dii	1967	1
name	dijim-bwilim	1968	1
name	dilling	1969	1
name	dima	1970	1
name	dimasa	1971	1
name	dimbong	1972	1
name	dime	1973	1
name	dimli (individual language)	1974	1
name	ding	1975	1
name	dinka	1976	1
name	dinka, northeastern	1977	1
name	dinka, northwestern	1978	1
name	dinka, south central	1979	1
name	dinka, southeastern	1980	1
name	dinka, southwestern	1981	1
name	dir-nyamzak-mbarimi	1982	1
name	dirasha	1983	1
name	diri	1984	1
name	diriku	1985	1
name	dirim	1986	1
name	disa	1987	1
name	ditammari	1988	1
name	ditidaht	1989	1
name	diuwe	1990	1
name	diuxi-tilantongo mixtec	1991	1
name	divehi	1992	1
name	dixon reef	1993	1
name	dizin	1994	1
name	djabugay	1995	1
name	djabwurrung	1996	1
name	djadjawurrung	1997	1
name	djambarrpuyngu	1998	1
name	djamindjung	1999	1
name	djangun	2000	1
name	djawi	2001	1
name	djeebbana	2002	1
name	djimini senoufo	2003	1
name	djinang	2004	1
name	djinba	2005	1
name	djiwarli	2006	1
name	dobel	2007	1
name	dobu	2008	1
name	doe	2009	1
name	doga	2010	1
name	doghoro	2011	1
name	dogon, ampari	2012	1
name	dogon, ana tinga	2013	1
name	dogon, bankan tey	2014	1
name	dogon, ben tey	2015	1
name	dogon, bondum dom	2016	1
name	dogon, bunoge	2017	1
name	dogon, dogul dom	2018	1
name	dogon, donno so	2019	1
name	dogon, jamsay	2020	1
name	dogon, mombo	2021	1
name	dogon, nanga dama	2022	1
name	dogon, tebul ure	2023	1
name	dogon, tene kan	2024	1
name	dogon, tiranige diga	2025	1
name	dogon, tommo so	2026	1
name	dogon, tomo kan	2027	1
name	dogon, toro so	2028	1
name	dogon, toro tegu	2029	1
name	dogon, yanda dom	2030	1
name	dogose	2031	1
name	dogoso	2032	1
name	dogri	2033	1
name	dogri (individual language)	2034	1
name	dogri (macrolanguage)	2035	1
name	dogrib	2036	1
name	dogul dom dogon	2037	1
name	doka	2038	1
name	doko-uyanga	2039	1
name	dokshi	2040	1
name	dolgan	2041	1
name	dolpo	2042	1
name	dom	2043	1
name	domaaki	2044	1
name	domari	2045	1
name	dombe	2046	1
name	dominican sign language	2047	1
name	dompo	2048	1
name	domu	2049	1
name	domung	2050	1
name	dondo	2051	1
name	dong	2052	1
name	dong, northern	2053	1
name	dong, southern	2054	1
name	dongo	2055	1
name	dongotono	2056	1
name	dongshanba lalo	2057	1
name	dongxiang	2058	1
name	donno so dogon	2059	1
name	doondo	2060	1
name	dori'o	2061	1
name	doromu-koki	2062	1
name	dorze	2063	1
name	doso	2064	1
name	dotyali	2065	1
name	doutai	2066	1
name	doyayo	2067	1
name	drents	2068	1
name	drung	2069	1
name	duala	2070	1
name	duano	2071	1
name	duau	2072	1
name	dubli	2073	1
name	dubu	2074	1
name	dugun	2075	1
name	duguri	2076	1
name	dugwor	2077	1
name	duhwa	2078	1
name	duke	2079	1
name	dulbu	2080	1
name	duli-gey	2081	1
name	duma	2082	1
name	dumagat, remontado	2083	1
name	dumbea	2084	1
name	dumi	2085	1
name	dumpas	2086	1
name	dumun	2087	1
name	duna	2088	1
name	dungan	2089	1
name	dungmali	2090	1
name	dungra bhil	2091	1
name	dungu	2092	1
name	dupaninan agta	2093	1
name	dura	2094	1
name	duri	2095	1
name	duriankere	2096	1
name	durop	2097	1
name	duruma	2098	1
name	duruwa	2099	1
name	dusner	2100	1
name	dusun deyah	2101	1
name	dusun malang	2102	1
name	dusun witu	2103	1
name	dusun, kadazan	2104	1
name	dusun, sugut	2105	1
name	dutch	2106	1
name	dutch sign language	2107	1
name	dutch, middle (ca. 1050-1350)	2108	1
name	dutch, old	2109	1
name	dutton world speedwords	2110	1
name	duungooma	2111	1
name	duupa	2112	1
name	duvle	2113	1
name	duwai	2114	1
name	duwet	2115	1
name	duya	2116	1
name	dwang	2117	1
name	dyaberdyaber	2118	1
name	dyan	2119	1
name	dyangadi	2120	1
name	dyarim	2121	1
name	dyirbal	2122	1
name	dyugun	2123	1
name	dyula	2124	1
name	dza	2125	1
name	dzalakha	2126	1
name	dzando	2127	1
name	dzao min	2128	1
name	dzongkha	2129	1
name	dzuungoo	2130	1
name	e	2131	1
name	e'ma buyang	2132	1
name	e'napa woromaipu	2133	1
name	early tripuri	2134	1
name	east ambae	2135	1
name	east berawan	2136	1
name	east damar	2137	1
name	east futuna	2138	1
name	east kewa	2139	1
name	east limba	2140	1
name	east makian	2141	1
name	east masela	2142	1
name	east nyala	2143	1
name	east tarangan	2144	1
name	east yugur	2145	1
name	eastern abnaki	2146	1
name	eastern acipa	2147	1
name	eastern apurimac quechua	2148	1
name	eastern arrernte	2149	1
name	eastern balochi	2150	1
name	eastern bolivian guarani	2151	1
name	eastern bontok	2152	1
name	eastern bru	2153	1
name	eastern canadian inuktitut	2154	1
name	eastern cham	2155	1
name	eastern durango nahuatl	2156	1
name	eastern egyptian bedawi arabic	2157	1
name	eastern frisian	2158	1
name	eastern gorkha tamang	2159	1
name	eastern highland chatino	2160	1
name	eastern highland otomi	2161	1
name	eastern hongshuihe zhuang	2162	1
name	eastern huasteca nahuatl	2163	1
name	eastern huishui hmong	2164	1
name	eastern karaboro	2165	1
name	eastern katu	2166	1
name	eastern kayah	2167	1
name	eastern keres	2168	1
name	eastern khumi chin	2169	1
name	eastern krahn	2170	1
name	eastern lalu	2171	1
name	eastern lawa	2172	1
name	eastern magar	2173	1
name	eastern maninkakan	2174	1
name	eastern mari	2175	1
name	eastern maroon creole	2176	1
name	eastern meohang	2177	1
name	eastern minyag	2178	1
name	eastern mnong	2179	1
name	eastern muria	2180	1
name	eastern ngad'a	2181	1
name	eastern nisu	2182	1
name	eastern ojibwa	2183	1
name	eastern oromo	2184	1
name	eastern parbate kham	2185	1
name	eastern penan	2186	1
name	eastern pomo	2187	1
name	eastern qiandong miao	2188	1
name	eastern subanen	2189	1
name	eastern tamang	2190	1
name	eastern tawbuid	2191	1
name	eastern xiangxi miao	2192	1
name	eastern xwla gbe	2193	1
name	eastern yiddish	2194	1
name	ebira	2195	1
name	eblan	2196	1
name	ebrie	2197	1
name	ebughu	2198	1
name	ecuadorian sign language	2199	1
name	ede cabe	2200	1
name	ede ica	2201	1
name	ede idaca	2202	1
name	ede ije	2203	1
name	ede nago, kura	2204	1
name	edera awyu	2205	1
name	edolo	2206	1
name	edomite	2207	1
name	edopi	2208	1
name	efai	2209	1
name	efate, north	2210	1
name	efate, south	2211	1
name	efe	2212	1
name	efik	2213	1
name	efutop	2214	1
name	ega	2215	1
name	eggon	2216	1
name	egypt sign language	2217	1
name	egyptian (ancient)	2218	1
name	egyptian arabic	2219	1
name	ehueun	2220	1
name	eipomek	2221	1
name	eitiep	2222	1
name	ejagham	2223	1
name	ejamat	2224	1
name	ekai chin	2225	1
name	ekajuk	2226	1
name	ekari	2227	1
name	eki	2228	1
name	ekit	2229	1
name	ekpeye	2230	1
name	el alto zapotec	2231	1
name	el hugeirat	2232	1
name	el molo	2233	1
name	el nayar cora	2234	1
name	elamite	2235	1
name	eleme	2236	1
name	elepi	2237	1
name	elfdalian	2238	1
name	elip	2239	1
name	elkei	2240	1
name	elotepec zapotec	2241	1
name	eloyi	2242	1
name	elseng	2243	1
name	elu	2244	1
name	elymian	2245	1
name	emae	2246	1
name	emai-iuleha-ora	2247	1
name	eman	2248	1
name	embaloh	2249	1
name	embera, northern	2250	1
name	embera-baudo	2251	1
name	embera-catio	2252	1
name	embera-chami	2253	1
name	embera-tado	2254	1
name	embu	2255	1
name	emerillon	2256	1
name	emilian	2257	1
name	emplawas	2258	1
name	emumu	2259	1
name	en	2260	1
name	enawene-nawe	2261	1
name	ende	2262	1
name	enets, forest	2263	1
name	enets, tundra	2264	1
name	enga	2265	1
name	engdewu	2266	1
name	engenni	2267	1
name	enggano	2268	1
name	english	2269	1
name	english, liberian	2270	1
name	english, middle (1100-1500)	2271	1
name	english, old (ca. 450-1100)	2272	1
name	enlhet	2273	1
name	enrekang	2274	1
name	enu	2275	1
name	enwan (akwa ibom state)	2276	1
name	enwan (edo state)	2277	1
name	enxet	2278	1
name	enya	2279	1
name	epena	2280	1
name	epi-olmec	2281	1
name	epie	2282	1
name	epigraphic mayan	2283	1
name	eravallan	2284	1
name	erave	2285	1
name	ere	2286	1
name	eritai	2287	1
name	erokwanas	2288	1
name	erre	2289	1
name	erromintxela	2290	1
name	ersu	2291	1
name	eruwa	2292	1
name	erzya	2293	1
name	esan	2294	1
name	ese	2295	1
name	ese ejja	2296	1
name	eshtehardi	2297	1
name	esimbi	2298	1
name	eskayan	2299	1
name	esperanto	2300	1
name	esselen	2301	1
name	estado de mexico otomi	2302	1
name	estonian	2303	1
name	estonian sign language	2304	1
name	estonian, standard	2305	1
name	esuma	2306	1
name	etchemin	2307	1
name	etebi	2308	1
name	eten	2309	1
name	eteocretan	2310	1
name	eteocypriot	2311	1
name	ethiopian sign language	2312	1
name	etkywan	2313	1
name	eton (cameroon)	2314	1
name	eton (vanuatu)	2315	1
name	etruscan	2316	1
name	etulo	2317	1
name	eudeve	2318	1
name	european portuguese	2319	1
name	european spanish	2320	1
name	evant	2321	1
name	even	2322	1
name	evenki	2323	1
name	eviya	2324	1
name	ewage-notu	2325	1
name	ewe	2326	1
name	ewondo	2327	1
name	extremaduran	2328	1
name	eyak	2329	1
name	ezaa	2330	1
name	fa d'ambu	2331	1
name	fagani	2332	1
name	faifi	2333	1
name	faire atta	2334	1
name	faita	2335	1
name	faiwol	2336	1
name	fala	2337	1
name	falam chin	2338	1
name	fali	2339	1
name	fali, baissa	2340	1
name	fali, north	2341	1
name	fali, south	2342	1
name	faliscan	2343	1
name	fam	2344	1
name	fanagalo	2345	1
name	fanamaket	2346	1
name	fanbak	2347	1
name	fang	2348	1
name	fang (cameroon)	2349	1
name	fang (equatorial guinea)	2350	1
name	fania	2351	1
name	fanti	2352	1
name	far western muria	2353	1
name	farefare	2354	1
name	faroese	2355	1
name	fars, northwestern	2356	1
name	fars, southwestern	2357	1
name	fas	2358	1
name	fasu	2359	1
name	fataleka	2360	1
name	fataluku	2361	1
name	fayu	2362	1
name	fe'fe'	2363	1
name	fembe	2364	1
name	fernando po creole english	2365	1
name	feroge	2366	1
name	fiji hindi	2367	1
name	fijian	2368	1
name	fijian, western	2369	1
name	filipino	2370	1
name	filomena mata-coahuitlan totonac	2371	1
name	finland-swedish sign language	2372	1
name	finnish	2373	1
name	finnish sign language	2374	1
name	finnish, kven	2375	1
name	finnish, tornedalen	2376	1
name	finongan	2377	1
name	fipa	2378	1
name	firan	2379	1
name	fiwaga	2380	1
name	flaaitaal	2381	1
name	flemish	2382	1
name	flinders island	2383	1
name	foau	2384	1
name	foi	2385	1
name	foia foia	2386	1
name	folopa	2387	1
name	foma	2388	1
name	fon	2389	1
name	fongoro	2390	1
name	foodo	2391	1
name	forak	2392	1
name	fordata	2393	1
name	fore	2394	1
name	forest enets	2395	1
name	fortsenal	2396	1
name	frafra	2397	1
name	francisco leon zoque	2398	1
name	frankish	2399	1
name	french	2400	1
name	french sign language	2401	1
name	french, cajun	2402	1
name	french, middle (ca. 1400-1600)	2403	1
name	french, old (842-ca. 1400)	2404	1
name	frisian, eastern	2405	1
name	frisian, northern	2406	1
name	frisian, old	2407	1
name	frisian, western	2408	1
name	friulian	2409	1
name	fula	2410	1
name	fulah	2411	1
name	fulfulde, adamawa	2412	1
name	fulfulde, bagirmi	2413	1
name	fulfulde, borgu	2414	1
name	fulfulde, central-eastern niger	2415	1
name	fulfulde, maasina	2416	1
name	fulfulde, nigerian	2417	1
name	fulfulde, western niger	2418	1
name	fuliiru	2419	1
name	fulnio	2420	1
name	fum	2421	1
name	fungwa	2422	1
name	fur	2423	1
name	furu	2424	1
name	futuna, east	2425	1
name	futuna-aniwa	2426	1
name	fuyug	2427	1
name	fwai	2428	1
name	fwe	2429	1
name	fyam	2430	1
name	fyer	2431	1
name	ga	2432	1
name	ga'anda	2433	1
name	ga'dang	2434	1
name	gaa	2435	1
name	gaam	2436	1
name	gabi-gabi	2437	1
name	gabri	2438	1
name	gabrielino-fernandeno	2439	1
name	gadaba, bodo	2440	1
name	gadaba, mudhili	2441	1
name	gadaba, pottangi ollar	2442	1
name	gadang	2443	1
name	gaddang	2444	1
name	gaddi	2445	1
name	gade	2446	1
name	gade lohar	2447	1
name	gadjerawang	2448	1
name	gadsup	2449	1
name	gaelic, hiberno-scottish	2450	1
name	gaelic, scottish	2451	1
name	gafat	2452	1
name	gagadu	2453	1
name	gagauz	2454	1
name	gagnoa bete	2455	1
name	gagu	2456	1
name	gahri	2457	1
name	gaikundi	2458	1
name	gail	2459	1
name	gaina	2460	1
name	gal	2461	1
name	galambu	2462	1
name	galatian	2463	1
name	galela	2464	1
name	galeya	2465	1
name	galibi carib	2466	1
name	galice	2467	1
name	galician	2468	1
name	galindan	2469	1
name	gallurese sardinian	2470	1
name	galo	2471	1
name	galolen	2472	1
name	gamale kham	2473	1
name	gambera	2474	1
name	gambian wolof	2475	1
name	gamilaraay	2476	1
name	gamit	2477	1
name	gamkonora	2478	1
name	gamo	2479	1
name	gamo-ningi	2480	1
name	gan chinese	2481	1
name	gana	2482	1
name	ganang	2483	1
name	ganda	2484	1
name	gandhari	2485	1
name	gane	2486	1
name	ganggalida	2487	1
name	ganglau	2488	1
name	gangte	2489	1
name	gangulu	2490	1
name	gants	2491	1
name	ganza	2492	1
name	ganzi	2493	1
name	gao	2494	1
name	gapapaiwa	2495	1
name	garasia, adiwasi	2496	1
name	garasia, rajput	2497	1
name	garhwali	2498	1
name	garifuna	2499	1
name	garig-ilgar	2500	1
name	garingbal	2501	1
name	garlali	2502	1
name	garo	2503	1
name	garre	2504	1
name	garrwa	2505	1
name	garus	2506	1
name	garza	2507	1
name	gata'	2508	1
name	gaulish, cisalpine	2509	1
name	gaulish, transalpine	2510	1
name	gavak	2511	1
name	gavar	2512	1
name	gaviao do jiparana	2513	1
name	gaviao, para	2514	1
name	gawar-bati	2515	1
name	gawri	2516	1
name	gawwada	2517	1
name	gayil	2518	1
name	gayo	2519	1
name	gazi	2520	1
name	gaɓogbo	2521	1
name	gbagyi	2522	1
name	gbanu	2523	1
name	gbanziri	2524	1
name	gbari	2525	1
name	gbaya	2526	1
name	gbaya (central african republic)	2527	1
name	gbaya (sudan)	2528	1
name	gbaya, northwest	2529	1
name	gbaya, southwest	2530	1
name	gbaya-bossangoa	2531	1
name	gbaya-bozoum	2532	1
name	gbaya-mbodomo	2533	1
name	gbayi	2534	1
name	gbe, ayizo	2535	1
name	gbe, ci	2536	1
name	gbe, defi	2537	1
name	gbe, eastern xwla	2538	1
name	gbe, gbesi	2539	1
name	gbe, kotafon	2540	1
name	gbe, maxi	2541	1
name	gbe, saxwe	2542	1
name	gbe, tofin	2543	1
name	gbe, waci	2544	1
name	gbe, weme	2545	1
name	gbe, western xwla	2546	1
name	gbe, xwela	2547	1
name	gbesi gbe	2548	1
name	gbii	2549	1
name	gbin	2550	1
name	gbiri-niragu	2551	1
name	gboloo grebo	2552	1
name	ge	2553	1
name	geba karen	2554	1
name	gebe	2555	1
name	gedaged	2556	1
name	gedeo	2557	1
name	geez	2558	1
name	geji	2559	1
name	geko karen	2560	1
name	gela	2561	1
name	gelao, green	2562	1
name	gelao, red	2563	1
name	gelao, white	2564	1
name	geme	2565	1
name	gen	2566	1
name	gende	2567	1
name	gengle	2568	1
name	georgian	2569	1
name	georgian, old	2570	1
name	gepo	2571	1
name	gera	2572	1
name	gerai	2573	1
name	german	2574	1
name	german sign language	2575	1
name	german, colonia tovar	2576	1
name	german, hutterite	2577	1
name	german, low	2578	1
name	german, middle high (ca. 1050-1500)	2579	1
name	german, middle low	2580	1
name	german, old high (ca. 750-1050)	2581	1
name	german, pennsylvania	2582	1
name	german, swiss	2583	1
name	geruma	2584	1
name	geser-gorom	2585	1
name	ghadames	2586	1
name	ghale, northern	2587	1
name	ghale, southern	2588	1
name	ghanaian pidgin english	2589	1
name	ghanaian sign language	2590	1
name	ghandruk sign language	2591	1
name	ghanongga	2592	1
name	ghari	2593	1
name	ghayavi	2594	1
name	gheg albanian	2595	1
name	ghera	2596	1
name	ghodoberi	2597	1
name	ghomala'	2598	1
name	ghomara	2599	1
name	ghotuo	2600	1
name	ghulfan	2601	1
name	giangan	2602	1
name	gibanawa	2603	1
name	gidar	2604	1
name	giiwo	2605	1
name	gikyode	2606	1
name	gilaki	2607	1
name	gilbertese	2608	1
name	gilima	2609	1
name	gilyak	2610	1
name	gimi (eastern highlands)	2611	1
name	gimi (west new britain)	2612	1
name	gimme	2613	1
name	gimnime	2614	1
name	ginuman	2615	1
name	ginyanga	2616	1
name	girawa	2617	1
name	girirra	2618	1
name	giryama	2619	1
name	githabul	2620	1
name	gitonga	2621	1
name	gitua	2622	1
name	gitxsan	2623	1
name	giyug	2624	1
name	giziga, north	2625	1
name	giziga, south	2626	1
name	gizrra	2627	1
name	glaro-twabo	2628	1
name	glavda	2629	1
name	glio-oubi	2630	1
name	gnau	2631	1
name	goan konkani	2632	1
name	goaria	2633	1
name	gobasi	2634	1
name	gobu	2635	1
name	godie	2636	1
name	godwari	2637	1
name	goemai	2638	1
name	gofa	2639	1
name	gogo	2640	1
name	gogodala	2641	1
name	gokana	2642	1
name	gola	2643	1
name	golin	2644	1
name	golpa	2645	1
name	gondi	2646	1
name	gondi, adilabad	2647	1
name	gondi, aheri	2648	1
name	gondi, northern	2649	1
name	gone dau	2650	1
name	gongduk	2651	1
name	gonja	2652	1
name	goo	2653	1
name	goodenough, west	2654	1
name	gooniyandi	2655	1
name	gor	2656	1
name	gorakor	2657	1
name	gorap	2658	1
name	goreng	2659	1
name	gorontalo	2660	1
name	gorovu	2661	1
name	gorowa	2662	1
name	gothic	2663	1
name	goundo	2664	1
name	gourmanchema	2665	1
name	gowlan	2666	1
name	gowli	2667	1
name	gowro	2668	1
name	gozarkhani	2669	1
name	grangali	2670	1
name	grass koiari	2671	1
name	great andamanese, mixed	2672	1
name	grebo	2673	1
name	grebo, barclayville	2674	1
name	grebo, central	2675	1
name	grebo, gboloo	2676	1
name	grebo, northern	2677	1
name	grebo, southern	2678	1
name	greek	2679	1
name	greek sign language	2680	1
name	greek, ancient (to 1453)	2681	1
name	greek, cappadocian	2682	1
name	greek, modern (1453-)	2683	1
name	greek, mycenaean	2684	1
name	green gelao	2685	1
name	grenadian creole english	2686	1
name	gresi	2687	1
name	groma	2688	1
name	gronings	2689	1
name	gros ventre	2690	1
name	gua	2691	1
name	guadeloupean creole french	2692	1
name	guahibo	2693	1
name	guaja	2694	1
name	guajajara	2695	1
name	guambiano	2696	1
name	guana (brazil)	2697	1
name	guana (paraguay)	2698	1
name	guanano	2699	1
name	guanche	2700	1
name	guanyinqiao	2701	1
name	guarani	2702	1
name	guarani, eastern bolivian	2703	1
name	guarani, mbya	2704	1
name	guarani, paraguayan	2705	1
name	guarani, western bolivian	2706	1
name	guarayu	2707	1
name	guarequena	2708	1
name	guatemalan sign language	2709	1
name	guato	2710	1
name	guayabero	2711	1
name	gudang	2712	1
name	gudanji	2713	1
name	gude	2714	1
name	gudu	2715	1
name	guduf-gava	2716	1
name	guerrero amuzgo	2717	1
name	guerrero nahuatl	2718	1
name	guevea de humboldt zapotec	2719	1
name	gugadj	2720	1
name	gugu badhun	2721	1
name	gugu warra	2722	1
name	gugubera	2723	1
name	guhu-samane	2724	1
name	guianese creole french	2725	1
name	guibei zhuang	2726	1
name	guiberoua bete	2727	1
name	guibian zhuang	2728	1
name	guila zapotec	2729	1
name	guinea kpelle	2730	1
name	guinea-bissau sign language	2731	1
name	guinean sign language	2732	1
name	guiqiong	2733	1
name	gujarati	2734	1
name	gujari	2735	1
name	gula (central african republic)	2736	1
name	gula (chad)	2737	1
name	gula iro	2738	1
name	gula'alaa	2739	1
name	gulay	2740	1
name	gule	2741	1
name	gulf arabic	2742	1
name	gumalu	2743	1
name	gumatj	2744	1
name	gumawana	2745	1
name	gumuz	2746	1
name	gun	2747	1
name	gundi	2748	1
name	gunditjmara	2749	1
name	gundungurra	2750	1
name	gungabula	2751	1
name	gungu	2752	1
name	guntai	2753	1
name	gunwinggu	2754	1
name	gunya	2755	1
name	gupa-abawa	2756	1
name	gupapuyngu	2757	1
name	guramalum	2758	1
name	gurani	2759	1
name	gurdjar	2760	1
name	gureng gureng	2761	1
name	gurgula	2762	1
name	guriaso	2763	1
name	gurindji	2764	1
name	gurindji kriol	2765	1
name	gurmana	2766	1
name	guro	2767	1
name	gurr-goni	2768	1
name	gurung	2769	1
name	guruntum-mbaaru	2770	1
name	gusii	2771	1
name	gusilay	2772	1
name	guugu yimidhirr	2773	1
name	guwa	2774	1
name	guwamu	2775	1
name	guya	2776	1
name	guyanese creole english	2777	1
name	guyani	2778	1
name	gvoko	2779	1
name	gwa	2780	1
name	gwahatike	2781	1
name	gwak	2782	1
name	gwamhi-wuri	2783	1
name	gwandara	2784	1
name	gweda	2785	1
name	gweno	2786	1
name	gwere	2787	1
name	gwich'in	2788	1
name	gyalsumdo	2789	1
name	gyele	2790	1
name	gyem	2791	1
name	ha	2792	1
name	habu	2793	1
name	hadiyya	2794	1
name	hadothi	2795	1
name	hadrami	2796	1
name	hadrami arabic	2797	1
name	hadza	2798	1
name	haeke	2799	1
name	hahon	2800	1
name	haida	2801	1
name	haida, northern	2802	1
name	haida, southern	2803	1
name	haigwai	2804	1
name	hainanese	2805	1
name	haiphong sign language	2806	1
name	haisla	2807	1
name	haitian	2808	1
name	haitian creole	2809	1
name	haitian vodoun culture language	2810	1
name	haiǁom	2811	1
name	haji	2812	1
name	hajong	2813	1
name	hakha chin	2814	1
name	hakka chinese	2815	1
name	hako	2816	1
name	halang	2817	1
name	halang doan	2818	1
name	halbi	2819	1
name	halh mongolian	2820	1
name	halia	2821	1
name	halkomelem	2822	1
name	hamap	2823	1
name	hamba	2824	1
name	hamer-banna	2825	1
name	hamtai	2826	1
name	han	2827	1
name	hanga	2828	1
name	hanga hundi	2829	1
name	hangaza	2830	1
name	hani	2831	1
name	hano	2832	1
name	hanoi sign language	2833	1
name	hanunoo	2834	1
name	harami	2835	1
name	harari	2836	1
name	harijan kinnauri	2837	1
name	haroi	2838	1
name	harsusi	2839	1
name	haruai	2840	1
name	haruku	2841	1
name	haryanvi	2842	1
name	harzani	2843	1
name	hasha	2844	1
name	hassaniyya	2845	1
name	hatam	2846	1
name	hattic	2847	1
name	hausa	2848	1
name	hausa sign language	2849	1
name	havasupai-walapai-yavapai	2850	1
name	haveke	2851	1
name	havu	2852	1
name	hawai'i creole english	2853	1
name	hawai'i sign language (hsl)	2854	1
name	hawaiian	2855	1
name	haya	2856	1
name	hazaragi	2857	1
name	hdi	2858	1
name	hebrew	2859	1
name	hebrew, ancient	2860	1
name	hehe	2861	1
name	heiban	2862	1
name	heiltsuk	2863	1
name	helong	2864	1
name	hema	2865	1
name	hemba	2866	1
name	hember avu	2867	1
name	herde	2868	1
name	herero	2869	1
name	hermit	2870	1
name	hernican	2871	1
name	hertevin	2872	1
name	hewa	2873	1
name	heyo	2874	1
name	hiberno-scottish gaelic	2875	1
name	hibito	2876	1
name	hidatsa	2877	1
name	hieroglyphic luwian	2878	1
name	higaonon	2879	1
name	highland konjo	2880	1
name	highland oaxaca chontal	2881	1
name	highland popoluca	2882	1
name	highland puebla nahuatl	2883	1
name	highland totonac	2884	1
name	hijazi arabic	2885	1
name	hijuk	2886	1
name	hiligaynon	2887	1
name	himarima	2888	1
name	hindi	2889	1
name	hindi (latin)	2890	1
name	hindi, fiji	2891	1
name	hindko, northern	2892	1
name	hindko, southern	2893	1
name	hinduri	2894	1
name	hindustani, caribbean	2895	1
name	hinglish	2896	1
name	hinukh	2897	1
name	hiri motu	2898	1
name	hittite	2899	1
name	hittite, middle	2900	1
name	hittite, neo-	2901	1
name	hittite, old	2902	1
name	hitu	2903	1
name	hiw	2904	1
name	hixkaryana	2905	1
name	hlai	2906	1
name	hlepho phowa	2907	1
name	hlersu	2908	1
name	hmar	2909	1
name	hmong	2910	1
name	hmong daw	2911	1
name	hmong do	2912	1
name	hmong don	2913	1
name	hmong njua	2914	1
name	hmong shua	2915	1
name	hmong, central huishui	2916	1
name	hmong, central mashan	2917	1
name	hmong, eastern huishui	2918	1
name	hmong, luopohe	2919	1
name	hmong, northern guiyang	2920	1
name	hmong, northern huishui	2921	1
name	hmong, northern mashan	2922	1
name	hmong, southern guiyang	2923	1
name	hmong, southern mashan	2924	1
name	hmong, southwestern guiyang	2925	1
name	hmong, southwestern huishui	2926	1
name	hmong, western mashan	2927	1
name	hmwaveke	2928	1
name	ho	2929	1
name	ho chi minh city sign language	2930	1
name	ho-chunk	2931	1
name	hoava	2932	1
name	hobyot	2933	1
name	hoia hoia	2934	1
name	holikachuk	2935	1
name	holiya	2936	1
name	holma	2937	1
name	holoholo	2938	1
name	holu	2939	1
name	homa	2940	1
name	honduras sign language	2941	1
name	hone	2942	1
name	hong kong sign language	2943	1
name	honi	2944	1
name	hopi	2945	1
name	horned miao	2946	1
name	horo	2947	1
name	horom	2948	1
name	horpa	2949	1
name	hote	2950	1
name	hoti	2951	1
name	hovongan	2952	1
name	hoyahoya	2953	1
name	hozo	2954	1
name	hpon	2955	1
name	hrangkhol	2956	1
name	hre	2957	1
name	hruso	2958	1
name	hu	2959	1
name	huachipaeri	2960	1
name	huallaga huanuco quechua	2961	1
name	huamalies-dos de mayo huanuco quechua	2962	1
name	huambisa	2963	1
name	huarijio	2964	1
name	huastec	2965	1
name	huaulu	2966	1
name	huautla mazatec	2967	1
name	huave, san dionisio del mar	2968	1
name	huave, san francisco del mar	2969	1
name	huave, san mateo del mar	2970	1
name	huave, santa maria del mar	2971	1
name	huaxcaleca nahuatl	2972	1
name	huaylas ancash quechua	2973	1
name	huaylla wanca quechua	2974	1
name	huba	2975	1
name	huehuetla tepehua	2976	1
name	huichol	2977	1
name	huilliche	2978	1
name	huitepec mixtec	2979	1
name	huitoto, minica	2980	1
name	huitoto, murui	2981	1
name	huitoto, nupode	2982	1
name	huizhou chinese	2983	1
name	hukumina	2984	1
name	hula	2985	1
name	hulaula	2986	1
name	huli	2987	1
name	hulung	2988	1
name	humburi senni songhay	2989	1
name	humene	2990	1
name	humla	2991	1
name	hunde	2992	1
name	hung	2993	1
name	hungana	2994	1
name	hungarian	2995	1
name	hungarian sign language	2996	1
name	hungarian, old	2997	1
name	hungu	2998	1
name	hunjara-kaina ke	2999	1
name	hunnic	3000	1
name	hunsrik	3001	1
name	hunzib	3002	1
name	hupa	3003	1
name	hupde	3004	1
name	hupla	3005	1
name	hurrian	3006	1
name	hutterite german	3007	1
name	hwana	3008	1
name	hya	3009	1
name	hyam	3010	1
name	hyolmo	3011	1
name	i-wak	3012	1
name	iaai	3013	1
name	iamalele	3014	1
name	iatmul	3015	1
name	iau	3016	1
name	ibali teke	3017	1
name	ibaloi	3018	1
name	iban	3019	1
name	ibanag	3020	1
name	ibani	3021	1
name	ibatan	3022	1
name	iberian	3023	1
name	ibibio	3024	1
name	ibino	3025	1
name	ibu	3026	1
name	ibuoro	3027	1
name	icelandic	3028	1
name	icelandic sign language	3029	1
name	iceve-maci	3030	1
name	ida'an	3031	1
name	idakho-isukha-tiriki	3032	1
name	idate	3033	1
name	idere	3034	1
name	idesa	3035	1
name	idi	3036	1
name	ido	3037	1
name	idoma	3038	1
name	idon	3039	1
name	idu-mishmi	3040	1
name	iduna	3041	1
name	ife	3042	1
name	ifo	3043	1
name	ifugao, amganad	3044	1
name	ifugao, batad	3045	1
name	ifugao, mayoyao	3046	1
name	ifugao, tuwali	3047	1
name	igala	3048	1
name	igana	3049	1
name	igbo	3050	1
name	igede	3051	1
name	ignaciano	3052	1
name	igo	3053	1
name	iguta	3054	1
name	igwe	3055	1
name	iha	3056	1
name	iha based pidgin	3057	1
name	ihievbe	3058	1
name	ijo, southeast	3059	1
name	ik	3060	1
name	ika	3061	1
name	ikaranggal	3062	1
name	ikhin-arokho	3063	1
name	ikizu	3064	1
name	iko	3065	1
name	ikobi	3066	1
name	ikoma-nata-isenye	3067	1
name	ikpeng	3068	1
name	ikpeshi	3069	1
name	ikposo	3070	1
name	iku-gora-ankwa	3071	1
name	ikulu	3072	1
name	ikwere	3073	1
name	ikwo	3074	1
name	ila	3075	1
name	ile ape	3076	1
name	ili turki	3077	1
name	ili'uun	3078	1
name	ilianen manobo	3079	1
name	illyrian	3080	1
name	iloko	3081	1
name	ilongot	3082	1
name	ilue	3083	1
name	ilwana	3084	1
name	imbabura highland quichua	3085	1
name	imbongu	3086	1
name	imonda	3087	1
name	imotong	3088	1
name	imroing	3089	1
name	inabaknon	3090	1
name	inapang	3091	1
name	inapari	3092	1
name	inari sami	3093	1
name	indian sign language	3094	1
name	indo-portuguese	3095	1
name	indonesian	3096	1
name	indonesian bajau	3097	1
name	indonesian sign language	3098	1
name	indonesian, peranakan	3099	1
name	indri	3100	1
name	indus kohistani	3101	1
name	indus valley language	3102	1
name	inebu one	3103	1
name	ineseno	3104	1
name	inga	3105	1
name	inga, jungle	3106	1
name	ingrian	3107	1
name	ingush	3108	1
name	inlaod itneg	3109	1
name	innu	3110	1
name	innu-aimun	3111	1
name	inoke-yate	3112	1
name	inonhan	3113	1
name	inor	3114	1
name	inpui naga	3115	1
name	interglossa	3116	1
name	interlingua	3117	1
name	interlingua (international auxiliary language association)	3118	1
name	interlingue	3119	1
name	international sign	3120	1
name	interslavic	3121	1
name	intha	3122	1
name	inuinnaqtun	3123	1
name	inuit sign language	3124	1
name	inuktitut	3125	1
name	inuktitut, eastern canadian	3126	1
name	inupiaq	3127	1
name	inupiatun, north alaskan	3128	1
name	inupiatun, northwest alaska	3129	1
name	iowa-oto	3130	1
name	ipalapa amuzgo	3131	1
name	ipiko	3132	1
name	ipili	3133	1
name	ipulo	3134	1
name	iquito	3135	1
name	ir	3136	1
name	iranian persian	3137	1
name	iranian sign language	3138	1
name	irantxe	3139	1
name	iranun (malaysia)	3140	1
name	iranun (philippines)	3141	1
name	iraqw	3142	1
name	irarutu	3143	1
name	iraya	3144	1
name	iresim	3145	1
name	irish	3146	1
name	irish sign language	3147	1
name	irish, middle (900-1200)	3148	1
name	irish, old (to 900)	3149	1
name	irish, primitive	3150	1
name	irula	3151	1
name	isabi	3152	1
name	isanzu	3153	1
name	isarog agta	3154	1
name	isconahua	3155	1
name	isebe	3156	1
name	isekiri	3157	1
name	ishkashimi	3158	1
name	isinai	3159	1
name	isirawa	3160	1
name	island carib	3161	1
name	islander creole english	3162	1
name	isnag	3163	1
name	isoko	3164	1
name	israeli sign language	3165	1
name	isthmus mixe	3166	1
name	isthmus zapotec	3167	1
name	isthmus-cosoleacaque nahuatl	3168	1
name	isthmus-mecayapan nahuatl	3169	1
name	isthmus-pajapan nahuatl	3170	1
name	istriot	3171	1
name	istro romanian	3172	1
name	isu (fako division)	3173	1
name	isu (menchum division)	3174	1
name	italian	3175	1
name	italian sign language	3176	1
name	itawit	3177	1
name	itelmen	3178	1
name	itene	3179	1
name	iteri	3180	1
name	itik	3181	1
name	itneg, banao	3182	1
name	itneg, binongan	3183	1
name	itneg, inlaod	3184	1
name	itneg, maeng	3185	1
name	itneg, masadiit	3186	1
name	itneg, moyadan	3187	1
name	ito	3188	1
name	itonama	3189	1
name	itu mbon uzo	3190	1
name	itundujia mixtec	3191	1
name	itza	3192	1
name	iu mien	3193	1
name	ivatan	3194	1
name	ivbie north-okpela-arhe	3195	1
name	iwaidja	3196	1
name	iwal	3197	1
name	iwam	3198	1
name	iwam, sepik	3199	1
name	iwur	3200	1
name	ixcatec	3201	1
name	ixcatlan mazatec	3202	1
name	ixil	3203	1
name	ixtayutla mixtec	3204	1
name	ixtenco otomi	3205	1
name	iyayu	3206	1
name	iyive	3207	1
name	iyo	3208	1
name	iyo'wujwa chorote	3209	1
name	iyojwa'ja chorote	3210	1
name	izere	3211	1
name	izii	3212	1
name	izon	3213	1
name	izora	3214	1
name	jabuti	3215	1
name	jad	3216	1
name	jadgali	3217	1
name	jah hut	3218	1
name	jahanka	3219	1
name	jair awyu	3220	1
name	jaitmatang	3221	1
name	jakati	3222	1
name	jakattoe	3223	1
name	jakun	3224	1
name	jalapa de diaz mazatec	3225	1
name	jalkunan	3226	1
name	jamaican country sign language	3227	1
name	jamaican creole english	3228	1
name	jamaican sign language	3229	1
name	jamamadi	3230	1
name	jambi malay	3231	1
name	jamiltepec mixtec	3232	1
name	jamsay dogon	3233	1
name	jandai	3234	1
name	jandavra	3235	1
name	jangkang	3236	1
name	jangshung	3237	1
name	janji	3238	1
name	japanese	3239	1
name	japanese sign language	3240	1
name	japanese, old	3241	1
name	japreria	3242	1
name	jaqaru	3243	1
name	jara	3244	1
name	jarai	3245	1
name	jarawa (india)	3246	1
name	jaru	3247	1
name	jauja wanca quechua	3248	1
name	jaunsari	3249	1
name	javanese	3250	1
name	javanese, caribbean	3251	1
name	javanese, new caledonian	3252	1
name	javindo	3253	1
name	jawe	3254	1
name	jawoyn	3255	1
name	jaya	3256	1
name	jebero	3257	1
name	jeh	3258	1
name	jehai	3259	1
name	jejara naga	3260	1
name	jejueo	3261	1
name	jemez	3262	1
name	jenaama bozo	3263	1
name	jennu kurumba	3264	1
name	jere	3265	1
name	jeri kuo	3266	1
name	jerriais	3267	1
name	jerung	3268	1
name	jewish babylonian aramaic (ca. 200-1200 ce)	3269	1
name	jewish palestinian aramaic	3270	1
name	jhankot sign language	3271	1
name	jiamao	3272	1
name	jiarong	3273	1
name	jiba	3274	1
name	jibu	3275	1
name	jicarilla apache	3276	1
name	jiiddu	3277	1
name	jilbe	3278	1
name	jilim	3279	1
name	jimi (cameroon)	3280	1
name	jimi (nigeria)	3281	1
name	jina	3282	1
name	jingulu	3283	1
name	jinuo, buyuan	3284	1
name	jinuo, youle	3285	1
name	jinyu chinese	3286	1
name	jiongnai bunu	3287	1
name	jirel	3288	1
name	jiru	3289	1
name	jita	3290	1
name	jju	3291	1
name	joba	3292	1
name	jofotek-bromnya	3293	1
name	jogi	3294	1
name	jola-fonyi	3295	1
name	jola-kasa	3296	1
name	jonkor bourmataguil	3297	1
name	jora	3298	1
name	jordanian sign language	3299	1
name	jowulu	3300	1
name	ju	3301	1
name	juang	3302	1
name	judeo-arabic	3303	1
name	judeo-berber	3304	1
name	judeo-georgian	3305	1
name	judeo-iraqi arabic	3306	1
name	judeo-italian	3307	1
name	judeo-moroccan arabic	3308	1
name	judeo-persian	3309	1
name	judeo-tat	3310	1
name	judeo-tripolitanian arabic	3311	1
name	judeo-yemeni arabic	3312	1
name	jukun takum	3313	1
name	juma	3314	1
name	jumjum	3315	1
name	jumla sign language	3316	1
name	jumli	3317	1
name	jungle inga	3318	1
name	juquila mixe	3319	1
name	jur modo	3320	1
name	juray	3321	1
name	jurchen	3322	1
name	juruna	3323	1
name	jutish	3324	1
name	juwal	3325	1
name	juxtlahuaca mixtec	3326	1
name	juǀ'hoan	3327	1
name	jwira-pepesa	3328	1
name	k'iche'	3329	1
name	kaamba	3330	1
name	kaan	3331	1
name	kaang chin	3332	1
name	kaansa	3333	1
name	kaba	3334	1
name	kabalai	3335	1
name	kabardian	3336	1
name	kabatei	3337	1
name	kabiye	3338	1
name	kabola	3339	1
name	kabore one	3340	1
name	kabras	3341	1
name	kaburi	3342	1
name	kabutra	3343	1
name	kabuverdianu	3344	1
name	kabwa	3345	1
name	kabwari	3346	1
name	kabyle	3347	1
name	kachama-ganjule	3348	1
name	kachari	3349	1
name	kachhi	3350	1
name	kachi koli	3351	1
name	kachin	3352	1
name	kachok	3353	1
name	kacipo-bale suri	3354	1
name	kadai	3355	1
name	kadar	3356	1
name	kadaru	3357	1
name	kadazan dusun	3358	1
name	kadazan, klias river	3359	1
name	kadazan, labuk-kinabatangan	3360	1
name	kadiweu	3361	1
name	kadu	3362	1
name	kadung	3363	1
name	kaduo	3364	1
name	kaeku	3365	1
name	kaera	3366	1
name	kafa	3367	1
name	kafoa	3368	1
name	kagan kalagan	3369	1
name	kagate	3370	1
name	kagayanen	3371	1
name	kagoma	3372	1
name	kagoro	3373	1
name	kagulu	3374	1
name	kahe	3375	1
name	kahua	3376	1
name	kaian	3377	1
name	kaibobo	3378	1
name	kaidipang	3379	1
name	kaiep	3380	1
name	kaikadi	3381	1
name	kaikavian literary language	3382	1
name	kaike	3383	1
name	kaili, da'a	3384	1
name	kaili, ledo	3385	1
name	kaili, unde	3386	1
name	kaimbe	3387	1
name	kaimbulawa	3388	1
name	kaingang	3389	1
name	kaingang, sao paulo	3390	1
name	kairak	3391	1
name	kairiru	3392	1
name	kairui-midiki	3393	1
name	kais	3394	1
name	kaitag	3395	1
name	kaivi	3396	1
name	kaiwa	3397	1
name	kaiy	3398	1
name	kajakse	3399	1
name	kajali	3400	1
name	kajaman	3401	1
name	kakabai	3402	1
name	kakabe	3403	1
name	kakanda	3404	1
name	kaki ae	3405	1
name	kako	3406	1
name	kakwa	3407	1
name	kala lagaw ya	3408	1
name	kalaallisut	3409	1
name	kalaamaya	3410	1
name	kalabakan	3411	1
name	kalabari	3412	1
name	kalabra	3413	1
name	kalagan	3414	1
name	kalagan, kagan	3415	1
name	kalaktang monpa	3416	1
name	kalam	3417	1
name	kalamse	3418	1
name	kalanadi	3419	1
name	kalanga	3420	1
name	kalanguya	3421	1
name	kalao	3422	1
name	kalapuya	3423	1
name	kalapuya, northern	3424	1
name	kalapuya, southern	3425	1
name	kalarko	3426	1
name	kalasha	3427	1
name	kalenjin	3428	1
name	kalinga, butbut	3429	1
name	kalinga, limos	3430	1
name	kalinga, lubuagan	3431	1
name	kalinga, mabaka valley	3432	1
name	kalinga, majukayang	3433	1
name	kalinga, southern	3434	1
name	kalinga, tanudan	3435	1
name	kalispel-pend d'oreille	3436	1
name	kalkoti	3437	1
name	kalkutung	3438	1
name	kallahan, keley-i	3439	1
name	kalmyk	3440	1
name	kalo finnish romani	3441	1
name	kalou	3442	1
name	kaluli	3443	1
name	kalumpang	3444	1
name	kam	3445	1
name	kamakan	3446	1
name	kamang	3447	1
name	kamano	3448	1
name	kamar	3449	1
name	kamara	3450	1
name	kamarian	3451	1
name	kamaru	3452	1
name	kamas	3453	1
name	kamasa	3454	1
name	kamasau	3455	1
name	kamayo	3456	1
name	kamayura	3457	1
name	kamba	3458	1
name	kamba (kenya)	3459	1
name	kambaata	3460	1
name	kambaira	3461	1
name	kambera	3462	1
name	kamberau	3463	1
name	kambiwa	3464	1
name	kami (nigeria)	3465	1
name	kami (tanzania)	3466	1
name	kamo	3467	1
name	kamoro	3468	1
name	kamu	3469	1
name	kamula	3470	1
name	kamviri	3471	1
name	kamwe	3472	1
name	kanakanabu	3473	1
name	kanamari	3474	1
name	kanan	3475	1
name	kanashi	3476	1
name	kanasi	3477	1
name	kanauji	3478	1
name	kandas	3479	1
name	kandawo	3480	1
name	kande	3481	1
name	kanembu	3482	1
name	kang	3483	1
name	kanga	3484	1
name	kangean	3485	1
name	kanggape	3486	1
name	kangjia	3487	1
name	kango (bas-uele district)	3488	1
name	kango (tshopo district)	3489	1
name	kangri	3490	1
name	kaniet	3491	1
name	kanikkaran	3492	1
name	kaningdon-nindem	3493	1
name	kaningi	3494	1
name	kaningra	3495	1
name	kaninuwa	3496	1
name	kanite	3497	1
name	kanjari	3498	1
name	kanjobal, western	3499	1
name	kanju	3500	1
name	kankanaey	3501	1
name	kankanay, northern	3502	1
name	kannada	3503	1
name	kannada kurumba	3504	1
name	kanoe	3505	1
name	kanowit-tanjong melanau	3506	1
name	kansa	3507	1
name	kantosi	3508	1
name	kanu	3509	1
name	kanufi	3510	1
name	kanum, badi	3511	1
name	kanum, ngkalmpw	3512	1
name	kanum, smarky	3513	1
name	kanum, sota	3514	1
name	kanuri	3515	1
name	kanuri, bilma	3516	1
name	kanuri, central	3517	1
name	kanuri, manga	3518	1
name	kanuri, tumari	3519	1
name	kanyok	3520	1
name	kao	3521	1
name	kaonde	3522	1
name	kap	3523	1
name	kapin	3524	1
name	kapinawa	3525	1
name	kapingamarangi	3526	1
name	kapori	3527	1
name	kapriman	3528	1
name	kaptiau	3529	1
name	kapya	3530	1
name	kaqchikel	3531	1
name	kara (central african republic)	3532	1
name	kara (korea)	3533	1
name	kara (papua new guinea)	3534	1
name	kara (tanzania)	3535	1
name	kara-kalpak	3536	1
name	karaboro, eastern	3537	1
name	karaboro, western	3538	1
name	karachay-balkar	3539	1
name	karagas	3540	1
name	karaim	3541	1
name	karaja	3542	1
name	karajarri	3543	1
name	karakhanid	3544	1
name	karami	3545	1
name	karamojong	3546	1
name	karang	3547	1
name	karanga	3548	1
name	karankawa	3549	1
name	karao	3550	1
name	karas	3551	1
name	karata	3552	1
name	karawa	3553	1
name	karbi	3554	1
name	karbi, amri	3555	1
name	kare (central african republic)	3556	1
name	kare (papua new guinea)	3557	1
name	karekare	3558	1
name	karelian	3559	1
name	karen, bwe	3560	1
name	karen, geba	3561	1
name	karen, geko	3562	1
name	karen, lahta	3563	1
name	karen, manumanaw	3564	1
name	karen, mobwa	3565	1
name	karen, pa'o	3566	1
name	karen, paku	3567	1
name	karen, phrae pwo	3568	1
name	karen, pwo eastern	3569	1
name	karen, pwo northern	3570	1
name	karen, pwo western	3571	1
name	karen, s'gaw	3572	1
name	karen, yinbaw	3573	1
name	karen, yintale	3574	1
name	karen, zayein	3575	1
name	karenggapa	3576	1
name	karey	3577	1
name	kari	3578	1
name	karian	3579	1
name	karingani	3580	1
name	karipuna	3581	1
name	karipuna creole french	3582	1
name	kariri-xoco	3583	1
name	karitiana	3584	1
name	kariya	3585	1
name	kariyarra	3586	1
name	karkar-yuri	3587	1
name	karkin	3588	1
name	karko	3589	1
name	karnai	3590	1
name	karo (brazil)	3591	1
name	karo (ethiopia)	3592	1
name	karok	3593	1
name	karon	3594	1
name	karon dori	3595	1
name	karore	3596	1
name	karuwali	3597	1
name	kasanga	3598	1
name	kasem	3599	1
name	kashaya	3600	1
name	kashmiri	3601	1
name	kashubian	3602	1
name	kasiguranin	3603	1
name	kaska	3604	1
name	kaskean	3605	1
name	kasua	3606	1
name	katabaga	3607	1
name	katang, northern	3608	1
name	katang, southern	3609	1
name	katawixi	3610	1
name	katbol	3611	1
name	katcha-kadugli-miri	3612	1
name	kate	3613	1
name	kathoriya tharu	3614	1
name	kathu	3615	1
name	kati	3616	1
name	katkari	3617	1
name	katla	3618	1
name	kato	3619	1
name	katso	3620	1
name	katu, eastern	3621	1
name	katu, western	3622	1
name	katua	3623	1
name	katukina	3624	1
name	katukina, panoan	3625	1
name	kaulong	3626	1
name	kaur	3627	1
name	kaure	3628	1
name	kaurna	3629	1
name	kauwera	3630	1
name	kavalan	3631	1
name	kavet	3632	1
name	kawacha	3633	1
name	kawaiisu	3634	1
name	kawe	3635	1
name	kawi	3636	1
name	kaxarari	3637	1
name	kaxuiana	3638	1
name	kayabi	3639	1
name	kayagar	3640	1
name	kayah, eastern	3641	1
name	kayah, western	3642	1
name	kayan	3643	1
name	kayan mahakam	3644	1
name	kayan river kayan	3645	1
name	kayan, baram	3646	1
name	kayan, busang	3647	1
name	kayan, kayan river	3648	1
name	kayan, mendalam	3649	1
name	kayan, rejang	3650	1
name	kayan, wahau	3651	1
name	kayapo	3652	1
name	kayardild	3653	1
name	kayaw	3654	1
name	kayeli	3655	1
name	kayong	3656	1
name	kayort	3657	1
name	kaytetye	3658	1
name	kayupulau	3659	1
name	kazakh	3660	1
name	kazukuru	3661	1
name	ke'o	3662	1
name	keak	3663	1
name	keapara	3664	1
name	kedah malay	3665	1
name	kedang	3666	1
name	keder	3667	1
name	keerray-woorroong	3668	1
name	kehu	3669	1
name	kei	3670	1
name	keiga	3671	1
name	kein	3672	1
name	keiyo	3673	1
name	kekchi	3674	1
name	kela (democratic republic of congo)	3675	1
name	kela (papua new guinea)	3676	1
name	kelabit	3677	1
name	kele	3678	1
name	kele (democratic republic of congo)	3679	1
name	kele (papua new guinea)	3680	1
name	kelengaxo bozo	3681	1
name	keley-i kallahan	3682	1
name	keliko	3683	1
name	kelo	3684	1
name	kelon	3685	1
name	kemak	3686	1
name	kembayan	3687	1
name	kemberano	3688	1
name	kembra	3689	1
name	kemedzung	3690	1
name	kemi sami	3691	1
name	kemiehua	3692	1
name	kemtuik	3693	1
name	kenaboi	3694	1
name	kenati	3695	1
name	kendayan	3696	1
name	kendeje	3697	1
name	kendem	3698	1
name	kenga	3699	1
name	keningau murut	3700	1
name	keninjal	3701	1
name	kensiu	3702	1
name	kenswei nsei	3703	1
name	kentish sign language, old	3704	1
name	kenyah, wahau	3705	1
name	kenyan sign language	3706	1
name	kenyang	3707	1
name	kenyi	3708	1
name	kenzi	3709	1
name	keoru-ahia	3710	1
name	kepkiriwat	3711	1
name	kepo'	3712	1
name	kera	3713	1
name	kerak	3714	1
name	kereho	3715	1
name	kerek	3716	1
name	keres, eastern	3717	1
name	keres, western	3718	1
name	kerewe	3719	1
name	kerewo	3720	1
name	kerinci	3721	1
name	kesawai	3722	1
name	ket	3723	1
name	ketangalan	3724	1
name	kete	3725	1
name	ketengban	3726	1
name	ketum	3727	1
name	kewa, east	3728	1
name	kewa, west	3729	1
name	keyagana	3730	1
name	kgalagadi	3731	1
name	khah	3732	1
name	khakas	3733	1
name	khalaj	3734	1
name	khaling	3735	1
name	kham, eastern parbate	3736	1
name	kham, gamale	3737	1
name	kham, sheshi	3738	1
name	kham, western parbate	3739	1
name	khamba	3740	1
name	khamnigan mongol	3741	1
name	khams tibetan	3742	1
name	khamti	3743	1
name	khamyang	3744	1
name	khana	3745	1
name	khandesi	3746	1
name	khang	3747	1
name	khanty	3748	1
name	khao	3749	1
name	kharam naga	3750	1
name	kharia	3751	1
name	kharia thar	3752	1
name	khasi	3753	1
name	khayo	3754	1
name	khazar	3755	1
name	khe	3756	1
name	khehek	3757	1
name	khengkha	3758	1
name	khetrani	3759	1
name	khezha naga	3760	1
name	khiamniungan naga	3761	1
name	khinalugh	3762	1
name	khirwar	3763	1
name	khisa	3764	1
name	khlula	3765	1
name	khmer	3766	1
name	khmer, middle (1400 to 1850 ce)	3767	1
name	khmer, northern	3768	1
name	khmer, old	3769	1
name	khmu	3770	1
name	kho'ini	3771	1
name	khoekhoe	3772	1
name	khoibu naga	3773	1
name	kholok	3774	1
name	khorasani turkish	3775	1
name	khorezmian	3776	1
name	khotanese	3777	1
name	khowar	3778	1
name	khua	3779	1
name	khuen	3780	1
name	khumi chin	3781	1
name	khun	3782	1
name	khunsari	3783	1
name	khvarshi	3784	1
name	kibala	3785	1
name	kibet	3786	1
name	kibiri	3787	1
name	kickapoo	3788	1
name	kija	3789	1
name	kikai	3790	1
name	kikuyu	3791	1
name	kildin sami	3792	1
name	kilivila	3793	1
name	kiliwa	3794	1
name	kilmeri	3795	1
name	kim	3796	1
name	kim mun	3797	1
name	kimaama	3798	1
name	kimaragang	3799	1
name	kimbu	3800	1
name	kimbundu	3801	1
name	kimki	3802	1
name	kimre	3803	1
name	kinabalian	3804	1
name	kinabatangan, upper	3805	1
name	kinalakna	3806	1
name	kinamiging manobo	3807	1
name	kinaray-a	3808	1
name	kinga	3809	1
name	kinnauri	3810	1
name	kinnauri, bhoti	3811	1
name	kinnauri, chitkuli	3812	1
name	kinnauri, harijan	3813	1
name	kintaq	3814	1
name	kinuku	3815	1
name	kinyarwanda	3816	1
name	kioko	3817	1
name	kiong	3818	1
name	kiorr	3819	1
name	kiowa	3820	1
name	kiowa apache	3821	1
name	kipsigis	3822	1
name	kiput	3823	1
name	kir-balar	3824	1
name	kire	3825	1
name	kirghiz	3826	1
name	kirike	3827	1
name	kirikiri	3828	1
name	kirmanjki	3829	1
name	kirmanjki (individual language)	3830	1
name	kirya-konzal	3831	1
name	kis	3832	1
name	kisa	3833	1
name	kisan	3834	1
name	kisankasa	3835	1
name	kisar	3836	1
name	kisi	3837	1
name	kisi, southern	3838	1
name	kissi, northern	3839	1
name	kistane	3840	1
name	kita maninkakan	3841	1
name	kitan	3842	1
name	kitsai	3843	1
name	kituba (congo)	3844	1
name	kituba (democratic republic of congo)	3845	1
name	kiunum	3846	1
name	kiwai, northeast	3847	1
name	kiwai, southern	3848	1
name	kizamani	3849	1
name	kla-dan	3850	1
name	klallam	3851	1
name	klamath-modoc	3852	1
name	klao	3853	1
name	klias river kadazan	3854	1
name	klingon	3855	1
name	knaanic	3856	1
name	ko	3857	1
name	koalib	3858	1
name	koasati	3859	1
name	koba	3860	1
name	kobiana	3861	1
name	kobo	3862	1
name	kobol	3863	1
name	kobon	3864	1
name	koch	3865	1
name	kochila tharu	3866	1
name	koda	3867	1
name	kodaku	3868	1
name	kodava	3869	1
name	kodeoha	3870	1
name	kodi	3871	1
name	kodia	3872	1
name	koenoem	3873	1
name	kofa	3874	1
name	kofei	3875	1
name	kofyar	3876	1
name	koguryo	3877	1
name	kohin	3878	1
name	kohistani shina	3879	1
name	kohistani, indus	3880	1
name	koho	3881	1
name	kohumono	3882	1
name	koi	3883	1
name	koiali, mountain	3884	1
name	koiari, grass	3885	1
name	koireng	3886	1
name	koitabu	3887	1
name	koiwat	3888	1
name	kok borok	3889	1
name	kok-nar	3890	1
name	kokata	3891	1
name	koke	3892	1
name	koki naga	3893	1
name	koko babangk	3894	1
name	kokoda	3895	1
name	kokola	3896	1
name	kokota	3897	1
name	kol (bangladesh)	3898	1
name	kol (cameroon)	3899	1
name	kol (papua new guinea)	3900	1
name	kola	3901	1
name	kolami, northwestern	3902	1
name	kolami, southeastern	3903	1
name	kolbila	3904	1
name	koli, kachi	3905	1
name	koli, parkari	3906	1
name	koli, wadiyara	3907	1
name	kolibugan subanon	3908	1
name	kolsch	3909	1
name	koluwawa	3910	1
name	kom	3911	1
name	kom (cameroon)	3912	1
name	kom (india)	3913	1
name	koma	3914	1
name	komba	3915	1
name	kombai	3916	1
name	kombio	3917	1
name	komering	3918	1
name	komi	3919	1
name	komi-permyak	3920	1
name	komi-zyrian	3921	1
name	kominimung	3922	1
name	komo (democratic republic of congo)	3923	1
name	komo (sudan)	3924	1
name	komodo	3925	1
name	kompane	3926	1
name	komyandaret	3927	1
name	kon keu	3928	1
name	konai	3929	1
name	konda	3930	1
name	konda-dora	3931	1
name	koneraw	3932	1
name	kongo	3933	1
name	kongo, san salvador	3934	1
name	konjo, coastal	3935	1
name	konjo, highland	3936	1
name	konkani	3937	1
name	konkani (individual language)	3938	1
name	konkani (macrolanguage)	3939	1
name	konkani, goan	3940	1
name	konkomba	3941	1
name	konni	3942	1
name	kono (guinea)	3943	1
name	kono (nigeria)	3944	1
name	kono (sierra leone)	3945	1
name	konomala	3946	1
name	konongo	3947	1
name	konso	3948	1
name	konyak naga	3949	1
name	konyanka maninka	3950	1
name	konzo	3951	1
name	koongo	3952	1
name	koonzime	3953	1
name	koorete	3954	1
name	kopar	3955	1
name	kopkaka	3956	1
name	korafe-yegha	3957	1
name	koraga, korra	3958	1
name	koraga, mudu	3959	1
name	korak	3960	1
name	korana	3961	1
name	korandje	3962	1
name	korean	3963	1
name	korean sign language	3964	1
name	korean, middle (10th-16th cent.)	3965	1
name	korean, old (3rd-9th cent.)	3966	1
name	koreguaje	3967	1
name	koresh-e rostam	3968	1
name	korku	3969	1
name	korlai creole portuguese	3970	1
name	koro	3971	1
name	koro (cote d'ivoire)	3972	1
name	koro (india)	3973	1
name	koro (papua new guinea)	3974	1
name	koro (vanuatu)	3975	1
name	koro nulu	3976	1
name	koro wachi	3977	1
name	koro zuba	3978	1
name	koromfe	3979	1
name	koromira	3980	1
name	koronadal blaan	3981	1
name	koroni	3982	1
name	koropo	3983	1
name	koroshi	3984	1
name	korowai	3985	1
name	korra koraga	3986	1
name	korubo	3987	1
name	korupun-sela	3988	1
name	korwa	3989	1
name	koryak	3990	1
name	kosadle	3991	1
name	kosarek yale	3992	1
name	kosena	3993	1
name	koshin	3994	1
name	kosraean	3995	1
name	kota (gabon)	3996	1
name	kota (india)	3997	1
name	kota bangun kutai malay	3998	1
name	kota marudu talantang	3999	1
name	kotafon gbe	4000	1
name	kotava	4001	1
name	koti	4002	1
name	kott	4003	1
name	kou	4004	1
name	kouya	4005	1
name	kovai	4006	1
name	kove	4007	1
name	kowaki	4008	1
name	kowiai	4009	1
name	koy sanjaq surat	4010	1
name	koya	4011	1
name	koyaga	4012	1
name	koyo	4013	1
name	koyra chiini	4014	1
name	koyra chiini songhay	4015	1
name	koyraboro senni	4016	1
name	koyraboro senni songhai	4017	1
name	koyukon	4018	1
name	kpagua	4019	1
name	kpala	4020	1
name	kpan	4021	1
name	kpasam	4022	1
name	kpati	4023	1
name	kpatili	4024	1
name	kpeego	4025	1
name	kpelle	4026	1
name	kpelle, guinea	4027	1
name	kpelle, liberia	4028	1
name	kpessi	4029	1
name	kplang	4030	1
name	krache	4031	1
name	krahn, eastern	4032	1
name	krahn, western	4033	1
name	kraho	4034	1
name	kraol	4035	1
name	krenak	4036	1
name	krevinian	4037	1
name	kreye	4038	1
name	kriang	4039	1
name	krikati-timbira	4040	1
name	krio	4041	1
name	kriol	4042	1
name	kriol english, belize	4043	1
name	krisa	4044	1
name	krobu	4045	1
name	krongo	4046	1
name	krumen, plapo	4047	1
name	krumen, pye	4048	1
name	krumen, tepo	4049	1
name	krung	4050	1
name	krymchak	4051	1
name	kryts	4052	1
name	kua	4053	1
name	kua-nsi	4054	1
name	kuamasi	4055	1
name	kuan	4056	1
name	kuanhua	4057	1
name	kuanua	4058	1
name	kuanyama	4059	1
name	kubachi	4060	1
name	kube	4061	1
name	kubi	4062	1
name	kubo	4063	1
name	kubu	4064	1
name	kucong	4065	1
name	kudiya	4066	1
name	kudmali	4067	1
name	kudu-camo	4068	1
name	kufr qassem sign language (kqsl)	4069	1
name	kugama	4070	1
name	kugbo	4071	1
name	kugu-muminh	4072	1
name	kui (india)	4073	1
name	kui (indonesia)	4074	1
name	kui, dawik	4075	1
name	kuijau	4076	1
name	kuikuro-kalapalo	4077	1
name	kujarge	4078	1
name	kuk	4079	1
name	kukatja	4080	1
name	kuke	4081	1
name	kukele	4082	1
name	kukna	4083	1
name	kuku	4084	1
name	kuku-mangk	4085	1
name	kuku-mu'inh	4086	1
name	kuku-ugbanh	4087	1
name	kuku-uwanh	4088	1
name	kuku-yalanji	4089	1
name	kula	4090	1
name	kulango, bondoukou	4091	1
name	kulango, bouna	4092	1
name	kulere	4093	1
name	kulfa	4094	1
name	kulina pano	4095	1
name	kulisusu	4096	1
name	kullu pahari	4097	1
name	kulon	4098	1
name	kulung (nepal)	4099	1
name	kulung (nigeria)	4100	1
name	kumalu	4101	1
name	kumam	4102	1
name	kuman (papua new guinea)	4103	1
name	kuman (russia)	4104	1
name	kumaoni	4105	1
name	kumarbhag paharia	4106	1
name	kumba	4107	1
name	kumbainggar	4108	1
name	kumbaran	4109	1
name	kumbewaha	4110	1
name	kumhali	4111	1
name	kumiai	4112	1
name	kumukio	4113	1
name	kumyk	4114	1
name	kumzari	4115	1
name	kuna, border	4116	1
name	kuna, san blas	4117	1
name	kunama	4118	1
name	kunbarlang	4119	1
name	kunda	4120	1
name	kundal shahi	4121	1
name	kunduvadi	4122	1
name	kung	4123	1
name	kung-ekoka	4124	1
name	kungarakany	4125	1
name	kungardutyi	4126	1
name	kunggari	4127	1
name	kungkari	4128	1
name	kuni	4129	1
name	kuni-boazi	4130	1
name	kunigami	4131	1
name	kunimaipa	4132	1
name	kunja	4133	1
name	kunjen	4134	1
name	kunyi	4135	1
name	kunza	4136	1
name	kuo	4137	1
name	kuot	4138	1
name	kupa	4139	1
name	kupang malay	4140	1
name	kupia	4141	1
name	kupsabiny	4142	1
name	kur	4143	1
name	kura ede nago	4144	1
name	kurama	4145	1
name	kuranko	4146	1
name	kurdish	4147	1
name	kurdish, central	4148	1
name	kurdish, northern	4149	1
name	kurdish, sorani	4150	1
name	kurdish, southern	4151	1
name	kuri	4152	1
name	kuria	4153	1
name	kurichiya	4154	1
name	kurmukar	4155	1
name	kurnai	4156	1
name	kurrama	4157	1
name	kurti	4158	1
name	kurtokha	4159	1
name	kuruaya	4160	1
name	kurudu	4161	1
name	kurukh	4162	1
name	kurumba, alu	4163	1
name	kurumba, attapady	4164	1
name	kurumba, betta	4165	1
name	kurumba, jennu	4166	1
name	kurumba, kannada	4167	1
name	kurumba, mullu	4168	1
name	kusaal	4169	1
name	kusaghe	4170	1
name	kushi	4171	1
name	kuskokwim, upper	4172	1
name	kusu	4173	1
name	kusunda	4174	1
name	kutenai	4175	1
name	kutep	4176	1
name	kuthant	4177	1
name	kutong	4178	1
name	kutto	4179	1
name	kutu	4180	1
name	kuturmi	4181	1
name	kuuk thaayorre	4182	1
name	kuuk-yak	4183	1
name	kuuku-ya'u	4184	1
name	kuvale	4185	1
name	kuvi	4186	1
name	kuwaa	4187	1
name	kuwaataay	4188	1
name	kuwema	4189	1
name	kuy	4190	1
name	kven finnish	4191	1
name	kw'adza	4192	1
name	kwa	4193	1
name	kwa'	4194	1
name	kwaami	4195	1
name	kwadi	4196	1
name	kwaio	4197	1
name	kwaja	4198	1
name	kwak'wala	4199	1
name	kwakum	4200	1
name	kwalhioqua-tlatskanai	4201	1
name	kwama	4202	1
name	kwambi	4203	1
name	kwamera	4204	1
name	kwami	4205	1
name	kwamtim one	4206	1
name	kwandu	4207	1
name	kwang	4208	1
name	kwanga	4209	1
name	kwangali	4210	1
name	kwanja	4211	1
name	kwara'ae	4212	1
name	kwasio	4213	1
name	kwaya	4214	1
name	kwaza	4215	1
name	kwegu	4216	1
name	kwer	4217	1
name	kwerba	4218	1
name	kwerba mamberamo	4219	1
name	kwere	4220	1
name	kwerisa	4221	1
name	kwese	4222	1
name	kwesten	4223	1
name	kwini	4224	1
name	kwinsu	4225	1
name	kwinti	4226	1
name	kwoma	4227	1
name	kwomtari	4228	1
name	kxoe	4229	1
name	kyak	4230	1
name	kyaka	4231	1
name	kyan-karyaw naga	4232	1
name	kyanga	4233	1
name	kyenele	4234	1
name	kyerung	4235	1
name	kyrgyz	4236	1
name	la'bi	4237	1
name	laa laa bwamu	4238	1
name	laadan	4239	1
name	laal	4240	1
name	laari	4241	1
name	laarim	4242	1
name	laba	4243	1
name	label	4244	1
name	labir	4245	1
name	labo	4246	1
name	labo phowa	4247	1
name	labu	4248	1
name	labuk-kinabatangan kadazan	4249	1
name	lacandon	4250	1
name	lachi	4251	1
name	lachi, white	4252	1
name	lachiguiri zapotec	4253	1
name	lachixio zapotec	4254	1
name	ladakhi	4255	1
name	ladin	4256	1
name	ladino	4257	1
name	ladji ladji	4258	1
name	laeko-libuat	4259	1
name	lafofa	4260	1
name	laghu	4261	1
name	laghuu	4262	1
name	lagwan	4263	1
name	laha (indonesia)	4264	1
name	laha (viet nam)	4265	1
name	lahanan	4266	1
name	lahnda	4267	1
name	lahta karen	4268	1
name	lahu	4269	1
name	lahu shi	4270	1
name	lahul lohar	4271	1
name	laimbue	4272	1
name	laitu chin	4273	1
name	laiyolo	4274	1
name	lak	4275	1
name	laka (chad)	4276	1
name	lakalei	4277	1
name	lake miwok	4278	1
name	lakha	4279	1
name	laki	4280	1
name	lakkia	4281	1
name	lakon	4282	1
name	lakonde	4283	1
name	lakota	4284	1
name	lakota dida	4285	1
name	lakurumau	4286	1
name	lala	4287	1
name	lala-bisa	4288	1
name	lala-roba	4289	1
name	lalana chinantec	4290	1
name	lalia	4291	1
name	lalo, dongshanba	4292	1
name	lalo, xishanba	4293	1
name	lalu, eastern	4294	1
name	lalu, western	4295	1
name	lama (togo)	4296	1
name	lama bai	4297	1
name	lamaholot	4298	1
name	lamalama	4299	1
name	lamalera	4300	1
name	lamang	4301	1
name	lamatuka	4302	1
name	lamba	4303	1
name	lambadi	4304	1
name	lambayeque quechua	4305	1
name	lambichhong	4306	1
name	lamboya	4307	1
name	lambya	4308	1
name	lame	4309	1
name	lamenu	4310	1
name	lamja-dengsa-tola	4311	1
name	lamkang	4312	1
name	lamma	4313	1
name	lamnso'	4314	1
name	lamogai	4315	1
name	lampung api	4316	1
name	lampung nyo	4317	1
name	lamu	4318	1
name	lanas lobu	4319	1
name	landoma	4320	1
name	lang'e	4321	1
name	langam	4322	1
name	langbashe	4323	1
name	langi	4324	1
name	langnian buyang	4325	1
name	lango (south sudan)	4326	1
name	lango (uganda)	4327	1
name	langobardic	4328	1
name	langue des signes de belgique francophone	4329	1
name	lanima	4330	1
name	lanoh	4331	1
name	lao	4332	1
name	lao naga	4333	1
name	laomian	4334	1
name	laopang	4335	1
name	laos sign language	4336	1
name	lapaguia-guivini zapotec	4337	1
name	laragia	4338	1
name	larantuka malay	4339	1
name	lardil	4340	1
name	larevat	4341	1
name	large flowery miao	4342	1
name	lari	4343	1
name	larike-wakasihu	4344	1
name	laro	4345	1
name	larteh	4346	1
name	laru	4347	1
name	las delicias zapotec	4348	1
name	lasalimu	4349	1
name	lasgerdi	4350	1
name	lashi	4351	1
name	lasi	4352	1
name	late middle chinese	4353	1
name	latgalian	4354	1
name	latin	4355	1
name	latin american spanish	4356	1
name	latu	4357	1
name	latunde	4358	1
name	latvian	4359	1
name	latvian sign language	4360	1
name	latvian, standard	4361	1
name	lau	4362	1
name	laua	4363	1
name	lauan	4364	1
name	lauje	4365	1
name	laura	4366	1
name	laurentian	4367	1
name	lautu chin	4368	1
name	lavatbura-lamusong	4369	1
name	laven	4370	1
name	lavi	4371	1
name	lavukaleve	4372	1
name	lawa, eastern	4373	1
name	lawa, western	4374	1
name	lawangan	4375	1
name	lawu	4376	1
name	lawunuia	4377	1
name	layakha	4378	1
name	laz	4379	1
name	lealao chinantec	4380	1
name	leco	4381	1
name	ledo kaili	4382	1
name	leelau	4383	1
name	lefa	4384	1
name	lega-mwenga	4385	1
name	lega-shabunda	4386	1
name	legbo	4387	1
name	legenyem	4388	1
name	lehali	4389	1
name	lehalurup	4390	1
name	lehar	4391	1
name	leinong naga	4392	1
name	leipon	4393	1
name	leizhou chinese	4394	1
name	lelak	4395	1
name	lele (chad)	4396	1
name	lele (democratic republic of congo)	4397	1
name	lele (guinea)	4398	1
name	lele (papua new guinea)	4399	1
name	lelemi	4400	1
name	lelepa	4401	1
name	lembata, south	4402	1
name	lembata, west	4403	1
name	lembena	4404	1
name	lemerig	4405	1
name	lemio	4406	1
name	lemnian	4407	1
name	lemolang	4408	1
name	lemoro	4409	1
name	lenakel	4410	1
name	lenca	4411	1
name	lendu	4412	1
name	lengilu	4413	1
name	lengo	4414	1
name	lengola	4415	1
name	leningitij	4416	1
name	lenje	4417	1
name	lenkau	4418	1
name	lenyima	4419	1
name	lepcha	4420	1
name	lepki	4421	1
name	lepontic	4422	1
name	lere	4423	1
name	lese	4424	1
name	lesing-gelimi	4425	1
name	letemboi	4426	1
name	leti (cameroon)	4427	1
name	leti (indonesia)	4428	1
name	levantine arabic	4429	1
name	levuka	4430	1
name	lewo	4431	1
name	lewo eleng	4432	1
name	lewotobi	4433	1
name	leyigha	4434	1
name	lezghian	4435	1
name	lhokpu	4436	1
name	lhomi	4437	1
name	li'o	4438	1
name	liabuku	4439	1
name	liana-seti	4440	1
name	liangmai naga	4441	1
name	lianshan zhuang	4442	1
name	liberia kpelle	4443	1
name	liberian english	4444	1
name	libido	4445	1
name	libinza	4446	1
name	libon bikol	4447	1
name	liburnian	4448	1
name	libyan arabic	4449	1
name	libyan sign language	4450	1
name	lidzonka	4451	1
name	ligbi	4452	1
name	ligenza	4453	1
name	ligurian	4454	1
name	ligurian (ancient)	4455	1
name	lihir	4456	1
name	lijili	4457	1
name	lika	4458	1
name	liki	4459	1
name	likila	4460	1
name	likuba	4461	1
name	likum	4462	1
name	likwala	4463	1
name	lilau	4464	1
name	lillooet	4465	1
name	limassa	4466	1
name	limba, east	4467	1
name	limba, west-central	4468	1
name	limbu	4469	1
name	limbum	4470	1
name	limburgan	4471	1
name	limburgish	4472	1
name	limi	4473	1
name	limilngan	4474	1
name	limos kalinga	4475	1
name	linear a	4476	1
name	lingala	4477	1
name	lingao	4478	1
name	lingarak	4479	1
name	lingua franca	4480	1
name	lingua franca nova	4481	1
name	lipan apache	4482	1
name	lipo	4483	1
name	lisabata-nuniali	4484	1
name	lisela	4485	1
name	lish	4486	1
name	lishan didan	4487	1
name	lishana deni	4488	1
name	lishanid noshan	4489	1
name	lisu	4490	1
name	literary chinese	4491	1
name	lithuanian	4492	1
name	lithuanian sign language	4493	1
name	lithuanian, old	4494	1
name	litzlitz	4495	1
name	liujiang zhuang	4496	1
name	liuqian zhuang	4497	1
name	liv	4498	1
name	livonian	4499	1
name	livvi	4500	1
name	lo-toga	4501	1
name	loarki	4502	1
name	lobala	4503	1
name	lobi	4504	1
name	lobu, lanas	4505	1
name	lobu, tampias	4506	1
name	lodhi	4507	1
name	logba	4508	1
name	logir	4509	1
name	logo	4510	1
name	logol	4511	1
name	logooli	4512	1
name	logorik	4513	1
name	logudorese sardinian	4514	1
name	lohar, gade	4515	1
name	lohar, lahul	4516	1
name	lohorung	4517	1
name	loja highland quichua	4518	1
name	lojban	4519	1
name	lokaa	4520	1
name	loke	4521	1
name	loko	4522	1
name	lokoya	4523	1
name	lola	4524	1
name	lolak	4525	1
name	lole	4526	1
name	lolo	4527	1
name	loloda	4528	1
name	lolopo	4529	1
name	lolopo, southern	4530	1
name	loma (cote d'ivoire)	4531	1
name	loma (liberia)	4532	1
name	lomaiviti	4533	1
name	lomavren	4534	1
name	lombard	4535	1
name	lombi	4536	1
name	lombo	4537	1
name	lomwe	4538	1
name	lomwe, malawi	4539	1
name	loncong	4540	1
name	long phuri naga	4541	1
name	long wat	4542	1
name	longgu	4543	1
name	longto	4544	1
name	longuda	4545	1
name	loniu	4546	1
name	lonwolwol	4547	1
name	lonzo	4548	1
name	loo	4549	1
name	lopa	4550	1
name	lopi	4551	1
name	lopit	4552	1
name	lorang	4553	1
name	lorediakarkar	4554	1
name	loreto-ucayali spanish	4555	1
name	lote	4556	1
name	lotha naga	4557	1
name	lotud	4558	1
name	lou	4559	1
name	louisiana creole	4560	1
name	loun	4561	1
name	loup a	4562	1
name	loup b	4563	1
name	low german	4564	1
name	low saxon	4565	1
name	lower burdekin	4566	1
name	lower chehalis	4567	1
name	lower grand valley dani	4568	1
name	lower nossob	4569	1
name	lower silesian	4570	1
name	lower sorbian	4571	1
name	lower southern aranda	4572	1
name	lower ta'oih	4573	1
name	lower tanana	4574	1
name	lowland oaxaca chontal	4575	1
name	lowland tarahumara	4576	1
name	loxicha zapotec	4577	1
name	lozi	4578	1
name	lu	4579	1
name	luang	4580	1
name	luba-katanga	4581	1
name	luba-lulua	4582	1
name	lubila	4583	1
name	lubu	4584	1
name	lubuagan kalinga	4585	1
name	luchazi	4586	1
name	lucumi	4587	1
name	ludian	4588	1
name	lufu	4589	1
name	lugbara	4590	1
name	luguru	4591	1
name	luhu	4592	1
name	luimbi	4593	1
name	luiseno	4594	1
name	lukpa	4595	1
name	lule	4596	1
name	lule sami	4597	1
name	lumba-yakkha	4598	1
name	lumbu	4599	1
name	lumun	4600	1
name	luna	4601	1
name	lunanakha	4602	1
name	lunda	4603	1
name	lundayeh	4604	1
name	lungalunga	4605	1
name	lungga	4606	1
name	luo	4607	1
name	luo (cameroon)	4608	1
name	luo (kenya and tanzania)	4609	1
name	luopohe hmong	4610	1
name	luri	4611	1
name	luri bakhtiari	4612	1
name	luri, northern	4613	1
name	luri, southern	4614	1
name	lusengo	4615	1
name	lushai	4616	1
name	lushootseed	4617	1
name	lusi	4618	1
name	lusitanian	4619	1
name	lutos	4620	1
name	luvale	4621	1
name	luwati	4622	1
name	luwian, cuneiform	4623	1
name	luwian, hieroglyphic	4624	1
name	luwo	4625	1
name	luxembourgish	4626	1
name	luyana	4627	1
name	luyia	4628	1
name	lwalu	4629	1
name	lwel	4630	1
name	lycian	4631	1
name	lydian	4632	1
name	lyele	4633	1
name	lyngngam	4634	1
name	ma (democratic republic of congo)	4635	1
name	ma (papua new guinea)	4636	1
name	ma manda	4637	1
name	ma'anyan	4638	1
name	ma'di	4639	1
name	ma'di, southern	4640	1
name	ma'ya	4641	1
name	maa	4642	1
name	maaka	4643	1
name	maasina fulfulde	4644	1
name	maay	4645	1
name	maba	4646	1
name	maba (chad)	4647	1
name	maba (indonesia)	4648	1
name	mabaale	4649	1
name	mabaan	4650	1
name	mabaka valley kalinga	4651	1
name	mabire	4652	1
name	maca	4653	1
name	macaguaje	4654	1
name	macaguan	4655	1
name	macanese	4656	1
name	macedo-romanian	4657	1
name	macedonian	4658	1
name	macedonian, ancient	4659	1
name	machame	4660	1
name	machiguenga	4661	1
name	machinere	4662	1
name	machinga	4663	1
name	maco	4664	1
name	macuna	4665	1
name	macushi	4666	1
name	mada (cameroon)	4667	1
name	mada (nigeria)	4668	1
name	madagascar sign language	4669	1
name	madak	4670	1
name	madhi madhi	4671	1
name	madi	4672	1
name	madurese	4673	1
name	mae	4674	1
name	maek	4675	1
name	maeng itneg	4676	1
name	maewo, central	4677	1
name	mafa	4678	1
name	mafea	4679	1
name	mag-antsi ayta	4680	1
name	mag-indi ayta	4681	1
name	magahi	4682	1
name	magar, eastern	4683	1
name	magar, western	4684	1
name	magbukun ayta	4685	1
name	magdalena penasco mixtec	4686	1
name	maghdi	4687	1
name	magi (madang province)	4688	1
name	magiyi	4689	1
name	magoma	4690	1
name	magori	4691	1
name	maguindanaon	4692	1
name	mahali	4693	1
name	maharastri prakrit	4694	1
name	mahasu pahari	4695	1
name	mahican	4696	1
name	mahongwe	4697	1
name	mahou	4698	1
name	mai brat	4699	1
name	maia	4700	1
name	maiadomu	4701	1
name	maiani	4702	1
name	maidu, northeast	4703	1
name	maidu, northwest	4704	1
name	maidu, valley	4705	1
name	maii	4706	1
name	mailu	4707	1
name	main-franconian	4708	1
name	maindo	4709	1
name	mainfrankisch	4710	1
name	mainstream kenyah	4711	1
name	mairasi	4712	1
name	maisin	4713	1
name	maithili	4714	1
name	maiwa (indonesia)	4715	1
name	maiwa (papua new guinea)	4716	1
name	maiwala	4717	1
name	majang	4718	1
name	majera	4719	1
name	majhi	4720	1
name	majhwar	4721	1
name	majukayang kalinga	4722	1
name	mak (china)	4723	1
name	mak (nigeria)	4724	1
name	makaa	4725	1
name	makah	4726	1
name	makalero	4727	1
name	makasae	4728	1
name	makasar	4729	1
name	makassar malay	4730	1
name	makayam	4731	1
name	makhuwa	4732	1
name	makhuwa-marrevone	4733	1
name	makhuwa-meetto	4734	1
name	makhuwa-moniga	4735	1
name	makhuwa-saka	4736	1
name	makhuwa-shirima	4737	1
name	makian, east	4738	1
name	makian, west	4739	1
name	maklew	4740	1
name	makolkol	4741	1
name	makonde	4742	1
name	maku	4743	1
name	maku'a	4744	1
name	makurap	4745	1
name	makuri naga	4746	1
name	makwe	4747	1
name	makyan naga	4748	1
name	mal	4749	1
name	mal paharia	4750	1
name	mala (nigeria)	4751	1
name	mala (papua new guinea)	4752	1
name	mala malasar	4753	1
name	malaccan creole malay	4754	1
name	malaccan creole portuguese	4755	1
name	malagasy	4756	1
name	malagasy, antankarana	4757	1
name	malagasy, bara	4758	1
name	malagasy, masikoro	4759	1
name	malagasy, northern betsimisaraka	4760	1
name	malagasy, plateau	4761	1
name	malagasy, sakalava	4762	1
name	malagasy, southern betsimisaraka	4763	1
name	malagasy, tandroy-mahafaly	4764	1
name	malagasy, tanosy	4765	1
name	malagasy, tesaka	4766	1
name	malagasy, tsimihety	4767	1
name	malak malak	4768	1
name	malalamai	4769	1
name	malango	4770	1
name	malankuravan	4771	1
name	malapandaram	4772	1
name	malaryan	4773	1
name	malas	4774	1
name	malasar	4775	1
name	malasar, mala	4776	1
name	malavedan	4777	1
name	malawi lomwe	4778	1
name	malawi sena	4779	1
name	malawian sign language	4780	1
name	malay	4781	1
name	malay (individual language)	4782	1
name	malay (macrolanguage)	4783	1
name	malay, ambonese	4784	1
name	malay, baba	4785	1
name	malay, bacanese	4786	1
name	malay, balinese	4787	1
name	malay, banda	4788	1
name	malay, berau	4789	1
name	malay, bukit	4790	1
name	malay, central	4791	1
name	malay, cocos islands	4792	1
name	malay, jambi	4793	1
name	malay, kedah	4794	1
name	malay, kota bangun kutai	4795	1
name	malay, kupang	4796	1
name	malay, larantuka	4797	1
name	malay, makassar	4798	1
name	malay, manado	4799	1
name	malay, north moluccan	4800	1
name	malay, old	4801	1
name	malay, papuan	4802	1
name	malay, pattani	4803	1
name	malay, sabah	4804	1
name	malay, standard	4805	1
name	malay, tenggarong kutai	4806	1
name	malayalam	4807	1
name	malayic dayak	4808	1
name	malaynon	4809	1
name	malayo	4810	1
name	malaysian sign language	4811	1
name	malba birifor	4812	1
name	male (ethiopia)	4813	1
name	male (papua new guinea)	4814	1
name	malecite-passamaquoddy	4815	1
name	maleku jaika	4816	1
name	maleng	4817	1
name	maleu-kilenge	4818	1
name	malfaxal	4819	1
name	malgana	4820	1
name	malgbe	4821	1
name	mali	4822	1
name	malila	4823	1
name	malimba	4824	1
name	malimpung	4825	1
name	malinaltepec me'phaa	4826	1
name	maliseet-passamaquoddy	4827	1
name	malo	4828	1
name	malol	4829	1
name	maltese	4830	1
name	maltese sign language	4831	1
name	malua bay	4832	1
name	malvi	4833	1
name	malyangapa	4834	1
name	mam	4835	1
name	mama	4836	1
name	mamaa	4837	1
name	mamainde	4838	1
name	mamanwa	4839	1
name	mamara senoufo	4840	1
name	mamasa	4841	1
name	mambae	4842	1
name	mambai	4843	1
name	mambila, cameroon	4844	1
name	mambila, nigeria	4845	1
name	mamboru	4846	1
name	mambwe-lungu	4847	1
name	mampruli	4848	1
name	mamuju	4849	1
name	mamulique	4850	1
name	mamusi	4851	1
name	mamvu	4852	1
name	man met	4853	1
name	manado malay	4854	1
name	manam	4855	1
name	manambu	4856	1
name	manangba	4857	1
name	manangkari	4858	1
name	manchu	4859	1
name	manda (australia)	4860	1
name	manda (india)	4861	1
name	manda (tanzania)	4862	1
name	mandahuaca	4863	1
name	mandaic	4864	1
name	mandaic, classical	4865	1
name	mandan	4866	1
name	mandandanyi	4867	1
name	mandar	4868	1
name	mandara	4869	1
name	mandari	4870	1
name	mandarin chinese	4871	2
name	mandaya	4873	1
name	mandeali	4874	1
name	mander	4875	1
name	mandingo	4876	1
name	mandinka	4877	1
name	mandjak	4878	1
name	mandobo atas	4879	1
name	mandobo bawah	4880	1
name	manduri, baga	4881	1
name	manem	4882	1
name	mang	4883	1
name	manga kanuri	4884	1
name	mangala	4885	1
name	mangareva	4886	1
name	mangarrayi	4887	1
name	mangas	4888	1
name	mangayat	4889	1
name	mangbetu	4890	1
name	mangbutu	4891	1
name	mangerr	4892	1
name	mangga buang	4893	1
name	manggarai	4894	1
name	mango	4895	1
name	mangole	4896	1
name	mangseng	4897	1
name	mangue	4898	1
name	manichaean middle persian	4899	1
name	manide	4900	1
name	manikion	4901	1
name	maninka, konyanka	4902	1
name	maninka, sankaran	4903	1
name	maninkakan, eastern	4904	1
name	maninkakan, kita	4905	1
name	maninkakan, western	4906	1
name	manipa	4907	1
name	manipuri	4908	1
name	manipuri, old	4909	1
name	mankanya	4910	1
name	mankiyali	4911	1
name	manna-dora	4912	1
name	mannan	4913	1
name	mano	4914	1
name	manobo, agusan	4915	1
name	manobo, ata	4916	1
name	manobo, cotabato	4917	1
name	manobo, dibabawon	4918	1
name	manobo, ilianen	4919	1
name	manobo, kinamiging	4920	1
name	manobo, matigsalug	4921	1
name	manobo, obo	4922	1
name	manobo, rajah kabunsuwan	4923	1
name	manobo, sarangani	4924	1
name	manobo, western bukidnon	4925	1
name	manombai	4926	1
name	mansaka	4927	1
name	mansi	4928	1
name	mansoanka	4929	1
name	manta	4930	1
name	mantsi	4931	1
name	manumanaw karen	4932	1
name	manx	4933	1
name	manya	4934	1
name	manyawa	4935	1
name	manyika	4936	1
name	manza	4937	1
name	mao naga	4938	1
name	maonan	4939	1
name	maore comorian	4940	1
name	maori	4941	1
name	mape	4942	1
name	mapena	4943	1
name	mapia	4944	1
name	mapidian	4945	1
name	mapos buang	4946	1
name	mapoyo	4947	1
name	mapuche	4948	1
name	mapudungun	4949	1
name	mapun	4950	1
name	maquiritari	4951	1
name	mara chin	4952	1
name	marachi	4953	1
name	maraghei	4954	1
name	maragus	4955	1
name	maram naga	4956	1
name	marama	4957	1
name	maranao	4958	1
name	maranunggu	4959	1
name	mararit	4960	1
name	marathi	4961	1
name	marathi, old	4962	1
name	marau	4963	1
name	marba	4964	1
name	mardin sign language	4965	1
name	maremgi	4966	1
name	marenje	4967	1
name	marfa	4968	1
name	margany	4969	1
name	marghi central	4970	1
name	marghi south	4971	1
name	margos-yarowilca-lauricocha quechua	4972	1
name	margu	4973	1
name	mari	4974	1
name	mari (east sepik province)	4975	1
name	mari (madang province)	4976	1
name	mari (russia)	4977	1
name	mari, eastern	4978	1
name	mari, western	4979	1
name	maria (india)	4980	1
name	maria (papua new guinea)	4981	1
name	maria, dandami	4982	1
name	maricopa	4983	1
name	maridan	4984	1
name	maridjabin	4985	1
name	marik	4986	1
name	marimanindji	4987	1
name	marind	4988	1
name	marind, bian	4989	1
name	maring	4990	1
name	maring naga	4991	1
name	maringarr	4992	1
name	marino	4993	1
name	mariri	4994	1
name	maritime sign language	4995	1
name	maritsaua	4996	1
name	mariyedi	4997	1
name	marka	4998	1
name	markweeta	4999	1
name	marma	5000	1
name	marovo	5001	1
name	marquesan, north	5002	1
name	marquesan, south	5003	1
name	marra	5004	1
name	marriammu	5005	1
name	marrithiyel	5006	1
name	marrucinian	5007	1
name	marshallese	5008	1
name	marsian	5009	1
name	martha's vineyard sign language	5010	1
name	marti ke	5011	1
name	martu wangka	5012	1
name	martuyhunira	5013	1
name	maru	5014	1
name	marubo	5015	1
name	marwari	5016	1
name	marwari (india)	5017	1
name	marwari (pakistan)	5018	1
name	masaaba	5019	1
name	masadiit itneg	5020	1
name	masai	5021	1
name	masalit	5022	1
name	masana	5023	1
name	masbatenyo	5024	1
name	masela, central	5025	1
name	masela, east	5026	1
name	masela, west	5027	1
name	mashco piro	5028	1
name	mashi (nigeria)	5029	1
name	mashi (zambia)	5030	1
name	masikoro malagasy	5031	1
name	masimasi	5032	1
name	masiwang	5033	1
name	maskelynes	5034	1
name	maslam	5035	1
name	masmaje	5036	1
name	massalat	5037	1
name	massep	5038	1
name	matagalpa	5039	1
name	matal	5040	1
name	matambwe	5041	1
name	matbat	5042	1
name	matengo	5043	1
name	matepi	5044	1
name	matigsalug manobo	5045	1
name	matipuhy	5046	1
name	matis	5047	1
name	matlatzinca, atzingo	5048	1
name	matlatzinca, san francisco	5049	1
name	matngala	5050	1
name	mato	5051	1
name	mato grosso arara	5052	1
name	mator	5053	1
name	matses	5054	1
name	mattole	5055	1
name	matu chin	5056	1
name	matukar	5057	1
name	matumbi	5058	1
name	matya samo	5059	1
name	maung	5060	1
name	mauritian sign language	5061	1
name	mauwake	5062	1
name	mawa (chad)	5063	1
name	mawa (nigeria)	5064	1
name	mawak	5065	1
name	mawan	5066	1
name	mawayana	5067	1
name	mawchi	5068	1
name	mawes	5069	1
name	maxakali	5070	1
name	maxi gbe	5071	1
name	maya samo	5072	1
name	mayaguduna	5073	1
name	mayan, epigraphic	5074	1
name	mayangna	5075	1
name	mayawali	5076	1
name	mayeka	5077	1
name	mayi-kulan	5078	1
name	mayi-thakurti	5079	1
name	mayi-yapi	5080	1
name	mayo	5081	1
name	mayogo	5082	1
name	mayoyao ifugao	5083	1
name	mazagway	5084	1
name	mazahua, central	5085	1
name	mazahua, michoacan	5086	1
name	mazaltepec zapotec	5087	1
name	mazanderani	5088	1
name	mazatec, ayautla	5089	1
name	mazatec, chiquihuitlan	5090	1
name	mazatec, huautla	5091	1
name	mazatec, ixcatlan	5092	1
name	mazatec, jalapa de diaz	5093	1
name	mazatec, mazatlan	5094	1
name	mazatec, puebla	5095	1
name	mazatec, san jeronimo tecoatl	5096	1
name	mazatec, soyaltepec	5097	1
name	mazatlan mazatec	5098	1
name	mazatlan mixe	5099	1
name	mba	5100	1
name	mbala	5101	1
name	mbalanhu	5102	1
name	mbandja	5103	1
name	mbangala	5104	1
name	mbangi	5105	1
name	mbangwe	5106	1
name	mbara (australia)	5107	1
name	mbara (chad)	5108	1
name	mbariman-gudhinma	5109	1
name	mbati	5110	1
name	mbato	5111	1
name	mbay	5112	1
name	mbe	5113	1
name	mbe'	5114	1
name	mbelime	5115	1
name	mbembe, cross river	5116	1
name	mbembe, tigon	5117	1
name	mbere	5118	1
name	mbesa	5119	1
name	mbessa	5120	1
name	mbo (cameroon)	5121	1
name	mbo (democratic republic of congo)	5122	1
name	mboi	5123	1
name	mboko	5124	1
name	mbole	5125	1
name	mbonga	5126	1
name	mbongno	5127	1
name	mbosi	5128	1
name	mbowe	5129	1
name	mbre	5130	1
name	mbudum	5131	1
name	mbugu	5132	1
name	mbugwe	5133	1
name	mbuk	5134	1
name	mbuko	5135	1
name	mbukushu	5136	1
name	mbula	5137	1
name	mbula-bwazza	5138	1
name	mbule	5139	1
name	mbulungish	5140	1
name	mbum	5141	1
name	mbunda	5142	1
name	mbunga	5143	1
name	mburku	5144	1
name	mbuun	5145	1
name	mbwela	5146	1
name	mbya guarani	5147	1
name	me'en	5148	1
name	me'phaa, acatepec	5149	1
name	me'phaa, azoyu	5150	1
name	me'phaa, malinaltepec	5151	1
name	me'phaa, tlacoapa	5152	1
name	medebur	5153	1
name	medefaidrin	5154	1
name	media lengua	5155	1
name	median	5156	1
name	mednyj aleut	5157	1
name	medumba	5158	1
name	mefele	5159	1
name	megam	5160	1
name	megleno romanian	5161	1
name	mehek	5162	1
name	mehinaku	5163	1
name	mehri	5164	1
name	mekeo	5165	1
name	mekmek	5166	1
name	mekwei	5167	1
name	mel-khaonh	5168	1
name	melanau, central	5169	1
name	melanau, daro-matu	5170	1
name	melanau, kanowit-tanjong	5171	1
name	melanau, sibu	5172	1
name	mele-fila	5173	1
name	melo	5174	1
name	melpa	5175	1
name	memoni	5176	1
name	mendalam kayan	5177	1
name	mendankwe-nkwen	5178	1
name	mende	5179	1
name	mende (papua new guinea)	5180	1
name	mende (sierra leone)	5181	1
name	mengaka	5182	1
name	mengen	5183	1
name	mengisa	5184	1
name	menik	5185	1
name	menka	5186	1
name	menominee	5187	1
name	mentawai	5188	1
name	menya	5189	1
name	meohang, eastern	5190	1
name	meohang, western	5191	1
name	meoswar	5192	1
name	mer	5193	1
name	meramera	5194	1
name	merei	5195	1
name	merey	5196	1
name	meriam mir	5197	1
name	merlav	5198	1
name	meroitic	5199	1
name	meru	5200	1
name	merwari	5201	1
name	mesaka	5202	1
name	mescalero-chiricahua apache	5203	1
name	mese	5204	1
name	meskwaki	5205	1
name	mesme	5206	1
name	mesmes	5207	1
name	mesopotamian arabic	5208	1
name	mesqan	5209	1
name	messapic	5210	1
name	meta'	5211	1
name	metlatonoc mixtec	5212	1
name	mewari	5213	1
name	mewati	5214	1
name	mexican sign language	5215	1
name	mexican spanish	5216	1
name	meyah	5217	1
name	mezontla popoloca	5218	1
name	mezquital otomi	5219	1
name	mfinu	5220	1
name	mfumte	5221	1
name	mgbolizhia	5222	1
name	mi'kmaq	5223	1
name	mi'kmaw	5224	1
name	miahuatlan zapotec	5225	1
name	miami	5226	1
name	mian	5227	1
name	miani	5228	1
name	miao, chuanqiandian cluster	5229	1
name	miao, eastern qiandong	5230	1
name	miao, eastern xiangxi	5231	1
name	miao, horned	5232	1
name	miao, large flowery	5233	1
name	miao, northern qiandong	5234	1
name	miao, small flowery	5235	1
name	miao, southern qiandong	5236	1
name	miao, western xiangxi	5237	1
name	michif	5238	1
name	michigamea	5239	1
name	michoacan mazahua	5240	1
name	michoacan nahuatl	5241	1
name	mid grand valley dani	5242	1
name	mid-southern banda	5243	1
name	middle armenian	5244	1
name	middle breton	5245	1
name	middle cornish	5246	1
name	middle dutch	5247	1
name	middle dutch (ca. 1050-1350)	5248	1
name	middle english	5249	1
name	middle english (1100-1500)	5250	1
name	middle french	5251	1
name	middle french (ca. 1400-1600)	5252	1
name	middle high german	5253	1
name	middle high german (ca. 1050-1500)	5254	1
name	middle hittite	5255	1
name	middle irish	5256	1
name	middle irish (900-1200)	5257	1
name	middle khmer (1400 to 1850 ce)	5258	1
name	middle korean (10th-16th cent.)	5259	1
name	middle low german	5260	1
name	middle mongolian	5261	1
name	middle newar	5262	1
name	middle watut	5263	1
name	middle welsh	5264	1
name	midob	5265	1
name	mien, biao-jiao	5266	1
name	mien, iu	5267	1
name	migaama	5268	1
name	migabac	5269	1
name	migum	5270	1
name	miju-mishmi	5271	1
name	mikasuki	5272	1
name	mili	5273	1
name	miltu	5274	1
name	miluk	5275	1
name	milyan	5276	1
name	min bei chinese	5277	1
name	min dong chinese	5278	1
name	min nan chinese	5279	1
name	min zhong chinese	5280	1
name	mina (cameroon)	5281	1
name	minaean	5282	1
name	minang	5283	1
name	minangkabau	5284	1
name	minanibai	5285	1
name	minaveha	5286	1
name	minderico	5287	1
name	mindiri	5288	1
name	mingang doso	5289	1
name	mingrelian	5290	1
name	minica huitoto	5291	1
name	minidien	5292	1
name	minjungbal	5293	1
name	minkin	5294	1
name	minoan	5295	1
name	minokok	5296	1
name	minriq	5297	1
name	mintil	5298	1
name	minyag, eastern	5299	1
name	minyag, western	5300	1
name	minz zhuang	5301	1
name	miqie	5302	1
name	mirandese	5303	1
name	miraya bikol	5304	1
name	mirgan	5305	1
name	miriti	5306	1
name	miriwoong	5307	1
name	miriwoong sign language	5308	1
name	mirning	5309	1
name	miship	5310	1
name	misima-panaeati	5311	1
name	mising	5312	1
name	miskito	5313	1
name	mitla zapotec	5314	1
name	mitlatongo mixtec	5315	1
name	mittu	5316	1
name	mituku	5317	1
name	miu	5318	1
name	miwa	5319	1
name	miwok, bay	5320	1
name	miwok, central sierra	5321	1
name	miwok, coast	5322	1
name	miwok, lake	5323	1
name	miwok, northern sierra	5324	1
name	miwok, plains	5325	1
name	miwok, southern sierra	5326	1
name	mixe, coatlan	5327	1
name	mixe, isthmus	5328	1
name	mixe, juquila	5329	1
name	mixe, mazatlan	5330	1
name	mixe, north central	5331	1
name	mixe, quetzaltepec	5332	1
name	mixe, tlahuitoltepec	5333	1
name	mixe, totontepec	5334	1
name	mixed great andamanese	5335	1
name	mixtec, alacatlatzala	5336	1
name	mixtec, alcozauca	5337	1
name	mixtec, amoltepec	5338	1
name	mixtec, apasco-apoala	5339	1
name	mixtec, atatlahuca	5340	1
name	mixtec, ayutla	5341	1
name	mixtec, cacaloxtepec	5342	1
name	mixtec, chayuco	5343	1
name	mixtec, chazumba	5344	1
name	mixtec, chigmecatitlan	5345	1
name	mixtec, coatzospan	5346	1
name	mixtec, cuyamecalco	5347	1
name	mixtec, diuxi-tilantongo	5348	1
name	mixtec, huitepec	5349	1
name	mixtec, itundujia	5350	1
name	mixtec, ixtayutla	5351	1
name	mixtec, jamiltepec	5352	1
name	mixtec, juxtlahuaca	5353	1
name	mixtec, magdalena penasco	5354	1
name	mixtec, metlatonoc	5355	1
name	mixtec, mitlatongo	5356	1
name	mixtec, mixtepec	5357	1
name	mixtec, northern tlaxiaco	5358	1
name	mixtec, northwest oaxaca	5359	1
name	mixtec, ocotepec	5360	1
name	mixtec, penoles	5361	1
name	mixtec, pinotepa nacional	5362	1
name	mixtec, san juan colorado	5363	1
name	mixtec, san juan teita	5364	1
name	mixtec, san miguel el grande	5365	1
name	mixtec, san miguel piedras	5366	1
name	mixtec, santa lucia monteverde	5367	1
name	mixtec, santa maria zacatepec	5368	1
name	mixtec, silacayoapan	5369	1
name	mixtec, sindihui	5370	1
name	mixtec, sinicahua	5371	1
name	mixtec, southeastern nochixtlan	5372	1
name	mixtec, southern puebla	5373	1
name	mixtec, southwestern tlaxiaco	5374	1
name	mixtec, soyaltepec	5375	1
name	mixtec, tacahua	5376	1
name	mixtec, tamazola	5377	1
name	mixtec, tezoatlan	5378	1
name	mixtec, tidaa	5379	1
name	mixtec, tijaltepec	5380	1
name	mixtec, tlazoyaltepec	5381	1
name	mixtec, tututepec	5382	1
name	mixtec, western juxtlahuaca	5383	1
name	mixtec, yoloxochitl	5384	1
name	mixtec, yosondua	5385	1
name	mixtec, yucuane	5386	1
name	mixtec, yutanduchi	5387	1
name	mixtepec mixtec	5388	1
name	mixtepec zapotec	5389	1
name	miya	5390	1
name	miyako	5391	1
name	miyakubo sign language	5392	1
name	miyobe	5393	1
name	mizo	5394	1
name	mlabri	5395	1
name	mlahso	5396	1
name	mlap	5397	1
name	mlomp	5398	1
name	mmaala	5399	1
name	mmen	5400	1
name	mnong, central	5401	1
name	mnong, eastern	5402	1
name	mnong, southern	5403	1
name	mo'da	5404	1
name	moabite	5405	1
name	moba	5406	1
name	mobilian	5407	1
name	mobumrin aizi	5408	1
name	mobwa karen	5409	1
name	mocheno	5410	1
name	mochi	5411	1
name	mochica	5412	1
name	mocho	5413	1
name	mocovi	5414	1
name	modang	5415	1
name	modern greek (1453-)	5416	1
name	modern standard arabic	5417	1
name	modole	5418	1
name	moere	5419	1
name	mofu, north	5420	1
name	mofu-gudur	5421	1
name	mogholi	5422	1
name	mogofin	5423	1
name	mogum	5424	1
name	mohave	5425	1
name	mohawk	5426	1
name	mohegan-pequot	5427	1
name	moi (congo)	5428	1
name	moi (indonesia)	5429	1
name	moi-wadea	5430	1
name	moikodi	5431	1
name	moingi	5432	1
name	moji	5433	1
name	mok	5434	1
name	mokati	5435	1
name	moken	5436	1
name	mokerang	5437	1
name	mokilese	5438	1
name	moklen	5439	1
name	mokole	5440	1
name	mokpwe	5441	1
name	moksela	5442	1
name	moksha	5443	1
name	molale	5444	1
name	molbog	5445	1
name	moldavian	5446	1
name	moldova sign language	5447	1
name	molengue	5448	1
name	molima	5449	1
name	molmo one	5450	1
name	molo	5451	1
name	molof	5452	1
name	moloko	5453	1
name	mom jango	5454	1
name	moma	5455	1
name	momare	5456	1
name	mombo dogon	5457	1
name	mombum	5458	1
name	momina	5459	1
name	momuna	5460	1
name	mon	5461	1
name	mon, old	5462	1
name	monastic sign language	5463	1
name	monde	5464	1
name	mondropolon	5465	1
name	mongo	5466	1
name	mongol	5467	1
name	mongolia buriat	5468	1
name	mongolian	5469	1
name	mongolian sign language	5470	1
name	mongolian, classical	5471	1
name	mongolian, halh	5472	1
name	mongolian, middle	5473	1
name	mongolian, peripheral	5474	1
name	mongondow	5475	1
name	moni	5476	1
name	mono (cameroon)	5477	1
name	mono (democratic republic of congo)	5478	1
name	mono (solomon islands)	5479	1
name	mono (usa)	5480	1
name	monom	5481	1
name	monpa, kalaktang	5482	1
name	monpa, tawang	5483	1
name	monsang naga	5484	1
name	montenegrin	5485	2
name	montol	5487	1
name	monumbo	5488	1
name	monzombo	5489	1
name	moo	5490	1
name	moose cree	5491	1
name	mopan maya	5492	1
name	mor (bomberai peninsula)	5493	1
name	mor (mor islands)	5494	1
name	moraid	5495	1
name	morawa	5496	1
name	morelos nahuatl	5497	1
name	morerebi	5498	1
name	moresada	5499	1
name	mori atas	5500	1
name	mori bawah	5501	1
name	morigi	5502	1
name	moriori	5503	1
name	morisyen	5504	1
name	moro	5505	1
name	moroccan arabic	5506	1
name	moroccan sign language	5507	1
name	morokodo	5508	1
name	morom	5509	1
name	moronene	5510	1
name	morori	5511	1
name	morouas	5512	1
name	morrobalama	5513	1
name	mortlockese	5514	1
name	moru	5515	1
name	mosimo	5516	1
name	moskona	5517	1
name	mossi	5518	1
name	mota	5519	1
name	motlav	5520	1
name	motu	5521	1
name	mouk-aria	5522	1
name	moundadan chetty	5523	1
name	mountain koiali	5524	1
name	mouwase	5525	1
name	movima	5526	1
name	moyadan itneg	5527	1
name	moyon naga	5528	1
name	mozambican sign language	5529	1
name	mozarabic	5530	1
name	mpade	5531	1
name	mpalitjanh	5532	1
name	mpi	5533	1
name	mpiemo	5534	1
name	mpinda	5535	1
name	mpoto	5536	1
name	mpotovoro	5537	1
name	mpumpong	5538	1
name	mpur	5539	1
name	mro-khimi chin	5540	1
name	mru	5541	1
name	mser	5542	1
name	mt. iraya agta	5543	1
name	mt. iriga agta	5544	1
name	muak sa-aak	5545	1
name	mualang	5546	1
name	mubami	5547	1
name	mubi	5548	1
name	muda	5549	1
name	mudburra	5550	1
name	mudhili gadaba	5551	1
name	mudu koraga	5552	1
name	muduga	5553	1
name	mufian	5554	1
name	mugom	5555	1
name	muinane	5556	1
name	muji, northern	5557	1
name	muji, qila	5558	1
name	muji, southern	5559	1
name	mukha-dora	5560	1
name	mukulu	5561	1
name	mulaha	5562	1
name	mulam	5563	1
name	mulao	5564	1
name	mulgi	5565	1
name	mullu kurumba	5566	1
name	multiple languages	5567	1
name	muluridyi	5568	1
name	mum	5569	1
name	mumuye	5570	1
name	mun chin	5571	1
name	muna	5572	1
name	munda	5573	1
name	mundabli	5574	1
name	mundang	5575	1
name	mundani	5576	1
name	mundari	5577	1
name	mundat	5578	1
name	mundu	5579	1
name	munduruku	5580	1
name	mungaka	5581	1
name	munggui	5582	1
name	mungkip	5583	1
name	muniche	5584	1
name	munit	5585	1
name	munji	5586	1
name	munsee	5587	1
name	muong	5588	1
name	mur pano	5589	1
name	muratayak	5590	1
name	muria, eastern	5591	1
name	muria, far western	5592	1
name	muria, western	5593	1
name	murik (malaysia)	5594	1
name	murik (papua new guinea)	5595	1
name	murkim	5596	1
name	murle	5597	1
name	murrinh-patha	5598	1
name	mursi	5599	1
name	murui huitoto	5600	1
name	murupi	5601	1
name	murut, keningau	5602	1
name	murut, tagal	5603	1
name	murut, timugon	5604	1
name	muruwari	5605	1
name	musak	5606	1
name	musasa	5607	1
name	muscogee	5608	1
name	musey	5609	1
name	musgu	5610	1
name	mushungulu	5611	1
name	musi	5612	1
name	muskum	5613	1
name	muslim tat	5614	1
name	musom	5615	1
name	mussau-emira	5616	1
name	muthuvan	5617	1
name	mutu	5618	1
name	muyang	5619	1
name	muyu, north	5620	1
name	muyu, south	5621	1
name	muyuw	5622	1
name	muzi	5623	1
name	mvanip	5624	1
name	mvskoke	5625	1
name	mvuba	5626	1
name	mwaghavul	5627	1
name	mwali comorian	5628	1
name	mwan	5629	1
name	mwani	5630	1
name	mwatebu	5631	1
name	mwera (chimwera)	5632	1
name	mwera (nyasa)	5633	1
name	mwimbi-muthambi	5634	1
name	myanmar language	5635	1
name	myanmar sign language	5636	1
name	mycenaean greek	5637	1
name	myene	5638	1
name	mysian	5639	1
name	mzieme naga	5640	1
name	n'ko	5641	1
name	na	5642	1
name	na-kara	5643	1
name	na-meo	5644	1
name	naaba	5645	1
name	naami	5646	1
name	naasioi	5647	1
name	naba	5648	1
name	nabak	5649	1
name	nabi	5650	1
name	nachering	5651	1
name	nadeb	5652	1
name	nadruvian	5653	1
name	nafaanra	5654	1
name	nafi	5655	1
name	nafri	5656	1
name	nafusi	5657	1
name	naga pidgin	5658	1
name	naga, akyaung ari	5659	1
name	naga, angami	5660	1
name	naga, ao	5661	1
name	naga, chang	5662	1
name	naga, chokri	5663	1
name	naga, chothe	5664	1
name	naga, inpui	5665	1
name	naga, jejara	5666	1
name	naga, kharam	5667	1
name	naga, khezha	5668	1
name	naga, khiamniungan	5669	1
name	naga, khoibu	5670	1
name	naga, koki	5671	1
name	naga, konyak	5672	1
name	naga, kyan-karyaw	5673	1
name	naga, lao	5674	1
name	naga, leinong	5675	1
name	naga, liangmai	5676	1
name	naga, long phuri	5677	1
name	naga, lotha	5678	1
name	naga, makuri	5679	1
name	naga, makyan	5680	1
name	naga, mao	5681	1
name	naga, maram	5682	1
name	naga, maring	5683	1
name	naga, monsang	5684	1
name	naga, moyon	5685	1
name	naga, mzieme	5686	1
name	naga, nocte	5687	1
name	naga, northern rengma	5688	1
name	naga, phom	5689	1
name	naga, pochuri	5690	1
name	naga, ponyo-gongwang	5691	1
name	naga, poumei	5692	1
name	naga, puimei	5693	1
name	naga, rongmei	5694	1
name	naga, sangtam	5695	1
name	naga, southern rengma	5696	1
name	naga, sumi	5697	1
name	naga, tangkhul (india)	5698	1
name	naga, tangkhul (myanmar)	5699	1
name	naga, tarao	5700	1
name	naga, tase	5701	1
name	naga, thangal	5702	1
name	naga, tutsa	5703	1
name	naga, wancho	5704	1
name	naga, yimchungru	5705	1
name	naga, zeme	5706	1
name	nagarchal	5707	1
name	nage	5708	1
name	nago, northern	5709	1
name	nago, southern	5710	1
name	nagumi	5711	1
name	nahali	5712	1
name	nahari	5713	1
name	nahuatl, central	5714	1
name	nahuatl, central huasteca	5715	1
name	nahuatl, central puebla	5716	1
name	nahuatl, classical	5717	1
name	nahuatl, coatepec	5718	1
name	nahuatl, eastern durango	5719	1
name	nahuatl, eastern huasteca	5720	1
name	nahuatl, guerrero	5721	1
name	nahuatl, highland puebla	5722	1
name	nahuatl, huaxcaleca	5723	1
name	nahuatl, isthmus-cosoleacaque	5724	1
name	nahuatl, isthmus-mecayapan	5725	1
name	nahuatl, isthmus-pajapan	5726	1
name	nahuatl, michoacan	5727	1
name	nahuatl, morelos	5728	1
name	nahuatl, northern oaxaca	5729	1
name	nahuatl, northern puebla	5730	1
name	nahuatl, ometepec	5731	1
name	nahuatl, orizaba	5732	1
name	nahuatl, santa maria la alta	5733	1
name	nahuatl, sierra negra	5734	1
name	nahuatl, southeastern puebla	5735	1
name	nahuatl, tabasco	5736	1
name	nahuatl, temascaltepec	5737	1
name	nahuatl, tetelcingo	5738	1
name	nahuatl, tlamacazapa	5739	1
name	nahuatl, western durango	5740	1
name	nahuatl, western huasteca	5741	1
name	nahuatl, zacatlan-ahuacatlan-tepetzintla	5742	1
name	nai	5743	1
name	najdi arabic	5744	1
name	naka'ela	5745	1
name	nakai	5746	1
name	nakame	5747	1
name	nakanai	5748	1
name	nake	5749	1
name	naki	5750	1
name	nakwi	5751	1
name	nalca	5752	1
name	nali	5753	1
name	nalik	5754	1
name	nalogo	5755	1
name	nalu	5756	1
name	naluo yi	5757	1
name	nama	5758	1
name	nama (papua new guinea)	5759	1
name	namakura	5760	1
name	namat	5761	1
name	nambas, big	5762	1
name	nambikuara, southern	5763	1
name	nambo	5764	1
name	nambya	5765	1
name	namia	5766	1
name	namiae	5767	1
name	namibian sign language	5768	1
name	namla	5769	1
name	namo	5770	1
name	namonuito	5771	1
name	namosi-naitasiri-serua	5772	1
name	namuyi	5773	1
name	nanai	5774	1
name	nancere	5775	1
name	nande	5776	1
name	nandi	5777	1
name	nanerige senoufo	5778	1
name	nanga dama dogon	5779	1
name	nankina	5780	1
name	nanti	5781	1
name	nanticoke	5782	1
name	nanubae	5783	1
name	napo lowland quechua	5784	1
name	napu	5785	1
name	nar phu	5786	1
name	nara	5787	1
name	narak	5788	1
name	narango	5789	1
name	nari nari	5790	1
name	naro	5791	1
name	narom	5792	1
name	narragansett	5793	1
name	narua	5794	1
name	narungga	5795	1
name	nasal	5796	1
name	nasarian	5797	1
name	naskapi	5798	1
name	nasu, wumeng	5799	1
name	nasu, wusa	5800	1
name	natanzi	5801	1
name	natchez	5802	1
name	nateni	5803	1
name	natioro	5804	1
name	natugu	5805	1
name	nauete	5806	1
name	naukan yupik	5807	1
name	nauna	5808	1
name	nauo	5809	1
name	nauru	5810	1
name	navajo	5811	1
name	navut	5812	1
name	nawaru	5813	1
name	nawathinehena	5814	1
name	nawdm	5815	1
name	nawuri	5816	1
name	naxi	5817	1
name	nayi	5818	1
name	nayini	5819	1
name	ncane	5820	1
name	nchumbulu	5821	1
name	nda'nda'	5822	1
name	ndai	5823	1
name	ndaka	5824	1
name	ndali	5825	1
name	ndam	5826	1
name	ndamba	5827	1
name	ndambomo	5828	1
name	ndasa	5829	1
name	ndau	5830	1
name	nde-gbite	5831	1
name	nde-nsele-nta	5832	1
name	ndebele, north	5833	1
name	ndebele, south	5834	1
name	ndemli	5835	1
name	ndendeule	5836	1
name	ndengereko	5837	1
name	nding	5838	1
name	ndo	5839	1
name	ndobo	5840	1
name	ndoe	5841	1
name	ndogo	5842	1
name	ndolo	5843	1
name	ndom	5844	1
name	ndombe	5845	1
name	ndonde hamba	5846	1
name	ndonga	5847	1
name	ndoola	5848	1
name	ndra'ngith	5849	1
name	ndrulo	5850	1
name	nduga	5851	1
name	ndumu	5852	1
name	ndunda	5853	1
name	ndunga	5854	1
name	ndut	5855	1
name	ndwewe	5856	1
name	ndyuka-trio pidgin	5857	1
name	ndzwani comorian	5858	1
name	neapolitan	5859	1
name	nedebang	5860	1
name	nefamese	5861	1
name	negerhollands	5862	1
name	negeri sembilan malay	5863	1
name	negidal	5864	1
name	nehan	5865	1
name	nek	5866	1
name	nekgini	5867	1
name	neko	5868	1
name	neku	5869	1
name	nelemwa-nixumwak	5870	1
name	nema	5871	1
name	neme	5872	1
name	nemi	5873	1
name	nen	5874	1
name	nend	5875	1
name	nenets	5876	1
name	nengone	5877	1
name	neo	5878	1
name	neo-aramaic, assyrian	5879	1
name	neo-aramaic, barzani jewish	5880	1
name	neo-aramaic, bohtan	5881	1
name	neo-aramaic, chaldean	5882	1
name	neo-aramaic, western	5883	1
name	neo-hittite	5884	1
name	nepal bhasa	5885	1
name	nepalese sign language	5886	1
name	nepali	5887	1
name	nepali (individual language)	5888	1
name	nepali (macrolanguage)	5889	1
name	nete	5890	1
name	new caledonian javanese	5891	1
name	new zealand sign language	5892	1
name	newar, middle	5893	1
name	newari	5894	1
name	newari, classical	5895	1
name	neyo	5896	1
name	nez perce	5897	1
name	ngaanyatjarra	5898	1
name	ngabere	5899	1
name	ngad'a	5900	1
name	ngad'a, eastern	5901	1
name	ngadjunmaya	5902	1
name	ngadjuri	5903	1
name	ngaing	5904	1
name	ngaju	5905	1
name	ngala	5906	1
name	ngalakgan	5907	1
name	ngalum	5908	1
name	ngam	5909	1
name	ngamambo	5910	1
name	ngambay	5911	1
name	ngamini	5912	1
name	ngamo	5913	1
name	ngan'gityemerri	5914	1
name	nganakarti	5915	1
name	nganasan	5916	1
name	ngandi	5917	1
name	ngando (central african republic)	5918	1
name	ngando (democratic republic of congo)	5919	1
name	ngandyera	5920	1
name	ngangam	5921	1
name	ngantangarra	5922	1
name	nganyaywana	5923	1
name	ngardi	5924	1
name	ngarigu	5925	1
name	ngarinyin	5926	1
name	ngarinyman	5927	1
name	ngarla	5928	1
name	ngarluma	5929	1
name	ngarrindjeri	5930	1
name	ngas	5931	1
name	ngasa	5932	1
name	ngatik men's creole	5933	1
name	ngawn chin	5934	1
name	ngawun	5935	1
name	ngayawung	5936	1
name	ngazidja comorian	5937	1
name	ngbaka	5938	1
name	ngbaka ma'bo	5939	1
name	ngbaka manza	5940	1
name	ngbandi, northern	5941	1
name	ngbandi, southern	5942	1
name	ngbee	5943	1
name	ngbinda	5944	1
name	ngbundu	5945	1
name	ngelima	5946	1
name	ngemba	5947	1
name	ngen	5948	1
name	ngendelengo	5949	1
name	ngete	5950	1
name	nggem	5951	1
name	nggwahyi	5952	1
name	ngie	5953	1
name	ngiemboon	5954	1
name	ngile	5955	1
name	ngindo	5956	1
name	ngiti	5957	1
name	ngizim	5958	1
name	ngkalmpw kanum	5959	1
name	ngom	5960	1
name	ngomba	5961	1
name	ngombale	5962	1
name	ngombe (central african republic)	5963	1
name	ngombe (democratic republic of congo)	5964	1
name	ngongo	5965	1
name	ngoni (mozambique)	5966	1
name	ngoni (tanzania)	5967	1
name	ngoshie	5968	1
name	ngul	5969	1
name	ngulu	5970	1
name	nguluwan	5971	1
name	ngumbarl	5972	1
name	ngumbi	5973	1
name	ngunawal	5974	1
name	ngundi	5975	1
name	ngundu	5976	1
name	ngungwel	5977	1
name	nguon	5978	1
name	ngurimi	5979	1
name	ngurmbur	5980	1
name	ngwaba	5981	1
name	ngwe	5982	1
name	ngwo	5983	1
name	ngyian	5984	1
name	nhanda	5985	1
name	nheengatu	5986	1
name	nhengatu	5987	1
name	nhirrpi	5988	1
name	nhuwala	5989	1
name	nias	5990	1
name	nicaragua creole english	5991	1
name	nicaraguan sign language	5992	1
name	nicobarese, car	5993	1
name	nicobarese, central	5994	1
name	nicobarese, southern	5995	1
name	niellim	5996	1
name	nigeria mambila	5997	1
name	nigerian fulfulde	5998	1
name	nigerian pidgin	5999	1
name	nigerian sign language	6000	1
name	nihali	6001	1
name	nii	6002	1
name	niksek	6003	1
name	nila	6004	1
name	nilamba	6005	1
name	nimadi	6006	1
name	nimanbur	6007	1
name	nimbari	6008	1
name	nimboran	6009	1
name	nimi	6010	1
name	nimo	6011	1
name	nimoa	6012	1
name	ninam	6013	1
name	nindi	6014	1
name	ningera	6015	1
name	ninggerum	6016	1
name	ningil	6017	1
name	ninia yali	6018	1
name	ninzo	6019	1
name	nipsan	6020	1
name	nisa	6021	1
name	nisenan	6022	1
name	nisga'a	6023	1
name	nisi (china)	6024	1
name	nisu, eastern	6025	1
name	nisu, northern	6026	1
name	nisu, northwestern	6027	1
name	nisu, southern	6028	1
name	nisu, southwestern	6029	1
name	niuafo'ou	6030	1
name	niuatoputapu	6031	1
name	niuean	6032	1
name	nivacle	6033	1
name	niwer mil	6034	1
name	njalgulgule	6035	1
name	njebi	6036	1
name	njen	6037	1
name	njerep	6038	1
name	njyem	6039	1
name	nkami	6040	1
name	nkangala	6041	1
name	nkari	6042	1
name	nkem-nkum	6043	1
name	nkhumbi	6044	1
name	nkongho	6045	1
name	nkonya	6046	1
name	nkoroo	6047	1
name	nkoya	6048	1
name	nkukoli	6049	1
name	nkutu	6050	1
name	nnam	6051	1
name	no linguistic content	6052	1
name	noakhali	6053	1
name	nobiin	6054	1
name	nobonob	6055	1
name	nocte naga	6056	1
name	nogai	6057	1
name	noipx	6058	1
name	noiri	6059	1
name	nokuku	6060	1
name	nomaande	6061	1
name	nomane	6062	1
name	nomatsiguenga	6063	1
name	nomlaki	6064	1
name	nomu	6065	1
name	nong zhuang	6066	1
name	nonuya	6067	1
name	nooksack	6068	1
name	noon	6069	1
name	noone	6070	1
name	nopala chatino	6071	1
name	noric	6072	1
name	norn	6073	1
name	norra	6074	1
name	norse, old	6075	1
name	north alaskan inupiatun	6076	1
name	north ambrym	6077	1
name	north arabian, ancient	6078	1
name	north asmat	6079	1
name	north awyu	6080	1
name	north azerbaijani	6081	1
name	north babar	6082	1
name	north bolivian quechua	6083	1
name	north central mixe	6084	1
name	north efate	6085	1
name	north fali	6086	1
name	north giziga	6087	1
name	north junin quechua	6088	1
name	north marquesan	6089	1
name	north mesopotamian arabic	6090	1
name	north midlands tasmanian	6091	1
name	north mofu	6092	1
name	north moluccan malay	6093	1
name	north muyu	6094	1
name	north ndebele	6095	1
name	north nuaulu	6096	1
name	north picene	6097	1
name	north slavey	6098	1
name	north tairora	6099	1
name	north tanna	6100	1
name	north wahgi	6101	1
name	north watut	6102	1
name	northeast kiwai	6103	1
name	northeast maidu	6104	1
name	northeast pashai	6105	1
name	northeastern dinka	6106	1
name	northeastern pomo	6107	1
name	northeastern tasmanian	6108	1
name	northeastern thai	6109	1
name	northern alta	6110	1
name	northern altai	6111	1
name	northern amami-oshima	6112	1
name	northern betsimisaraka malagasy	6113	1
name	northern binukidnon	6114	1
name	northern bobo madare	6115	1
name	northern bontok	6116	1
name	northern catanduanes bikol	6117	1
name	northern conchucos ancash quechua	6118	1
name	northern dagara	6119	1
name	northern dong	6120	1
name	northern east cree	6121	1
name	northern embera	6122	1
name	northern frisian	6123	1
name	northern ghale	6124	1
name	northern gondi	6125	1
name	northern grebo	6126	1
name	northern guiyang hmong	6127	1
name	northern haida	6128	1
name	northern hindko	6129	1
name	northern huishui hmong	6130	1
name	northern kalapuya	6131	1
name	northern kankanay	6132	1
name	northern katang	6133	1
name	northern khmer	6134	1
name	northern kissi	6135	1
name	northern kurdish	6136	1
name	northern luri	6137	1
name	northern mashan hmong	6138	1
name	northern muji	6139	1
name	northern nago	6140	1
name	northern ngbandi	6141	1
name	northern nisu	6142	1
name	northern nuni	6143	1
name	northern oaxaca nahuatl	6144	1
name	northern ohlone	6145	1
name	northern one	6146	1
name	northern paiute	6147	1
name	northern pame	6148	1
name	northern pashto	6149	1
name	northern pastaza quichua	6150	1
name	northern ping chinese	6151	1
name	northern pomo	6152	1
name	northern puebla nahuatl	6153	1
name	northern pumi	6154	1
name	northern qiandong miao	6155	1
name	northern qiang	6156	1
name	northern rengma naga	6157	1
name	northern roglai	6158	1
name	northern sami	6159	1
name	northern sierra miwok	6160	1
name	northern sorsoganon	6161	1
name	northern sotho	6162	1
name	northern subanen	6163	1
name	northern tarahumara	6164	1
name	northern tasmanian	6165	1
name	northern tepehuan	6166	1
name	northern thai	6167	1
name	northern tidung	6168	1
name	northern tiwa	6169	1
name	northern tlaxiaco mixtec	6170	1
name	northern toussian	6171	1
name	northern tujia	6172	1
name	northern tutchone	6173	1
name	northern uzbek	6174	1
name	northern yukaghir	6175	1
name	northwest alaska inupiatun	6176	1
name	northwest gbaya	6177	1
name	northwest maidu	6178	1
name	northwest oaxaca mixtec	6179	1
name	northwest pashai	6180	1
name	northwestern dinka	6181	1
name	northwestern fars	6182	1
name	northwestern kolami	6183	1
name	northwestern nisu	6184	1
name	northwestern ojibwa	6185	1
name	northwestern tasmanian	6186	1
name	norwegian	6187	1
name	norwegian bokmal	6188	1
name	norwegian nynorsk	6189	1
name	norwegian sign language	6190	1
name	norwegian, traveller	6191	1
name	notre	6192	1
name	notsi	6193	1
name	nottoway	6194	1
name	nottoway-meherrin	6195	1
name	novial	6196	1
name	noy	6197	1
name	nsenga	6198	1
name	nshi	6199	1
name	nsongo	6200	1
name	ntcham	6201	1
name	nteng	6202	1
name	ntomba	6203	1
name	nuaulu, north	6204	1
name	nuaulu, south	6205	1
name	nubaca	6206	1
name	nubi	6207	1
name	nubian, old	6208	1
name	nubri	6209	1
name	nuer	6210	1
name	nugunu (australia)	6211	1
name	nugunu (cameroon)	6212	1
name	nuk	6213	1
name	nukak maku	6214	1
name	nukna	6215	1
name	nukuini	6216	1
name	nukumanu	6217	1
name	nukunul	6218	1
name	nukuoro	6219	1
name	nukuria	6220	1
name	numana	6221	1
name	numanggang	6222	1
name	numbami	6223	1
name	nume	6224	1
name	numee	6225	1
name	numidian	6226	1
name	nung (viet nam)	6227	1
name	nungali	6228	1
name	nunggubuyu	6229	1
name	nungu	6230	1
name	nuni, northern	6231	1
name	nuni, southern	6232	1
name	nupbikha	6233	1
name	nupe-nupe-tako	6234	1
name	nupode huitoto	6235	1
name	nusa laut	6236	1
name	nusu	6237	1
name	nuu-chah-nulth	6238	1
name	nyabwa	6239	1
name	nyaheun	6240	1
name	nyahkur	6241	1
name	nyakyusa-ngonde	6242	1
name	nyala, east	6243	1
name	nyalayu	6244	1
name	nyali	6245	1
name	nyam	6246	1
name	nyamal	6247	1
name	nyambo	6248	1
name	nyamusa-molo	6249	1
name	nyamwanga	6250	1
name	nyamwezi	6251	1
name	nyaneka	6252	1
name	nyang'i	6253	1
name	nyanga	6254	1
name	nyanga-li	6255	1
name	nyangatom	6256	1
name	nyangbo	6257	1
name	nyangga	6258	1
name	nyangumarta	6259	1
name	nyanja	6260	1
name	nyankole	6261	1
name	nyankpa	6262	1
name	nyarafolo senoufo	6263	1
name	nyasa tonga	6264	1
name	nyaturu	6265	1
name	nyaw	6266	1
name	nyawaygi	6267	1
name	nyemba	6268	1
name	nyengo	6269	1
name	nyenkha	6270	1
name	nyeu	6271	1
name	nyiha (malawi)	6272	1
name	nyiha (tanzania)	6273	1
name	nyika (malawi and zambia)	6274	1
name	nyika (tanzania)	6275	1
name	nyikina	6276	1
name	nyindrou	6277	1
name	nyindu	6278	1
name	nyishi	6279	1
name	nyiyaparli	6280	1
name	nyokon	6281	1
name	nyole	6282	1
name	nyong	6283	1
name	nyore	6284	1
name	nyoro	6285	1
name	nyulnyul	6286	1
name	nyungar	6287	1
name	nyungwe	6288	1
name	nzadi	6289	1
name	nzakambay	6290	1
name	nzakara	6291	1
name	nzanyi	6292	1
name	nzima	6293	1
name	nǁng	6294	1
name	o'chi'chi'	6295	1
name	o'du	6296	1
name	obanliku	6297	1
name	obispeno	6298	1
name	oblo	6299	1
name	obo manobo	6300	1
name	obokuitai	6301	1
name	obolo	6302	1
name	obulom	6303	1
name	ocaina	6304	1
name	occitan	6305	1
name	occitan (post 1500)	6306	1
name	ocotepec mixtec	6307	1
name	ocotlan zapotec	6308	1
name	od	6309	1
name	odia	6310	2
name	odiai	6312	1
name	odoodee	6313	1
name	odual	6314	1
name	odut	6315	1
name	ofaye	6316	1
name	official aramaic (700-300 bce)	6317	1
name	ofo	6318	1
name	ogbah	6319	1
name	ogbia	6320	1
name	ogbogolo	6321	1
name	ogbronuagum	6322	1
name	ogea	6323	1
name	ohlone, northern	6324	1
name	ohlone, southern	6325	1
name	oirat, written	6326	1
name	oirata	6327	1
name	oji-cree	6328	1
name	ojibwa	6329	1
name	ojibwa, central	6330	1
name	ojibwa, eastern	6331	1
name	ojibwa, northwestern	6332	1
name	ojibwa, severn	6333	1
name	ojibwa, western	6334	1
name	ojitlan chinantec	6335	1
name	okanagan	6336	1
name	oki-no-erabu	6337	1
name	okiek	6338	1
name	okinawan, central	6339	1
name	oko-eni-osayen	6340	1
name	oko-juwoi	6341	1
name	okobo	6342	1
name	okodia	6343	1
name	okolie	6344	1
name	okolod	6345	1
name	okpamheri	6346	1
name	okpe (northwestern edo)	6347	1
name	okpe (southwestern edo)	6348	1
name	oksapmin	6349	1
name	oku	6350	1
name	old aramaic (up to 700 bce)	6351	1
name	old avar	6352	1
name	old breton	6353	1
name	old burmese	6354	1
name	old cham	6355	1
name	old chinese	6356	1
name	old cornish	6357	1
name	old dutch	6358	1
name	old english	6359	1
name	old english (ca. 450-1100)	6360	1
name	old french	6361	1
name	old french (842-ca. 1400)	6362	1
name	old frisian	6363	1
name	old georgian	6364	1
name	old high german	6365	1
name	old high german (ca. 750-1050)	6366	1
name	old hittite	6367	1
name	old hungarian	6368	1
name	old irish	6369	1
name	old irish (to 900)	6370	1
name	old japanese	6371	1
name	old kentish sign language	6372	1
name	old khmer	6373	1
name	old korean (3rd-9th cent.)	6374	1
name	old lithuanian	6375	1
name	old malay	6376	1
name	old manipuri	6377	1
name	old marathi	6378	1
name	old mon	6379	1
name	old norse	6380	1
name	old nubian	6381	1
name	old ossetic	6382	1
name	old persian	6383	1
name	old persian (ca. 600-400 b.c.)	6384	1
name	old provencal	6385	1
name	old provencal (to 1500)	6386	1
name	old russian	6387	1
name	old saxon	6388	1
name	old spanish	6389	1
name	old sundanese	6390	1
name	old tamil	6391	1
name	old tibetan	6392	1
name	old turkish	6393	1
name	old uighur	6394	1
name	old welsh	6395	1
name	olekha	6396	1
name	olkol	6397	1
name	olo	6398	1
name	oloma	6399	1
name	olrat	6400	1
name	olu'bo	6401	1
name	olulumo-ikom	6402	1
name	oluta popoluca	6403	1
name	omagua	6404	1
name	omaha-ponca	6405	1
name	omani arabic	6406	1
name	ombamba	6407	1
name	ombo	6408	1
name	ometepec nahuatl	6409	1
name	omi	6410	1
name	omie	6411	1
name	omok	6412	1
name	omotik	6413	1
name	omurano	6414	1
name	ona	6415	1
name	one, inebu	6416	1
name	one, kabore	6417	1
name	one, kwamtim	6418	1
name	one, molmo	6419	1
name	one, northern	6420	1
name	one, southern	6421	1
name	oneida	6422	1
name	ong	6423	1
name	onge	6424	1
name	onin	6425	1
name	onin based pidgin	6426	1
name	onjob	6427	1
name	ono	6428	1
name	onobasulu	6429	1
name	onondaga	6430	1
name	ontenu	6431	1
name	ontong java	6432	1
name	oorlams	6433	1
name	opao	6434	1
name	opata	6435	1
name	orang kanaq	6436	1
name	orang seletar	6437	1
name	oraon sadri	6438	1
name	orejon	6439	1
name	oring	6440	1
name	oriya (macrolanguage)	6441	1
name	oriya, adivasi	6442	1
name	orizaba nahuatl	6443	1
name	orma	6444	1
name	ormu	6445	1
name	ormuri	6446	1
name	oro	6447	1
name	oro win	6448	1
name	oroch	6449	1
name	oroha	6450	1
name	orok	6451	1
name	orokaiva	6452	1
name	oroko	6453	1
name	orokolo	6454	1
name	oromo	6455	1
name	oromo, borana-arsi-guji	6456	1
name	oromo, eastern	6457	1
name	oromo, west central	6458	1
name	oroqen	6459	1
name	orowe	6460	1
name	oruma	6461	1
name	orya	6462	1
name	osage	6463	1
name	osatu	6464	1
name	oscan	6465	1
name	osing	6466	1
name	ososo	6467	1
name	ossetian	6468	1
name	ossetic	6469	1
name	ossetic, old	6470	1
name	ot danum	6471	1
name	otank	6472	1
name	oti	6473	1
name	otomi, eastern highland	6474	1
name	otomi, estado de mexico	6475	1
name	otomi, ixtenco	6476	1
name	otomi, mezquital	6477	1
name	otomi, queretaro	6478	1
name	otomi, temoaya	6479	1
name	otomi, tenango	6480	1
name	otomi, texcatepec	6481	1
name	otomi, tilapa	6482	1
name	otoro	6483	1
name	ottawa	6484	1
name	ottoman turkish	6485	1
name	ottoman turkish (1500-1928)	6486	1
name	otuho	6487	1
name	otuke	6488	1
name	ouma	6489	1
name	oune	6490	1
name	owa	6491	1
name	owenia	6492	1
name	owiniga	6493	1
name	oy	6494	1
name	oya'oya	6495	1
name	oyda	6496	1
name	oyster bay tasmanian	6497	1
name	ozolotepec zapotec	6498	1
name	ozumacin chinantec	6499	1
name	pa di	6500	1
name	pa'a	6501	1
name	pa'o karen	6502	1
name	pa-hng	6503	1
name	paafang	6504	1
name	paakantyi	6505	1
name	paama	6506	1
name	paasaal	6507	1
name	pacahuara	6508	1
name	pacaraos quechua	6509	1
name	pacific gulf yupik	6510	1
name	pacoh	6511	1
name	padoe	6512	1
name	paekche	6513	1
name	paelignian	6514	1
name	paez	6515	1
name	pagi	6516	1
name	pagibete	6517	1
name	pagu	6518	1
name	pahanan agta	6519	1
name	pahari	6520	1
name	pahari, kullu	6521	1
name	pahari, mahasu	6522	1
name	pahari-potwari	6523	1
name	pahi	6524	1
name	pahlavani	6525	1
name	pahlavi	6526	1
name	pai tavytera	6527	1
name	paici	6528	1
name	paipai	6529	1
name	paite chin	6530	1
name	paiute, northern	6531	1
name	paiwan	6532	1
name	pak-tong	6533	1
name	pakaasnovos	6534	1
name	pakanha	6535	1
name	pakistan sign language	6536	1
name	paku	6537	1
name	paku karen	6538	1
name	pal	6539	1
name	palaic	6540	1
name	palaka senoufo	6541	1
name	palantla chinantec	6542	1
name	palatine german	6543	1
name	palauan	6544	1
name	palaung, ruching	6545	1
name	palaung, rumai	6546	1
name	palaung, shwe	6547	1
name	palawano, brooke's point	6548	1
name	palawano, central	6549	1
name	palawano, southwest	6550	1
name	paleni	6551	1
name	palenquero	6552	1
name	pali	6553	1
name	palikur	6554	1
name	paliyan	6555	1
name	pallanganmiddang	6556	1
name	paloor	6557	1
name	palu'e	6558	1
name	paluan	6559	1
name	palya bareli	6560	1
name	pam	6561	1
name	pambia	6562	1
name	pame, central	6563	1
name	pame, northern	6564	1
name	pame, southern	6565	1
name	pamona	6566	1
name	pamosu	6567	1
name	pampanga	6568	1
name	pamplona atta	6569	1
name	pana (burkina faso)	6570	1
name	pana (central african republic)	6571	1
name	panamanian sign language	6572	1
name	panamint	6573	1
name	panao huanuco quechua	6574	1
name	panara	6575	1
name	panasuan	6576	1
name	panawa	6577	1
name	pancana	6578	1
name	panchpargania	6579	1
name	pande	6580	1
name	pangasinan	6581	1
name	pangseng	6582	1
name	pangu	6583	1
name	pangutaran sama	6584	1
name	pangwa	6585	1
name	pangwali	6586	1
name	panim	6587	1
name	paniya	6588	1
name	panjabi	6589	1
name	panjabi, western	6590	1
name	pankarare	6591	1
name	pankararu	6592	1
name	pankhu	6593	1
name	pannei	6594	1
name	pano	6595	1
name	pano, kulina	6596	1
name	panoan katukina	6597	1
name	panobo	6598	1
name	panyi bai	6599	1
name	papantla totonac	6600	1
name	papapana	6601	1
name	papar	6602	1
name	papasena	6603	1
name	papel	6604	1
name	papi	6605	1
name	papiamento	6606	1
name	papora	6607	1
name	papua new guinean sign language	6608	1
name	papuan malay	6609	1
name	papuma	6610	1
name	para arara	6611	1
name	para gaviao	6612	1
name	parachi	6613	1
name	paraguayan guarani	6614	1
name	paraguayan sign language	6615	1
name	parakana	6616	1
name	paranan	6617	1
name	paranawat	6618	1
name	paraujano	6619	1
name	parauk	6620	1
name	parawen	6621	1
name	pardhan	6622	1
name	pardhi	6623	1
name	pare	6624	1
name	parecis	6625	1
name	parenga	6626	1
name	pari	6627	1
name	parkari koli	6628	1
name	parkwa	6629	1
name	parsi-dari	6630	1
name	parthian	6631	1
name	parya	6632	1
name	pashai, northeast	6633	1
name	pashai, northwest	6634	1
name	pashai, southeast	6635	1
name	pashai, southwest	6636	1
name	pashto	6637	1
name	pashto, central	6638	1
name	pashto, northern	6639	1
name	pashto, southern	6640	1
name	pasi	6641	1
name	pass valley yali	6642	1
name	patamona	6643	1
name	patani	6644	1
name	pataxo ha-ha-hae	6645	1
name	patep	6646	1
name	pathiya	6647	1
name	patpatar	6648	1
name	pattani	6649	1
name	pattani malay	6650	1
name	pattapu	6651	1
name	patwin	6652	1
name	paulohi	6653	1
name	paumari	6654	1
name	paunaka	6655	1
name	pauri bareli	6656	1
name	pauserna	6657	1
name	pawaia	6658	1
name	pawnee	6659	1
name	paynamar	6660	1
name	pazeh	6661	1
name	pe	6662	1
name	pear	6663	1
name	pech	6664	1
name	pecheneg	6665	1
name	pedi	6666	1
name	pei	6667	1
name	pekal	6668	1
name	pela	6669	1
name	pele-ata	6670	1
name	pelende	6671	1
name	pemon	6672	1
name	pemono	6673	1
name	penan, eastern	6674	1
name	penan, western	6675	1
name	penang sign language	6676	1
name	penchal	6677	1
name	pendau	6678	1
name	pengo	6679	1
name	pennsylvania german	6680	1
name	penoles mixtec	6681	1
name	penrhyn	6682	1
name	pentlatch	6683	1
name	perai	6684	1
name	peranakan indonesian	6685	1
name	pere	6686	1
name	peripheral mongolian	6687	1
name	pero	6688	1
name	persian	6689	1
name	persian, iranian	6690	1
name	persian, manichaean middle	6691	1
name	persian, old (ca. 600-400 b.c.)	6692	1
name	peruvian sign language	6693	1
name	pesse	6694	1
name	petapa zapotec	6695	1
name	petats	6696	1
name	petjo	6697	1
name	peve	6698	1
name	pfaelzisch	6699	1
name	phai	6700	1
name	phake	6701	1
name	phala	6702	1
name	phalura	6703	1
name	phana'	6704	1
name	phangduwali	6705	1
name	phende	6706	1
name	philippine sign language	6707	1
name	phimbi	6708	1
name	phoenician	6709	1
name	phola	6710	1
name	phola, alo	6711	1
name	pholo	6712	1
name	phom naga	6713	1
name	phong-kniang	6714	1
name	phowa, ani	6715	1
name	phowa, hlepho	6716	1
name	phowa, labo	6717	1
name	phrae pwo karen	6718	1
name	phrygian	6719	1
name	phu thai	6720	1
name	phuan	6721	1
name	phudagi	6722	1
name	phuie	6723	1
name	phukha	6724	1
name	phuma	6725	1
name	phunoi	6726	1
name	phuong	6727	1
name	phupa	6728	1
name	phupha	6729	1
name	phuza	6730	1
name	piamatsina	6731	1
name	piame	6732	1
name	piapoco	6733	1
name	piaroa	6734	1
name	picard	6735	1
name	picene, north	6736	1
name	picene, south	6737	1
name	pichis asheninka	6738	1
name	pictish	6739	1
name	pidgin delaware	6740	1
name	pidgin english, chinese	6741	1
name	pidgin english, ghanaian	6742	1
name	pidgin, cameroon	6743	1
name	pidgin, nigerian	6744	1
name	pidgin, timor	6745	1
name	piedmontese	6746	1
name	piemontese	6747	1
name	pijao	6748	1
name	pije	6749	1
name	pijin	6750	1
name	pilaga	6751	1
name	pileni	6752	1
name	pima bajo	6753	1
name	pimbwe	6754	1
name	pinai-hagahai	6755	1
name	pindiini	6756	1
name	pingelapese	6757	1
name	pinigura	6758	1
name	pinjarup	6759	1
name	pinji	6760	1
name	pinotepa nacional mixtec	6761	1
name	pintupi-luritja	6762	1
name	pinyin	6763	1
name	pipil	6764	1
name	piraha	6765	1
name	piratapuyo	6766	1
name	pirlatapa	6767	1
name	piro	6768	1
name	pirriya	6769	1
name	pisabo	6770	1
name	pisaflores tepehua	6771	1
name	piscataway	6772	1
name	pisidian	6773	1
name	pitcairn-norfolk	6774	1
name	pite sami	6775	1
name	piti	6776	1
name	pitjantjatjara	6777	1
name	pitta pitta	6778	1
name	piu	6779	1
name	piya-kwonci	6780	1
name	plains cree	6781	1
name	plains indian sign language	6782	1
name	plains miwok	6783	1
name	plapo krumen	6784	1
name	plateau malagasy	6785	1
name	plautdietsch	6786	1
name	playero	6787	1
name	pnar	6788	1
name	pochuri naga	6789	1
name	pochutec	6790	1
name	podena	6791	1
name	pogolo	6792	1
name	pohnpeian	6793	1
name	pokanga	6794	1
name	poke	6795	1
name	pokomo	6796	1
name	pokoot	6797	1
name	polabian	6798	1
name	polari	6799	1
name	polish	6800	1
name	polish sign language	6801	1
name	polonombauk	6802	1
name	pom	6803	1
name	pomo	6804	1
name	pomo, central	6805	1
name	pomo, eastern	6806	1
name	pomo, northeastern	6807	1
name	pomo, northern	6808	1
name	pomo, southeastern	6809	1
name	pomo, southern	6810	1
name	ponam	6811	1
name	ponosakan	6812	1
name	pontic	6813	1
name	ponyo-gongwang naga	6814	1
name	popoloca, coyotepec	6815	1
name	popoloca, mezontla	6816	1
name	popoloca, san felipe otlaltepec	6817	1
name	popoloca, san juan atzingo	6818	1
name	popoloca, san luis temalacayuca	6819	1
name	popoloca, san marcos tlacoyalco	6820	1
name	popoloca, santa ines ahuatempan	6821	1
name	popoluca, highland	6822	1
name	popoluca, oluta	6823	1
name	popoluca, sayula	6824	1
name	popoluca, texistepec	6825	1
name	popti'	6826	1
name	poqomam	6827	1
name	poqomchi'	6828	1
name	porohanon	6829	1
name	port sandwich	6830	1
name	port sorell tasmanian	6831	1
name	port vato	6832	1
name	portuguese	6833	1
name	portuguese sign language	6834	1
name	potawatomi	6835	1
name	potiguara	6836	1
name	pottangi ollar gadaba	6837	1
name	poumei naga	6838	1
name	pouye	6839	1
name	powari	6840	1
name	powhatan	6841	1
name	poyanawa	6842	1
name	prakrit, ardhamagadhi	6843	1
name	prakrit, maharastri	6844	1
name	prakrit, sauraseni	6845	1
name	prasuni	6846	1
name	primitive irish	6847	1
name	principense	6848	1
name	provencal, old (to 1500)	6849	1
name	providencia sign language	6850	1
name	prussian	6851	1
name	psikye	6852	1
name	pu-xian chinese	6853	1
name	puare	6854	1
name	pudtol atta	6855	1
name	puebla mazatec	6856	1
name	puelche	6857	1
name	puerto rican sign language	6858	1
name	puimei naga	6859	1
name	puinave	6860	1
name	pukapuka	6861	1
name	pulaar	6862	1
name	pulabu	6863	1
name	pular	6864	1
name	puluwatese	6865	1
name	puma	6866	1
name	pume	6867	1
name	pumi, northern	6868	1
name	pumi, southern	6869	1
name	pumpokol	6870	1
name	punan aput	6871	1
name	punan bah-biau	6872	1
name	punan batu 1	6873	1
name	punan merah	6874	1
name	punan merap	6875	1
name	punan tubu	6876	1
name	punic	6877	1
name	punjabi	6878	1
name	puno quechua	6879	1
name	punthamara	6880	1
name	punu	6881	1
name	puoc	6882	1
name	puquina	6883	1
name	puragi	6884	1
name	purari	6885	1
name	purepecha	6886	1
name	purepecha, western highland	6887	1
name	puri	6888	1
name	purik	6889	1
name	purisimeno	6890	1
name	puroik	6891	1
name	purubora	6892	1
name	purum	6893	1
name	pushto	6894	1
name	putai	6895	1
name	putoh	6896	1
name	putukwam	6897	1
name	puyo	6898	1
name	puyo-paekche	6899	1
name	puyuma	6900	1
name	pwaamei	6901	1
name	pwapwa	6902	1
name	pwo eastern karen	6903	1
name	pwo northern karen	6904	1
name	pwo western karen	6905	1
name	pyapun	6906	1
name	pye krumen	6907	1
name	pyen	6908	1
name	pyu (myanmar)	6909	1
name	pyu (papua new guinea)	6910	1
name	q'anjob'al	6911	1
name	q'eqchi'	6912	1
name	qabiao	6913	1
name	qaqet	6914	1
name	qashqa'i	6915	1
name	qatabanian	6916	1
name	qau	6917	1
name	qawasqar	6918	1
name	qiang, northern	6919	1
name	qiang, southern	6920	1
name	qila muji	6921	1
name	qimant	6922	1
name	qiubei zhuang	6923	1
name	quapaw	6924	1
name	quebec sign language	6925	1
name	quechan	6926	1
name	quechua	6927	1
name	quechua, ambo-pasco	6928	1
name	quechua, arequipa-la union	6929	1
name	quechua, ayacucho	6930	1
name	quechua, cajamarca	6931	1
name	quechua, cajatambo north lima	6932	1
name	quechua, chachapoyas	6933	1
name	quechua, chincha	6934	1
name	quechua, chiquian ancash	6935	1
name	quechua, classical	6936	1
name	quechua, corongo ancash	6937	1
name	quechua, cusco	6938	1
name	quechua, eastern apurimac	6939	1
name	quechua, huallaga huanuco	6940	1
name	quechua, huamalies-dos de mayo huanuco	6941	1
name	quechua, huaylas ancash	6942	1
name	quechua, huaylla wanca	6943	1
name	quechua, jauja wanca	6944	1
name	quechua, lambayeque	6945	1
name	quechua, margos-yarowilca-lauricocha	6946	1
name	quechua, napo lowland	6947	1
name	quechua, north bolivian	6948	1
name	quechua, north junin	6949	1
name	quechua, northern conchucos ancash	6950	1
name	quechua, pacaraos	6951	1
name	quechua, panao huanuco	6952	1
name	quechua, puno	6953	1
name	quechua, san martin	6954	1
name	quechua, santa ana de tusi pasco	6955	1
name	quechua, sihuas ancash	6956	1
name	quechua, south bolivian	6957	1
name	quechua, southern conchucos ancash	6958	1
name	quechua, southern pastaza	6959	1
name	quechua, yanahuanca pasco	6960	1
name	quechua, yauyos	6961	1
name	quenya	6962	1
name	queretaro otomi	6963	1
name	quetzaltepec mixe	6964	1
name	queyu	6965	1
name	quiavicuzas zapotec	6966	1
name	quichua, calderon highland	6967	1
name	quichua, canar highland	6968	1
name	quichua, chimborazo highland	6969	1
name	quichua, imbabura highland	6970	1
name	quichua, loja highland	6971	1
name	quichua, northern pastaza	6972	1
name	quichua, salasaca highland	6973	1
name	quichua, santiago del estero	6974	1
name	quichua, tena lowland	6975	1
name	quileute	6976	1
name	quinault	6977	1
name	quinqui	6978	1
name	quioquitani-quieri zapotec	6979	1
name	quiotepec chinantec	6980	1
name	quiripi	6981	1
name	rabha	6982	1
name	rade	6983	1
name	raetic	6984	1
name	rahambuu	6985	1
name	rai, dewas	6986	1
name	rajah kabunsuwan manobo	6987	1
name	rajasthani	6988	1
name	rajbanshi	6989	1
name	raji	6990	1
name	rajong	6991	1
name	rajput garasia	6992	1
name	rakahanga-manihiki	6993	1
name	rakhine	6994	1
name	ralte	6995	1
name	rama	6996	1
name	ramoaaina	6997	1
name	ramopa	6998	1
name	rampi	6999	1
name	rana tharu	7000	1
name	rang	7001	1
name	rangi	7002	1
name	rangkas	7003	1
name	ranglong	7004	1
name	rangpuri	7005	1
name	rao	7006	1
name	rapa	7007	1
name	rapanui	7008	1
name	rapoisi	7009	1
name	rapting	7010	1
name	rara bakati'	7011	1
name	rarotongan	7012	1
name	rasawa	7013	1
name	ratagnon	7014	1
name	ratahan	7015	1
name	rathawi	7016	1
name	rathwi bareli	7017	1
name	raute	7018	1
name	ravula	7019	1
name	rawa	7020	1
name	rawang	7021	1
name	rawat	7022	1
name	rawngtu chin	7023	1
name	rawo	7024	1
name	rayon zoque	7025	1
name	razajerdi	7026	1
name	razihi	7027	1
name	red gelao	7028	1
name	reel	7029	1
name	rejang	7030	1
name	rejang kayan	7031	1
name	reli	7032	1
name	rema	7033	1
name	rembarrnga	7034	1
name	rembong	7035	1
name	remo	7036	1
name	remontado dumagat	7037	1
name	rempi	7038	1
name	remun	7039	1
name	rendille	7040	1
name	rengao	7041	1
name	rennell-bellona	7042	1
name	repanbitip	7043	1
name	rer bare	7044	1
name	rerau	7045	1
name	rerep	7046	1
name	reshe	7047	1
name	resigaro	7048	1
name	retta	7049	1
name	reunion creole french	7050	1
name	reyesano	7051	1
name	riang (india)	7052	1
name	riang lai	7053	1
name	riang lang	7054	1
name	riantana	7055	1
name	ribun	7056	1
name	riffian	7057	1
name	rigwe	7058	1
name	rikbaktsa	7059	1
name	rincon zapotec	7060	1
name	rinconada bikol	7061	1
name	ringgou	7062	1
name	ririo	7063	1
name	rishiwa	7064	1
name	ritharrngu	7065	1
name	riung	7066	1
name	riverain sango	7067	1
name	rmeet	7068	1
name	roglai, cacgia	7069	1
name	roglai, northern	7070	1
name	roglai, southern	7071	1
name	rogo	7072	1
name	rohingya	7073	1
name	roma	7074	1
name	romagnol	7075	1
name	romam	7076	1
name	romani, balkan	7077	1
name	romani, baltic	7078	1
name	romani, carpathian	7079	1
name	romani, kalo finnish	7080	1
name	romani, sinte	7081	1
name	romani, tavringer	7082	1
name	romani, vlax	7083	1
name	romani, welsh	7084	1
name	romanian	7085	1
name	romanian sign language	7086	1
name	romanian, istro	7087	1
name	romanian, macedo-	7088	1
name	romanian, megleno	7089	1
name	romano-greek	7090	1
name	romano-serbian	7091	1
name	romanova	7092	1
name	romansh	7093	1
name	romany	7094	1
name	romblomanon	7095	1
name	rombo	7096	1
name	romkun	7097	1
name	ron	7098	1
name	ronga	7099	1
name	rongga	7100	1
name	rongmei naga	7101	1
name	rongpo	7102	1
name	ronji	7103	1
name	roon	7104	1
name	roria	7105	1
name	rotokas	7106	1
name	rotuman	7107	1
name	roviana	7108	1
name	ruching palaung	7109	1
name	rudbari	7110	1
name	rufiji	7111	1
name	ruga	7112	1
name	rukai	7113	1
name	ruma	7114	1
name	rumai palaung	7115	1
name	rumu	7116	1
name	rundi	7117	1
name	runga	7118	1
name	rungtu chin	7119	1
name	rungus	7120	1
name	rungwa	7121	1
name	russia buriat	7122	1
name	russian	7123	1
name	russian sign language	7124	1
name	russian, old	7125	1
name	rusyn	7126	1
name	ruthenian	7127	1
name	rutul	7128	1
name	ruuli	7129	1
name	ruund	7130	1
name	ruwila	7131	1
name	rwa	7132	1
name	rwandan sign language	7133	1
name	s'gaw karen	7134	1
name	sa	7135	1
name	sa'a	7136	1
name	sa'ban	7137	1
name	sa'och	7138	1
name	saafi-saafi	7139	1
name	saam	7140	1
name	saamia	7141	1
name	saaroa	7142	1
name	saba	7143	1
name	sabaean	7144	1
name	sabah bisaya	7145	1
name	sabah malay	7146	1
name	sabane	7147	1
name	sabaot	7148	1
name	sabine	7149	1
name	sabu	7150	1
name	sabum	7151	1
name	sacapulteco	7152	1
name	sadri	7153	1
name	sadri, oraon	7154	1
name	saek	7155	1
name	saep	7156	1
name	safaliba	7157	1
name	safeyoka	7158	1
name	safwa	7159	1
name	sagala	7160	1
name	sagalla	7161	1
name	saho	7162	1
name	sahu	7163	1
name	saidi arabic	7164	1
name	saint lucian creole french	7165	1
name	saisiyat	7166	1
name	sajalong	7167	1
name	sajau basap	7168	1
name	sakachep	7169	1
name	sakalava malagasy	7170	1
name	sakao	7171	1
name	sakata	7172	1
name	sake	7173	1
name	sakirabia	7174	1
name	sakizaya	7175	1
name	sala	7176	1
name	salampasu	7177	1
name	salar	7178	1
name	salas	7179	1
name	salasaca highland quichua	7180	1
name	salawati	7181	1
name	saleman	7182	1
name	saliba	7183	2
name	salinan	7185	1
name	salish, southern puget sound	7186	1
name	salish, straits	7187	1
name	sallands	7188	1
name	salt-yui	7189	1
name	saluan	7190	1
name	saluma	7191	1
name	salvadoran sign language	7192	1
name	sam	7193	1
name	sama, central	7194	1
name	sama, pangutaran	7195	1
name	sama, southern	7196	1
name	samaritan	7197	1
name	samaritan aramaic	7198	1
name	samarokena	7199	1
name	samatao	7200	1
name	samay	7201	1
name	samba	7202	1
name	samba daka	7203	1
name	samba leko	7204	1
name	sambal	7205	1
name	sambal, botolan	7206	1
name	sambalpuri	7207	1
name	sambe	7208	1
name	samberigi	7209	1
name	samburu	7210	1
name	samei	7211	1
name	sami, akkala	7212	1
name	sami, inari	7213	1
name	sami, kemi	7214	1
name	sami, kildin	7215	1
name	sami, lule	7216	1
name	sami, northern	7217	1
name	sami, pite	7218	1
name	sami, skolt	7219	1
name	sami, southern	7220	1
name	sami, ter	7221	1
name	sami, ume	7222	1
name	samo	7223	1
name	samo, matya	7224	1
name	samo, maya	7225	1
name	samo, southern	7226	1
name	samoan	7227	1
name	samogitian	7228	1
name	samosa	7229	1
name	sampang	7230	1
name	samre	7231	1
name	samtao	7232	1
name	samvedi	7233	1
name	san agustin mixtepec zapotec	7234	1
name	san baltazar loxicha zapotec	7235	1
name	san blas kuna	7236	1
name	san dionisio del mar huave	7237	1
name	san felipe otlaltepec popoloca	7238	1
name	san francisco del mar huave	7239	1
name	san francisco matlatzinca	7240	1
name	san jeronimo tecoatl mazatec	7241	1
name	san juan atzingo popoloca	7242	1
name	san juan colorado mixtec	7243	1
name	san juan teita mixtec	7244	1
name	san luis temalacayuca popoloca	7245	1
name	san marcos tlacoyalco popoloca	7246	1
name	san martin itunyoso triqui	7247	1
name	san martin quechua	7248	1
name	san mateo del mar huave	7249	1
name	san miguel creole french	7250	1
name	san miguel el grande mixtec	7251	1
name	san miguel piedras mixtec	7252	1
name	san pedro amuzgos amuzgo	7253	1
name	san pedro quiatoni zapotec	7254	1
name	san salvador kongo	7255	1
name	san vicente coatlan zapotec	7256	1
name	sanaani arabic	7257	1
name	sanapana	7258	1
name	sandawe	7259	1
name	sanga (democratic republic of congo)	7260	1
name	sanga (nigeria)	7261	1
name	sanggau	7262	1
name	sangil	7263	1
name	sangir	7264	1
name	sangisari	7265	1
name	sangkong	7266	1
name	sanglechi	7267	1
name	sango	7268	1
name	sango, riverain	7269	1
name	sangtam naga	7270	1
name	sangu	7271	1
name	sangu (gabon)	7272	1
name	sangu (tanzania)	7273	1
name	sani	7274	1
name	sanie	7275	1
name	saniyo-hiyewe	7276	1
name	sankaran maninka	7277	1
name	sansi	7278	1
name	sanskrit	7279	1
name	santa ana de tusi pasco quechua	7280	1
name	santa catarina albarradas zapotec	7281	1
name	santa ines ahuatempan popoloca	7282	1
name	santa ines yatzechi zapotec	7283	1
name	santa lucia monteverde mixtec	7284	1
name	santa maria del mar huave	7285	1
name	santa maria la alta nahuatl	7286	1
name	santa maria quiegolani zapotec	7287	1
name	santa maria zacatepec mixtec	7288	1
name	santa teresa cora	7289	1
name	santali	7290	1
name	santiago del estero quichua	7291	1
name	santiago xanica zapotec	7292	1
name	santo domingo albarradas zapotec	7293	1
name	sanuma	7294	1
name	sao paulo kaingang	7295	1
name	saotomense	7296	1
name	saparua	7297	1
name	sape	7298	1
name	sapo	7299	1
name	saponi	7300	1
name	saposa	7301	1
name	sapuan	7302	1
name	sar	7303	1
name	sara	7304	1
name	sara kaba	7305	1
name	sara kaba deme	7306	1
name	sara kaba naa	7307	1
name	saraiki	7308	1
name	saramaccan	7309	1
name	sarangani blaan	7310	1
name	sarangani manobo	7311	1
name	sarasira	7312	1
name	saraveca	7313	1
name	sardinian	7314	1
name	sardinian, campidanese	7315	1
name	sardinian, gallurese	7316	1
name	sardinian, logudorese	7317	1
name	sardinian, sassarese	7318	1
name	sari	7319	1
name	sarikoli	7320	1
name	sarli	7321	1
name	sarsi	7322	1
name	sartang	7323	1
name	sarua	7324	1
name	sarudu	7325	1
name	saruga	7326	1
name	sasak	7327	1
name	sasaru	7328	1
name	sassarese sardinian	7329	1
name	satawalese	7330	1
name	satere-mawe	7331	1
name	saterfriesisch	7332	1
name	saterland frisian	7333	1
name	saudi arabian sign language	7334	1
name	sauraseni prakrit	7335	1
name	saurashtra	7336	1
name	sauri	7337	1
name	sauria paharia	7338	1
name	sause	7339	1
name	sausi	7340	1
name	savi	7341	1
name	savosavo	7342	1
name	sawai	7343	1
name	saweru	7344	1
name	sawi	7345	1
name	sawila	7346	1
name	sawknah	7347	1
name	saxon, old	7348	1
name	saxon, upper	7349	1
name	saxwe gbe	7350	1
name	saya	7351	1
name	sayula popoluca	7352	1
name	scots	7353	1
name	scottish gaelic	7354	1
name	scottish, traveller	7355	1
name	scythian	7356	1
name	sea island creole english	7357	1
name	seba	7358	1
name	sebat bet gurage	7359	1
name	seberuang	7360	1
name	sebop	7361	1
name	sechelt	7362	1
name	secoya	7363	1
name	sedang	7364	1
name	sediq	7365	1
name	sedoa	7366	1
name	seeku	7367	1
name	segai	7368	1
name	segeju	7369	1
name	seget	7370	1
name	sehwi	7371	1
name	seimat	7372	1
name	seit-kaitetu	7373	1
name	sekani	7374	1
name	sekapan	7375	1
name	sekar	7376	1
name	seke (nepal)	7377	1
name	seke (vanuatu)	7378	1
name	sekele	7379	1
name	seki	7380	1
name	seko padang	7381	1
name	seko tengah	7382	1
name	sekpele	7383	1
name	selangor sign language	7384	1
name	selaru	7385	1
name	selayar	7386	1
name	selee	7387	1
name	selepet	7388	1
name	selian	7389	1
name	selkup	7390	1
name	selungai murut	7391	1
name	seluwasan	7392	1
name	semai	7393	1
name	semandang	7394	1
name	semaq beri	7395	1
name	sembakung murut	7396	1
name	semelai	7397	1
name	semimi	7398	1
name	semnam	7399	1
name	semnani	7400	1
name	sempan	7401	1
name	sena	7402	1
name	sena, malawi	7403	1
name	senara senoufo	7404	1
name	senaya	7405	1
name	sene	7406	1
name	seneca	7407	1
name	sened	7408	1
name	sengele	7409	1
name	senggi	7410	1
name	sengo	7411	1
name	sengseng	7412	1
name	senhaja de srair	7413	1
name	senoufo, cebaara	7414	1
name	senoufo, djimini	7415	1
name	senoufo, mamara	7416	1
name	senoufo, nanerige	7417	1
name	senoufo, nyarafolo	7418	1
name	senoufo, palaka	7419	1
name	senoufo, senara	7420	1
name	senoufo, shempire	7421	1
name	senoufo, sicite	7422	1
name	senoufo, supyire	7423	1
name	senoufo, syenara	7424	1
name	senoufo, tagwana	7425	1
name	sensi	7426	1
name	sentani	7427	1
name	senthang chin	7428	1
name	sentinel	7429	1
name	sepa (indonesia)	7430	1
name	sepa (papua new guinea)	7431	1
name	sepik iwam	7432	1
name	sera	7433	1
name	serbian	7434	1
name	serbo-croatian	7435	1
name	sere	7436	1
name	serer	7437	1
name	seri	7438	1
name	serili	7439	1
name	seroa	7440	1
name	serrano	7441	1
name	serua	7442	1
name	serudung murut	7443	1
name	serui-laut	7444	1
name	seselwa creole french	7445	1
name	seta	7446	1
name	setaman	7447	1
name	seti	7448	1
name	settla	7449	1
name	severn ojibwa	7450	1
name	sewa bay	7451	1
name	seychelles sign language	7452	1
name	seze	7453	1
name	sha	7454	1
name	shabak	7455	1
name	shahmirzadi	7456	1
name	shahrudi	7457	1
name	shall-zwall	7458	1
name	shama-sambuga	7459	1
name	shamang	7460	1
name	shambala	7461	1
name	shan	7462	1
name	shanenawa	7463	1
name	shanga	7464	1
name	shaojiang chinese	7465	1
name	sharanahua	7466	1
name	shark bay	7467	1
name	sharwa	7468	1
name	shasta	7469	1
name	shatt	7470	1
name	shau	7471	1
name	shawnee	7472	1
name	she	7473	1
name	shehri	7474	1
name	shekhawati	7475	1
name	shekkacho	7476	1
name	sheko	7477	1
name	shelta	7478	1
name	shempire senoufo	7479	1
name	shendu	7480	1
name	sheni	7481	1
name	sherbro	7482	1
name	sherdukpen	7483	1
name	sherpa	7484	1
name	sheshi kham	7485	1
name	shi	7486	1
name	shihhi arabic	7487	1
name	shiki	7488	1
name	shilluk	7489	1
name	shina	7490	1
name	shina, kohistani	7491	1
name	shipibo-conibo	7492	1
name	sholaga	7493	1
name	shom peng	7494	1
name	shona	7495	1
name	shoo-minda-nye	7496	1
name	shor	7497	1
name	shoshoni	7498	1
name	shua	7499	1
name	shuadit	7500	1
name	shuar	7501	1
name	shubi	7502	1
name	shughni	7503	1
name	shuhi	7504	1
name	shumashti	7505	1
name	shumcho	7506	1
name	shuswap	7507	1
name	shwai	7508	1
name	shwe palaung	7509	1
name	sialum	7510	1
name	siamou	7511	1
name	sian	7512	1
name	siane	7513	1
name	siang	7514	1
name	siar-lak	7515	1
name	siawi	7516	1
name	sibe	7517	1
name	siberian tatar	7518	1
name	sibu melanau	7519	1
name	sicanian	7520	1
name	sicel	7521	1
name	sichuan yi	7522	1
name	sicilian	7523	1
name	sicite senoufo	7524	1
name	siculo arabic	7525	1
name	sidamo	7526	1
name	sidetic	7527	1
name	sie	7528	1
name	sierra de juarez zapotec	7529	1
name	sierra leone sign language	7530	1
name	sierra negra nahuatl	7531	1
name	sighu	7532	1
name	sihan	7533	1
name	sihuas ancash quechua	7534	1
name	sika	7535	1
name	sikaiana	7536	1
name	sikaritai	7537	1
name	sikiana	7538	1
name	sikkimese	7539	1
name	siksika	7540	1
name	sikule	7541	1
name	sila	7542	1
name	silacayoapan mixtec	7543	1
name	sileibi	7544	1
name	silesian	7545	1
name	silesian, lower	7546	1
name	silimo	7547	1
name	siliput	7548	1
name	silopi	7549	1
name	silt'e	7550	1
name	simaa	7551	1
name	simba	7552	1
name	simbali	7553	1
name	simbari	7554	1
name	simbo	7555	1
name	simeku	7556	1
name	simeulue	7557	1
name	simplified chinese	7558	1
name	simplified mandarin chinese	7559	1
name	simte	7560	1
name	sinagen	7561	1
name	sinasina	7562	1
name	sinaugoro	7563	1
name	sindarin	7564	1
name	sindhi	7565	1
name	sindhi bhil	7566	1
name	sindihui mixtec	7567	1
name	singa	7568	1
name	singapore sign language	7569	1
name	singpho	7570	1
name	sinhala	7571	1
name	sinicahua mixtec	7572	1
name	sininkere	7573	1
name	sinte romani	7574	1
name	sinyar	7575	1
name	sio	7576	1
name	siona	7577	1
name	sipacapense	7578	1
name	sira	7579	1
name	siraya	7580	1
name	sirenik yupik	7581	1
name	siri	7582	1
name	siriano	7583	1
name	siriono	7584	1
name	sirmauri	7585	1
name	siroi	7586	1
name	sisaala, tumulung	7587	1
name	sisaala, western	7588	1
name	sissala	7589	1
name	sissano	7590	1
name	siuslaw	7591	1
name	sivandi	7592	1
name	sivia sign language	7593	1
name	siwai	7594	1
name	siwi	7595	1
name	siwu	7596	1
name	siyin chin	7597	1
name	skagit	7598	1
name	skalvian	7599	1
name	skepi creole dutch	7600	1
name	skolt sami	7601	1
name	skou	7602	1
name	slave	7603	1
name	slave (athapascan)	7604	1
name	slavey, north	7605	1
name	slavey, south	7606	1
name	slavic, church	7607	1
name	slavomolisano	7608	1
name	slovak	7609	1
name	slovakian sign language	7610	1
name	slovenian	7611	1
name	small flowery miao	7612	1
name	smarky kanum	7613	1
name	snohomish	7614	1
name	so	7615	1
name	so (democratic republic of congo)	7616	1
name	so'a	7617	1
name	sobei	7618	1
name	sochiapam chinantec	7619	1
name	soga	7620	1
name	sogdian	7621	1
name	sogdien	7622	1
name	soi	7623	1
name	sokoro	7624	1
name	solano	7625	1
name	soli	7626	1
name	solomon islands sign language	7627	1
name	solong	7628	1
name	solos	7629	1
name	som	7630	1
name	somali	7631	1
name	somba-siawari	7632	1
name	somrai	7633	1
name	somray	7634	1
name	somyev	7635	1
name	sonaga	7636	1
name	sonde	7637	1
name	songe	7638	1
name	songhai, koyraboro senni	7639	1
name	songhay, humburi senni	7640	1
name	songhay, koyra chiini	7641	1
name	songlai chin	7642	1
name	songo	7643	1
name	songomeno	7644	1
name	songoora	7645	1
name	songway kiini, tondi	7646	1
name	sonha	7647	1
name	sonia	7648	1
name	soninke	7649	1
name	sonsorol	7650	1
name	soo	7651	1
name	sop	7652	1
name	soqotri	7653	1
name	sora	7654	1
name	sorbian, lower	7655	1
name	sorbian, upper	7656	1
name	sori-harengan	7657	1
name	sorkhei	7658	1
name	sorothaptic	7659	1
name	sorsoganon, northern	7660	1
name	sorsoganon, southern	7661	1
name	sorsogon ayta	7662	1
name	sos kundi	7663	1
name	sota kanum	7664	1
name	sotho, southern	7665	1
name	sou	7666	1
name	sou nama	7667	1
name	sou upaa	7668	1
name	sourashtra	7669	1
name	south african sign language	7670	1
name	south awyu	7671	1
name	south azerbaijani	7672	1
name	south bolivian quechua	7673	1
name	south central banda	7674	1
name	south central dinka	7675	1
name	south efate	7676	1
name	south fali	7677	1
name	south giziga	7678	1
name	south lembata	7679	1
name	south marquesan	7680	1
name	south muyu	7681	1
name	south ndebele	7682	1
name	south nuaulu	7683	1
name	south picene	7684	1
name	south slavey	7685	1
name	south tairora	7686	1
name	south ucayali asheninka	7687	1
name	south watut	7688	1
name	south west bay	7689	1
name	southeast ambrym	7690	1
name	southeast babar	7691	1
name	southeast ijo	7692	1
name	southeast pashai	7693	1
name	southeast tasmanian	7694	1
name	southeastern dinka	7695	1
name	southeastern ixtlan zapotec	7696	1
name	southeastern kolami	7697	1
name	southeastern nochixtlan mixtec	7698	1
name	southeastern pomo	7699	1
name	southeastern puebla nahuatl	7700	1
name	southeastern tarahumara	7701	1
name	southeastern tepehuan	7702	1
name	southern alta	7703	1
name	southern altai	7704	1
name	southern amami-oshima	7705	1
name	southern aymara	7706	1
name	southern bai	7707	1
name	southern balochi	7708	1
name	southern betsimisaraka malagasy	7709	1
name	southern binukidnon	7710	1
name	southern birifor	7711	1
name	southern bobo madare	7712	1
name	southern bontok	7713	1
name	southern carrier	7714	1
name	southern catanduanes bikol	7715	1
name	southern conchucos ancash quechua	7716	1
name	southern dagaare	7717	1
name	southern dong	7718	1
name	southern east cree	7719	1
name	southern ghale	7720	1
name	southern grebo	7721	1
name	southern guiyang hmong	7722	1
name	southern haida	7723	1
name	southern hindko	7724	1
name	southern kalapuya	7725	1
name	southern kalinga	7726	1
name	southern katang	7727	1
name	southern kisi	7728	1
name	southern kiwai	7729	1
name	southern kurdish	7730	1
name	southern lolopo	7731	1
name	southern luri	7732	1
name	southern lushootseed	7733	1
name	southern ma'di	7734	1
name	southern mashan hmong	7735	1
name	southern mnong	7736	1
name	southern muji	7737	1
name	southern nago	7738	1
name	southern nambikuara	7739	1
name	southern ngbandi	7740	1
name	southern nicobarese	7741	1
name	southern nisu	7742	1
name	southern nuni	7743	1
name	southern ohlone	7744	1
name	southern one	7745	1
name	southern pame	7746	1
name	southern pashto	7747	1
name	southern pastaza quechua	7748	1
name	southern ping chinese	7749	1
name	southern pomo	7750	1
name	southern puebla mixtec	7751	1
name	southern puget sound salish	7752	1
name	southern pumi	7753	1
name	southern qiandong miao	7754	1
name	southern qiang	7755	1
name	southern rengma naga	7756	1
name	southern rincon zapotec	7757	1
name	southern roglai	7758	1
name	southern sama	7759	1
name	southern sami	7760	1
name	southern samo	7761	1
name	southern sierra miwok	7762	1
name	southern sorsoganon	7763	1
name	southern sotho	7764	1
name	southern subanen	7765	1
name	southern thai	7766	1
name	southern tidung	7767	1
name	southern tiwa	7768	1
name	southern toussian	7769	1
name	southern tujia	7770	1
name	southern tutchone	7771	1
name	southern uzbek	7772	1
name	southern yamphu	7773	1
name	southern yukaghir	7774	1
name	southwest gbaya	7775	1
name	southwest palawano	7776	1
name	southwest pashai	7777	1
name	southwest tanna	7778	1
name	southwestern bontok	7779	1
name	southwestern dinka	7780	1
name	southwestern fars	7781	1
name	southwestern guiyang hmong	7782	1
name	southwestern huishui hmong	7783	1
name	southwestern nisu	7784	1
name	southwestern tarahumara	7785	1
name	southwestern tasmanian	7786	1
name	southwestern tepehuan	7787	1
name	southwestern tlaxiaco mixtec	7788	1
name	sowa	7789	1
name	sowanda	7790	1
name	soyaltepec mazatec	7791	1
name	soyaltepec mixtec	7792	1
name	spanish	7793	1
name	spanish sign language	7794	1
name	spanish, loreto-ucayali	7795	1
name	spanish, old	7796	1
name	spiti bhoti	7797	1
name	spokane	7798	1
name	squamish	7799	1
name	sranan tongo	7800	1
name	sri lankan creole malay	7801	1
name	sri lankan sign language	7802	1
name	standard arabic	7803	1
name	standard estonian	7804	1
name	standard latvian	7805	1
name	standard malay	7806	1
name	standard moroccan tamazight	7807	1
name	stellingwerfs	7808	1
name	stieng, budeh	7809	1
name	stieng, bulo	7810	1
name	stod bhoti	7811	1
name	stodsde	7812	1
name	stoney	7813	1
name	straits salish	7814	1
name	suabo	7815	1
name	suarmin	7816	1
name	suau	7817	1
name	suba	7818	1
name	suba-simbiti	7819	1
name	subanen, central	7820	1
name	subanen, eastern	7821	1
name	subanen, northern	7822	1
name	subanen, southern	7823	1
name	subanon, kolibugan	7824	1
name	subanon, western	7825	1
name	subi	7826	1
name	subiya	7827	1
name	subtiaba	7828	1
name	sudanese arabic	7829	1
name	sudanese creole arabic	7830	1
name	sudest	7831	1
name	sudovian	7832	1
name	suena	7833	1
name	suga	7834	1
name	suganga	7835	1
name	sugut dusun	7836	1
name	sui	7837	1
name	suki	7838	1
name	suku	7839	1
name	sukuma	7840	1
name	sukur	7841	1
name	sukurum	7842	1
name	sula	7843	1
name	sulka	7844	1
name	sulod	7845	1
name	suma	7846	1
name	sumariup	7847	1
name	sumau	7848	1
name	sumbawa	7849	1
name	sumbwa	7850	1
name	sumerian	7851	1
name	sumi naga	7852	1
name	sumtu chin	7853	1
name	sunam	7854	1
name	sundanese	7855	1
name	sundanese, old	7856	1
name	sunwar	7857	1
name	suoy	7858	1
name	supyire senoufo	7859	1
name	sur	7860	1
name	surbakhal	7861	1
name	surgujia	7862	1
name	suri, kacipo-bale	7863	1
name	suri, tirmaga-chai	7864	1
name	surigaonon	7865	1
name	surjapuri	7866	1
name	sursurunga	7867	1
name	suruaha	7868	1
name	surubu	7869	1
name	surui	7870	1
name	surui do para	7871	1
name	susquehannock	7872	1
name	susu	7873	1
name	susuami	7874	1
name	suundi	7875	1
name	suwawa	7876	1
name	suya	7877	1
name	svan	7878	1
name	swabian	7879	1
name	swahili	7880	1
name	swahili (individual language)	7881	1
name	swahili (macrolanguage)	7882	1
name	swahili, congo	7883	1
name	swampy cree	7884	1
name	swati	7885	1
name	swedish	7886	1
name	swedish sign language	7887	1
name	swiss french	7888	1
name	swiss german	7889	1
name	swiss high german	7890	1
name	swiss-french sign language	7891	1
name	swiss-german sign language	7892	1
name	swiss-italian sign language	7893	1
name	swo	7894	1
name	syenara senoufo	7895	1
name	sylheti	7896	1
name	syriac	7897	1
name	syriac, classical	7898	1
name	t'apo	7899	1
name	t'en	7900	1
name	ta'izzi-adeni arabic	7901	1
name	ta'oih, lower	7902	1
name	ta'oih, upper	7903	1
name	taabwa	7904	1
name	tabaa zapotec	7905	1
name	tabaru	7906	1
name	tabasco chontal	7907	1
name	tabasco nahuatl	7908	1
name	tabasco zoque	7909	1
name	tabassaran	7910	1
name	tabla	7911	1
name	tabo	7912	1
name	tabriak	7913	1
name	tacahua mixtec	7914	1
name	tacana	7915	1
name	tachawit	7916	1
name	tachelhit	7917	1
name	tachoni	7918	1
name	tadaksahak	7919	1
name	tado	7920	1
name	tadyawan	7921	1
name	tae'	7922	1
name	tafi	7923	1
name	tagabawa	7924	1
name	tagakaulo	7925	1
name	tagal murut	7926	1
name	tagalaka	7927	1
name	tagalog	7928	1
name	tagargrent	7929	1
name	tagbanwa	7930	1
name	tagbanwa, calamian	7931	1
name	tagbanwa, central	7932	1
name	tagbu	7933	1
name	tagdal	7934	1
name	tagin	7935	1
name	tagish	7936	1
name	tagoi	7937	1
name	tagwana senoufo	7938	1
name	tahaggart tamahaq	7939	1
name	tahitian	7940	1
name	tahltan	7941	1
name	tai	7942	1
name	tai daeng	7943	1
name	tai dam	7944	1
name	tai do	7945	1
name	tai don	7946	1
name	tai hongjin	7947	1
name	tai laing	7948	1
name	tai loi	7949	1
name	tai long	7950	1
name	tai nua	7951	1
name	tai pao	7952	1
name	tai thanh	7953	1
name	tai ya	7954	1
name	taiap	7955	1
name	taikat	7956	1
name	tainae	7957	1
name	taino	7958	1
name	tairaha	7959	1
name	tairora, north	7960	1
name	tairora, south	7961	1
name	tairuma	7962	1
name	taita	7963	1
name	taivoan	7964	1
name	taiwan sign language	7965	1
name	taje	7966	1
name	tajik	7967	1
name	tajiki arabic	7968	1
name	tajio	7969	1
name	tajuasohn	7970	1
name	takelma	7971	1
name	takestani	7972	1
name	takia	7973	1
name	takua	7974	1
name	takuu	7975	1
name	takwane	7976	1
name	tal	7977	1
name	tala	7978	1
name	talaud	7979	1
name	taliabu	7980	1
name	talieng	7981	1
name	talinga-bwisi	7982	1
name	talise	7983	1
name	talodi	7984	1
name	taloki	7985	1
name	talondo'	7986	1
name	talossan	7987	1
name	talu	7988	1
name	talysh	7989	1
name	tama (chad)	7990	1
name	tama (colombia)	7991	1
name	tamagario	7992	1
name	tamahaq, tahaggart	7993	1
name	tamajaq, tawallammat	7994	1
name	tamajeq, tayart	7995	1
name	taman (indonesia)	7996	1
name	taman (myanmar)	7997	1
name	tamanaku	7998	1
name	tamang, eastern	7999	1
name	tamang, eastern gorkha	8000	1
name	tamang, western	8001	1
name	tamashek	8002	1
name	tamasheq	8003	1
name	tamazight, central atlas	8004	1
name	tamazight, standard moroccan	8005	1
name	tamazight, temacine	8006	1
name	tamazight, tidikelt	8007	1
name	tamazola mixtec	8008	1
name	tambas	8009	1
name	tambora	8010	1
name	tambotalo	8011	1
name	tami	8012	1
name	tamil	8013	1
name	tamil, old	8014	1
name	tamki	8015	1
name	tamnim citak	8016	1
name	tampias lobu	8017	1
name	tampuan	8018	1
name	tampulma	8019	1
name	tanacross	8020	1
name	tanahmerah	8021	1
name	tanaina	8022	1
name	tanana, lower	8023	1
name	tanana, upper	8024	1
name	tanapag	8025	1
name	tandaganon	8026	1
name	tandia	8027	1
name	tandroy-mahafaly malagasy	8028	1
name	tanema	8029	1
name	tangale	8030	1
name	tangchangya	8031	1
name	tanggu	8032	1
name	tangkhul naga (india)	8033	1
name	tangkhul naga (myanmar)	8034	1
name	tangko	8035	1
name	tanglang	8036	1
name	tangoa	8037	1
name	tanguat	8038	1
name	tangut	8039	1
name	tanimbili	8040	1
name	tanimuca-retuara	8041	1
name	tanjijili	8042	1
name	tanna, north	8043	1
name	tanna, southwest	8044	1
name	tanosy malagasy	8045	1
name	tanudan kalinga	8046	1
name	tanzanian sign language	8047	1
name	tapei	8048	1
name	tapiete	8049	1
name	tapirape	8050	1
name	tarahumara, central	8051	1
name	tarahumara, lowland	8052	1
name	tarahumara, northern	8053	1
name	tarahumara, southeastern	8054	1
name	tarahumara, southwestern	8055	1
name	tarangan, east	8056	1
name	tarangan, west	8057	1
name	tarao naga	8058	1
name	tareng	8059	1
name	tariana	8060	1
name	tarifit	8061	1
name	tarjumo	8062	1
name	tarok	8063	1
name	taroko	8064	1
name	taromi, upper	8065	1
name	tarpia	8066	1
name	tartessian	8067	1
name	taruma	8068	1
name	tasawaq	8069	1
name	tase naga	8070	1
name	tasmanian, bruny island	8071	1
name	tasmanian, north midlands	8072	1
name	tasmanian, northeastern	8073	1
name	tasmanian, northern	8074	1
name	tasmanian, northwestern	8075	1
name	tasmanian, oyster bay	8076	1
name	tasmanian, port sorell	8077	1
name	tasmanian, southeast	8078	1
name	tasmanian, southwestern	8079	1
name	tasmate	8080	1
name	tat, muslim	8081	1
name	tataltepec chatino	8082	1
name	tatana	8083	1
name	tatar	8084	1
name	tatar, crimean	8085	1
name	tatar, siberian	8086	1
name	tatuyo	8087	1
name	tauade	8088	1
name	taulil	8089	1
name	taungyo	8090	1
name	taupota	8091	1
name	tause	8092	1
name	taushiro	8093	1
name	tausug	8094	1
name	tauya	8095	1
name	taveta	8096	1
name	tavoyan	8097	1
name	tavringer romani	8098	1
name	tawala	8099	1
name	tawallammat tamajaq	8100	1
name	tawande	8101	1
name	tawang monpa	8102	1
name	tawara	8103	1
name	tawbuid, eastern	8104	1
name	tawbuid, western	8105	1
name	taworta	8106	1
name	tawoyan	8107	1
name	tawr chin	8108	1
name	tay	8109	1
name	tay boi	8110	1
name	tay khang	8111	1
name	tay sa pa	8112	1
name	tay tac	8113	1
name	tayart tamajeq	8114	1
name	tayo	8115	1
name	taznatit	8116	1
name	tboli	8117	1
name	tchitchege	8118	1
name	tchumbuli	8119	1
name	te'un	8120	1
name	teanu	8121	1
name	tebul sign language	8122	1
name	tebul ure dogon	8123	1
name	tecpatlan totonac	8124	1
name	tedaga	8125	1
name	tedim chin	8126	1
name	tee	8127	1
name	teen	8128	1
name	tefaro	8129	1
name	tegali	8130	1
name	tehit	8131	1
name	tehuelche	8132	1
name	tejalapan zapotec	8133	1
name	teke, ibali	8134	1
name	teke-ebo	8135	1
name	teke-fuumu	8136	1
name	teke-kukuya	8137	1
name	teke-laali	8138	1
name	teke-nzikou	8139	1
name	teke-tege	8140	1
name	teke-tsaayi	8141	1
name	teke-tyee	8142	1
name	tektiteko	8143	1
name	tela-masbuar	8144	1
name	telefol	8145	1
name	telugu	8146	1
name	tem	8147	1
name	temacine tamazight	8148	1
name	temascaltepec nahuatl	8149	1
name	tembe	8150	1
name	tembo (kitembo)	8151	1
name	tembo (motembo)	8152	1
name	teme	8153	1
name	temein	8154	1
name	temi	8155	1
name	temiar	8156	1
name	temoaya otomi	8157	1
name	temoq	8158	1
name	temuan	8159	1
name	ten'edn	8160	1
name	tena lowland quichua	8161	1
name	tenango otomi	8162	1
name	tene kan dogon	8163	1
name	tenggarong kutai malay	8164	1
name	tengger	8165	1
name	tenharim	8166	1
name	tenino	8167	1
name	tenis	8168	1
name	tennet	8169	1
name	teop	8170	1
name	teor	8171	1
name	tepecano	8172	1
name	tepehua, huehuetla	8173	1
name	tepehua, pisaflores	8174	1
name	tepehua, tlachichilco	8175	1
name	tepehuan, northern	8176	1
name	tepehuan, southeastern	8177	1
name	tepehuan, southwestern	8178	1
name	tepetotutla chinantec	8179	1
name	tepeuxila cuicatec	8180	1
name	tepinapa chinantec	8181	1
name	tepo krumen	8182	1
name	ter sami	8183	1
name	tera	8184	1
name	terebu	8185	1
name	terei	8186	1
name	tereno	8187	1
name	teressa	8188	1
name	tereweng	8189	1
name	teribe	8190	1
name	terik	8191	1
name	termanu	8192	1
name	ternate	8193	1
name	ternateno	8194	1
name	tesaka malagasy	8195	1
name	tese	8196	1
name	teshenawa	8197	1
name	teso	8198	1
name	tetela	8199	1
name	tetelcingo nahuatl	8200	1
name	tetete	8201	1
name	tetserret	8202	1
name	tetum	8203	1
name	tetun dili	8204	1
name	teutila cuicatec	8205	1
name	tewa (indonesia)	8206	1
name	tewa (usa)	8207	1
name	tewe	8208	1
name	texcatepec otomi	8209	1
name	texistepec popoluca	8210	1
name	texmelucan zapotec	8211	1
name	tezoatlan mixtec	8212	1
name	tha	8213	1
name	thachanadan	8214	1
name	thado chin	8215	1
name	thai	8216	1
name	thai sign language	8217	1
name	thai song	8218	1
name	thai, northeastern	8219	1
name	thai, northern	8220	1
name	thai, southern	8221	1
name	thaiphum chin	8222	1
name	thakali	8223	1
name	thangal naga	8224	1
name	thangmi	8225	1
name	thao	8226	1
name	tharaka	8227	1
name	tharu, chitwania	8228	1
name	tharu, dangaura	8229	1
name	tharu, kathoriya	8230	1
name	tharu, kochila	8231	1
name	tharu, rana	8232	1
name	thawa	8233	1
name	thaypan	8234	1
name	thiin	8235	1
name	tho	8236	1
name	thompson	8237	1
name	thopho	8238	1
name	thracian	8239	1
name	thu lao	8240	1
name	thulung	8241	1
name	thur	8242	1
name	thuri	8243	1
name	tiagbamrin aizi	8244	1
name	tiale	8245	1
name	tiang	8246	1
name	tibea	8247	1
name	tibetan	8248	1
name	tibetan sign language	8249	1
name	tibetan, amdo	8250	1
name	tibetan, classical	8251	1
name	tibetan, khams	8252	1
name	tibetan, old	8253	1
name	tichurong	8254	1
name	ticuna	8255	1
name	tidaa mixtec	8256	1
name	tidikelt tamazight	8257	1
name	tidore	8258	1
name	tidung, northern	8259	1
name	tidung, southern	8260	1
name	tiefo	8261	1
name	tiemacewe bozo	8262	1
name	tiene	8263	1
name	tieyaxo bozo	8264	1
name	tifal	8265	1
name	tigak	8266	1
name	tigon mbembe	8267	1
name	tigre	8268	1
name	tigrinya	8269	1
name	tii	8270	1
name	tijaltepec mixtec	8271	1
name	tikar	8272	1
name	tikopia	8273	1
name	tilapa otomi	8274	1
name	tillamook	8275	1
name	tilquiapan zapotec	8276	1
name	tilung	8277	1
name	tima	8278	1
name	timbe	8279	1
name	timne	8280	1
name	timor pidgin	8281	1
name	timucua	8282	1
name	timugon murut	8283	1
name	tinani	8284	1
name	tindi	8285	1
name	tingui-boto	8286	1
name	tinigua	8287	1
name	tinputz	8288	1
name	tippera	8289	1
name	tira	8290	1
name	tirahi	8291	1
name	tiranige diga dogon	8292	1
name	tiri	8293	1
name	tirmaga-chai suri	8294	1
name	tiruray	8295	1
name	tita	8296	1
name	titan	8297	1
name	tiv	8298	1
name	tiwa	8299	1
name	tiwa, northern	8300	1
name	tiwa, southern	8301	1
name	tiwi	8302	1
name	tiyaa	8303	1
name	tjungundji	8304	1
name	tjupany	8305	1
name	tjurruru	8306	1
name	tlachichilco tepehua	8307	1
name	tlacoapa me'phaa	8308	1
name	tlacoatzintepec chinantec	8309	1
name	tlacolulita zapotec	8310	1
name	tlahuitoltepec mixe	8311	1
name	tlamacazapa nahuatl	8312	1
name	tlazoyaltepec mixtec	8313	1
name	tlicho	8314	1
name	tlingit	8315	1
name	to	8316	1
name	to'abaita	8317	1
name	toaripi	8318	1
name	toba	8319	1
name	toba-maskoy	8320	1
name	tobagonian creole english	8321	1
name	tobanga	8322	1
name	tobati	8323	1
name	tobelo	8324	1
name	tobian	8325	1
name	tobilung	8326	1
name	tobo	8327	1
name	tocantins asurini	8328	1
name	tocho	8329	1
name	toda	8330	1
name	todrah	8331	1
name	tofanma	8332	1
name	tofin gbe	8333	1
name	togbo-vara banda	8334	1
name	togoyo	8335	1
name	tohono o'odham	8336	1
name	tojolabal	8337	1
name	tok pisin	8338	1
name	tokano	8339	1
name	tokelau	8340	1
name	tokelauan	8341	1
name	tokharian a	8342	1
name	tokharian b	8343	1
name	toki pona	8344	1
name	toku-no-shima	8345	1
name	tol	8346	1
name	tolaki	8347	1
name	tolomako	8348	1
name	tolowa	8349	1
name	toma	8350	1
name	tomadino	8351	1
name	tombelala	8352	1
name	tombonuo	8353	1
name	tombulu	8354	1
name	tomini	8355	1
name	tommo so dogon	8356	1
name	tomo kan dogon	8357	1
name	tomoip	8358	1
name	tondano	8359	1
name	tondi songway kiini	8360	1
name	tonga (nyasa)	8361	1
name	tonga (tonga islands)	8362	1
name	tonga (zambia)	8363	1
name	tongan	8364	1
name	tongwe	8365	1
name	tonjon	8366	1
name	tonkawa	8367	1
name	tonsawang	8368	1
name	tonsea	8369	1
name	tontemboan	8370	1
name	tooro	8371	1
name	topoiyo	8372	1
name	toposa	8373	1
name	tora	8374	1
name	toraja-sa'dan	8375	1
name	toram	8376	1
name	torau	8377	1
name	tornedalen finnish	8378	1
name	toro	8379	1
name	toro so dogon	8380	1
name	toro tegu dogon	8381	1
name	toromono	8382	1
name	torona	8383	1
name	torres strait creole	8384	1
name	torricelli	8385	1
name	torwali	8386	1
name	tosk albanian	8387	1
name	totela	8388	1
name	toto	8389	1
name	totoli	8390	1
name	totomachapan zapotec	8391	1
name	totonac, coyutla	8392	1
name	totonac, filomena mata-coahuitlan	8393	1
name	totonac, highland	8394	1
name	totonac, papantla	8395	1
name	totonac, tecpatlan	8396	1
name	totonac, upper necaxa	8397	1
name	totonac, western	8398	1
name	totonac, xicotepec de juarez	8399	1
name	totonac, yecuatla	8400	1
name	totontepec mixe	8401	1
name	totoro	8402	1
name	touo	8403	1
name	toura (cote d'ivoire)	8404	1
name	toura (papua new guinea)	8405	1
name	toussian, northern	8406	1
name	toussian, southern	8407	1
name	towei	8408	1
name	traditional chinese	8409	1
name	traditional mandarin chinese	8410	1
name	transalpine gaulish	8411	1
name	traveller danish	8412	1
name	traveller norwegian	8413	1
name	traveller scottish	8414	1
name	tregami	8415	1
name	tremembe	8416	1
name	trieng	8417	1
name	trimuris	8418	1
name	tring	8419	1
name	tringgus-sembaan bidayuh	8420	1
name	trinidad and tobago sign language	8421	1
name	trinidadian creole english	8422	1
name	trinitario	8423	1
name	trio	8424	1
name	tripuri, early	8425	1
name	triqui, chicahuaxtla	8426	1
name	triqui, copala	8427	1
name	triqui, san martin itunyoso	8428	1
name	truka	8429	1
name	trumai	8430	1
name	ts'un-lao	8431	1
name	tsaangi	8432	1
name	tsakhur	8433	1
name	tsakonian	8434	1
name	tsakwambo	8435	1
name	tsamai	8436	1
name	tsat	8437	1
name	tseku	8438	1
name	tsetsaut	8439	1
name	tshangla	8440	1
name	tsikimba	8441	1
name	tsimane	8442	1
name	tsimihety malagasy	8443	1
name	tsimshian	8444	1
name	tsishingini	8445	1
name	tso	8446	1
name	tsoa	8447	1
name	tsogo	8448	1
name	tsonga	8449	1
name	tsotso	8450	1
name	tsou	8451	1
name	tsucuba	8452	1
name	tsum	8453	1
name	tsuvadi	8454	1
name	tsuvan	8455	1
name	tswa	8456	1
name	tswana	8457	1
name	tswapong	8458	1
name	tu	8459	1
name	tuamotuan	8460	1
name	tubar	8461	1
name	tubatulabal	8462	1
name	tucano	8463	1
name	tugen	8464	1
name	tugun	8465	1
name	tugutil	8466	1
name	tujia, northern	8467	1
name	tujia, southern	8468	1
name	tukang besi north	8469	1
name	tukang besi south	8470	1
name	tuki	8471	1
name	tukpa	8472	1
name	tukudede	8473	1
name	tukumanfed	8474	1
name	tula	8475	1
name	tulai	8476	1
name	tulehu	8477	1
name	tulishi	8478	1
name	tulu	8479	1
name	tulu-bohuai	8480	1
name	tuma-irumu	8481	1
name	tumak	8482	1
name	tumari kanuri	8483	1
name	tumbuka	8484	1
name	tumi	8485	1
name	tumleo	8486	1
name	tumshuqese	8487	1
name	tumtum	8488	1
name	tumulung sisaala	8489	1
name	tumzabt	8490	1
name	tundra enets	8491	1
name	tunebo, angosturas	8492	1
name	tunebo, barro negro	8493	1
name	tunebo, central	8494	1
name	tunebo, western	8495	1
name	tunen	8496	1
name	tungag	8497	1
name	tunggare	8498	1
name	tunia	8499	1
name	tunica	8500	1
name	tunisian arabic	8501	1
name	tunisian sign language	8502	1
name	tunjung	8503	1
name	tunni	8504	1
name	tunzu	8505	1
name	tuotomb	8506	1
name	tupari	8507	1
name	tupinamba	8508	1
name	tupinikin	8509	1
name	tupuri	8510	1
name	turaka	8511	1
name	turi	8512	1
name	turiwara	8513	1
name	turka	8514	1
name	turkana	8515	1
name	turkish	8516	1
name	turkish sign language	8517	1
name	turkish, balkan gagauz	8518	1
name	turkish, old	8519	1
name	turkish, ottoman (1500-1928)	8520	1
name	turkmen	8521	1
name	turks and caicos creole english	8522	1
name	turoyo	8523	1
name	turumsa	8524	1
name	turung	8525	1
name	tuscarora	8526	1
name	tutchone, northern	8527	1
name	tutchone, southern	8528	1
name	tutelo	8529	1
name	tutong	8530	1
name	tutsa naga	8531	1
name	tutuba	8532	1
name	tututepec mixtec	8533	1
name	tututni	8534	1
name	tuvalu	8535	1
name	tuvinian	8536	1
name	tuwali ifugao	8537	1
name	tuwari	8538	1
name	tuwuli	8539	1
name	tuxa	8540	1
name	tuxinawa	8541	1
name	tuyuca	8542	1
name	twana	8543	1
name	twendi	8544	1
name	twents	8545	1
name	twi	8546	1
name	tyap	8547	1
name	tz'utujil	8548	1
name	tzeltal	8549	1
name	tzotzil	8550	1
name	u	8551	1
name	uab meto	8552	1
name	uamue	8553	1
name	uare	8554	1
name	ubaghara	8555	1
name	ubang	8556	1
name	ubi	8557	1
name	ubir	8558	1
name	ubykh	8559	1
name	ucayali-yurua asheninka	8560	1
name	uda	8561	1
name	udi	8562	1
name	udihe	8563	1
name	udmurt	8564	1
name	uduk	8565	1
name	ufim	8566	1
name	ugandan sign language	8567	1
name	ugaritic	8568	1
name	ughele	8569	1
name	ugong	8570	1
name	uhami	8571	1
name	uighur	8572	1
name	uighur, old	8573	1
name	uisai	8574	1
name	ujir	8575	1
name	uk english	8576	1
name	ukaan	8577	1
name	ukhwejo	8578	1
name	ukit	8579	1
name	ukpe-bayobiri	8580	1
name	ukpet-ehom	8581	1
name	ukrainian	8582	1
name	ukrainian sign language	8583	1
name	ukue	8584	1
name	ukuriguma	8585	1
name	ukwa	8586	1
name	ukwuani-aboh-ndoni	8587	1
name	ulau-suain	8588	1
name	ulch	8589	1
name	ulithian	8590	1
name	ullatan	8591	1
name	ulukwumi	8592	1
name	ulumanda'	8593	1
name	ulwa	8594	1
name	uma	8595	1
name	uma' lasan	8596	1
name	uma' lung	8597	1
name	umanakaina	8598	1
name	umatilla	8599	1
name	umbindhamu	8600	1
name	umbrian	8601	1
name	umbu-ungu	8602	1
name	umbugarla	8603	1
name	umbundu	8604	1
name	ume sami	8605	1
name	umeda	8606	1
name	umiida	8607	1
name	umiray dumaget agta	8608	1
name	umon	8609	1
name	umotina	8610	1
name	umpila	8611	1
name	umpqua, upper	8612	1
name	una	8613	1
name	unami	8614	1
name	uncoded languages	8615	1
name	unde kaili	8616	1
name	undetermined	8617	1
name	uneapa	8618	1
name	uneme	8619	1
name	unggaranggu	8620	1
name	unggumi	8621	1
name	uni	8622	1
name	unknown language	8623	1
name	unserdeutsch	8624	1
name	unua	8625	1
name	unubahe	8626	1
name	upper chehalis	8627	1
name	upper grand valley dani	8628	1
name	upper guinea crioulo	8629	1
name	upper kinabatangan	8630	1
name	upper kuskokwim	8631	1
name	upper necaxa totonac	8632	1
name	upper saxon	8633	1
name	upper sorbian	8634	1
name	upper ta'oih	8635	1
name	upper tanana	8636	1
name	upper taromi	8637	1
name	upper umpqua	8638	1
name	ura (papua new guinea)	8639	1
name	ura (vanuatu)	8640	1
name	uradhi	8641	1
name	urak lawoi'	8642	1
name	urali	8643	1
name	urapmin	8644	1
name	urarina	8645	1
name	urartian	8646	1
name	urat	8647	1
name	urdu	8648	1
name	urhobo	8649	1
name	uri	8650	1
name	urigina	8651	1
name	urim	8652	1
name	urimo	8653	1
name	uripiv-wala-rano-atchin	8654	1
name	urningangg	8655	1
name	uru	8656	1
name	uru-eu-wau-wau	8657	1
name	uru-pa-in	8658	1
name	uruangnirin	8659	1
name	uruava	8660	1
name	urubu-kaapor	8661	1
name	urubu-kaapor sign language	8662	1
name	uruguayan sign language	8663	1
name	urum	8664	1
name	urumi	8665	1
name	us english	8666	1
name	us-saare	8667	1
name	usaghade	8668	1
name	usan	8669	1
name	usarufa	8670	1
name	ushojo	8671	1
name	usila chinantec	8672	1
name	usku	8673	1
name	uspanteco	8674	1
name	usui	8675	1
name	ut-hun	8676	1
name	ut-ma'in	8677	1
name	utarmbung	8678	1
name	ute-southern paiute	8679	1
name	utu	8680	1
name	uvbie	8681	1
name	uvean, west	8682	1
name	uya	8683	1
name	uyajitaya	8684	1
name	uyghur	8685	1
name	uzbek	8686	1
name	uzbek, northern	8687	1
name	uzbek, southern	8688	1
name	uzbeki arabic	8689	1
name	uzekwe	8690	1
name	vaagri booli	8691	1
name	vafsi	8692	1
name	vaghri	8693	1
name	vaghua	8694	1
name	vagla	8695	1
name	vai	8696	1
name	vaiphei	8697	1
name	vale	8698	1
name	valencian sign language	8699	1
name	valle nacional chinantec	8700	1
name	valley maidu	8701	1
name	valman	8702	1
name	valpei	8703	1
name	vamale	8704	1
name	vame	8705	1
name	vandalic	8706	1
name	vangunu	8707	1
name	vanimo	8708	1
name	vano	8709	1
name	vanuma	8710	1
name	vao	8711	1
name	varhadi-nagpuri	8712	1
name	varisi	8713	1
name	varli	8714	1
name	vasavi	8715	1
name	veddah	8716	1
name	vedic sanskrit	8717	1
name	vehes	8718	1
name	veluws	8719	1
name	vemgo-mabas	8720	1
name	venda	8721	1
name	venetian	8722	1
name	venetic	8723	1
name	venezuelan sign language	8724	1
name	vengo	8725	1
name	ventureno	8726	1
name	veps	8727	1
name	vera'a	8728	1
name	vestinian	8729	1
name	vidunda	8730	1
name	viemo	8731	1
name	vietnamese	8732	1
name	vilela	8733	1
name	vili	8734	1
name	villa viciosa agta	8735	1
name	vincentian creole english	8736	1
name	vinmavis	8737	1
name	vinza	8738	1
name	virgin islands creole english	8739	1
name	vishavan	8740	1
name	viti	8741	1
name	vitou	8742	1
name	vitu	8743	1
name	vlaams	8744	1
name	vlaamse gebarentaal	8745	1
name	vlax romani	8746	1
name	volapuk	8747	1
name	volscian	8748	1
name	vono	8749	1
name	voro	8750	2
name	votic	8752	1
name	vumbu	8753	1
name	vunapu	8754	1
name	vunjo	8755	1
name	vures	8756	1
name	vute	8757	1
name	vwanji	8758	1
name	wa	8759	1
name	wa'ema	8760	1
name	waama	8761	1
name	waamwang	8762	1
name	waata	8763	1
name	wab	8764	1
name	wabo	8765	1
name	waboda	8766	1
name	waci gbe	8767	1
name	wadaginam	8768	1
name	waddar	8769	1
name	wadi wadi	8770	1
name	wadikali	8771	1
name	wadiyara koli	8772	1
name	wadjabangayi	8773	1
name	wadjiginy	8774	1
name	wadjigu	8775	1
name	wae rana	8776	1
name	waffa	8777	1
name	wagawaga	8778	1
name	wagaya	8779	1
name	wagdi	8780	1
name	wagi	8781	1
name	wagiman	8782	1
name	wahau kayan	8783	1
name	wahau kenyah	8784	1
name	wahgi	8785	1
name	wahgi, north	8786	1
name	waigali	8787	1
name	waigeo	8788	1
name	wailaki	8789	1
name	wailapa	8790	1
name	waima	8791	1
name	waima'a	8792	1
name	waimaha	8793	1
name	waimiri-atroari	8794	1
name	waioli	8795	1
name	waiwai	8796	1
name	waja	8797	1
name	wajarri	8798	1
name	wajuk	8799	1
name	waka	8800	1
name	wakabunga	8801	1
name	wakawaka	8802	1
name	wakde	8803	1
name	wakhi	8804	1
name	wakona	8805	1
name	wala	8806	1
name	walak	8807	1
name	walangama	8808	1
name	wali (ghana)	8809	1
name	wali (sudan)	8810	1
name	waling	8811	1
name	walio	8812	1
name	walla walla	8813	1
name	wallisian	8814	1
name	walloon	8815	1
name	walmajarri	8816	1
name	walser	8817	1
name	walungge	8818	1
name	waluwarra	8819	1
name	wamas	8820	1
name	wambaya	8821	1
name	wambon	8822	1
name	wambule	8823	1
name	wamesa	8824	1
name	wamey	8825	1
name	wamin	8826	1
name	wampanoag	8827	1
name	wampar	8828	1
name	wampur	8829	1
name	wan	8830	1
name	wanap	8831	1
name	wancho naga	8832	1
name	wanda	8833	1
name	wandala	8834	1
name	wandarang	8835	1
name	wandji	8836	1
name	wane	8837	1
name	waneci	8838	1
name	wanga	8839	1
name	wangaaybuwan-ngiyambaa	8840	1
name	wanggamala	8841	1
name	wanggom	8842	1
name	wangkangurru	8843	1
name	wangkayutyuru	8844	1
name	wangkumara	8845	1
name	wannu	8846	1
name	wano	8847	1
name	wantoat	8848	1
name	wanukaka	8849	1
name	wanyi	8850	1
name	waorani	8851	1
name	wapan	8852	1
name	wapha	8853	1
name	wapishana	8854	1
name	wappo	8855	1
name	war-jaintia	8856	1
name	wara	8857	2
name	warao	8859	1
name	waray	8860	1
name	waray (australia)	8861	1
name	waray (philippines)	8862	1
name	wardaman	8863	1
name	wardandi	8864	1
name	warembori	8865	1
name	wares	8866	1
name	waris	8867	1
name	waritai	8868	1
name	wariyangga	8869	1
name	warji	8870	1
name	warkay-bipim	8871	1
name	warlmanpa	8872	1
name	warlpiri	8873	1
name	warnang	8874	1
name	warnman	8875	1
name	waropen	8876	1
name	warrgamay	8877	1
name	warrwa	8878	1
name	waru	8879	1
name	warumungu	8880	1
name	waruna	8881	1
name	warungu	8882	1
name	warwar feni	8883	1
name	wasa	8884	1
name	wasco-wishram	8885	1
name	wasembo	8886	1
name	washo	8887	1
name	waskia	8888	1
name	wasu	8889	1
name	watakataui	8890	1
name	watam	8891	1
name	wathawurrung	8892	1
name	watiwa	8893	1
name	watubela	8894	1
name	watut, middle	8895	1
name	watut, north	8896	1
name	watut, south	8897	1
name	waube	8898	1
name	waura	8899	1
name	wauyai	8900	1
name	wawa	8901	1
name	wawonii	8902	1
name	waxianghua	8903	1
name	wayampi	8904	1
name	wayana	8905	1
name	wayanad chetti	8906	1
name	wayoro	8907	1
name	wayu	8908	1
name	wayuu	8909	1
name	we northern	8910	1
name	we southern	8911	1
name	we western	8912	1
name	wedau	8913	1
name	weh	8914	1
name	wejewa	8915	1
name	welaun	8916	1
name	weliki	8917	1
name	welsh	8918	1
name	welsh romani	8919	1
name	welsh, middle	8920	1
name	welsh, old	8921	1
name	wemale	8922	1
name	wemba wemba	8923	1
name	weme gbe	8924	1
name	wendat	8925	1
name	wergaia	8926	1
name	weri	8927	1
name	wersing	8928	1
name	west albay bikol	8929	1
name	west ambae	8930	1
name	west bengal sign language	8931	1
name	west berawan	8932	1
name	west central banda	8933	1
name	west central oromo	8934	1
name	west coast bajau	8935	1
name	west damar	8936	1
name	west flemish	8937	1
name	west goodenough	8938	1
name	west kewa	8939	1
name	west lembata	8940	1
name	west makian	8941	1
name	west masela	8942	1
name	west tarangan	8943	1
name	west uvean	8944	1
name	west yugur	8945	1
name	west-central limba	8946	1
name	western abnaki	8947	1
name	western apache	8948	1
name	western armenian	8949	1
name	western arrarnta	8950	1
name	western balochi	8951	1
name	western bolivian guarani	8952	1
name	western bru	8953	1
name	western bukidnon manobo	8954	1
name	western canadian inuktitut	8955	1
name	western cham	8956	1
name	western dani	8957	1
name	western durango nahuatl	8958	1
name	western fijian	8959	1
name	western frisian	8960	1
name	western highland chatino	8961	1
name	western highland purepecha	8962	1
name	western huasteca nahuatl	8963	1
name	western juxtlahuaca mixtec	8964	1
name	western kanjobal	8965	1
name	western karaboro	8966	1
name	western katu	8967	1
name	western kayah	8968	1
name	western keres	8969	1
name	western krahn	8970	1
name	western lalu	8971	1
name	western lawa	8972	1
name	western magar	8973	1
name	western maninkakan	8974	1
name	western mari	8975	1
name	western mashan hmong	8976	1
name	western meohang	8977	1
name	western minyag	8978	1
name	western muria	8979	1
name	western neo-aramaic	8980	1
name	western niger fulfulde	8981	1
name	western ojibwa	8982	1
name	western panjabi	8983	2
name	western parbate kham	8985	1
name	western penan	8986	1
name	western sisaala	8987	1
name	western subanon	8988	1
name	western tamang	8989	1
name	western tawbuid	8990	1
name	western tlacolula valley zapotec	8991	1
name	western totonac	8992	1
name	western tunebo	8993	1
name	western xiangxi miao	8994	1
name	western xwla gbe	8995	1
name	western yiddish	8996	1
name	westphalien	8997	1
name	wetamut	8998	1
name	wewaw	8999	1
name	weyto	9000	1
name	white gelao	9001	1
name	white lachi	9002	1
name	whitesands	9003	1
name	wiarumus	9004	1
name	wichi lhamtes guisnay	9005	1
name	wichi lhamtes nocten	9006	1
name	wichi lhamtes vejoz	9007	1
name	wichita	9008	1
name	wik ngathan	9009	1
name	wik-epa	9010	1
name	wik-iiyanh	9011	1
name	wik-keyangan	9012	1
name	wik-me'anha	9013	1
name	wik-mungkan	9014	1
name	wikalkan	9015	1
name	wikngenchera	9016	1
name	wilawila	9017	1
name	wintu	9018	1
name	winye	9019	1
name	wipi	9020	1
name	wiradjuri	9021	1
name	wirafed	9022	1
name	wirangu	9023	1
name	wiru	9024	1
name	wiyot	9025	1
name	woccon	9026	1
name	wogamusin	9027	1
name	wogeo	9028	1
name	woi	9029	1
name	woiwurrung	9030	1
name	wojenaka	9031	1
name	wolane	9032	1
name	wolani	9033	1
name	wolaytta	9034	1
name	woleaian	9035	1
name	wolio	9036	1
name	wolof	9037	1
name	wolof, gambian	9038	1
name	wom (nigeria)	9039	1
name	wom (papua new guinea)	9040	1
name	womo	9041	1
name	wongo	9042	1
name	woods cree	9043	2
name	woria	9045	1
name	worimi	9046	1
name	worodougou	9047	1
name	worrorra	9048	1
name	wotapuri-katarqalai	9049	1
name	wotjobaluk	9050	1
name	wotu	9051	1
name	woun meu	9052	1
name	written oirat	9053	1
name	wu chinese	9054	1
name	wuding-luquan yi	9055	1
name	wudu	9056	1
name	wuliwuli	9057	1
name	wulna	9058	1
name	wumboko	9059	1
name	wumbvu	9060	1
name	wumeng nasu	9061	1
name	wunai bunu	9062	1
name	wunambal	9063	1
name	wunumara	9064	1
name	wurrugu	9065	1
name	wusa nasu	9066	1
name	wushi	9067	1
name	wusi	9068	1
name	wutung	9069	1
name	wutunhua	9070	1
name	wuvulu-aua	9071	1
name	wuzlam	9072	1
name	wyandot	9073	1
name	wymysorys	9074	1
name	xaasongaxango	9075	1
name	xadani zapotec	9076	1
name	xakriaba	9077	1
name	xamtanga	9078	1
name	xanaguia zapotec	9079	1
name	xaracuu	9080	1
name	xaragure	9081	1
name	xavante	9082	1
name	xerente	9083	1
name	xeta	9084	1
name	xhosa	9085	1
name	xiang chinese	9086	1
name	xibe	9087	1
name	xicotepec de juarez totonac	9088	1
name	xinca	9089	1
name	xingu asurini	9090	1
name	xipaya	9091	1
name	xiri	9092	1
name	xiriana	9093	1
name	xishanba lalo	9094	1
name	xokleng	9095	1
name	xukuru	9096	1
name	xwela gbe	9097	1
name	yaaku	9098	1
name	yabaana	9099	1
name	yabarana	9100	1
name	yabem	9101	1
name	yaben	9102	1
name	yabong	9103	1
name	yabula yabula	9104	1
name	yace	9105	1
name	yaeyama	9106	1
name	yafi	9107	1
name	yagara	9108	1
name	yagaria	9109	1
name	yagnobi	9110	1
name	yagomi	9111	1
name	yagua	9112	1
name	yagwoia	9113	1
name	yahadian	9114	1
name	yahang	9115	1
name	yahuna	9116	1
name	yaka (central african republic)	9117	1
name	yaka (congo)	9118	1
name	yaka (democratic republic of congo)	9119	1
name	yakaikeke	9120	1
name	yakama	9121	1
name	yakan	9122	1
name	yakha	9123	1
name	yakoma	9124	1
name	yakut	9125	1
name	yala	9126	1
name	yalahatan	9127	1
name	yalakalore	9128	1
name	yalalag zapotec	9129	1
name	yalarnnga	9130	1
name	yale	9131	1
name	yale, kosarek	9132	1
name	yaleba	9133	1
name	yali, angguruk	9134	1
name	yali, ninia	9135	1
name	yali, pass valley	9136	1
name	yalunka	9137	1
name	yamana	9138	1
name	yamap	9139	1
name	yamba	9140	1
name	yamben	9141	1
name	yambes	9142	1
name	yambeta	9143	1
name	yamdena	9144	1
name	yameo	9145	1
name	yami	9146	1
name	yaminahua	9147	1
name	yamna	9148	1
name	yamongeri	9149	1
name	yamphu	9150	1
name	yamphu, southern	9151	1
name	yan-nhangu	9152	1
name	yan-nhangu sign language	9153	1
name	yana	9154	1
name	yanahuanca pasco quechua	9155	1
name	yanda	9156	1
name	yanda dom dogon	9157	1
name	yandjibara	9158	1
name	yandruwandha	9159	1
name	yanesha'	9160	1
name	yang zhuang	9161	1
name	yangben	9162	1
name	yangkam	9163	1
name	yangman	9164	1
name	yango	9165	1
name	yangulam	9166	1
name	yangum dey	9167	1
name	yangum gel	9168	1
name	yangum mon	9169	1
name	yankunytjatjara	9170	1
name	yanomami	9171	1
name	yanomamo	9172	1
name	yansi	9173	1
name	yanyuwa	9174	1
name	yao	9175	1
name	yaosakor asmat	9176	1
name	yaoure	9177	1
name	yapese	9178	1
name	yapunda	9179	1
name	yaqay	9180	1
name	yaqui	9181	1
name	yarawata	9182	1
name	yardliyawarra	9183	1
name	yareba	9184	1
name	yareni zapotec	9185	1
name	yarluyandi	9186	1
name	yaroame	9187	1
name	yarsun	9188	1
name	yasa	9189	1
name	yassic	9190	1
name	yatay	9191	1
name	yatee zapotec	9192	1
name	yatzachi zapotec	9193	1
name	yau (morobe province)	9194	1
name	yau (sandaun province)	9195	1
name	yaul	9196	1
name	yauma	9197	1
name	yaur	9198	1
name	yautepec zapotec	9199	1
name	yauyos quechua	9200	1
name	yavitero	9201	1
name	yawa	9202	1
name	yawalapiti	9203	1
name	yawanawa	9204	1
name	yawarawarga	9205	1
name	yaweyuha	9206	1
name	yawijibaya	9207	1
name	yawiyo	9208	1
name	yawuru	9209	1
name	yaygir	9210	1
name	yazgulyam	9211	1
name	yecuatla totonac	9212	1
name	yei	9213	1
name	yekhee	9214	1
name	yekora	9215	1
name	yela	9216	1
name	yele	9217	1
name	yelmek	9218	1
name	yelogu	9219	1
name	yemba	9220	1
name	yemsa	9221	1
name	yendang	9222	1
name	yeni	9223	1
name	yeniche	9224	1
name	yerakai	9225	1
name	yeretuar	9226	1
name	yerong	9227	1
name	yerukula	9228	1
name	yessan-mayo	9229	1
name	yetfa	9230	1
name	yevanic	9231	1
name	yeyi	9232	1
name	yi, axi	9233	1
name	yi, naluo	9234	1
name	yi, sichuan	9235	1
name	yi, wuding-luquan	9236	1
name	yiddish	9237	1
name	yiddish, eastern	9238	1
name	yiddish, western	9239	1
name	yidgha	9240	1
name	yidiny	9241	1
name	yil	9242	1
name	yilan creole	9243	1
name	yimas	9244	1
name	yimchungru naga	9245	1
name	yinbaw karen	9246	1
name	yindjibarndi	9247	1
name	yindjilandji	9248	1
name	yine	9249	1
name	yinggarda	9250	1
name	yinhawangka	9251	1
name	yiningayi	9252	1
name	yintale karen	9253	1
name	yinwum	9254	1
name	yir yoront	9255	1
name	yirandali	9256	1
name	yirrk-mel	9257	1
name	yis	9258	1
name	yitha yitha	9259	1
name	yoba	9260	1
name	yocoboue dida	9261	1
name	yogad	9262	1
name	yoidik	9263	1
name	yoke	9264	1
name	yokuts	9265	1
name	yola	9266	1
name	yolngu sign language	9267	1
name	yoloxochitl mixtec	9268	1
name	yom	9269	1
name	yombe	9270	1
name	yonaguni	9271	1
name	yong	9272	1
name	yongbei zhuang	9273	1
name	yongkom	9274	1
name	yongnan zhuang	9275	1
name	yopno	9276	1
name	yora	9277	1
name	yoron	9278	1
name	yorta yorta	9279	1
name	yoruba	9280	1
name	yosondua mixtec	9281	1
name	yotti	9282	1
name	youjiang zhuang	9283	1
name	youle jinuo	9284	1
name	younuo bunu	9285	1
name	yout wam	9286	1
name	yoy	9287	1
name	yuanga	9288	1
name	yucatec maya sign language	9289	1
name	yucateco	9290	1
name	yuchi	9291	1
name	yucuane mixtec	9292	1
name	yucuna	9293	1
name	yue chinese	9294	1
name	yug	9295	1
name	yugambal	9296	1
name	yugoslavian sign language	9297	1
name	yugul	9298	1
name	yugur, east	9299	1
name	yugur, west	9300	1
name	yuhup	9301	1
name	yukaghir, northern	9302	1
name	yukaghir, southern	9303	1
name	yuki	9304	1
name	yukpa	9305	1
name	yukuben	9306	1
name	yulu	9307	1
name	yupik, central	9308	1
name	yupik, central siberian	9309	1
name	yupik, naukan	9310	1
name	yupik, pacific gulf	9311	1
name	yupik, sirenik	9312	1
name	yuqui	9313	1
name	yuracare	9314	1
name	yurats	9315	1
name	yurok	9316	1
name	yuru	9317	1
name	yuruti	9318	1
name	yutanduchi mixtec	9319	1
name	yuwana	9320	1
name	yuyu	9321	1
name	ywom	9322	1
name	zaachila zapotec	9323	1
name	zabana	9324	1
name	zacatepec chatino	9325	1
name	zacatlan-ahuacatlan-tepetzintla nahuatl	9326	1
name	zaghawa	9327	1
name	zaiwa	9328	1
name	zakhring	9329	1
name	zambian sign language	9330	1
name	zan gula	9331	1
name	zanaki	9332	1
name	zande (individual language)	9333	1
name	zangskari	9334	1
name	zangwal	9335	1
name	zaniza zapotec	9336	1
name	zaparo	9337	1
name	zapotec	9338	1
name	zapotec, aloapam	9339	1
name	zapotec, amatlan	9340	1
name	zapotec, ancient	9341	1
name	zapotec, asuncion mixtepec	9342	1
name	zapotec, ayoquesco	9343	1
name	zapotec, cajonos	9344	1
name	zapotec, chichicapan	9345	1
name	zapotec, choapan	9346	1
name	zapotec, coatecas altas	9347	1
name	zapotec, coatlan	9348	1
name	zapotec, el alto	9349	1
name	zapotec, elotepec	9350	1
name	zapotec, guevea de humboldt	9351	1
name	zapotec, guila	9352	1
name	zapotec, isthmus	9353	1
name	zapotec, lachiguiri	9354	1
name	zapotec, lachixio	9355	1
name	zapotec, lapaguia-guivini	9356	1
name	zapotec, las delicias	9357	1
name	zapotec, loxicha	9358	1
name	zapotec, mazaltepec	9359	1
name	zapotec, miahuatlan	9360	1
name	zapotec, mitla	9361	1
name	zapotec, mixtepec	9362	1
name	zapotec, ocotlan	9363	1
name	zapotec, ozolotepec	9364	1
name	zapotec, petapa	9365	1
name	zapotec, quiavicuzas	9366	1
name	zapotec, quioquitani-quieri	9367	1
name	zapotec, rincon	9368	1
name	zapotec, san agustin mixtepec	9369	1
name	zapotec, san baltazar loxicha	9370	1
name	zapotec, san pedro quiatoni	9371	1
name	zapotec, san vicente coatlan	9372	1
name	zapotec, santa catarina albarradas	9373	1
name	zapotec, santa ines yatzechi	9374	1
name	zapotec, santa maria quiegolani	9375	1
name	zapotec, santiago xanica	9376	1
name	zapotec, santo domingo albarradas	9377	1
name	zapotec, sierra de juarez	9378	1
name	zapotec, southeastern ixtlan	9379	1
name	zapotec, southern rincon	9380	1
name	zapotec, tabaa	9381	1
name	zapotec, tejalapan	9382	1
name	zapotec, texmelucan	9383	1
name	zapotec, tilquiapan	9384	1
name	zapotec, tlacolulita	9385	1
name	zapotec, totomachapan	9386	1
name	zapotec, western tlacolula valley	9387	1
name	zapotec, xadani	9388	1
name	zapotec, xanaguia	9389	1
name	zapotec, yalalag	9390	1
name	zapotec, yareni	9391	1
name	zapotec, yatee	9392	1
name	zapotec, yatzachi	9393	1
name	zapotec, yautepec	9394	1
name	zapotec, zaachila	9395	1
name	zapotec, zaniza	9396	1
name	zapotec, zoogocho	9397	1
name	zaramo	9398	1
name	zari	9399	1
name	zarma	9400	1
name	zarphatic	9401	1
name	zauzou	9402	1
name	zay	9403	1
name	zayein karen	9404	1
name	zayse-zergulla	9405	1
name	zaza	9406	1
name	zazao	9407	1
name	zeelandic	9408	1
name	zeem	9409	1
name	zeeuws	9410	1
name	zemba	9411	1
name	zeme naga	9412	1
name	zemgalian	9413	1
name	zenag	9414	1
name	zenaga	9415	1
name	zenzontepec chatino	9416	1
name	zerenkel	9417	1
name	zhaba	9418	1
name	zhang-zhung	9419	1
name	zhire	9420	1
name	zhoa	9421	1
name	zhuang	9422	1
name	zhuang, central hongshuihe	9423	1
name	zhuang, dai	9424	1
name	zhuang, eastern hongshuihe	9425	1
name	zhuang, guibei	9426	1
name	zhuang, guibian	9427	1
name	zhuang, lianshan	9428	1
name	zhuang, liujiang	9429	1
name	zhuang, liuqian	9430	1
name	zhuang, minz	9431	1
name	zhuang, nong	9432	1
name	zhuang, qiubei	9433	1
name	zhuang, yang	9434	1
name	zhuang, yongbei	9435	1
name	zhuang, yongnan	9436	1
name	zhuang, youjiang	9437	1
name	zhuang, zuojiang	9438	1
name	zia	9439	1
name	zialo	9440	1
name	zigula	9441	1
name	zimakani	9442	1
name	zimba	9443	1
name	zimbabwe sign language	9444	1
name	zinza	9445	1
name	zire	9446	1
name	zizilivakan	9447	1
name	zo'e	9448	1
name	zokhuo	9449	1
name	zoogocho zapotec	9450	1
name	zoque, chimalapa	9451	1
name	zoque, copainala	9452	1
name	zoque, francisco leon	9453	1
name	zoque, rayon	9454	1
name	zoque, tabasco	9455	1
name	zoroastrian dari	9456	1
name	zotung chin	9457	1
name	zou	9458	1
name	zul	9459	1
name	zula	9460	1
name	zulgo-gemzek	9461	1
name	zulu	9462	1
name	zumaya	9463	1
name	zumbun	9464	1
name	zuni	9465	1
name	zuojiang zhuang	9466	1
name	zyphe chin	9467	1
name	ǀgwi	9468	1
name	ǀxam	9469	1
name	ǁani	9470	1
name	ǁgana	9471	1
name	ǁxegwi	9472	1
name	ǂhua	9473	1
name	ǂungkue	9474	1
name	ǃxoo	9475	1
scope	individual	9476	7856
scope	macrolanguage	17332	63
scope	special	17395	4
script	MISSING	17399	7112
script	adlam	24511	1
script	adlm	24512	1
script	aghb	24513	1
script	arab	24514	76
script	arabic	24590	76
script	armenian	24666	1
script	armi	24667	1
script	armn	24668	1
script	avestan	24669	1
script	avst	24670	1
script	bali	24671	2
script	balinese	24673	2
script	bamu	24675	1
script	bamum	24676	1
script	bangla	24677	13
script	bass	24690	1
script	bassa vah	24691	1
script	batak	24692	1
script	batk	24693	1
script	beng	24694	13
script	bengali (bangla)	24707	13
script	bopo	24720	1
script	bopomofo	24721	1
script	bugi	24722	3
script	buginese	24725	3
script	buhd	24728	1
script	buhid	24729	1
script	cakm	24730	1
script	cans	24731	12
script	cari	24743	1
script	carian	24744	1
script	caucasian albanian	24745	1
script	chakma	24746	1
script	cham	24747	2
script	cher	24749	1
script	cherokee	24750	1
script	copt	24751	1
script	coptic	24752	1
script	cprt	24753	1
script	cuneiform, sumero-akkadian	24754	2
script	cypriot	24756	1
script	cypriot syllabary	24757	1
script	cyrillic	24758	72
script	cyrl	24830	72
script	deseret	24902	1
script	deseret (mormon)	24903	1
script	deva	24904	65
script	devanagari	24969	65
script	devanagari (nagari)	25034	65
script	dsrt	25099	1
script	dupl	25100	1
script	duployan shorthand	25101	1
script	duployan shorthand, duployan stenography	25102	1
script	egyp	25103	1
script	egyptian hieroglyphs	25104	1
script	elba	25105	1
script	elbasan	25106	1
script	ethi	25107	7
script	ethiopic	25114	7
script	ethiopic (ge`ez)	25121	7
script	fraser	25128	1
script	geor	25129	3
script	georgian	25132	3
script	georgian (mkhedruli and mtavruli)	25135	3
script	goth	25138	1
script	gothic	25139	1
script	gran	25140	1
script	grantha	25141	1
script	greek	25142	6
script	grek	25148	6
script	gujarati	25154	1
script	gujr	25155	1
script	gurmukhi	25156	1
script	guru	25157	1
script	han	25158	1
script	han (hanzi, kanji, hanja)	25159	1
script	han (simplified variant)	25160	8
script	han (traditional variant)	25168	5
script	hani	25173	1
script	hanifi	25174	1
script	hanifi rohingya	25175	1
script	hano	25176	1
script	hans	25177	8
script	hant	25185	5
script	hanunoo	25190	1
script	hanunoo (hanunoo)	25191	1
script	hebr	25192	6
script	hebrew	25198	6
script	hmng	25204	1
script	hmnp	25205	1
script	imperial aramaic	25206	1
script	inscriptional pahlavi	25207	1
script	inscriptional parthian	25208	1
script	ital	25209	3
script	japanese	25212	1
script	japanese (alias for han + hiragana + katakana)	25213	1
script	java	25214	2
script	javanese	25216	2
script	jpan	25218	1
script	kali	25219	2
script	kana	25221	2
script	kannada	25223	2
script	katakana	25225	2
script	kawi	25227	1
script	kayah li	25228	2
script	khmer	25230	1
script	khmr	25231	1
script	khoj	25232	1
script	khojki	25233	1
script	khudawadi	25234	1
script	khudawadi, sindhi	25235	1
script	knda	25236	2
script	kore	25238	1
script	korean	25239	1
script	korean (alias for hangul + han)	25240	1
script	lana	25241	2
script	lanna	25243	2
script	lao	25245	3
script	laoo	25248	3
script	latin	25251	540
script	latn	25791	540
script	lepc	26331	1
script	lepcha	26332	1
script	lepcha (rong)	26333	1
script	limb	26334	1
script	limbu	26335	1
script	lina	26336	1
script	linb	26337	1
script	linear a	26338	1
script	linear b	26339	1
script	lisu	26340	1
script	lisu (fraser)	26341	1
script	lyci	26342	1
script	lycian	26343	1
script	lydi	26344	1
script	lydian	26345	1
script	mahajani	26346	1
script	mahj	26347	1
script	malayalam	26348	1
script	mand	26349	1
script	mandaean	26350	1
script	mandaic, mandaean	26351	1
script	mani	26352	1
script	manichaean	26353	1
script	meitei mayek	26354	1
script	meitei mayek (meithei, meetei)	26355	1
script	mend	26356	1
script	mende	26357	1
script	mende kikakui	26358	1
script	merc	26359	1
script	meroitic cursive	26360	1
script	miao (pollard)	26361	1
script	mlym	26362	1
script	modi	26363	1
script	modi, modi	26364	1
script	mong	26365	2
script	mongolian	26367	2
script	mro	26369	1
script	mro, mru	26370	1
script	mroo	26371	1
script	mtei	26372	1
script	myanmar	26373	5
script	myanmar (burmese)	26378	5
script	mymr	26383	5
script	n'ko	26388	3
script	nabataean	26391	1
script	narb	26392	1
script	nbat	26393	1
script	new tai lue	26394	1
script	nkoo	26395	3
script	nyiakeng puachue hmong	26398	1
script	odia	26399	3
script	ogam	26402	1
script	ogham	26403	1
script	ol chiki	26404	1
script	ol chiki (ol cemet', ol, santali)	26405	1
script	olck	26406	1
script	old italic	26407	3
script	old italic (etruscan, oscan, etc.)	26410	3
script	old north arabian	26413	1
script	old north arabian (ancient north arabian)	26414	1
script	old permic	26415	1
script	old persian	26416	1
script	old south arabian	26417	1
script	old turkic, orkhon runic	26418	1
script	oriya (odia)	26419	3
script	orkh	26422	1
script	orkhon	26423	1
script	orya	26424	3
script	osage	26427	1
script	osge	26428	1
script	osma	26429	1
script	osmanya	26430	1
script	pahawh hmong	26431	1
script	palm	26432	1
script	palmyrene	26433	1
script	perm	26434	1
script	perso-arabic	26435	76
script	phag	26511	2
script	phags-pa	26513	2
script	phli	26515	1
script	phlp	26516	1
script	phnx	26517	1
script	phoenician	26518	1
script	plrd	26519	1
script	pollard phonetic	26520	1
script	prti	26521	1
script	psalter pahlavi	26522	1
script	rejang	26523	1
script	rejang (redjang, kaganga)	26524	1
script	rjng	26525	1
script	rohg	26526	1
script	runic	26527	2
script	runr	26529	2
script	s-a cuneiform	26531	2
script	samaritan	26533	2
script	samr	26535	2
script	sarb	26537	1
script	saur	26538	1
script	saurashtra	26539	1
script	sharada	26540	1
script	sharada, sarada	26541	1
script	shavian	26542	1
script	shavian (shaw)	26543	1
script	shaw	26544	1
script	shrd	26545	1
script	sidd	26546	1
script	siddham	26547	1
script	siddham, siddham, siddhamatrka	26548	1
script	simplified	26549	8
script	simplified han	26557	8
script	sind	26565	1
script	sinh	26566	3
script	sinhala	26569	3
script	sora	26572	1
script	sora sompeng	26573	1
script	sourashtra	26574	1
script	sumero-akkadian cuneiform	26575	2
script	sund	26577	1
script	sundanese	26578	1
script	sunu	26579	1
script	sunuwar	26580	1
script	sylo	26581	1
script	syloti nagri	26582	1
script	syrc	26583	4
script	syriac	26587	4
script	tagalog	26591	1
script	tagalog (baybayin, alibata)	26592	1
script	tagb	26593	1
script	tagbanwa	26594	1
script	tai le	26595	2
script	tai tham (lanna)	26597	2
script	tai viet	26599	1
script	takr	26600	1
script	takri	26601	1
script	takri, takri, tankri	26602	1
script	tale	26603	2
script	talu	26605	1
script	tamil	26606	2
script	taml	26608	2
script	tavt	26610	1
script	telu	26611	5
script	telugu	26616	5
script	tfng	26621	6
script	tglg	26627	1
script	thaa	26628	1
script	thaana	26629	1
script	thai	26630	8
script	tibetan	26638	6
script	tibt	26644	6
script	tifinagh	26650	6
script	tifinagh (berber)	26656	6
script	tirh	26662	1
script	tirhuta	26663	1
script	traditional	26664	5
script	traditional han	26669	5
script	ucas	26674	12
script	ugar	26686	1
script	ugaritic	26687	1
script	unified canadian aboriginal syllabics	26688	12
script	vai	26700	1
script	vaii	26701	1
script	varang kshiti	26702	1
script	wara	26703	1
script	warang citi (varang kshiti)	26704	1
script	xpeo	26705	1
script	xsux	26706	2
script	yi	26708	1
script	yiii	26709	1
type	constructed	26710	24
type	extinct	26734	602
type	historical	27336	215
type	living	27551	7078
type	special	34629	4
