Ghotuo	aaa			individual	living				
Alumu-Tesu	aab			individual	living				
Ari	aac			individual	living				
Amal	aad			individual	living				
Arbëreshë Albanian	aae			individual	living	Albanian, Arbëreshë			
Aranadan	aaf			individual	living				
Ambrak	aag			individual	living				
Abu' Arapesh	aah			individual	living	Arapesh, Abu'			
Arifama-Miniafia	aai			individual	living				
Ankave	aak			individual	living				
Afade	aal			individual	living				
Anambé	aan			individual	living				
Algerian Saharan Arabic	aao			individual	living	Arabic, Algerian Saharan			
Pará Arára	aap			individual	living	Arára, Pará			
Eastern Abnaki	aaq			individual	extinct	Abnaki, Eastern			
Afar	aar	aa		individual	living			97	
Aasáx	aas			individual	living				
Arvanitika Albanian	aat			individual	living	Albanian, Arvanitika			
Abau	aau			individual	living				
Solong	aaw			individual	living				
Mandobo Atas	aax			individual	living				
Amarasi	aaz			individual	living				
Abé	aba			individual	living				
Bankon	abb			individual	living				
Ambala Ayta	abc			individual	living	Ayta, Ambala			
Manide	abd			individual	living				
Western Abnaki	abe			individual	living	Abnaki, Western			
Abai Sungai	abf			individual	living				
Abaga	abg			individual	living				
Tajiki Arabic	abh			individual	living	Arabic, Tajiki			
Abidji	abi			individual	living				
Aka-Bea	abj			individual	extinct				
Abkhazian	abk	ab		individual	living			34	
Lampung Nyo	abl			individual	living				
Abanyom	abm			individual	living				
Abua	abn			individual	living				
Abon	abo			individual	living				
Abellen Ayta	abp			individual	living	Ayta, Abellen			
Abaza	abq			individual	living			34	97
Abron	abr			individual	living			97	
Ambonese Malay	abs			individual	living	Malay, Ambonese			
Ambulas	abt			individual	living				
Abure	abu			individual	living				
Baharna Arabic	abv			individual	living	Arabic, Baharna			
Pal	abw			individual	living				
Inabaknon	abx			individual	living				
Aneme Wake	aby			individual	living				
Abui	abz			individual	living				
Achagua	aca			individual	living				
Áncá	acb			individual	living				
Gikyode	acd			individual	living				
Achinese	ace			individual	living		Acehnese	97	
Saint Lucian Creole French	acf			individual	living	Creole French, Saint Lucian			
Acoli	ach			individual	living			97	
Aka-Cari	aci			individual	extinct				
Aka-Kora	ack			individual	extinct				
Akar-Bale	acl			individual	extinct				
Mesopotamian Arabic	acm			individual	living	Arabic, Mesopotamian			
Achang	acn			individual	living				
Eastern Acipa	acp			individual	living	Acipa, Eastern			
Ta'izzi-Adeni Arabic	acq			individual	living	Arabic, Ta'izzi-Adeni			
Achi	acr			individual	living				
Acroá	acs			individual	extinct				
Achterhoeks	act			individual	living				
Achuar-Shiwiar	acu			individual	living				
Achumawi	acv			individual	living				
Hijazi Arabic	acw			individual	living	Arabic, Hijazi			
Omani Arabic	acx			individual	living	Arabic, Omani			
Cypriot Arabic	acy			individual	living	Arabic, Cypriot			
Acheron	acz			individual	living				
Adangme	ada			individual	living			97	
Atauran	adb			individual	living				
Lidzonka	add			individual	living				
Adele	ade			individual	living				
Dhofari Arabic	adf			individual	living	Arabic, Dhofari			
Andegerebinha	adg			individual	living				
Adhola	adh			individual	living				
Adi	adi			individual	living				
Adioukrou	adj			individual	living				
Galo	adl			individual	living				
Adang	adn			individual	living				
Abu	ado			individual	living				
Adangbe	adq			individual	living				
Adonara	adr			individual	living				
Adamorobe Sign Language	ads			individual	living				
Adnyamathanha	adt			individual	living				
Aduge	adu			individual	living				
Amundava	adw			individual	living				
Amdo Tibetan	adx			individual	living	Tibetan, Amdo			
Adyghe	ady			individual	living			34	
Adzera	adz			individual	living				
Areba	aea			individual	extinct				
Tunisian Arabic	aeb			individual	living	Arabic, Tunisian		5	
Saidi Arabic	aec			individual	living	Arabic, Saidi			
Argentine Sign Language	aed			individual	living				
Northeast Pashai	aee			individual	living	Pashai, Northeast			
Haeke	aek			individual	living				
Ambele	ael			individual	living				
Arem	aem			individual	living				
Armenian Sign Language	aen			individual	living				
Aer	aeq			individual	living				
Eastern Arrernte	aer			individual	living	Arrernte, Eastern			
Alsea	aes			individual	extinct				
Akeu	aeu			individual	living				
Ambakich	aew			individual	living				
Amele	aey			individual	living				
Aeka	aez			individual	living				
Gulf Arabic	afb			individual	living	Arabic, Gulf			
Andai	afd			individual	living				
Putukwam	afe			individual	living				
Afghan Sign Language	afg			individual	living				
Afrihili	afh			individual	constructed				
Akrukay	afi			individual	living				
Nanubae	afk			individual	living				
Defaka	afn			individual	living				
Eloyi	afo			individual	living				
Tapei	afp			individual	living				
Afrikaans	afr	af		individual	living			97	
Afro-Seminole Creole	afs			individual	living	Creole, Afro-Seminole			
Afitti	aft			individual	living				
Awutu	afu			individual	living				
Obokuitai	afz			individual	living				
Aguano	aga			individual	extinct				
Legbo	agb			individual	living				
Agatu	agc			individual	living				
Agarabi	agd			individual	living				
Angal	age			individual	living				
Arguni	agf			individual	living				
Angor	agg			individual	living				
Ngelima	agh			individual	living				
Agariya	agi			individual	living				
Argobba	agj			individual	living				
Isarog Agta	agk			individual	living	Agta, Isarog			
Fembe	agl			individual	living				
Angaataha	agm			individual	living				
Agutaynen	agn			individual	living				
Tainae	ago			individual	living				
Aghem	agq			individual	living			97	
Aguaruna	agr			individual	living				
Esimbi	ags			individual	living				
Central Cagayan Agta	agt			individual	living	Agta, Central Cagayan			
Aguacateco	agu			individual	living				
Remontado Dumagat	agv			individual	living	Dumagat, Remontado			
Kahua	agw			individual	living				
Aghul	agx			individual	living				
Southern Alta	agy			individual	living	Alta, Southern			
Mt. Iriga Agta	agz			individual	living	Agta, Mt. Iriga			
Ahanta	aha			individual	living				
Axamb	ahb			individual	living				
Qimant	ahg			individual	living				
Aghu	ahh			individual	living				
Tiagbamrin Aizi	ahi			individual	living	Aizi, Tiagbamrin			
Akha	ahk			individual	living				
Igo	ahl			individual	living				
Mobumrin Aizi	ahm			individual	living	Aizi, Mobumrin			
Àhàn	ahn			individual	living				
Ahom	aho			individual	extinct				
Aproumu Aizi	ahp			individual	living	Aizi, Aproumu			
Ahirani	ahr			individual	living				
Ashe	ahs			individual	living				
Ahtena	aht			individual	living				
Arosi	aia			individual	living				
Ainu (China)	aib			individual	living				
Ainbai	aic			individual	living				
Alngith	aid			individual	extinct				
Amara	aie			individual	living				
Agi	aif			individual	living				
Antigua and Barbuda Creole English	aig			individual	living	Creole English, Antigua and Barbuda			
Ai-Cham	aih			individual	living				
Assyrian Neo-Aramaic	aii			individual	living	Neo-Aramaic, Assyrian		34	183
Lishanid Noshan	aij			individual	living				
Ake	aik			individual	living				
Aimele	ail			individual	living				
Aimol	aim			individual	living				
Ainu (Japan)	ain			individual	living		Ainu		81|97
Aiton	aio			individual	living				
Burumakok	aip			individual	living				
Aimaq	aiq			individual	living				
Airoran	air			individual	living				
Arikem	ait			individual	extinct				
Aari	aiw			individual	living				
Aighon	aix			individual	living				
Ali	aiy			individual	living				
Aja (South Sudan)	aja			individual	living				
Aja (Benin)	ajg			individual	living				
Ajië	aji			individual	living				
Andajin	ajn			individual	living				
Algerian Jewish Sign Language	ajs			individual	living				
Judeo-Moroccan Arabic	aju			individual	living	Arabic, Judeo-Moroccan			
Ajawa	ajw			individual	extinct				
Amri Karbi	ajz			individual	living	Karbi, Amri			
Akan	aka	ak		macrolanguage	living			97	
Batak Angkola	akb			individual	living				
Mpur	akc			individual	living				
Ukpet-Ehom	akd			individual	living				
Akawaio	ake			individual	living				
Akpa	akf			individual	living				
Anakalangu	akg			individual	living				
Angal Heneng	akh			individual	living				
Aiome	aki			individual	living				
Aka-Jeru	akj			individual	extinct				
Akkadian	akk			individual	historical			216	
Aklanon	akl			individual	living				
Aka-Bo	akm			individual	extinct				
Akurio	ako			individual	living				
Siwu	akp			individual	living				
Ak	akq			individual	living				
Araki	akr			individual	living				
Akaselem	aks			individual	living				
Akolet	akt			individual	living				
Akum	aku			individual	living				
Akhvakh	akv			individual	living				
Akwa	akw			individual	living				
Aka-Kede	akx			individual	extinct				
Aka-Kol	aky			individual	extinct				
Alabama	akz			individual	living			97	
Alago	ala			individual	living				
Qawasqar	alc			individual	living				
Alladian	ald			individual	living				
Aleut	ale			individual	living			97	
Alege	alf			individual	living				
Alawa	alh			individual	living				
Amaimon	ali			individual	living				
Alangan	alj			individual	living				
Alak	alk			individual	living				
Allar	all			individual	living				
Amblong	alm			individual	living				
Gheg Albanian	aln			individual	living	Albanian, Gheg		97	
Larike-Wakasihu	alo			individual	living				
Alune	alp			individual	living				
Algonquin	alq			individual	living				
Alutor	alr			individual	living				
Tosk Albanian	als			individual	living	Albanian, Tosk			
Southern Altai	alt			individual	living	Altai, Southern		34	
'Are'are	alu			individual	living				
Alaba-K’abeena	alw			individual	living				
Amol	alx			individual	living				
Alyawarr	aly			individual	living				
Alur	alz			individual	living				
Amanayé	ama			individual	extinct				
Ambo	amb			individual	living				
Amahuaca	amc			individual	living				
Yanesha'	ame			individual	living				
Hamer-Banna	amf			individual	living				
Amurdak	amg			individual	living				
Amharic	amh	am		individual	living			46	
Amis	ami			individual	living				
Amdang	amj			individual	living				
Ambai	amk			individual	living				
War-Jaintia	aml			individual	living				
Ama (Papua New Guinea)	amm			individual	living				
Amanab	amn			individual	living				
Amo	amo			individual	living			97	
Alamblak	amp			individual	living				
Amahai	amq			individual	living				
Amarakaeri	amr			individual	living				
Southern Amami-Oshima	ams			individual	living	Amami-Oshima, Southern			
Amto	amt			individual	living				
Guerrero Amuzgo	amu			individual	living	Amuzgo, Guerrero			
Ambelau	amv			individual	living				
Western Neo-Aramaic	amw			individual	living	Neo-Aramaic, Western			
Anmatyerre	amx			individual	living				
Ami	amy			individual	living				
Atampaya	amz			individual	extinct				
Andaqui	ana			individual	extinct				
Andoa	anb			individual	extinct				
Ngas	anc			individual	living				
Ansus	and			individual	living				
Xârâcùù	ane			individual	living				
Animere	anf			individual	living				
Old English (ca. 450-1100)	ang			individual	historical	English, Old (ca. 450-1100)	Old English	97	
Nend	anh			individual	living				
Andi	ani			individual	living				
Anor	anj			individual	living				
Goemai	ank			individual	living				
Anu-Hkongso Chin	anl			individual	living	Chin, Anu-Hkongso			
Anal	anm			individual	living				
Obolo	ann			individual	living			97	
Andoque	ano			individual	living				
Angika	anp			individual	living			36	
Jarawa (India)	anq			individual	living				
Andh	anr			individual	living				
Anserma	ans			individual	extinct				
Antakarinya	ant			individual	living				
Anuak	anu			individual	living				
Denya	anv			individual	living				
Anaang	anw			individual	living				
Andra-Hus	anx			individual	living				
Anyin	any			individual	living				
Anem	anz			individual	living				
Angolar	aoa			individual	living				
Abom	aob			individual	living				
Pemon	aoc			individual	living				
Andarum	aod			individual	living				
Angal Enen	aoe			individual	living				
Bragat	aof			individual	living				
Angoram	aog			individual	living				
Anindilyakwa	aoi			individual	living				
Mufian	aoj			individual	living				
Arhö	aok			individual	living				
Alor	aol			individual	living				
Ömie	aom			individual	living				
Bumbita Arapesh	aon			individual	living	Arapesh, Bumbita			
Aore	aor			individual	extinct				
Taikat	aos			individual	living				
Atong (India)	aot			individual	living				
A'ou	aou			individual	living				
Atorada	aox			individual	living				
Uab Meto	aoz			individual	living			97	
Sa'a	apb			individual	living				
Levantine Arabic	apc			individual	living	Arabic, Levantine		5	
Sudanese Arabic	apd			individual	living	Arabic, Sudanese		5	
Bukiyip	ape			individual	living				
Pahanan Agta	apf			individual	living	Agta, Pahanan			
Ampanang	apg			individual	living				
Athpariya	aph			individual	living				
Apiaká	api			individual	living				
Jicarilla Apache	apj			individual	living	Apache, Jicarilla			
Kiowa Apache	apk			individual	living	Apache, Kiowa			
Lipan Apache	apl			individual	living	Apache, Lipan			
Mescalero-Chiricahua Apache	apm			individual	living	Apache, Mescalero-Chiricahua			
Apinayé	apn			individual	living				
Ambul	apo			individual	living				
Apma	app			individual	living				
A-Pucikwar	apq			individual	living				
Arop-Lokep	apr			individual	living				
Arop-Sissano	aps			individual	living				
Apatani	apt			individual	living				
Apurinã	apu			individual	living				
Alapmunte	apv			individual	extinct				
Western Apache	apw			individual	living	Apache, Western			
Aputai	apx			individual	living				
Apalaí	apy			individual	living				
Safeyoka	apz			individual	living				
Archi	aqc			individual	living				
Ampari Dogon	aqd			individual	living	Dogon, Ampari			
Arigidi	aqg			individual	living				
Aninka	aqk			individual	living				
Atohwaim	aqm			individual	living				
Northern Alta	aqn			individual	living	Alta, Northern			
Atakapa	aqp			individual	extinct				
Arhâ	aqr			individual	living				
Angaité	aqt			individual	living				
Akuntsu	aqz			individual	living				
Arabic	ara	ar		macrolanguage	living		Modern Standard Arabic	5	183
Standard Arabic	arb			individual	living	Arabic, Standard			
Official Aramaic (700-300 BCE)	arc			individual	historical	Aramaic, Official (700-300 BCE)	Aramaic		7|128|142
Arabana	ard			individual	extinct				
Western Arrarnta	are			individual	living	Arrarnta, Western			
Aragonese	arg	an		individual	living			97	
Arhuaco	arh			individual	living				
Arikara	ari			individual	living				
Arapaso	arj			individual	extinct				
Arikapú	ark			individual	living				
Arabela	arl			individual	living				
Mapudungun	arn			individual	living		Mapuche	97	
Araona	aro			individual	living			97	
Arapaho	arp			individual	living			97	
Algerian Arabic	arq			individual	living	Arabic, Algerian		5	
Karo (Brazil)	arr			individual	living				
Najdi Arabic	ars			individual	living	Arabic, Najdi		5	
Aruá (Amazonas State)	aru			individual	extinct				
Arbore	arv			individual	living				
Arawak	arw			individual	living			97	
Aruá (Rodonia State)	arx			individual	living				
Moroccan Arabic	ary			individual	living	Arabic, Moroccan		5	
Egyptian Arabic	arz			individual	living	Arabic, Egyptian		5	
Asu (Tanzania)	asa			individual	living		Asu	97	
Assiniboine	asb			individual	living				
Casuarina Coast Asmat	asc			individual	living	Asmat, Casuarina Coast			
American Sign Language	ase			individual	living				
Auslan	asf			individual	living				
Cishingini	asg			individual	living				
Abishira	ash			individual	extinct				
Buruwai	asi			individual	living				
Sari	asj			individual	living				
Ashkun	ask			individual	living				
Asilulu	asl			individual	living				
Assamese	asm	as		individual	living			14	
Xingú Asuriní	asn			individual	living	Asuriní, Xingú			
Dano	aso			individual	living				
Algerian Sign Language	asp			individual	living				
Austrian Sign Language	asq			individual	living				
Asuri	asr			individual	living				
Ipulo	ass			individual	living				
Asturian	ast			individual	living			97	
Tocantins Asurini	asu			individual	living	Asurini, Tocantins			
Asoa	asv			individual	living				
Australian Aborigines Sign Language	asw			individual	living				
Muratayak	asx			individual	living				
Yaosakor Asmat	asy			individual	living	Asmat, Yaosakor			
As	asz			individual	living				
Pele-Ata	ata			individual	living				
Zaiwa	atb			individual	living				
Atsahuaca	atc			individual	extinct				
Ata Manobo	atd			individual	living	Manobo, Ata			
Atemble	ate			individual	living				
Ivbie North-Okpela-Arhe	atg			individual	living				
Attié	ati			individual	living				
Atikamekw	atj			individual	living			97	
Ati	atk			individual	living				
Mt. Iraya Agta	atl			individual	living	Agta, Mt. Iraya			
Ata	atm			individual	living				
Ashtiani	atn			individual	living				
Atong (Cameroon)	ato			individual	living				
Pudtol Atta	atp			individual	living	Atta, Pudtol			
Aralle-Tabulahan	atq			individual	living				
Waimiri-Atroari	atr			individual	living				
Gros Ventre	ats			individual	living				
Pamplona Atta	att			individual	living	Atta, Pamplona			
Reel	atu			individual	living				
Northern Altai	atv			individual	living	Altai, Northern			
Atsugewi	atw			individual	living				
Arutani	atx			individual	living				
Aneityum	aty			individual	living				
Arta	atz			individual	living				
Asumboa	aua			individual	living				
Alugu	aub			individual	living				
Waorani	auc			individual	living				
Anuta	aud			individual	living				
Aguna	aug			individual	living				
Aushi	auh			individual	living				
Anuki	aui			individual	living				
Awjilah	auj			individual	living				
Heyo	auk			individual	living				
Aulua	aul			individual	living				
Asu (Nigeria)	aum			individual	living				
Molmo One	aun			individual	living	One, Molmo			
Auyokawa	auo			individual	extinct				
Makayam	aup			individual	living				
Anus	auq			individual	living				
Aruek	aur			individual	living				
Austral	aut			individual	living				
Auye	auu			individual	living				
Awyi	auw			individual	living				
Aurá	aux			individual	extinct				
Awiyaana	auy			individual	living				
Uzbeki Arabic	auz			individual	living	Arabic, Uzbeki			
Avaric	ava	av		individual	living			34	
Avau	avb			individual	living				
Alviri-Vidari	avd			individual	living				
Avestan	ave	ae		individual	historical			9	
Avikam	avi			individual	living				
Kotava	avk			individual	constructed			97	
Eastern Egyptian Bedawi Arabic	avl			individual	living	Arabic, Eastern Egyptian Bedawi			
Angkamuthi	avm			individual	extinct				
Avatime	avn			individual	living				
Agavotaguerra	avo			individual	extinct				
Aushiri	avs			individual	extinct				
Au	avt			individual	living				
Avokaya	avu			individual	living				
Avá-Canoeiro	avv			individual	living				
Awadhi	awa			individual	living			36	
Awa (Papua New Guinea)	awb			individual	living				
Cicipu	awc			individual	living				
Awetí	awe			individual	living				
Anguthimri	awg			individual	extinct				
Awbono	awh			individual	living				
Aekyom	awi			individual	living				
Awabakal	awk			individual	extinct				
Arawum	awm			individual	living				
Awngi	awn			individual	living				
Awak	awo			individual	living				
Awera	awr			individual	living				
South Awyu	aws			individual	living	Awyu, South			
Araweté	awt			individual	living				
Central Awyu	awu			individual	living	Awyu, Central			
Jair Awyu	awv			individual	living	Awyu, Jair			
Awun	aww			individual	living				
Awara	awx			individual	living				
Edera Awyu	awy			individual	living	Awyu, Edera			
Abipon	axb			individual	extinct				
Ayerrerenge	axe			individual	extinct				
Mato Grosso Arára	axg			individual	extinct	Arára, Mato Grosso			
Yaka (Central African Republic)	axk			individual	living				
Lower Southern Aranda	axl			individual	extinct	Aranda, Lower Southern			
Middle Armenian	axm			individual	historical	Armenian, Middle			
Xârâgurè	axx			individual	living				
Awar	aya			individual	living				
Ayizo Gbe	ayb			individual	living	Gbe, Ayizo			
Southern Aymara	ayc			individual	living	Aymara, Southern			
Ayabadhu	ayd			individual	extinct				
Ayere	aye			individual	living				
Ginyanga	ayg			individual	living				
Hadrami Arabic	ayh			individual	living	Arabic, Hadrami			
Leyigha	ayi			individual	living				
Akuku	ayk			individual	living				
Libyan Arabic	ayl			individual	living	Arabic, Libyan			
Aymara	aym	ay		macrolanguage	living			97	
Sanaani Arabic	ayn			individual	living	Arabic, Sanaani			
Ayoreo	ayo			individual	living				
North Mesopotamian Arabic	ayp			individual	living	Arabic, North Mesopotamian			
Ayi (Papua New Guinea)	ayq			individual	living				
Central Aymara	ayr			individual	living	Aymara, Central			
Sorsogon Ayta	ays			individual	living	Ayta, Sorsogon			
Magbukun Ayta	ayt			individual	living	Ayta, Magbukun			
Ayu	ayu			individual	living				
Mai Brat	ayz			individual	living				
Azha	aza			individual	living				
South Azerbaijani	azb			individual	living	Azerbaijani, South			
Eastern Durango Nahuatl	azd			individual	living	Nahuatl, Eastern Durango			
Azerbaijani	aze	az		macrolanguage	living		Azeri	97	5|34
San Pedro Amuzgos Amuzgo	azg			individual	living	Amuzgo, San Pedro Amuzgos			
North Azerbaijani	azj			individual	living	Azerbaijani, North			
Ipalapa Amuzgo	azm			individual	living	Amuzgo, Ipalapa			
Western Durango Nahuatl	azn			individual	living	Nahuatl, Western Durango			
Awing	azo			individual	living				
Faire Atta	azt			individual	living	Atta, Faire			
Highland Puebla Nahuatl	azz			individual	living	Nahuatl, Highland Puebla			
Babatana	baa			individual	living				
Bainouk-Gunyuño	bab			individual	living				
Badui	bac			individual	living				
Baré	bae			individual	extinct				
Nubaca	baf			individual	living				
Tuki	bag			individual	living				
Bahamas Creole English	bah			individual	living	Creole English, Bahamas			
Barakai	baj			individual	living				
Bashkir	bak	ba		individual	living			34	
Baluchi	bal			macrolanguage	living			5	97
Bambara	bam	bm		individual	living			97|132	
Balinese	ban			individual	living			97	10
Waimaha	bao			individual	living				
Bantawa	bap			individual	living			36	
Bavarian	bar			individual	living			97	
Basa (Cameroon)	bas			individual	living		Basaa	97	
Bada (Nigeria)	bau			individual	living				
Vengo	bav			individual	living				
Bambili-Bambui	baw			individual	living				
Bamun	bax			individual	living			11	
Batuley	bay			individual	living				
Baatonum	bba			individual	living				
Barai	bbb			individual	living				
Batak Toba	bbc			individual	living			97	13
Bau	bbd			individual	living				
Bangba	bbe			individual	living				
Baibai	bbf			individual	living				
Barama	bbg			individual	living				
Bugan	bbh			individual	living				
Barombi	bbi			individual	living				
Ghomálá'	bbj			individual	living			97	
Babanki	bbk			individual	living				
Bats	bbl			individual	living				
Babango	bbm			individual	living				
Uneapa	bbn			individual	living				
Northern Bobo Madaré	bbo			individual	living	Bobo Madaré, Northern			
West Central Banda	bbp			individual	living	Banda, West Central			
Bamali	bbq			individual	living				
Girawa	bbr			individual	living				
Bakpinka	bbs			individual	living				
Mburku	bbt			individual	living				
Kulung (Nigeria)	bbu			individual	living				
Karnai	bbv			individual	living				
Baba	bbw			individual	living				
Bubia	bbx			individual	living				
Befang	bby			individual	living				
Central Bai	bca			individual	living	Bai, Central			
Bainouk-Samik	bcb			individual	living				
Southern Balochi	bcc			individual	living	Balochi, Southern			
North Babar	bcd			individual	living	Babar, North			
Bamenyam	bce			individual	living				
Bamu	bcf			individual	living				
Baga Pokur	bcg			individual	living				
Bariai	bch			individual	living				
Baoulé	bci			individual	living			97	
Bardi	bcj			individual	living				
Bunuba	bck			individual	living				
Central Bikol	bcl			individual	living	Bikol, Central			
Bannoni	bcm			individual	living				
Bali (Nigeria)	bcn			individual	living				
Kaluli	bco			individual	living				
Bali (Democratic Republic of Congo)	bcp			individual	living				
Bench	bcq			individual	living				
Babine	bcr			individual	living				
Kohumono	bcs			individual	living				
Bendi	bct			individual	living				
Awad Bing	bcu			individual	living				
Shoo-Minda-Nye	bcv			individual	living				
Bana	bcw			individual	living				
Bacama	bcy			individual	living				
Bainouk-Gunyaamolo	bcz			individual	living				
Bayot	bda			individual	living				
Basap	bdb			individual	living				
Emberá-Baudó	bdc			individual	living				
Bunama	bdd			individual	living				
Bade	bde			individual	living				
Biage	bdf			individual	living				
Bonggi	bdg			individual	living				
Baka (South Sudan)	bdh			individual	living				
Burun	bdi			individual	living				
Bai (South Sudan)	bdj			individual	living				
Budukh	bdk			individual	living				
Indonesian Bajau	bdl			individual	living	Bajau, Indonesian			
Buduma	bdm			individual	living				
Baldemu	bdn			individual	living				
Morom	bdo			individual	living				
Bende	bdp			individual	living				
Bahnar	bdq			individual	living				
West Coast Bajau	bdr			individual	living	Bajau, West Coast			
Burunge	bds			individual	living				
Bokoto	bdt			individual	living				
Oroko	bdu			individual	living				
Bodo Parja	bdv			individual	living				
Baham	bdw			individual	living				
Budong-Budong	bdx			individual	living				
Bandjalang	bdy			individual	living				
Badeshi	bdz			individual	living				
Beaver	bea			individual	living				
Bebele	beb			individual	living				
Iceve-Maci	bec			individual	living				
Bedoanas	bed			individual	living				
Byangsi	bee			individual	living				
Benabena	bef			individual	living				
Belait	beg			individual	living				
Biali	beh			individual	living				
Bekati'	bei			individual	living				
Beja	bej			individual	living			5	
Bebeli	bek			individual	living				
Belarusian	bel	be		individual	living			34	
Bemba (Zambia)	bem			individual	living		Bemba	97	
Bengali	ben	bn		individual	living		Bangla	14	
Beami	beo			individual	living				
Besoa	bep			individual	living				
Beembe	beq			individual	living				
Besme	bes			individual	living				
Guiberoua Béte	bet			individual	living	Béte, Guiberoua			
Blagar	beu			individual	living				
Daloa Bété	bev			individual	living	Bété, Daloa			
Betawi	bew			individual	living			97	
Jur Modo	bex			individual	living				
Beli (Papua New Guinea)	bey			individual	living				
Bena (Tanzania)	bez			individual	living		Bena	97	
Bari	bfa			individual	living				
Pauri Bareli	bfb			individual	living	Bareli, Pauri			
Panyi Bai	bfc			individual	living	Bai, Panyi			
Bafut	bfd			individual	living			97	
Betaf	bfe			individual	living				
Bofi	bff			individual	living				
Busang Kayan	bfg			individual	living	Kayan, Busang			
Blafe	bfh			individual	living				
British Sign Language	bfi			individual	living				
Bafanji	bfj			individual	living				
Ban Khor Sign Language	bfk			individual	living				
Banda-Ndélé	bfl			individual	living				
Mmen	bfm			individual	living				
Bunak	bfn			individual	living				
Malba Birifor	bfo			individual	living	Birifor, Malba			
Beba	bfp			individual	living				
Badaga	bfq			individual	living			191	
Bazigar	bfr			individual	living				
Southern Bai	bfs			individual	living	Bai, Southern			
Balti	bft			individual	living			5	201
Gahri	bfu			individual	living				
Bondo	bfw			individual	living				
Bantayanon	bfx			individual	living				
Bagheli	bfy			individual	living			36	
Mahasu Pahari	bfz			individual	living	Pahari, Mahasu			
Gwamhi-Wuri	bga			individual	living				
Bobongko	bgb			individual	living				
Haryanvi	bgc			individual	living			36	
Rathwi Bareli	bgd			individual	living	Bareli, Rathwi			
Bauria	bge			individual	living				
Bangandu	bgf			individual	living				
Bugun	bgg			individual	living				
Giangan	bgi			individual	living				
Bangolan	bgj			individual	living				
Bit	bgk			individual	living				
Bo (Laos)	bgl			individual	living				
Western Balochi	bgn			individual	living	Balochi, Western		5	
Baga Koga	bgo			individual	living				
Eastern Balochi	bgp			individual	living	Balochi, Eastern			
Bagri	bgq			individual	living				
Bawm Chin	bgr			individual	living	Chin, Bawm			
Tagabawa	bgs			individual	living				
Bughotu	bgt			individual	living				
Mbongno	bgu			individual	living				
Warkay-Bipim	bgv			individual	living				
Bhatri	bgw			individual	living				
Balkan Gagauz Turkish	bgx			individual	living	Turkish, Balkan Gagauz		55	
Benggoi	bgy			individual	living				
Banggai	bgz			individual	living				
Bharia	bha			individual	living				
Bhili	bhb			individual	living			36	
Biga	bhc			individual	living				
Bhadrawahi	bhd			individual	living				
Bhaya	bhe			individual	living				
Odiai	bhf			individual	living				
Binandere	bhg			individual	living				
Bukharic	bhh			individual	living				
Bhilali	bhi			individual	living			36	
Bahing	bhj			individual	living				
Bimin	bhl			individual	living				
Bathari	bhm			individual	living				
Bohtan Neo-Aramaic	bhn			individual	living	Neo-Aramaic, Bohtan			
Bhojpuri	bho			individual	living			36	
Bima	bhp			individual	living				
Tukang Besi South	bhq			individual	living				
Bara Malagasy	bhr			individual	living	Malagasy, Bara			
Buwal	bhs			individual	living				
Bhattiyali	bht			individual	living				
Bhunjia	bhu			individual	living				
Bahau	bhv			individual	living				
Biak	bhw			individual	living				
Bhalay	bhx			individual	living				
Bhele	bhy			individual	living				
Bada (Indonesia)	bhz			individual	living				
Badimaya	bia			individual	living				
Bissa	bib			individual	living				
Bidiyo	bid			individual	living				
Bepour	bie			individual	living				
Biafada	bif			individual	living				
Biangai	big			individual	living				
Bikol	bik			macrolanguage	living			97	
Bile	bil			individual	living				
Bimoba	bim			individual	living				
Bini	bin			individual	living			97	
Nai	bio			individual	living				
Bila	bip			individual	living				
Bipi	biq			individual	living				
Bisorio	bir			individual	living				
Bislama	bis	bi		individual	living			97	
Berinomo	bit			individual	living				
Biete	biu			individual	living				
Southern Birifor	biv			individual	living	Birifor, Southern			
Kol (Cameroon)	biw			individual	living				
Bijori	bix			individual	living				
Birhor	biy			individual	living				
Baloi	biz			individual	living				
Budza	bja			individual	living				
Banggarla	bjb			individual	extinct				
Bariji	bjc			individual	living				
Biao-Jiao Mien	bje			individual	living	Mien, Biao-Jiao			
Barzani Jewish Neo-Aramaic	bjf			individual	living	Neo-Aramaic, Barzani Jewish			
Bidyogo	bjg			individual	living				
Bahinemo	bjh			individual	living				
Burji	bji			individual	living				
Kanauji	bjj			individual	living			36	
Barok	bjk			individual	living				
Bulu (Papua New Guinea)	bjl			individual	living				
Bajelani	bjm			individual	living				
Banjar	bjn			individual	living			97	
Mid-Southern Banda	bjo			individual	living	Banda, Mid-Southern			
Fanamaket	bjp			individual	living				
Binumarien	bjr			individual	living				
Bajan	bjs			individual	living				
Balanta-Ganja	bjt			individual	living			97	
Busuu	bju			individual	living				
Bedjond	bjv			individual	living				
Bakwé	bjw			individual	living				
Banao Itneg	bjx			individual	living	Itneg, Banao			
Bayali	bjy			individual	extinct				
Baruga	bjz			individual	living				
Kyak	bka			individual	living				
Baka (Cameroon)	bkc			individual	living				
Binukid	bkd			individual	living				
Beeke	bkf			individual	living				
Buraka	bkg			individual	living				
Bakoko	bkh			individual	living				
Baki	bki			individual	living				
Pande	bkj			individual	living				
Brokskat	bkk			individual	living				
Berik	bkl			individual	living				
Kom (Cameroon)	bkm			individual	living		Kom	97	
Bukitan	bkn			individual	living				
Kwa'	bko			individual	living				
Boko (Democratic Republic of Congo)	bkp			individual	living				
Bakairí	bkq			individual	living				
Bakumpai	bkr			individual	living				
Northern Sorsoganon	bks			individual	living	Sorsoganon, Northern			
Boloki	bkt			individual	living				
Buhid	bku			individual	living			97	22
Bekwarra	bkv			individual	living				
Bekwel	bkw			individual	living				
Baikeno	bkx			individual	living				
Bokyi	bky			individual	living				
Bungku	bkz			individual	living				
Siksika	bla			individual	living			97	
Bilua	blb			individual	living				
Bella Coola	blc			individual	living				
Bolango	bld			individual	living				
Balanta-Kentohe	ble			individual	living				
Buol	blf			individual	living				
Kuwaa	blh			individual	living				
Bolia	bli			individual	living				
Bolongan	blj			individual	living				
Pa'o Karen	blk			individual	living	Karen, Pa'o			
Biloxi	bll			individual	extinct				
Beli (South Sudan)	blm			individual	living				
Southern Catanduanes Bikol	bln			individual	living	Bikol, Southern Catanduanes			
Anii	blo			individual	living			97	
Blablanga	blp			individual	living				
Baluan-Pam	blq			individual	living				
Blang	blr			individual	living				
Balaesang	bls			individual	living				
Tai Dam	blt			individual	living			193	
Kibala	blv			individual	living				
Balangao	blw			individual	living				
Mag-Indi Ayta	blx			individual	living	Ayta, Mag-Indi			
Notre	bly			individual	living				
Balantak	blz			individual	living				
Lame	bma			individual	living				
Bembe	bmb			individual	living				
Biem	bmc			individual	living				
Baga Manduri	bmd			individual	living	Manduri, Baga			
Limassa	bme			individual	living				
Bom-Kim	bmf			individual	living				
Bamwe	bmg			individual	living				
Kein	bmh			individual	living				
Bagirmi	bmi			individual	living				
Bote-Majhi	bmj			individual	living				
Ghayavi	bmk			individual	living				
Bomboli	bml			individual	living				
Northern Betsimisaraka Malagasy	bmm			individual	living	Malagasy, Northern Betsimisaraka			
Bina (Papua New Guinea)	bmn			individual	extinct				
Bambalang	bmo			individual	living				
Bulgebi	bmp			individual	living				
Bomu	bmq			individual	living			97	
Muinane	bmr			individual	living				
Bilma Kanuri	bms			individual	living	Kanuri, Bilma			
Biao Mon	bmt			individual	living				
Somba-Siawari	bmu			individual	living				
Bum	bmv			individual	living				
Bomwali	bmw			individual	living				
Baimak	bmx			individual	living				
Baramu	bmz			individual	living				
Bonerate	bna			individual	living				
Bookan	bnb			individual	living				
Bontok	bnc			macrolanguage	living				
Banda (Indonesia)	bnd			individual	living				
Bintauna	bne			individual	living				
Masiwang	bnf			individual	living				
Benga	bng			individual	living				
Bangi	bni			individual	living				
Eastern Tawbuid	bnj			individual	living	Tawbuid, Eastern			
Bierebo	bnk			individual	living				
Boon	bnl			individual	living				
Batanga	bnm			individual	living				
Bunun	bnn			individual	living				
Bantoanon	bno			individual	living				
Bola	bnp			individual	living				
Bantik	bnq			individual	living				
Butmas-Tur	bnr			individual	living				
Bundeli	bns			individual	living				
Bentong	bnu			individual	living				
Bonerif	bnv			individual	living				
Bisis	bnw			individual	living				
Bangubangu	bnx			individual	living				
Bintulu	bny			individual	living				
Beezen	bnz			individual	living				
Bora	boa			individual	living				
Aweer	bob			individual	living				
Tibetan	bod	bo	tib	individual	living			201	
Mundabli	boe			individual	living				
Bolon	bof			individual	living				
Bamako Sign Language	bog			individual	living				
Boma	boh			individual	living				
Barbareño	boi			individual	extinct				
Anjam	boj			individual	living				
Bonjo	bok			individual	living				
Bole	bol			individual	living				
Berom	bom			individual	living				
Bine	bon			individual	living				
Tiemacèwè Bozo	boo			individual	living	Bozo, Tiemacèwè			
Bonkiman	bop			individual	living				
Bogaya	boq			individual	living				
Borôro	bor			individual	living				
Bosnian	bos	bs		individual	living			97|34	
Bongo	bot			individual	living				
Bondei	bou			individual	living				
Tuwuli	bov			individual	living				
Rema	bow			individual	extinct				
Buamu	box			individual	living				
Bodo (Central African Republic)	boy			individual	living				
Tiéyaxo Bozo	boz			individual	living	Bozo, Tiéyaxo			
Daakaka	bpa			individual	living				
Mbuk	bpc			individual	living				
Banda-Banda	bpd			individual	living				
Bauni	bpe			individual	living				
Bonggo	bpg			individual	living				
Botlikh	bph			individual	living				
Bagupi	bpi			individual	living				
Binji	bpj			individual	living				
Orowe	bpk			individual	living				
Broome Pearling Lugger Pidgin	bpl			individual	living				
Biyom	bpm			individual	living				
Dzao Min	bpn			individual	living				
Anasi	bpo			individual	living				
Kaure	bpp			individual	living				
Banda Malay	bpq			individual	living	Malay, Banda			
Koronadal Blaan	bpr			individual	living	Blaan, Koronadal			
Sarangani Blaan	bps			individual	living	Blaan, Sarangani			
Barrow Point	bpt			individual	extinct				
Bongu	bpu			individual	living				
Bian Marind	bpv			individual	living	Marind, Bian			
Bo (Papua New Guinea)	bpw			individual	living				
Palya Bareli	bpx			individual	living	Bareli, Palya			
Bishnupriya	bpy			individual	living			14	
Bilba	bpz			individual	living				
Tchumbuli	bqa			individual	living				
Bagusa	bqb			individual	living				
Boko (Benin)	bqc			individual	living				
Bung	bqd			individual	living				
Baga Kaloum	bqf			individual	extinct				
Bago-Kusuntu	bqg			individual	living				
Baima	bqh			individual	living				
Bakhtiari	bqi			individual	living		Luri Bakhtiari	5	
Bandial	bqj			individual	living				
Banda-Mbrès	bqk			individual	living				
Karian	bql			individual	living				
Wumboko	bqm			individual	living				
Bulgarian Sign Language	bqn			individual	living				
Balo	bqo			individual	living				
Busa	bqp			individual	living				
Biritai	bqq			individual	living				
Burusu	bqr			individual	living				
Bosngun	bqs			individual	living				
Bamukumbit	bqt			individual	living				
Boguru	bqu			individual	living				
Koro Wachi	bqv			individual	living			97	
Buru (Nigeria)	bqw			individual	living				
Baangi	bqx			individual	living				
Bengkala Sign Language	bqy			individual	living				
Bakaka	bqz			individual	living				
Braj	bra			individual	living			36	
Brao	brb			individual	living				
Berbice Creole Dutch	brc			individual	extinct	Creole Dutch, Berbice			
Baraamu	brd			individual	living				
Breton	bre	br		individual	living			97	
Bira	brf			individual	living				
Baure	brg			individual	living				
Brahui	brh			individual	living			5	97
Mokpwe	bri			individual	living				
Bieria	brj			individual	living				
Birked	brk			individual	extinct				
Birwa	brl			individual	living				
Barambu	brm			individual	living				
Boruca	brn			individual	living				
Brokkat	bro			individual	living				
Barapasi	brp			individual	living				
Breri	brq			individual	living				
Birao	brr			individual	living				
Baras	brs			individual	living				
Bitare	brt			individual	living				
Eastern Bru	bru			individual	living	Bru, Eastern			
Western Bru	brv			individual	living	Bru, Western			
Bellari	brw			individual	living				
Bodo (India)	brx			individual	living		Bodo	36	
Burui	bry			individual	living				
Bilbil	brz			individual	living				
Abinomn	bsa			individual	living				
Brunei Bisaya	bsb			individual	living	Bisaya, Brunei			
Bassari	bsc			individual	living			97	
Wushi	bse			individual	living				
Bauchi	bsf			individual	living				
Bashkardi	bsg			individual	living				
Kati	bsh			individual	living				
Bassossi	bsi			individual	living				
Bangwinji	bsj			individual	living				
Burushaski	bsk			individual	living				
Basa-Gumna	bsl			individual	extinct				
Busami	bsm			individual	living				
Barasana-Eduria	bsn			individual	living				
Buso	bso			individual	living				
Baga Sitemu	bsp			individual	living				
Bassa	bsq			individual	living			97	12
Bassa-Kontagora	bsr			individual	living				
Akoose	bss			individual	living			97	
Basketo	bst			individual	living				
Bahonsuai	bsu			individual	living				
Baga Sobané	bsv			individual	extinct				
Baiso	bsw			individual	living				
Yangkam	bsx			individual	living				
Sabah Bisaya	bsy			individual	living	Bisaya, Sabah			
Bata	bta			individual	living				
Bati (Cameroon)	btc			individual	living				
Batak Dairi	btd			individual	living				
Gamo-Ningi	bte			individual	extinct				
Birgit	btf			individual	living				
Gagnoa Bété	btg			individual	living	Bété, Gagnoa			
Biatah Bidayuh	bth			individual	living	Bidayuh, Biatah			
Burate	bti			individual	living				
Bacanese Malay	btj			individual	living	Malay, Bacanese			
Batak Mandailing	btm			individual	living				
Ratagnon	btn			individual	living				
Rinconada Bikol	bto			individual	living	Bikol, Rinconada		97	
Budibud	btp			individual	living				
Batek	btq			individual	living				
Baetora	btr			individual	living				
Batak Simalungun	bts			individual	living				
Bete-Bendi	btt			individual	living				
Batu	btu			individual	living				
Bateri	btv			individual	living			36	
Butuanon	btw			individual	living				
Batak Karo	btx			individual	living				
Bobot	bty			individual	living				
Batak Alas-Kluet	btz			individual	living				
Buriat	bua			macrolanguage	living			34	
Bua	bub			individual	living				
Bushi	buc			individual	living			97	
Ntcham	bud			individual	living				
Beothuk	bue			individual	extinct				
Bushoong	buf			individual	living				
Buginese	bug			individual	living			97	21
Younuo Bunu	buh			individual	living	Bunu, Younuo			
Bongili	bui			individual	living				
Basa-Gurmana	buj			individual	living				
Bugawac	buk			individual	living				
Bulgarian	bul	bg		individual	living			34	
Bulu (Cameroon)	bum			individual	living		Bulu	97	
Sherbro	bun			individual	living				
Terei	buo			individual	living				
Busoa	bup			individual	living				
Brem	buq			individual	living				
Bokobaru	bus			individual	living				
Bungain	but			individual	living				
Budu	buu			individual	living				
Bun	buv			individual	living				
Bubi	buw			individual	living				
Boghom	bux			individual	living				
Bullom So	buy			individual	living				
Bukwen	buz			individual	living				
Barein	bva			individual	living				
Bube	bvb			individual	living			97	
Baelelea	bvc			individual	living				
Baeggu	bvd			individual	living				
Berau Malay	bve			individual	living	Malay, Berau			
Boor	bvf			individual	living				
Bonkeng	bvg			individual	living				
Bure	bvh			individual	living				
Belanda Viri	bvi			individual	living				
Baan	bvj			individual	living				
Bukat	bvk			individual	living				
Bolivian Sign Language	bvl			individual	living				
Bamunka	bvm			individual	living				
Buna	bvn			individual	living				
Bolgo	bvo			individual	living				
Bumang	bvp			individual	living				
Birri	bvq			individual	living				
Burarra	bvr			individual	living				
Bati (Indonesia)	bvt			individual	living				
Bukit Malay	bvu			individual	living	Malay, Bukit			
Baniva	bvv			individual	extinct				
Boga	bvw			individual	living				
Dibole	bvx			individual	living				
Baybayanon	bvy			individual	living				
Bauzi	bvz			individual	living				
Bwatoo	bwa			individual	living				
Namosi-Naitasiri-Serua	bwb			individual	living				
Bwile	bwc			individual	living				
Bwaidoka	bwd			individual	living				
Bwe Karen	bwe			individual	living	Karen, Bwe			
Boselewa	bwf			individual	living				
Barwe	bwg			individual	living				
Bishuo	bwh			individual	living				
Baniwa	bwi			individual	living				
Láá Láá Bwamu	bwj			individual	living	Bwamu, Láá Láá			
Bauwaki	bwk			individual	living				
Bwela	bwl			individual	living				
Biwat	bwm			individual	living				
Wunai Bunu	bwn			individual	living	Bunu, Wunai			
Boro (Ethiopia)	bwo			individual	living				
Mandobo Bawah	bwp			individual	living				
Southern Bobo Madaré	bwq			individual	living	Bobo Madaré, Southern			
Bura-Pabir	bwr			individual	living				
Bomboma	bws			individual	living				
Bafaw-Balong	bwt			individual	living				
Buli (Ghana)	bwu			individual	living				
Bwa	bww			individual	living				
Bu-Nao Bunu	bwx			individual	living	Bunu, Bu-Nao			
Cwi Bwamu	bwy			individual	living	Bwamu, Cwi			
Bwisi	bwz			individual	living				
Tairaha	bxa			individual	living				
Belanda Bor	bxb			individual	living	Bor, Belanda			
Molengue	bxc			individual	living				
Pela	bxd			individual	living				
Birale	bxe			individual	living				
Bilur	bxf			individual	living				
Bangala	bxg			individual	living				
Buhutu	bxh			individual	living				
Pirlatapa	bxi			individual	extinct				
Bayungu	bxj			individual	living				
Bukusu	bxk			individual	living				
Jalkunan	bxl			individual	living				
Mongolia Buriat	bxm			individual	living	Buriat, Mongolia			
Burduna	bxn			individual	living				
Barikanchi	bxo			individual	living				
Bebil	bxp			individual	living				
Beele	bxq			individual	living				
Russia Buriat	bxr			individual	living	Buriat, Russia			
Busam	bxs			individual	living				
China Buriat	bxu			individual	living	Buriat, China			
Berakou	bxv			individual	living				
Bankagooma	bxw			individual	living				
Binahari	bxz			individual	living				
Batak	bya			individual	living				
Bikya	byb			individual	living				
Ubaghara	byc			individual	living				
Benyadu'	byd			individual	living				
Pouye	bye			individual	living				
Bete	byf			individual	living				
Baygo	byg			individual	extinct				
Bhujel	byh			individual	living				
Buyu	byi			individual	living				
Bina (Nigeria)	byj			individual	living				
Biao	byk			individual	living				
Bayono	byl			individual	living				
Bidjara	bym			individual	living				
Bilin	byn			individual	living		Blin	46	
Biyo	byo			individual	living				
Bumaji	byp			individual	living				
Basay	byq			individual	extinct				
Baruya	byr			individual	living				
Burak	bys			individual	living				
Berti	byt			individual	extinct				
Medumba	byv			individual	living			97	
Belhariya	byw			individual	living				
Qaqet	byx			individual	living				
Banaro	byz			individual	living				
Bandi	bza			individual	living				
Andio	bzb			individual	living				
Southern Betsimisaraka Malagasy	bzc			individual	living	Malagasy, Southern Betsimisaraka			
Bribri	bzd			individual	living				
Jenaama Bozo	bze			individual	living	Bozo, Jenaama		97	
Boikin	bzf			individual	living				
Babuza	bzg			individual	living				
Mapos Buang	bzh			individual	living	Buang, Mapos			
Bisu	bzi			individual	living				
Belize Kriol English	bzj			individual	living	Kriol English, Belize			
Nicaragua Creole English	bzk			individual	living	Creole English, Nicaragua			
Boano (Sulawesi)	bzl			individual	living				
Bolondo	bzm			individual	living				
Boano (Maluku)	bzn			individual	living				
Bozaba	bzo			individual	living				
Kemberano	bzp			individual	living				
Buli (Indonesia)	bzq			individual	living				
Biri	bzr			individual	extinct				
Brazilian Sign Language	bzs			individual	living				
Brithenig	bzt			individual	constructed				
Burmeso	bzu			individual	living				
Naami	bzv			individual	living				
Basa (Nigeria)	bzw			individual	living				
Kɛlɛngaxo Bozo	bzx			individual	living	Bozo, Kɛlɛngaxo		97	
Obanliku	bzy			individual	living				
Evant	bzz			individual	living				
Chortí	caa			individual	living				
Garifuna	cab			individual	living				
Chuj	cac			individual	living				
Caddo	cad			individual	living			97	
Lehar	cae			individual	living				
Southern Carrier	caf			individual	living	Carrier, Southern			
Nivaclé	cag			individual	living				
Cahuarano	cah			individual	living				
Chané	caj			individual	extinct				
Kaqchikel	cak			individual	living				
Carolinian	cal			individual	living				
Cemuhî	cam			individual	living				
Chambri	can			individual	living				
Chácobo	cao			individual	living				
Chipaya	cap			individual	living				
Car Nicobarese	caq			individual	living	Nicobarese, Car			
Galibi Carib	car			individual	living	Carib, Galibi	Carib	97	
Tsimané	cas			individual	living				
Catalan	cat	ca		individual	living			97	
Cavineña	cav			individual	living				
Callawalla	caw			individual	living				
Chiquitano	cax			individual	living				
Cayuga	cay			individual	living			97	
Canichana	caz			individual	extinct				
Cabiyarí	cbb			individual	living				
Carapana	cbc			individual	living				
Carijona	cbd			individual	living				
Chimila	cbg			individual	living				
Chachi	cbi			individual	living				
Ede Cabe	cbj			individual	living				
Chavacano	cbk			individual	living				
Bualkhaw Chin	cbl			individual	living	Chin, Bualkhaw			
Nyahkur	cbn			individual	living				
Izora	cbo			individual	living				
Tsucuba	cbq			individual	living				
Cashibo-Cacataibo	cbr			individual	living				
Cashinahua	cbs			individual	living				
Chayahuita	cbt			individual	living				
Candoshi-Shapra	cbu			individual	living				
Cacua	cbv			individual	living				
Kinabalian	cbw			individual	living				
Carabayo	cby			individual	living				
Chamicuro	ccc			individual	living				
Cafundo Creole	ccd			individual	living	Creole, Cafundo			
Chopi	cce			individual	living				
Samba Daka	ccg			individual	living	Daka, Samba			
Atsam	cch			individual	living			97	
Kasanga	ccj			individual	living				
Cutchi-Swahili	ccl			individual	living				
Malaccan Creole Malay	ccm			individual	living	Creole Malay, Malaccan			
Comaltepec Chinantec	cco			individual	living	Chinantec, Comaltepec			
Chakma	ccp			individual	living			23|14	
Cacaopera	ccr			individual	extinct			97	
Choni	cda			individual	living				
Chenchu	cde			individual	living				
Chiru	cdf			individual	living				
Chambeali	cdh			individual	living				
Chodri	cdi			individual	living				
Churahi	cdj			individual	living				
Chepang	cdm			individual	living				
Chaudangsi	cdn			individual	living				
Min Dong Chinese	cdo			individual	living	Chinese, Min Dong			
Cinda-Regi-Tiyal	cdr			individual	living				
Chadian Sign Language	cds			individual	living				
Chadong	cdy			individual	living				
Koda	cdz			individual	living				
Lower Chehalis	cea			individual	extinct	Chehalis, Lower			
Cebuano	ceb			individual	living			97	
Chamacoco	ceg			individual	living				
Eastern Khumi Chin	cek			individual	living	Chin, Eastern Khumi			
Cen	cen			individual	living				
Czech	ces	cs	cze	individual	living			97	
Centúúm	cet			individual	living				
Ekai Chin	cey			individual	living	Chin, Ekai			
Dijim-Bwilim	cfa			individual	living				
Cara	cfd			individual	living				
Como Karim	cfg			individual	living				
Falam Chin	cfm			individual	living	Chin, Falam			
Changriwa	cga			individual	living				
Kagayanen	cgc			individual	living				
Chiga	cgg			individual	living			97	
Chocangacakha	cgk			individual	living				
Chamorro	cha	ch		individual	living			97	
Chibcha	chb			individual	extinct				
Catawba	chc			individual	extinct				
Highland Oaxaca Chontal	chd			individual	living	Chontal, Highland Oaxaca			
Chechen	che	ce		individual	living			34	
Tabasco Chontal	chf			individual	living	Chontal, Tabasco			
Chagatai	chg			individual	extinct				
Chinook	chh			individual	extinct				
Ojitlán Chinantec	chj			individual	living	Chinantec, Ojitlán			
Chuukese	chk			individual	living			97	
Cahuilla	chl			individual	living				
Mari (Russia)	chm			macrolanguage	living		Mari	34	
Chinook jargon	chn			individual	living			97	
Choctaw	cho			individual	living			97	
Chipewyan	chp			individual	living			97	24
Quiotepec Chinantec	chq			individual	living	Chinantec, Quiotepec			
Cherokee	chr			individual	living			27	
Cholón	cht			individual	extinct				
Church Slavic	chu	cu		individual	historical	Slavic, Church		34	
Chuvash	chv	cv		individual	living			34	
Chuwabu	chw			individual	living				
Chantyal	chx			individual	living				
Cheyenne	chy			individual	living			97	
Ozumacín Chinantec	chz			individual	living	Chinantec, Ozumacín			
Cia-Cia	cia			individual	living				
Ci Gbe	cib			individual	living	Gbe, Ci			
Chickasaw	cic			individual	living			97	
Chimariko	cid			individual	extinct				
Cineni	cie			individual	living				
Chinali	cih			individual	living				
Chitkuli Kinnauri	cik			individual	living	Kinnauri, Chitkuli			
Cimbrian	cim			individual	living				
Cinta Larga	cin			individual	living				
Chiapanec	cip			individual	living				
Tiri	cir			individual	living				
Chippewa	ciw			individual	living				
Chaima	ciy			individual	living				
Western Cham	cja			individual	living	Cham, Western		5	26
Chru	cje			individual	living				
Upper Chehalis	cjh			individual	extinct	Chehalis, Upper			
Chamalal	cji			individual	living				
Chokwe	cjk			individual	living				
Eastern Cham	cjm			individual	living	Cham, Eastern		26	5
Chenapian	cjn			individual	living				
Ashéninka Pajonal	cjo			individual	living				
Cabécar	cjp			individual	living				
Shor	cjs			individual	living			34	
Chuave	cjv			individual	living				
Jinyu Chinese	cjy			individual	living	Chinese, Jinyu			
Central Kurdish	ckb			individual	living	Kurdish, Central	Kurdish, Sorani	5	
Chak	ckh			individual	living				
Cibak	ckl			individual	living				
Chakavian	ckm			individual	living				
Kaang Chin	ckn			individual	living	Chin, Kaang			
Anufo	cko			individual	living				
Kajakse	ckq			individual	living				
Kairak	ckr			individual	living				
Tayo	cks			individual	living				
Chukot	ckt			individual	living			34	
Koasati	cku			individual	living				
Kavalan	ckv			individual	living				
Caka	ckx			individual	living				
Cakfem-Mushere	cky			individual	living				
Cakchiquel-Quiché Mixed Language	ckz			individual	living				
Ron	cla			individual	living				
Chilcotin	clc			individual	living			97	
Chaldean Neo-Aramaic	cld			individual	living	Neo-Aramaic, Chaldean			
Lealao Chinantec	cle			individual	living	Chinantec, Lealao			
Chilisso	clh			individual	living				
Chakali	cli			individual	living				
Laitu Chin	clj			individual	living	Chin, Laitu			
Idu-Mishmi	clk			individual	living				
Chala	cll			individual	living				
Klallam	clm			individual	living				
Lowland Oaxaca Chontal	clo			individual	living	Chontal, Lowland Oaxaca			
Classical Sanskrit	cls			individual	historical				
Lautu Chin	clt			individual	living	Chin, Lautu			
Caluyanun	clu			individual	living				
Chulym	clw			individual	living				
Eastern Highland Chatino	cly			individual	living	Chatino, Eastern Highland			
Maa	cma			individual	living				
Cerma	cme			individual	living				
Classical Mongolian	cmg			individual	historical	Mongolian, Classical			
Emberá-Chamí	cmi			individual	living				
Campalagian	cml			individual	living				
Michigamea	cmm			individual	extinct				
Mandarin Chinese	cmn			individual	living	Chinese, Mandarin			
Central Mnong	cmo			individual	living	Mnong, Central			
Mro-Khimi Chin	cmr			individual	living	Chin, Mro-Khimi			
Messapic	cms			individual	historical				
Camtho	cmt			individual	living				
Changthang	cna			individual	living				
Chinbon Chin	cnb			individual	living	Chin, Chinbon			
Côông	cnc			individual	living				
Northern Qiang	cng			individual	living	Qiang, Northern			
Hakha Chin	cnh			individual	living	Chin, Hakha			
Asháninka	cni			individual	living				
Khumi Chin	cnk			individual	living	Chin, Khumi			
Lalana Chinantec	cnl			individual	living	Chinantec, Lalana			
Con	cno			individual	living				
Northern Ping Chinese	cnp			individual	living	Chinese, Northern Ping			
Chung	cnq			individual	living				
Montenegrin	cnr			individual	living				
Central Asmat	cns			individual	living	Asmat, Central			
Tepetotutla Chinantec	cnt			individual	living	Chinantec, Tepetotutla			
Chenoua	cnu			individual	living				
Ngawn Chin	cnw			individual	living	Chin, Ngawn			
Middle Cornish	cnx			individual	historical	Cornish, Middle			
Cocos Islands Malay	coa			individual	living	Malay, Cocos Islands			
Chicomuceltec	cob			individual	extinct				
Cocopa	coc			individual	living				
Cocama-Cocamilla	cod			individual	living				
Koreguaje	coe			individual	living				
Colorado	cof			individual	living				
Chong	cog			individual	living				
Chonyi-Dzihana-Kauma	coh			individual	living				
Cochimi	coj			individual	extinct				
Santa Teresa Cora	cok			individual	living	Cora, Santa Teresa			
Columbia-Wenatchi	col			individual	living				
Comanche	com			individual	living				
Cofán	con			individual	living				
Comox	coo			individual	living				
Coptic	cop			individual	extinct				31|5|55
Coquille	coq			individual	extinct				
Cornish	cor	kw		individual	living			97	
Corsican	cos	co		individual	living			97	
Caquinte	cot			individual	living				
Wamey	cou			individual	living				
Cao Miao	cov			individual	living				
Cowlitz	cow			individual	extinct				
Nanti	cox			individual	living				
Chochotec	coz			individual	living				
Palantla Chinantec	cpa			individual	living	Chinantec, Palantla			
Ucayali-Yurúa Ashéninka	cpb			individual	living	Ashéninka, Ucayali-Yurúa			
Ajyíninka Apurucayali	cpc			individual	living				
Cappadocian Greek	cpg			individual	extinct	Greek, Cappadocian			
Chinese Pidgin English	cpi			individual	living	Pidgin English, Chinese			
Cherepon	cpn			individual	living				
Kpeego	cpo			individual	living				
Capiznon	cps			individual	living			97	
Pichis Ashéninka	cpu			individual	living	Ashéninka, Pichis			
Pu-Xian Chinese	cpx			individual	living	Chinese, Pu-Xian			
South Ucayali Ashéninka	cpy			individual	living	Ashéninka, South Ucayali			
Chuanqiandian Cluster Miao	cqd			individual	living	Miao, Chuanqiandian Cluster			
Chara	cra			individual	living				
Island Carib	crb			individual	extinct	Carib, Island			
Lonwolwol	crc			individual	living				
Coeur d'Alene	crd			individual	living				
Cree	cre	cr		macrolanguage	living		Woods Cree	24|97	
Caramanta	crf			individual	extinct				
Michif	crg			individual	living			97	
Crimean Tatar	crh			individual	living	Tatar, Crimean		34	
Sãotomense	cri			individual	living				
Southern East Cree	crj			individual	living	Cree, Southern East		24	97
Plains Cree	crk			individual	living	Cree, Plains		24	
Northern East Cree	crl			individual	living	Cree, Northern East		24	97
Moose Cree	crm			individual	living	Cree, Moose		24	
El Nayar Cora	crn			individual	living	Cora, El Nayar			
Crow	cro			individual	living				
Iyo'wujwa Chorote	crq			individual	living	Chorote, Iyo'wujwa			
Carolina Algonquian	crr			individual	extinct	Algonquian, Carolina			
Seselwa Creole French	crs			individual	living	Creole French, Seselwa		97	
Iyojwa'ja Chorote	crt			individual	living	Chorote, Iyojwa'ja			
Chaura	crv			individual	living				
Chrau	crw			individual	living				
Carrier	crx			individual	living				
Cori	cry			individual	living				
Cruzeño	crz			individual	extinct				
Chiltepec Chinantec	csa			individual	living	Chinantec, Chiltepec			
Kashubian	csb			individual	living			97	
Catalan Sign Language	csc			individual	living				
Chiangmai Sign Language	csd			individual	living				
Czech Sign Language	cse			individual	living				
Cuba Sign Language	csf			individual	living				
Chilean Sign Language	csg			individual	living				
Asho Chin	csh			individual	living	Chin, Asho			
Coast Miwok	csi			individual	extinct	Miwok, Coast			
Songlai Chin	csj			individual	living	Chin, Songlai			
Jola-Kasa	csk			individual	living				
Chinese Sign Language	csl			individual	living				
Central Sierra Miwok	csm			individual	living	Miwok, Central Sierra			
Colombian Sign Language	csn			individual	living				
Sochiapam Chinantec	cso			individual	living	Chinantec, Sochiapam			
Southern Ping Chinese	csp			individual	living	Chinese, Southern Ping			
Croatia Sign Language	csq			individual	living				
Costa Rican Sign Language	csr			individual	living				
Southern Ohlone	css			individual	extinct	Ohlone, Southern			
Northern Ohlone	cst			individual	living	Ohlone, Northern			
Sumtu Chin	csv			individual	living	Chin, Sumtu			
Swampy Cree	csw			individual	living	Cree, Swampy		24	
Cambodian Sign Language	csx			individual	living				
Siyin Chin	csy			individual	living	Chin, Siyin			
Coos	csz			individual	living				
Tataltepec Chatino	cta			individual	living	Chatino, Tataltepec			
Chetco	ctc			individual	extinct				
Tedim Chin	ctd			individual	living	Chin, Tedim		97	
Tepinapa Chinantec	cte			individual	living	Chinantec, Tepinapa			
Chittagonian	ctg			individual	living				
Thaiphum Chin	cth			individual	living	Chin, Thaiphum			
Tlacoatzintepec Chinantec	ctl			individual	living	Chinantec, Tlacoatzintepec			
Chitimacha	ctm			individual	extinct				
Chhintange	ctn			individual	living				
Emberá-Catío	cto			individual	living				
Western Highland Chatino	ctp			individual	living	Chatino, Western Highland			
Northern Catanduanes Bikol	cts			individual	living	Bikol, Northern Catanduanes			
Wayanad Chetti	ctt			individual	living	Chetti, Wayanad			
Chol	ctu			individual	living				
Moundadan Chetty	cty			individual	living				
Zacatepec Chatino	ctz			individual	living	Chatino, Zacatepec			
Cua	cua			individual	living				
Cubeo	cub			individual	living				
Usila Chinantec	cuc			individual	living	Chinantec, Usila			
Chuka	cuh			individual	living				
Cuiba	cui			individual	living				
Mashco Piro	cuj			individual	living				
San Blas Kuna	cuk			individual	living	Kuna, San Blas			
Culina	cul			individual	living				
Cumanagoto	cuo			individual	extinct				
Cupeño	cup			individual	extinct				
Cun	cuq			individual	living				
Chhulung	cur			individual	living				
Teutila Cuicatec	cut			individual	living	Cuicatec, Teutila			
Tai Ya	cuu			individual	living				
Cuvok	cuv			individual	living				
Chukwa	cuw			individual	living				
Tepeuxila Cuicatec	cux			individual	living	Cuicatec, Tepeuxila			
Cuitlatec	cuy			individual	living				
Chug	cvg			individual	living				
Valle Nacional Chinantec	cvn			individual	living	Chinantec, Valle Nacional			
Kabwa	cwa			individual	living				
Maindo	cwb			individual	living				
Woods Cree	cwd			individual	living	Cree, Woods			
Kwere	cwe			individual	living				
Chewong	cwg			individual	living				
Kuwaataay	cwt			individual	living				
Cha'ari	cxh			individual	living				
Nopala Chatino	cya			individual	living	Chatino, Nopala			
Cayubaba	cyb			individual	extinct				
Welsh	cym	cy	wel	individual	living			97	
Cuyonon	cyo			individual	living				
Huizhou Chinese	czh			individual	living	Chinese, Huizhou			
Knaanic	czk			individual	extinct				
Zenzontepec Chatino	czn			individual	living	Chatino, Zenzontepec			
Min Zhong Chinese	czo			individual	living	Chinese, Min Zhong			
Zotung Chin	czt			individual	living	Chin, Zotung			
Dangaléat	daa			individual	living				
Dambi	dac			individual	living				
Marik	dad			individual	living				
Duupa	dae			individual	living				
Dagbani	dag			individual	living				
Gwahatike	dah			individual	living				
Day	dai			individual	living				
Dar Fur Daju	daj			individual	living	Daju, Dar Fur			
Dakota	dak			individual	living			97	
Dahalo	dal			individual	living				
Damakawa	dam			individual	living				
Danish	dan	da		individual	living			97	
Daai Chin	dao			individual	living	Chin, Daai			
Dandami Maria	daq			individual	living	Maria, Dandami			
Dargwa	dar			individual	living			34	
Daho-Doo	das			individual	living				
Dar Sila Daju	dau			individual	living	Daju, Dar Sila			
Taita	dav			individual	living			97	
Davawenyo	daw			individual	living				
Dayi	dax			individual	living				
Moi-Wadea	daz			individual	living				
Bangime	dba			individual	living				
Deno	dbb			individual	living				
Dadiya	dbd			individual	living				
Dabe	dbe			individual	living				
Edopi	dbf			individual	living				
Dogul Dom Dogon	dbg			individual	living	Dogon, Dogul Dom			
Doka	dbi			individual	living				
Ida'an	dbj			individual	living				
Dyirbal	dbl			individual	living				
Duguri	dbm			individual	living				
Duriankere	dbn			individual	living				
Dulbu	dbo			individual	living				
Duwai	dbp			individual	living				
Daba	dbq			individual	living				
Dabarre	dbr			individual	living				
Ben Tey Dogon	dbt			individual	living	Dogon, Ben Tey			
Bondum Dom Dogon	dbu			individual	living	Dogon, Bondum Dom			
Dungu	dbv			individual	living				
Bankan Tey Dogon	dbw			individual	living	Dogon, Bankan Tey			
Dibiyaso	dby			individual	living				
Deccan	dcc			individual	living			5	
Negerhollands	dcr			individual	extinct				
Dadi Dadi	dda			individual	extinct				
Dongotono	ddd			individual	living				
Doondo	dde			individual	living				
Fataluku	ddg			individual	living				
West Goodenough	ddi			individual	living	Goodenough, West			
Jaru	ddj			individual	living				
Dendi (Benin)	ddn			individual	living				
Dido	ddo			individual	living				
Dhudhuroa	ddr			individual	extinct				
Donno So Dogon	dds			individual	living	Dogon, Donno So			
Dawera-Daweloor	ddw			individual	living				
Dagik	dec			individual	living				
Dedua	ded			individual	living				
Dewoin	dee			individual	living				
Dezfuli	def			individual	living				
Degema	deg			individual	living				
Dehwari	deh			individual	living				
Demisa	dei			individual	living				
Delaware	del			macrolanguage	living			97	
Dem	dem			individual	living				
Slave (Athapascan)	den			macrolanguage	living		Slave	97	24
Pidgin Delaware	dep			individual	extinct	Delaware, Pidgin			
Dendi (Central African Republic)	deq			individual	living				
Deori	der			individual	living				
Desano	des			individual	living				
German	deu	de	ger	individual	living		Austrian German|Swiss High German	97	162
Domung	dev			individual	living				
Dengese	dez			individual	living				
Southern Dagaare	dga			individual	living	Dagaare, Southern			
Bunoge Dogon	dgb			individual	living	Dogon, Bunoge			
Casiguran Dumagat Agta	dgc			individual	living	Agta, Casiguran Dumagat			
Dagaari Dioula	dgd			individual	living				
Degenan	dge			individual	living				
Doga	dgg			individual	living				
Dghwede	dgh			individual	living				
Northern Dagara	dgi			individual	living	Dagara, Northern			
Dagba	dgk			individual	living				
Andaandi	dgl			individual	living				
Dagoman	dgn			individual	extinct				
Dogri (individual language)	dgo			individual	living				
Tlicho	dgr			individual	living		Dogrib	97	
Dogoso	dgs			individual	living				
Ndra'ngith	dgt			individual	extinct				
Daungwurrung	dgw			individual	extinct				
Doghoro	dgx			individual	living				
Daga	dgz			individual	living				
Dhundari	dhd			individual	living				
Dhangu-Djangu	dhg			individual	living				
Dhimal	dhi			individual	living				
Dhalandji	dhl			individual	living				
Zemba	dhm			individual	living				
Dhanki	dhn			individual	living				
Dhodia	dho			individual	living				
Dhargari	dhr			individual	living				
Dhaiso	dhs			individual	living				
Dhurga	dhu			individual	extinct				
Dehu	dhv			individual	living				
Dhanwar (Nepal)	dhw			individual	living				
Dhungaloo	dhx			individual	living				
Dia	dia			individual	living				
South Central Dinka	dib			individual	living	Dinka, South Central			
Lakota Dida	dic			individual	living	Dida, Lakota			
Didinga	did			individual	living				
Dieri	dif			individual	extinct				
Digo	dig			individual	living				
Kumiai	dih			individual	living				
Dimbong	dii			individual	living				
Dai	dij			individual	living				
Southwestern Dinka	dik			individual	living	Dinka, Southwestern			
Dilling	dil			individual	living				
Dime	dim			individual	living				
Dinka	din			macrolanguage	living			97	
Dibo	dio			individual	living				
Northeastern Dinka	dip			individual	living	Dinka, Northeastern			
Dimli (individual language)	diq			individual	living				
Dirim	dir			individual	living				
Dimasa	dis			individual	living				
Diriku	diu			individual	living				
Divehi	div	dv		individual	living			199	
Northwestern Dinka	diw			individual	living	Dinka, Northwestern			
Dixon Reef	dix			individual	living				
Diuwe	diy			individual	living				
Ding	diz			individual	living				
Djadjawurrung	dja			individual	extinct				
Djinba	djb			individual	living				
Dar Daju Daju	djc			individual	living	Daju, Dar Daju			
Djamindjung	djd			individual	living				
Zarma	dje			individual	living			97	
Djangun	djf			individual	extinct				
Djinang	dji			individual	living				
Djeebbana	djj			individual	living				
Eastern Maroon Creole	djk			individual	living				
Jamsay Dogon	djm			individual	living	Dogon, Jamsay			
Jawoyn	djn			individual	living				
Jangkang	djo			individual	living				
Djambarrpuyngu	djr			individual	living				
Kapriman	dju			individual	living				
Djawi	djw			individual	extinct				
Dakpakha	dka			individual	living				
Kadung	dkg			individual	living				
Dakka	dkk			individual	living				
Kuijau	dkr			individual	living				
Southeastern Dinka	dks			individual	living	Dinka, Southeastern			
Mazagway	dkx			individual	living				
Dolgan	dlg			individual	living				
Dahalik	dlk			individual	living				
Dalmatian	dlm			individual	extinct				
Darlong	dln			individual	living				
Duma	dma			individual	living				
Mombo Dogon	dmb			individual	living	Dogon, Mombo			
Gavak	dmc			individual	living				
Madhi Madhi	dmd			individual	extinct				
Dugwor	dme			individual	living				
Medefaidrin	dmf			individual	extinct				
Upper Kinabatangan	dmg			individual	living	Kinabatangan, Upper			
Domaaki	dmk			individual	living				
Dameli	dml			individual	living				
Dama	dmm			individual	living				
Kemedzung	dmo			individual	living				
East Damar	dmr			individual	living	Damar, East			
Dampelas	dms			individual	living				
Dubu	dmu			individual	living				
Dumpas	dmv			individual	living				
Mudburra	dmw			individual	living				
Dema	dmx			individual	living				
Demta	dmy			individual	living				
Upper Grand Valley Dani	dna			individual	living	Dani, Upper Grand Valley			
Daonda	dnd			individual	living				
Ndendeule	dne			individual	living				
Dungan	dng			individual	living			34	
Lower Grand Valley Dani	dni			individual	living	Dani, Lower Grand Valley			
Dan	dnj			individual	living			97	
Dengka	dnk			individual	living				
Dzùùngoo	dnn			individual	living				
Ndrulo	dno			individual	living				
Danaru	dnr			individual	living				
Mid Grand Valley Dani	dnt			individual	living	Dani, Mid Grand Valley			
Danau	dnu			individual	living				
Danu	dnv			individual	living				
Western Dani	dnw			individual	living	Dani, Western			
Dení	dny			individual	living				
Dom	doa			individual	living				
Dobu	dob			individual	living				
Northern Dong	doc			individual	living	Dong, Northern			
Doe	doe			individual	living				
Domu	dof			individual	living				
Dong	doh			individual	living				
Dogri (macrolanguage)	doi			macrolanguage	living		Dogri	36	5|188
Dondo	dok			individual	living				
Doso	dol			individual	living				
Toura (Papua New Guinea)	don			individual	living				
Dongo	doo			individual	living				
Lukpa	dop			individual	living				
Dominican Sign Language	doq			individual	living				
Dori'o	dor			individual	living				
Dogosé	dos			individual	living				
Dass	dot			individual	living				
Dombe	dov			individual	living				
Doyayo	dow			individual	living				
Bussa	dox			individual	living				
Dompo	doy			individual	living				
Dorze	doz			individual	living				
Papar	dpp			individual	living				
Dair	drb			individual	living				
Minderico	drc			individual	living				
Darmiya	drd			individual	living				
Dolpo	dre			individual	living				
Rungus	drg			individual	living				
C'Lela	dri			individual	living				
Paakantyi	drl			individual	living				
West Damar	drn			individual	living	Damar, West			
Daro-Matu Melanau	dro			individual	living	Melanau, Daro-Matu			
Dura	drq			individual	extinct				
Gedeo	drs			individual	living				
Drents	drt			individual	living				
Rukai	dru			individual	living				
Darai	dry			individual	living				
Lower Sorbian	dsb			individual	living	Sorbian, Lower		97	
Dutch Sign Language	dse			individual	living				
Daasanach	dsh			individual	living				
Disa	dsi			individual	living				
Dokshi	dsk			individual	living				
Danish Sign Language	dsl			individual	living				
Dusner	dsn			individual	extinct				
Desiya	dso			individual	living				
Tadaksahak	dsq			individual	living				
Mardin Sign Language	dsz			individual	living				
Daur	dta			individual	living				
Labuk-Kinabatangan Kadazan	dtb			individual	living	Kadazan, Labuk-Kinabatangan			
Ditidaht	dtd			individual	living				
Adithinngithigh	dth			individual	extinct				
Ana Tinga Dogon	dti			individual	living	Dogon, Ana Tinga			
Tene Kan Dogon	dtk			individual	living	Dogon, Tene Kan			
Tomo Kan Dogon	dtm			individual	living	Dogon, Tomo Kan		97	
Daatsʼíin	dtn			individual	living				
Tommo So Dogon	dto			individual	living	Dogon, Tommo So			
Kadazan Dusun	dtp			individual	living	Dusun, Kadazan	Central Dusun	97	
Lotud	dtr			individual	living				
Toro So Dogon	dts			individual	living	Dogon, Toro So			
Toro Tegu Dogon	dtt			individual	living	Dogon, Toro Tegu			
Tebul Ure Dogon	dtu			individual	living	Dogon, Tebul Ure			
Dotyali	dty			individual	living			36	
Duala	dua			individual	living			97	
Dubli	dub			individual	living				
Duna	duc			individual	living				
Umiray Dumaget Agta	due			individual	living	Agta, Umiray Dumaget			
Dumbea	duf			individual	living				
Duruma	dug			individual	living				
Dungra Bhil	duh			individual	living				
Dumun	dui			individual	living				
Uyajitaya	duk			individual	living				
Alabat Island Agta	dul			individual	living	Agta, Alabat Island			
Middle Dutch (ca. 1050-1350)	dum			individual	historical	Dutch, Middle (ca. 1050-1350)	Middle Dutch	97	
Dusun Deyah	dun			individual	living				
Dupaninan Agta	duo			individual	living	Agta, Dupaninan			
Duano	dup			individual	living				
Dusun Malang	duq			individual	living				
Dii	dur			individual	living				
Dumi	dus			individual	living				
Drung	duu			individual	living				
Duvle	duv			individual	living				
Dusun Witu	duw			individual	living				
Duungooma	dux			individual	living				
Dicamay Agta	duy			individual	extinct	Agta, Dicamay			
Duli-Gey	duz			individual	extinct				
Duau	dva			individual	living				
Diri	dwa			individual	living				
Dawik Kui	dwk			individual	living	Kui, Dawik			
Dawro	dwr			individual	living				
Dutton World Speedwords	dws			individual	constructed				
Dhuwal	dwu			individual	living				
Dawawa	dww			individual	living				
Dhuwaya	dwy			individual	living				
Dewas Rai	dwz			individual	living	Rai, Dewas			
Dyan	dya			individual	living				
Dyaberdyaber	dyb			individual	extinct				
Dyugun	dyd			individual	extinct				
Villa Viciosa Agta	dyg			individual	extinct	Agta, Villa Viciosa			
Djimini Senoufo	dyi			individual	living	Senoufo, Djimini			
Yanda Dom Dogon	dym			individual	living	Dogon, Yanda Dom			
Dyangadi	dyn			individual	living				
Jola-Fonyi	dyo			individual	living			97	5
Dyarim	dyr			individual	living				
Dyula	dyu			individual	living			97	
Djabugay	dyy			individual	living				
Tunzu	dza			individual	living				
Daza	dzd			individual	living				
Djiwarli	dze			individual	extinct				
Dazaga	dzg			individual	living				
Dzalakha	dzl			individual	living				
Dzando	dzn			individual	living				
Dzongkha	dzo	dz		individual	living			201	
Karenggapa	eaa			individual	extinct				
Beginci	ebc			individual	living				
Ebughu	ebg			individual	living				
Eastern Bontok	ebk			individual	living	Bontok, Eastern			
Teke-Ebo	ebo			individual	living				
Ebrié	ebr			individual	living				
Embu	ebu			individual	living			97	
Eteocretan	ecr			individual	historical				
Ecuadorian Sign Language	ecs			individual	living				
Eteocypriot	ecy			individual	historical			33	
E	eee			individual	living				
Efai	efa			individual	living				
Efe	efe			individual	living				
Efik	efi			individual	living			97	
Ega	ega			individual	living				
Emilian	egl			individual	living			97	
Benamanga	egm			individual	living				
Eggon	ego			individual	living				
Egyptian (Ancient)	egy			individual	historical		Ancient Egyptian	43	
Miyakubo Sign Language	ehs			individual	living				
Ehueun	ehu			individual	living				
Eipomek	eip			individual	living				
Eitiep	eit			individual	living				
Askopan	eiv			individual	living				
Ejamat	eja			individual	living				
Ekajuk	eka			individual	living			97	
Ekit	eke			individual	living				
Ekari	ekg			individual	living				
Eki	eki			individual	living				
Standard Estonian	ekk			individual	living	Estonian, Standard			
Kol (Bangladesh)	ekl			individual	living				
Elip	ekm			individual	living				
Koti	eko			individual	living				
Ekpeye	ekp			individual	living				
Yace	ekr			individual	living				
Eastern Kayah	eky			individual	living	Kayah, Eastern		80	
Elepi	ele			individual	living				
El Hugeirat	elh			individual	living				
Nding	eli			individual	extinct				
Elkei	elk			individual	living				
Modern Greek (1453-)	ell	el	gre	individual	living	Greek, Modern (1453-)	Greek	55	
Eleme	elm			individual	living				
El Molo	elo			individual	living				
Elu	elu			individual	living				
Elamite	elx			individual	historical				
Emai-Iuleha-Ora	ema			individual	living				
Embaloh	emb			individual	living				
Emerillon	eme			individual	living				
Eastern Meohang	emg			individual	living	Meohang, Eastern			
Mussau-Emira	emi			individual	living				
Eastern Maninkakan	emk			individual	living	Maninkakan, Eastern			
Mamulique	emm			individual	extinct				
Eman	emn			individual	living				
Northern Emberá	emp			individual	living	Emberá, Northern			
Eastern Minyag	emq			individual	living	Minyag, Eastern			
Pacific Gulf Yupik	ems			individual	living	Yupik, Pacific Gulf			
Eastern Muria	emu			individual	living	Muria, Eastern			
Emplawas	emw			individual	living				
Erromintxela	emx			individual	living				
Epigraphic Mayan	emy			individual	historical	Mayan, Epigraphic			
Mbessa	emz			individual	living				
Apali	ena			individual	living				
Markweeta	enb			individual	living				
En	enc			individual	living				
Ende	end			individual	living				
Forest Enets	enf			individual	living	Enets, Forest			
English	eng	en		individual	living		American English|Australian English|British English|Canadian English|UK English|US English	97	39|169
Tundra Enets	enh			individual	living	Enets, Tundra			
Enlhet	enl			individual	living				
Middle English (1100-1500)	enm			individual	historical	English, Middle (1100-1500)	Middle English	97	
Engenni	enn			individual	living				
Enggano	eno			individual	living				
Enga	enq			individual	living				
Emumu	enr			individual	living				
Enu	enu			individual	living				
Enwan (Edo State)	env			individual	living				
Enwan (Akwa Ibom State)	enw			individual	living				
Enxet	enx			individual	living				
Beti (Côte d'Ivoire)	eot			individual	living				
Epie	epi			individual	living				
Esperanto	epo	eo		individual	constructed			97	
Eravallan	era			individual	living				
Sie	erg			individual	living				
Eruwa	erh			individual	living				
Ogea	eri			individual	living				
South Efate	erk			individual	living	Efate, South			
Horpa	ero			individual	living				
Erre	err			individual	extinct				
Ersu	ers			individual	living				
Eritai	ert			individual	living				
Erokwanas	erw			individual	living				
Ese Ejja	ese			individual	living				
Aheri Gondi	esg			individual	living	Gondi, Aheri			
Eshtehardi	esh			individual	living				
North Alaskan Inupiatun	esi			individual	living	Inupiatun, North Alaskan			
Northwest Alaska Inupiatun	esk			individual	living	Inupiatun, Northwest Alaska			
Egypt Sign Language	esl			individual	living				
Esuma	esm			individual	extinct				
Salvadoran Sign Language	esn			individual	living				
Estonian Sign Language	eso			individual	living				
Esselen	esq			individual	extinct				
Central Siberian Yupik	ess			individual	living	Yupik, Central Siberian			
Estonian	est	et		macrolanguage	living			97	
Central Yupik	esu			individual	living	Yupik, Central		97	
Eskayan	esy			individual	living				
Etebi	etb			individual	living				
Etchemin	etc			individual	extinct				
Ethiopian Sign Language	eth			individual	living				
Eton (Vanuatu)	etn			individual	living				
Eton (Cameroon)	eto			individual	living				
Edolo	etr			individual	living				
Yekhee	ets			individual	living				
Etruscan	ett			individual	historical				75|97
Ejagham	etu			individual	living				
Eten	etx			individual	living				
Semimi	etz			individual	living				
Eudeve	eud			individual	extinct				
Basque	eus	eu	baq	individual	living			97	
Even	eve			individual	living				
Uvbie	evh			individual	living				
Evenki	evn			individual	living			34	
Ewe	ewe	ee		individual	living			97	
Ewondo	ewo			individual	living			97	
Extremaduran	ext			individual	living			97	
Eyak	eya			individual	extinct				
Keiyo	eyo			individual	living				
Ezaa	eza			individual	living				
Uzekwe	eze			individual	living				
Fasu	faa			individual	living				
Fa d'Ambu	fab			individual	living				
Wagi	fad			individual	living				
Fagani	faf			individual	living				
Finongan	fag			individual	living				
Baissa Fali	fah			individual	living	Fali, Baissa			
Faiwol	fai			individual	living				
Faita	faj			individual	living				
Fang (Cameroon)	fak			individual	living				
South Fali	fal			individual	living	Fali, South			
Fam	fam			individual	living				
Fang (Equatorial Guinea)	fan			individual	living		Fang	97	
Faroese	fao	fo		individual	living			97	
Paloor	fap			individual	living				
Fataleka	far			individual	living				
Persian	fas	fa	per	macrolanguage	living		Dari	5	
Fanti	fat			individual	living				
Fayu	fau			individual	living				
Fala	fax			individual	living				
Southwestern Fars	fay			individual	living	Fars, Southwestern			
Northwestern Fars	faz			individual	living	Fars, Northwestern			
West Albay Bikol	fbl			individual	living	Bikol, West Albay			
Quebec Sign Language	fcs			individual	living				
Feroge	fer			individual	living				
Foia Foia	ffi			individual	living				
Maasina Fulfulde	ffm			individual	living	Fulfulde, Maasina		97	
Fongoro	fgr			individual	living				
Nobiin	fia			individual	living			5	
Fyer	fie			individual	living				
Faifi	fif			individual	living				
Fijian	fij	fj		individual	living			97	
Filipino	fil			individual	living			97	198
Finnish	fin	fi		individual	living			97	
Fipa	fip			individual	living				
Firan	fir			individual	living				
Tornedalen Finnish	fit			individual	living	Finnish, Tornedalen		97	
Fiwaga	fiw			individual	living				
Kirya-Konzəl	fkk			individual	living				
Kven Finnish	fkv			individual	living	Finnish, Kven			
Kalispel-Pend d'Oreille	fla			individual	living				
Foau	flh			individual	living				
Fali	fli			individual	living				
North Fali	fll			individual	living	Fali, North			
Flinders Island	fln			individual	extinct				
Fuliiru	flr			individual	living				
Flaaitaal	fly			individual	living				
Fe'fe'	fmp			individual	living				
Far Western Muria	fmu			individual	living	Muria, Far Western			
Fanbak	fnb			individual	living				
Fanagalo	fng			individual	living				
Fania	fni			individual	living				
Foodo	fod			individual	living				
Foi	foi			individual	living				
Foma	fom			individual	living				
Fon	fon			individual	living			97	
Fore	for			individual	living				
Siraya	fos			individual	extinct				
Fernando Po Creole English	fpe			individual	living	Creole English, Fernando Po			
Fas	fqs			individual	living				
French	fra	fr	fre	individual	living		Canadian French|Swiss French	97	40
Cajun French	frc			individual	living	French, Cajun		97	
Fordata	frd			individual	living				
Frankish	frk			individual	historical				
Middle French (ca. 1400-1600)	frm			individual	historical	French, Middle (ca. 1400-1600)	Middle French	97	
Old French (842-ca. 1400)	fro			individual	historical	French, Old (842-ca. 1400)	Old French	97	
Arpitan	frp			individual	living			97	
Forak	frq			individual	living				
Northern Frisian	frr			individual	living	Frisian, Northern		97	
Eastern Frisian	frs			individual	living	Frisian, Eastern		97	
Fortsenal	frt			individual	living				
Western Frisian	fry	fy		individual	living	Frisian, Western		97	
Finnish Sign Language	fse			individual	living				
French Sign Language	fsl			individual	living				
Finland-Swedish Sign Language	fss			individual	living				
Adamawa Fulfulde	fub			individual	living	Fulfulde, Adamawa			
Pulaar	fuc			individual	living				
East Futuna	fud			individual	living	Futuna, East		97	
Borgu Fulfulde	fue			individual	living	Fulfulde, Borgu			
Pular	fuf			individual	living				
Western Niger Fulfulde	fuh			individual	living	Fulfulde, Western Niger			
Bagirmi Fulfulde	fui			individual	living	Fulfulde, Bagirmi			
Ko	fuj			individual	living				
Fulah	ful	ff		macrolanguage	living		Fula	97	1
Fum	fum			individual	living				
Fulniô	fun			individual	living				
Central-Eastern Niger Fulfulde	fuq			individual	living	Fulfulde, Central-Eastern Niger		97	
Friulian	fur			individual	living			97	
Futuna-Aniwa	fut			individual	living				
Furu	fuu			individual	living				
Nigerian Fulfulde	fuv			individual	living	Fulfulde, Nigerian		97	
Fuyug	fuy			individual	living				
Fur	fvr			individual	living			97	
Fwâi	fwa			individual	living				
Fwe	fwe			individual	living				
Ga	gaa			individual	living			97	
Gabri	gab			individual	living				
Mixed Great Andamanese	gac			individual	living	Great Andamanese, Mixed			
Gaddang	gad			individual	living				
Guarequena	gae			individual	living				
Gende	gaf			individual	living				
Gagauz	gag			individual	living			97	34
Alekano	gah			individual	living				
Borei	gai			individual	living				
Gadsup	gaj			individual	living				
Gamkonora	gak			individual	living				
Galolen	gal			individual	living				
Kandawo	gam			individual	living				
Gan Chinese	gan			individual	living	Chinese, Gan		63	
Gants	gao			individual	living				
Gal	gap			individual	living				
Gata'	gaq			individual	living				
Galeya	gar			individual	living				
Adiwasi Garasia	gas			individual	living	Garasia, Adiwasi			
Kenati	gat			individual	living				
Mudhili Gadaba	gau			individual	living	Gadaba, Mudhili			
Nobonob	gaw			individual	living				
Borana-Arsi-Guji Oromo	gax			individual	living	Oromo, Borana-Arsi-Guji			
Gayo	gay			individual	living			97	
West Central Oromo	gaz			individual	living	Oromo, West Central			
Gbaya (Central African Republic)	gba			macrolanguage	living		Gbaya	97	
Kaytetye	gbb			individual	living				
Karajarri	gbd			individual	living				
Niksek	gbe			individual	living				
Gaikundi	gbf			individual	living				
Gbanziri	gbg			individual	living				
Defi Gbe	gbh			individual	living	Gbe, Defi			
Galela	gbi			individual	living				
Bodo Gadaba	gbj			individual	living	Gadaba, Bodo			
Gaddi	gbk			individual	living				
Gamit	gbl			individual	living				
Garhwali	gbm			individual	living			36	
Mo'da	gbn			individual	living				
Northern Grebo	gbo			individual	living	Grebo, Northern			
Gbaya-Bossangoa	gbp			individual	living				
Gbaya-Bozoum	gbq			individual	living				
Gbagyi	gbr			individual	living				
Gbesi Gbe	gbs			individual	living	Gbe, Gbesi			
Gagadu	gbu			individual	living				
Gbanu	gbv			individual	living				
Gabi-Gabi	gbw			individual	living				
Eastern Xwla Gbe	gbx			individual	living	Gbe, Eastern Xwla			
Gbari	gby			individual	living				
Zoroastrian Dari	gbz			individual	living	Dari, Zoroastrian		5	
Mali	gcc			individual	living				
Ganggalida	gcd			individual	extinct				
Galice	gce			individual	extinct				
Guadeloupean Creole French	gcf			individual	living	Creole French, Guadeloupean			
Grenadian Creole English	gcl			individual	living	Creole English, Grenadian			
Gaina	gcn			individual	living				
Guianese Creole French	gcr			individual	living	Creole French, Guianese		97	
Colonia Tovar German	gct			individual	living	German, Colonia Tovar			
Gade Lohar	gda			individual	living	Lohar, Gade			
Pottangi Ollar Gadaba	gdb			individual	living	Gadaba, Pottangi Ollar			
Gugu Badhun	gdc			individual	extinct				
Gedaged	gdd			individual	living				
Gude	gde			individual	living				
Guduf-Gava	gdf			individual	living				
Ga'dang	gdg			individual	living				
Gadjerawang	gdh			individual	living				
Gundi	gdi			individual	living				
Gurdjar	gdj			individual	living				
Gadang	gdk			individual	living				
Dirasha	gdl			individual	living				
Laal	gdm			individual	living				
Umanakaina	gdn			individual	living				
Ghodoberi	gdo			individual	living				
Mehri	gdq			individual	living				
Wipi	gdr			individual	living				
Ghandruk Sign Language	gds			individual	living				
Kungardutyi	gdt			individual	extinct				
Gudu	gdu			individual	living				
Godwari	gdx			individual	living				
Geruma	gea			individual	living				
Kire	geb			individual	living				
Gboloo Grebo	gec			individual	living	Grebo, Gboloo			
Gade	ged			individual	living				
Gerai	gef			individual	living				
Gengle	geg			individual	living				
Hutterite German	geh			individual	living	German, Hutterite			
Gebe	gei			individual	living				
Gen	gej			individual	living				
Ywom	gek			individual	living				
ut-Ma'in	gel			individual	living				
Geme	geq			individual	living				
Geser-Gorom	ges			individual	living				
Eviya	gev			individual	living				
Gera	gew			individual	living				
Garre	gex			individual	living				
Enya	gey			individual	living				
Geez	gez			individual	historical			46	
Patpatar	gfk			individual	living				
Gafat	gft			individual	extinct				
Gao	gga			individual	living				
Gbii	ggb			individual	living				
Gugadj	ggd			individual	extinct				
Gurr-goni	gge			individual	living				
Gurgula	ggg			individual	living				
Kungarakany	ggk			individual	extinct				
Ganglau	ggl			individual	living				
Gitua	ggt			individual	living				
Gagu	ggu			individual	living				
Gogodala	ggw			individual	living				
Ghadamès	gha			individual	living				
Hiberno-Scottish Gaelic	ghc			individual	historical	Gaelic, Hiberno-Scottish			
Southern Ghale	ghe			individual	living	Ghale, Southern			
Northern Ghale	ghh			individual	living	Ghale, Northern			
Geko Karen	ghk			individual	living	Karen, Geko			
Ghulfan	ghl			individual	living				
Ghanongga	ghn			individual	living				
Ghomara	gho			individual	living				
Ghera	ghr			individual	living				
Guhu-Samane	ghs			individual	living				
Kuke	ght			individual	living				
Kija	gia			individual	living				
Gibanawa	gib			individual	living				
Gail	gic			individual	living				
Gidar	gid			individual	living				
Gaɓogbo	gie			individual	living				
Goaria	gig			individual	living				
Githabul	gih			individual	living				
Girirra	gii			individual	living				
Gilbertese	gil			individual	living			97	
Gimi (Eastern Highlands)	gim			individual	living				
Hinukh	gin			individual	living				
Gimi (West New Britain)	gip			individual	living				
Green Gelao	giq			individual	living	Gelao, Green			
Red Gelao	gir			individual	living	Gelao, Red			
North Giziga	gis			individual	living	Giziga, North			
Gitxsan	git			individual	living				
Mulao	giu			individual	living				
White Gelao	giw			individual	living	Gelao, White			
Gilima	gix			individual	living				
Giyug	giy			individual	living				
South Giziga	giz			individual	living	Giziga, South			
Kachi Koli	gjk			individual	living	Koli, Kachi		5	
Gunditjmara	gjm			individual	extinct				
Gonja	gjn			individual	living				
Gurindji Kriol	gjr			individual	living				
Gujari	gju			individual	living			5	
Guya	gka			individual	living				
Magɨ (Madang Province)	gkd			individual	living				
Ndai	gke			individual	living				
Gokana	gkn			individual	living				
Kok-Nar	gko			individual	extinct				
Guinea Kpelle	gkp			individual	living	Kpelle, Guinea			
ǂUngkue	gku			individual	extinct				
Scottish Gaelic	gla	gd		individual	living	Gaelic, Scottish		97	
Belning	glb			individual	living				
Bon Gula	glc			individual	living				
Nanai	gld			individual	living			34	
Irish	gle	ga		individual	living			97	
Galician	glg	gl		individual	living			97	
Northwest Pashai	glh			individual	living	Pashai, Northwest			
Gula Iro	glj			individual	living				
Gilaki	glk			individual	living			5	
Garlali	gll			individual	extinct				
Galambu	glo			individual	living				
Glaro-Twabo	glr			individual	living				
Gula (Chad)	glu			individual	living				
Manx	glv	gv		individual	living			97	
Glavda	glw			individual	living				
Gule	gly			individual	extinct				
Gambera	gma			individual	extinct				
Gula'alaa	gmb			individual	living				
Mághdì	gmd			individual	living				
Magɨyi	gmg			individual	living				
Middle High German (ca. 1050-1500)	gmh			individual	historical	German, Middle High (ca. 1050-1500)	Middle High German	97	
Middle Low German	gml			individual	historical	German, Middle Low			
Gbaya-Mbodomo	gmm			individual	living				
Gimnime	gmn			individual	living				
Mirning	gmr			individual	living				
Gumalu	gmu			individual	living				
Gamo	gmv			individual	living				
Magoma	gmx			individual	living				
Mycenaean Greek	gmy			individual	historical	Greek, Mycenaean		102	
Mgbolizhia	gmz			individual	living				
Kaansa	gna			individual	living				
Gangte	gnb			individual	living				
Guanche	gnc			individual	extinct				
Zulgo-Gemzek	gnd			individual	living				
Ganang	gne			individual	living				
Ngangam	gng			individual	living				
Lere	gnh			individual	living				
Gooniyandi	gni			individual	living				
Ngen	gnj			individual	living				
ǁGana	gnk			individual	living				
Gangulu	gnl			individual	extinct				
Ginuman	gnm			individual	living				
Gumatj	gnn			individual	living				
Northern Gondi	gno			individual	living	Gondi, Northern			
Gana	gnq			individual	living				
Gureng Gureng	gnr			individual	extinct				
Guntai	gnt			individual	living				
Gnau	gnu			individual	living				
Western Bolivian Guaraní	gnw			individual	living	Guaraní, Western Bolivian			
Ganzi	gnz			individual	living				
Guro	goa			individual	living				
Playero	gob			individual	living				
Gorakor	goc			individual	living				
Godié	god			individual	living				
Gongduk	goe			individual	living				
Gofa	gof			individual	living				
Gogo	gog			individual	living				
Old High German (ca. 750-1050)	goh			individual	historical	German, Old High (ca. 750-1050)	Old High German	97	
Gobasi	goi			individual	living				
Gowlan	goj			individual	living				
Gowli	gok			individual	living				
Gola	gol			individual	living				
Goan Konkani	gom			individual	living	Konkani, Goan			
Gondi	gon			macrolanguage	living			36|195	
Gone Dau	goo			individual	living				
Yeretuar	gop			individual	living				
Gorap	goq			individual	living				
Gorontalo	gor			individual	living			97	
Gronings	gos			individual	living			97	
Gothic	got			individual	historical			53	
Gavar	gou			individual	living				
Goo	gov			individual	living				
Gorowa	gow			individual	living				
Gobu	gox			individual	living				
Goundo	goy			individual	living				
Gozarkhani	goz			individual	living				
Gupa-Abawa	gpa			individual	living				
Ghanaian Pidgin English	gpe			individual	living	Pidgin English, Ghanaian			
Taiap	gpn			individual	living				
Ga'anda	gqa			individual	living				
Guiqiong	gqi			individual	living				
Guana (Brazil)	gqn			individual	extinct				
Gor	gqr			individual	living				
Qau	gqu			individual	living				
Rajput Garasia	gra			individual	living	Garasia, Rajput			
Grebo	grb			macrolanguage	living			97	
Ancient Greek (to 1453)	grc			individual	historical	Greek, Ancient (to 1453)	Ancient Greek	55	
Guruntum-Mbaaru	grd			individual	living				
Madi	grg			individual	living				
Gbiri-Niragu	grh			individual	living				
Ghari	gri			individual	living				
Southern Grebo	grj			individual	living	Grebo, Southern			
Kota Marudu Talantang	grm			individual	living				
Guarani	grn	gn		macrolanguage	living			97	
Groma	gro			individual	living				
Gorovu	grq			individual	living				
Taznatit	grr			individual	living			5	197
Gresi	grs			individual	living				
Garo	grt			individual	living			14	
Kistane	gru			individual	living				
Central Grebo	grv			individual	living	Grebo, Central			
Gweda	grw			individual	living				
Guriaso	grx			individual	living				
Barclayville Grebo	gry			individual	living	Grebo, Barclayville			
Guramalum	grz			individual	living				
Ghanaian Sign Language	gse			individual	living				
German Sign Language	gsg			individual	living				
Gusilay	gsl			individual	living				
Guatemalan Sign Language	gsm			individual	living				
Nema	gsn			individual	living				
Southwest Gbaya	gso			individual	living	Gbaya, Southwest			
Wasembo	gsp			individual	living				
Greek Sign Language	gss			individual	living				
Swiss German	gsw			individual	living	German, Swiss		97	
Guató	gta			individual	living				
Aghu-Tharnggala	gtu			individual	extinct				
Shiki	gua			individual	living				
Guajajára	gub			individual	living			97	
Wayuu	guc			individual	living			97	
Yocoboué Dida	gud			individual	living	Dida, Yocoboué			
Gurindji	gue			individual	living				
Gupapuyngu	guf			individual	living				
Paraguayan Guaraní	gug			individual	living	Guaraní, Paraguayan			
Guahibo	guh			individual	living				
Eastern Bolivian Guaraní	gui			individual	living	Guaraní, Eastern Bolivian			
Gujarati	guj	gu		individual	living			56	
Gumuz	guk			individual	living				
Sea Island Creole English	gul			individual	living	Creole English, Sea Island			
Guambiano	gum			individual	living				
Mbyá Guaraní	gun			individual	living	Guaraní, Mbyá			
Guayabero	guo			individual	living				
Gunwinggu	gup			individual	living				
Aché	guq			individual	living				
Farefare	gur			individual	living		Frafra	97	
Guinean Sign Language	gus			individual	living				
Maléku Jaíka	gut			individual	living				
Yanomamö	guu			individual	living				
Gun	guw			individual	living				
Gourmanchéma	gux			individual	living				
Gusii	guz			individual	living			97	
Guana (Paraguay)	gva			individual	living				
Guanano	gvc			individual	living				
Duwet	gve			individual	living				
Golin	gvf			individual	living				
Guajá	gvj			individual	living				
Gulay	gvl			individual	living				
Gurmana	gvm			individual	living				
Kuku-Yalanji	gvn			individual	living				
Gavião Do Jiparaná	gvo			individual	living				
Pará Gavião	gvp			individual	living	Gavião, Pará			
Gurung	gvr			individual	living			36	
Gumawana	gvs			individual	living				
Guyani	gvy			individual	extinct				
Mbato	gwa			individual	living				
Gwa	gwb			individual	living				
Gawri	gwc			individual	living				
Gawwada	gwd			individual	living				
Gweno	gwe			individual	living				
Gowro	gwf			individual	living				
Moo	gwg			individual	living				
Gwichʼin	gwi			individual	living			97	
ǀGwi	gwj			individual	living				
Awngthim	gwm			individual	extinct				
Gwandara	gwn			individual	living				
Gwere	gwr			individual	living				
Gawar-Bati	gwt			individual	living				
Guwamu	gwu			individual	extinct				
Kwini	gww			individual	living				
Gua	gwx			individual	living				
Wè Southern	gxx			individual	living				
Northwest Gbaya	gya			individual	living	Gbaya, Northwest			
Garus	gyb			individual	living				
Kayardild	gyd			individual	living				
Gyem	gye			individual	living				
Gungabula	gyf			individual	extinct				
Gbayi	gyg			individual	living				
Gyele	gyi			individual	living				
Gayil	gyl			individual	living				
Ngäbere	gym			individual	living				
Guyanese Creole English	gyn			individual	living	Creole English, Guyanese			
Gyalsumdo	gyo			individual	living				
Guarayu	gyr			individual	living				
Gunya	gyy			individual	extinct				
Geji	gyz			individual	living				
Ganza	gza			individual	living				
Gazi	gzi			individual	living				
Gane	gzn			individual	living				
Hän	haa			individual	living				
Hanoi Sign Language	hab			individual	living				
Gurani	hac			individual	living				
Hatam	had			individual	living				
Eastern Oromo	hae			individual	living	Oromo, Eastern			
Haiphong Sign Language	haf			individual	living				
Hanga	hag			individual	living				
Hahon	hah			individual	living				
Haida	hai			macrolanguage	living			97	
Hajong	haj			individual	living				
Hakka Chinese	hak			individual	living	Chinese, Hakka		63	64
Halang	hal			individual	living				
Hewa	ham			individual	living				
Hangaza	han			individual	living				
Hakö	hao			individual	living				
Hupla	hap			individual	living				
Ha	haq			individual	living				
Harari	har			individual	living				
Haisla	has			individual	living				
Haitian	hat	ht		individual	living		Haitian Creole	97	
Hausa	hau	ha		individual	living			97|5	
Havu	hav			individual	living				
Hawaiian	haw			individual	living			97	
Southern Haida	hax			individual	living	Haida, Southern			
Haya	hay			individual	living				
Hazaragi	haz			individual	living			5	
Hamba	hba			individual	living				
Huba	hbb			individual	living				
Heiban	hbn			individual	living				
Ancient Hebrew	hbo			individual	historical	Hebrew, Ancient			
Serbo-Croatian	hbs	sh		macrolanguage	living				
Habu	hbu			individual	living				
Andaman Creole Hindi	hca			individual	living	Creole Hindi, Andaman			
Huichol	hch			individual	living				
Northern Haida	hdn			individual	living	Haida, Northern			
Honduras Sign Language	hds			individual	living				
Hadiyya	hdy			individual	living				
Northern Qiandong Miao	hea			individual	living	Miao, Northern Qiandong			
Hebrew	heb	he		individual	living			66	
Herdé	hed			individual	living				
Helong	heg			individual	living				
Hehe	heh			individual	living				
Heiltsuk	hei			individual	living				
Hemba	hem			individual	living				
Herero	her	hz		individual	living			97	
Haiǁom	hgm			individual	living				
Haigwai	hgw			individual	living				
Hoia Hoia	hhi			individual	living				
Kerak	hhr			individual	living				
Hoyahoya	hhy			individual	living				
Lamang	hia			individual	living				
Hibito	hib			individual	extinct				
Hidatsa	hid			individual	living				
Fiji Hindi	hif			individual	living	Hindi, Fiji		36|97	
Kamwe	hig			individual	living				
Pamosu	hih			individual	living				
Hinduri	hii			individual	living				
Hijuk	hij			individual	living				
Seit-Kaitetu	hik			individual	living				
Hiligaynon	hil			individual	living			97	
Hindi	hin	hi		individual	living		Hindi (Latin)|Hinglish	36	97|107
Tsoa	hio			individual	living				
Himarimã	hir			individual	living				
Hittite	hit			individual	historical			216	
Hiw	hiw			individual	living				
Hixkaryána	hix			individual	living				
Haji	hji			individual	living				
Kahe	hka			individual	living				
Hunde	hke			individual	living				
Khah	hkh			individual	living				
Hunjara-Kaina Ke	hkk			individual	living				
Mel-Khaonh	hkn			individual	living				
Hong Kong Sign Language	hks			individual	living				
Halia	hla			individual	living				
Halbi	hlb			individual	living				
Halang Doan	hld			individual	living				
Hlersu	hle			individual	living				
Matu Chin	hlt			individual	living	Chin, Matu			
Hieroglyphic Luwian	hlu			individual	historical	Luwian, Hieroglyphic			
Southern Mashan Hmong	hma			individual	living	Hmong, Southern Mashan			
Humburi Senni Songhay	hmb			individual	living	Songhay, Humburi Senni			
Central Huishui Hmong	hmc			individual	living	Hmong, Central Huishui			
Large Flowery Miao	hmd			individual	living	Miao, Large Flowery		153	
Eastern Huishui Hmong	hme			individual	living	Hmong, Eastern Huishui			
Hmong Don	hmf			individual	living				
Southwestern Guiyang Hmong	hmg			individual	living	Hmong, Southwestern Guiyang			
Southwestern Huishui Hmong	hmh			individual	living	Hmong, Southwestern Huishui			
Northern Huishui Hmong	hmi			individual	living	Hmong, Northern Huishui			
Ge	hmj			individual	living				
Maek	hmk			individual	historical				
Luopohe Hmong	hml			individual	living	Hmong, Luopohe			
Central Mashan Hmong	hmm			individual	living	Hmong, Central Mashan			
Hmong	hmn			macrolanguage	living			97	69
Hiri Motu	hmo	ho		individual	living			97	
Northern Mashan Hmong	hmp			individual	living	Hmong, Northern Mashan			
Eastern Qiandong Miao	hmq			individual	living	Miao, Eastern Qiandong			
Hmar	hmr			individual	living				
Southern Qiandong Miao	hms			individual	living	Miao, Southern Qiandong			
Hamtai	hmt			individual	living				
Hamap	hmu			individual	living				
Hmong Dô	hmv			individual	living				
Western Mashan Hmong	hmw			individual	living	Hmong, Western Mashan			
Southern Guiyang Hmong	hmy			individual	living	Hmong, Southern Guiyang			
Hmong Shua	hmz			individual	living				
Mina (Cameroon)	hna			individual	living				
Southern Hindko	hnd			individual	living	Hindko, Southern		5	
Chhattisgarhi	hne			individual	living			36	
Hungu	hng			individual	living				
ǁAni	hnh			individual	living				
Hani	hni			individual	living				
Hmong Njua	hnj			individual	living			94	
Hainanese	hnm			individual	living				
Hanunoo	hnn			individual	living			97	62
Northern Hindko	hno			individual	living	Hindko, Northern		5	
Caribbean Hindustani	hns			individual	living	Hindustani, Caribbean			
Hung	hnu			individual	living				
Hoava	hoa			individual	living				
Mari (Madang Province)	hob			individual	living				
Ho	hoc			individual	living			36	212
Holma	hod			individual	extinct				
Horom	hoe			individual	living				
Hobyót	hoh			individual	living				
Holikachuk	hoi			individual	living				
Hadothi	hoj			individual	living			36	
Holu	hol			individual	living				
Homa	hom			individual	extinct				
Holoholo	hoo			individual	living				
Hopi	hop			individual	living			97	
Horo	hor			individual	extinct				
Ho Chi Minh City Sign Language	hos			individual	living				
Hote	hot			individual	living				
Hovongan	hov			individual	living				
Honi	how			individual	living				
Holiya	hoy			individual	living				
Hozo	hoz			individual	living				
Hpon	hpo			individual	extinct				
Hawai'i Sign Language (HSL)	hps			individual	living				
Hrangkhol	hra			individual	living				
Niwer Mil	hrc			individual	living				
Hre	hre			individual	living				
Haruku	hrk			individual	living				
Horned Miao	hrm			individual	living	Miao, Horned			
Haroi	hro			individual	living				
Nhirrpi	hrp			individual	extinct				
Hértevin	hrt			individual	living				
Hruso	hru			individual	living				
Croatian	hrv	hr		individual	living			97	
Warwar Feni	hrw			individual	living				
Hunsrik	hrx			individual	living				
Harzani	hrz			individual	living				
Upper Sorbian	hsb			individual	living	Sorbian, Upper		97	
Hungarian Sign Language	hsh			individual	living				
Hausa Sign Language	hsl			individual	living				
Xiang Chinese	hsn			individual	living	Chinese, Xiang		63	
Harsusi	hss			individual	living				
Hoti	hti			individual	extinct				
Minica Huitoto	hto			individual	living	Huitoto, Minica			
Hadza	hts			individual	living				
Hitu	htu			individual	living				
Middle Hittite	htx			individual	historical	Hittite, Middle			
Huambisa	hub			individual	living				
ǂHua	huc			individual	living				
Huaulu	hud			individual	living				
San Francisco Del Mar Huave	hue			individual	living	Huave, San Francisco Del Mar			
Humene	huf			individual	living				
Huachipaeri	hug			individual	living				
Huilliche	huh			individual	living				
Huli	hui			individual	living				
Northern Guiyang Hmong	huj			individual	living	Hmong, Northern Guiyang			
Hulung	huk			individual	extinct				
Hula	hul			individual	living				
Hungana	hum			individual	living				
Hungarian	hun	hu		individual	living			97	
Hu	huo			individual	living				
Hupa	hup			individual	living			97	
Tsat	huq			individual	living				
Halkomelem	hur			individual	living			97	
Huastec	hus			individual	living				
Humla	hut			individual	living				
Murui Huitoto	huu			individual	living	Huitoto, Murui			
San Mateo Del Mar Huave	huv			individual	living	Huave, San Mateo Del Mar			
Hukumina	huw			individual	extinct				
Nüpode Huitoto	hux			individual	living	Huitoto, Nüpode			
Hulaulá	huy			individual	living				
Hunzib	huz			individual	living				
Haitian Vodoun Culture Language	hvc			individual	living				
San Dionisio Del Mar Huave	hve			individual	living	Huave, San Dionisio Del Mar			
Haveke	hvk			individual	living				
Sabu	hvn			individual	living				
Santa María Del Mar Huave	hvv			individual	living	Huave, Santa María Del Mar			
Wané	hwa			individual	living				
Hawai'i Creole English	hwc			individual	living	Creole English, Hawai'i			
Hwana	hwo			individual	living				
Hya	hya			individual	living				
Armenian	hye	hy	arm	individual	living			8	
Western Armenian	hyw			individual	living	Armenian, Western			
Iaai	iai			individual	living				
Iatmul	ian			individual	living				
Purari	iar			individual	living				
Iban	iba			individual	living			97	
Ibibio	ibb			individual	living			97	
Iwaidja	ibd			individual	living				
Akpes	ibe			individual	living				
Ibanag	ibg			individual	living				
Bih	ibh			individual	living				
Ibaloi	ibl			individual	living				
Agoi	ibm			individual	living				
Ibino	ibn			individual	living				
Igbo	ibo	ig		individual	living			97	
Ibuoro	ibr			individual	living				
Ibu	ibu			individual	living				
Ibani	iby			individual	living				
Ede Ica	ica			individual	living				
Etkywan	ich			individual	living				
Icelandic Sign Language	icl			individual	living				
Islander Creole English	icr			individual	living	Creole English, Islander			
Idakho-Isukha-Tiriki	ida			individual	living				
Indo-Portuguese	idb			individual	living				
Idon	idc			individual	living				
Ede Idaca	idd			individual	living				
Idere	ide			individual	living				
Idi	idi			individual	living				
Ido	ido	io		individual	constructed			97	
Indri	idr			individual	living				
Idesa	ids			individual	living				
Idaté	idt			individual	living				
Idoma	idu			individual	living				
Amganad Ifugao	ifa			individual	living	Ifugao, Amganad			
Batad Ifugao	ifb			individual	living	Ifugao, Batad			
Ifè	ife			individual	living			97	
Ifo	iff			individual	extinct				
Tuwali Ifugao	ifk			individual	living	Ifugao, Tuwali			
Teke-Fuumu	ifm			individual	living				
Mayoyao Ifugao	ifu			individual	living	Ifugao, Mayoyao			
Keley-I Kallahan	ify			individual	living	Kallahan, Keley-I			
Ebira	igb			individual	living				
Igede	ige			individual	living				
Igana	igg			individual	living				
Igala	igl			individual	living				
Kanggape	igm			individual	living				
Ignaciano	ign			individual	living				
Isebe	igo			individual	living				
Interglossa	igs			individual	constructed				
Igwe	igw			individual	living				
Iha Based Pidgin	ihb			individual	living				
Ihievbe	ihi			individual	living				
Iha	ihp			individual	living				
Bidhawal	ihw			individual	extinct				
Sichuan Yi	iii	ii		individual	living	Yi, Sichuan		218	97
Thiin	iin			individual	extinct				
Izon	ijc			individual	living				
Biseni	ije			individual	living				
Ede Ije	ijj			individual	living				
Kalabari	ijn			individual	living				
Southeast Ijo	ijs			individual	living	Ijo, Southeast			
Eastern Canadian Inuktitut	ike			individual	living	Inuktitut, Eastern Canadian			
Ikhin-Arokho	ikh			individual	living				
Iko	iki			individual	living				
Ika	ikk			individual	living				
Ikulu	ikl			individual	living				
Olulumo-Ikom	iko			individual	living				
Ikpeshi	ikp			individual	living				
Ikaranggal	ikr			individual	extinct				
Inuit Sign Language	iks			individual	living				
Inuinnaqtun	ikt			individual	living		Western Canadian Inuktitut	97	
Inuktitut	iku	iu		macrolanguage	living			24|97	
Iku-Gora-Ankwa	ikv			individual	living				
Ikwere	ikw			individual	living				
Ik	ikx			individual	living				
Ikizu	ikz			individual	living				
Ile Ape	ila			individual	living				
Ila	ilb			individual	living				
Interlingue	ile	ie		individual	constructed			97	
Garig-Ilgar	ilg			individual	extinct				
Ili Turki	ili			individual	living				
Ilongot	ilk			individual	living				
Iranun (Malaysia)	ilm			individual	living				
Iloko	ilo			individual	living			97	
Iranun (Philippines)	ilp			individual	living				
International Sign	ils			individual	living				
Ili'uun	ilu			individual	living				
Ilue	ilv			individual	living				
Mala Malasar	ima			individual	living	Malasar, Mala			
Anamgura	imi			individual	living				
Miluk	iml			individual	extinct				
Imonda	imn			individual	living				
Imbongu	imo			individual	living				
Imroing	imr			individual	living				
Marsian	ims			individual	historical				
Imotong	imt			individual	living				
Milyan	imy			individual	historical				
Interlingua (International Auxiliary Language Association)	ina	ia		individual	constructed		Interlingua	97	
Inga	inb			individual	living				
Indonesian	ind	id		individual	living			97	5
Degexit'an	ing			individual	living				
Ingush	inh			individual	living			34	5|97
Jungle Inga	inj			individual	living	Inga, Jungle			
Indonesian Sign Language	inl			individual	living				
Minaean	inm			individual	historical				
Isinai	inn			individual	living				
Inoke-Yate	ino			individual	living				
Iñapari	inp			individual	living				
Indian Sign Language	ins			individual	living				
Intha	int			individual	living				
Ineseño	inz			individual	extinct				
Inor	ior			individual	living				
Tuma-Irumu	iou			individual	living				
Iowa-Oto	iow			individual	extinct				
Ipili	ipi			individual	living				
Inupiaq	ipk	ik		macrolanguage	living			97	
Ipiko	ipo			individual	living				
Iquito	iqu			individual	living				
Ikwo	iqw			individual	living				
Iresim	ire			individual	living				
Irarutu	irh			individual	living				
Rigwe	iri			individual	living				
Iraqw	irk			individual	living				
Irántxe	irn			individual	living				
Ir	irr			individual	living				
Irula	iru			individual	living				
Kamberau	irx			individual	living				
Iraya	iry			individual	living				
Isabi	isa			individual	living				
Isconahua	isc			individual	living				
Isnag	isd			individual	living				
Italian Sign Language	ise			individual	living				
Irish Sign Language	isg			individual	living				
Esan	ish			individual	living				
Nkem-Nkum	isi			individual	living				
Ishkashimi	isk			individual	living				
Icelandic	isl	is	ice	individual	living			97	
Masimasi	ism			individual	living				
Isanzu	isn			individual	living				
Isoko	iso			individual	living				
Israeli Sign Language	isr			individual	living				
Istriot	ist			individual	living				
Isu (Menchum Division)	isu			individual	living				
Interslavic	isv			individual	constructed				
Italian	ita	it		individual	living			97	
Binongan Itneg	itb			individual	living	Itneg, Binongan			
Southern Tidung	itd			individual	living	Tidung, Southern			
Itene	ite			individual	extinct				
Inlaod Itneg	iti			individual	living	Itneg, Inlaod			
Judeo-Italian	itk			individual	living				
Itelmen	itl			individual	living				
Itu Mbon Uzo	itm			individual	living				
Itonama	ito			individual	living				
Iteri	itr			individual	living				
Isekiri	its			individual	living				
Maeng Itneg	itt			individual	living	Itneg, Maeng			
Itawit	itv			individual	living				
Ito	itw			individual	living				
Itik	itx			individual	living				
Moyadan Itneg	ity			individual	living	Itneg, Moyadan			
Itzá	itz			individual	living				
Iu Mien	ium			individual	living	Mien, Iu			
Ibatan	ivb			individual	living				
Ivatan	ivv			individual	living				
I-Wak	iwk			individual	living				
Iwam	iwm			individual	living				
Iwur	iwo			individual	living				
Sepik Iwam	iws			individual	living	Iwam, Sepik			
Ixcatec	ixc			individual	living				
Ixil	ixl			individual	living				
Iyayu	iya			individual	living				
Mesaka	iyo			individual	living				
Yaka (Congo)	iyx			individual	living				
Ingrian	izh			individual	living			97	
Kizamani	izm			individual	living				
Izere	izr			individual	living				
Izii	izz			individual	living				
Jamamadí	jaa			individual	living				
Hyam	jab			individual	living				
Popti'	jac			individual	living				
Jahanka	jad			individual	living				
Yabem	jae			individual	living				
Jara	jaf			individual	living				
Jah Hut	jah			individual	living				
Zazao	jaj			individual	living				
Jakun	jak			individual	living				
Yalahatan	jal			individual	living				
Jamaican Creole English	jam			individual	living	Creole English, Jamaican		97	
Jandai	jan			individual	extinct				
Yanyuwa	jao			individual	living				
Yaqay	jaq			individual	living				
New Caledonian Javanese	jas			individual	living	Javanese, New Caledonian			
Jakati	jat			individual	living				
Yaur	jau			individual	living				
Javanese	jav	jv		individual	living			97	77
Jambi Malay	jax			individual	living	Malay, Jambi			
Yan-nhangu	jay			individual	living				
Jawe	jaz			individual	living				
Judeo-Berber	jbe			individual	living				
Badjiri	jbi			individual	extinct				
Arandai	jbj			individual	living				
Barikewa	jbk			individual	living				
Bijim	jbm			individual	living				
Nafusi	jbn			individual	living				
Lojban	jbo			individual	constructed			97	
Jofotek-Bromnya	jbr			individual	living				
Jabutí	jbt			individual	living				
Jukun Takum	jbu			individual	living				
Yawijibaya	jbw			individual	extinct				
Jamaican Country Sign Language	jcs			individual	living				
Krymchak	jct			individual	living				
Jad	jda			individual	living				
Jadgali	jdg			individual	living				
Judeo-Tat	jdt			individual	living				
Jebero	jeb			individual	living				
Jerung	jee			individual	living				
Jeh	jeh			individual	living				
Yei	jei			individual	living				
Jeri Kuo	jek			individual	living				
Yelmek	jel			individual	living				
Dza	jen			individual	living				
Jere	jer			individual	living				
Manem	jet			individual	living				
Jonkor Bourmataguil	jeu			individual	living				
Ngbee	jgb			individual	extinct				
Judeo-Georgian	jge			individual	living				
Gwak	jgk			individual	living				
Ngomba	jgo			individual	living			97	
Jehai	jhi			individual	living				
Jhankot Sign Language	jhs			individual	living				
Jina	jia			individual	living				
Jibu	jib			individual	living				
Tol	jic			individual	living				
Bu (Kaduna State)	jid			individual	living				
Jilbe	jie			individual	living				
Jingulu	jig			individual	living				
sTodsde	jih			individual	living				
Jiiddu	jii			individual	living				
Jilim	jil			individual	living				
Jimi (Cameroon)	jim			individual	living				
Jiamao	jio			individual	living				
Guanyinqiao	jiq			individual	living				
Jita	jit			individual	living				
Youle Jinuo	jiu			individual	living	Jinuo, Youle			
Shuar	jiv			individual	living				
Buyuan Jinuo	jiy			individual	living	Jinuo, Buyuan			
Jejueo	jje			individual	living				
Bankal	jjr			individual	living				
Kaera	jka			individual	living				
Mobwa Karen	jkm			individual	living	Karen, Mobwa			
Kubo	jko			individual	living				
Paku Karen	jkp			individual	living	Karen, Paku			
Koro (India)	jkr			individual	living				
Amami Koniya Sign Language	jks			individual	living				
Labir	jku			individual	living				
Ngile	jle			individual	living				
Jamaican Sign Language	jls			individual	living				
Dima	jma			individual	living				
Zumbun	jmb			individual	living				
Machame	jmc			individual	living			97	
Yamdena	jmd			individual	living				
Jimi (Nigeria)	jmi			individual	living				
Jumli	jml			individual	living			36	
Makuri Naga	jmn			individual	living	Naga, Makuri			
Kamara	jmr			individual	living				
Mashi (Nigeria)	jms			individual	living				
Mouwase	jmw			individual	living				
Western Juxtlahuaca Mixtec	jmx			individual	living	Mixtec, Western Juxtlahuaca			
Jangshung	jna			individual	living				
Jandavra	jnd			individual	living				
Yangman	jng			individual	extinct				
Janji	jni			individual	living				
Yemsa	jnj			individual	living				
Rawat	jnl			individual	living				
Jaunsari	jns			individual	living				
Joba	job			individual	living				
Wojenaka	jod			individual	living				
Jogi	jog			individual	living				
Jorá	jor			individual	extinct				
Jordanian Sign Language	jos			individual	living				
Jowulu	jow			individual	living				
Jewish Palestinian Aramaic	jpa			individual	historical	Aramaic, Jewish Palestinian			
Japanese	jpn	ja		individual	living			78	
Judeo-Persian	jpr			individual	living			66	
Jaqaru	jqr			individual	living				
Jarai	jra			individual	living				
Judeo-Arabic	jrb			macrolanguage	living			66	
Jiru	jrr			individual	living				
Jakattoe	jrt			individual	living				
Japrería	jru			individual	living				
Japanese Sign Language	jsl			individual	living				
Júma	jua			individual	living				
Wannu	jub			individual	living				
Jurchen	juc			individual	historical				
Worodougou	jud			individual	living				
Hõne	juh			individual	living				
Ngadjuri	jui			individual	extinct				
Wapan	juk			individual	living				
Jirel	jul			individual	living				
Jumjum	jum			individual	living				
Juang	jun			individual	living				
Jiba	juo			individual	living				
Hupdë	jup			individual	living				
Jurúna	jur			individual	living				
Jumla Sign Language	jus			individual	living				
Jutish	jut			individual	historical			97	
Ju	juu			individual	living				
Wãpha	juw			individual	living				
Juray	juy			individual	living				
Javindo	jvd			individual	living				
Caribbean Javanese	jvn			individual	living	Javanese, Caribbean			
Jwira-Pepesa	jwi			individual	living				
Jiarong	jya			individual	living				
Judeo-Yemeni Arabic	jye			individual	living	Arabic, Judeo-Yemeni			
Jaya	jyy			individual	living				
Kara-Kalpak	kaa			individual	living			34|97	
Kabyle	kab			individual	living			97	
Kachin	kac			individual	living			97	
Adara	kad			individual	living				
Ketangalan	kae			individual	extinct				
Katso	kaf			individual	living				
Kajaman	kag			individual	living				
Kara (Central African Republic)	kah			individual	living				
Karekare	kai			individual	living				
Jju	kaj			individual	living			97	
Kalanguya	kak			individual	living				
Kalaallisut	kal	kl		individual	living			97	
Kamba (Kenya)	kam			individual	living		Kamba	97	
Kannada	kan	kn		individual	living			88	
Xaasongaxango	kao			individual	living			97	
Bezhta	kap			individual	living				
Capanahua	kaq			individual	living				
Kashmiri	kas	ks		individual	living			5|36	
Georgian	kat	ka	geo	individual	living			49	
Kanuri	kau	kr		macrolanguage	living			97	
Katukína	kav			individual	living				
Kawi	kaw			individual	historical			10	77|82
Kao	kax			individual	living				
Kamayurá	kay			individual	living				
Kazakh	kaz	kk		individual	living			34|5	
Kalarko	kba			individual	extinct				
Kaxuiâna	kbb			individual	extinct				
Kadiwéu	kbc			individual	living				
Kabardian	kbd			individual	living			34	
Kanju	kbe			individual	living				
Khamba	kbg			individual	living				
Camsá	kbh			individual	living				
Kaptiau	kbi			individual	living				
Kari	kbj			individual	living				
Grass Koiari	kbk			individual	living	Koiari, Grass			
Kanembu	kbl			individual	living				
Iwal	kbm			individual	living				
Kare (Central African Republic)	kbn			individual	living				
Keliko	kbo			individual	living				
Kabiyè	kbp			individual	living				
Kamano	kbq			individual	living				
Kafa	kbr			individual	living				
Kande	kbs			individual	living				
Abadi	kbt			individual	living				
Kabutra	kbu			individual	living				
Dera (Indonesia)	kbv			individual	living				
Kaiep	kbw			individual	living				
Ap Ma	kbx			individual	living				
Manga Kanuri	kby			individual	living	Kanuri, Manga			
Duhwa	kbz			individual	living				
Khanty	kca			individual	living			34	
Kawacha	kcb			individual	living				
Lubila	kcc			individual	living				
Ngkâlmpw Kanum	kcd			individual	living	Kanum, Ngkâlmpw			
Kaivi	kce			individual	living				
Ukaan	kcf			individual	living				
Tyap	kcg			individual	living			97	
Vono	kch			individual	living				
Ngyian	kci			individual	living				
Kobiana	kcj			individual	living				
Kalanga	kck			individual	living			97	
Kela (Papua New Guinea)	kcl			individual	living				
Gula (Central African Republic)	kcm			individual	living				
Nubi	kcn			individual	living				
Kinalakna	kco			individual	living				
Kanga	kcp			individual	living				
Kamo	kcq			individual	living				
Katla	kcr			individual	living				
Koenoem	kcs			individual	living				
Kaian	kct			individual	living				
Kami (Tanzania)	kcu			individual	living				
Kete	kcv			individual	living				
Kabwari	kcw			individual	living				
Kachama-Ganjule	kcx			individual	living				
Korandje	kcy			individual	living				
Konongo	kcz			individual	living				
Worimi	kda			individual	extinct				
Kutu	kdc			individual	living				
Yankunytjatjara	kdd			individual	living				
Makonde	kde			individual	living			97	
Mamusi	kdf			individual	living				
Seba	kdg			individual	living				
Tem	kdh			individual	living				
Kumam	kdi			individual	living				
Karamojong	kdj			individual	living				
Numèè	kdk			individual	living				
Tsikimba	kdl			individual	living				
Kagoma	kdm			individual	living				
Kunda	kdn			individual	living				
Kaningdon-Nindem	kdp			individual	living				
Koch	kdq			individual	living				
Karaim	kdr			individual	living				
Kuy	kdt			individual	living			200	
Kadaru	kdu			individual	living				
Koneraw	kdw			individual	living				
Kam	kdx			individual	living				
Keder	kdy			individual	living				
Kwaja	kdz			individual	living				
Kabuverdianu	kea			individual	living			97	
Kélé	keb			individual	living				
Keiga	kec			individual	living				
Kerewe	ked			individual	living				
Eastern Keres	kee			individual	living	Keres, Eastern			
Kpessi	kef			individual	living				
Tese	keg			individual	living				
Keak	keh			individual	living				
Kei	kei			individual	living				
Kadar	kej			individual	living				
Kekchí	kek			individual	living		Qʼeqchiʼ		
Kela (Democratic Republic of Congo)	kel			individual	living				
Kemak	kem			individual	living				
Kenyang	ken			individual	living			97	
Kakwa	keo			individual	living				
Kaikadi	kep			individual	living				
Kamar	keq			individual	living				
Kera	ker			individual	living				
Kugbo	kes			individual	living				
Ket	ket			individual	living				
Akebu	keu			individual	living				
Kanikkaran	kev			individual	living				
West Kewa	kew			individual	living	Kewa, West			
Kukna	kex			individual	living				
Kupia	key			individual	living				
Kukele	kez			individual	living				
Kodava	kfa			individual	living				
Northwestern Kolami	kfb			individual	living	Kolami, Northwestern			
Konda-Dora	kfc			individual	living				
Korra Koraga	kfd			individual	living	Koraga, Korra			
Kota (India)	kfe			individual	living				
Koya	kff			individual	living				
Kudiya	kfg			individual	living				
Kurichiya	kfh			individual	living				
Kannada Kurumba	kfi			individual	living	Kurumba, Kannada			
Kemiehua	kfj			individual	living				
Kinnauri	kfk			individual	living				
Kung	kfl			individual	living				
Khunsari	kfm			individual	living				
Kuk	kfn			individual	living				
Koro (Côte d'Ivoire)	kfo			individual	living		Koro	97	
Korwa	kfp			individual	living				
Korku	kfq			individual	living				
Kachhi	kfr			individual	living			36	
Bilaspuri	kfs			individual	living				
Kanjari	kft			individual	living				
Katkari	kfu			individual	living				
Kurmukar	kfv			individual	living				
Kharam Naga	kfw			individual	living	Naga, Kharam			
Kullu Pahari	kfx			individual	living	Pahari, Kullu			
Kumaoni	kfy			individual	living			36	
Koromfé	kfz			individual	living				
Koyaga	kga			individual	living				
Kawe	kgb			individual	living				
Komering	kge			individual	living			97	
Kube	kgf			individual	living				
Kusunda	kgg			individual	living				
Selangor Sign Language	kgi			individual	living				
Gamale Kham	kgj			individual	living	Kham, Gamale			
Kaiwá	kgk			individual	living				
Kunggari	kgl			individual	extinct				
Karingani	kgn			individual	living				
Krongo	kgo			individual	living				
Kaingang	kgp			individual	living			97	
Kamoro	kgq			individual	living				
Abun	kgr			individual	living				
Kumbainggar	kgs			individual	living				
Somyev	kgt			individual	living				
Kobol	kgu			individual	living				
Karas	kgv			individual	living				
Karon Dori	kgw			individual	living				
Kamaru	kgx			individual	living				
Kyerung	kgy			individual	living				
Khasi	kha			individual	living			97	14
Lü	khb			individual	living			190	
Tukang Besi North	khc			individual	living				
Bädi Kanum	khd			individual	living	Kanum, Bädi			
Korowai	khe			individual	living				
Khuen	khf			individual	living				
Khams Tibetan	khg			individual	living	Tibetan, Khams			
Kehu	khh			individual	living				
Kuturmi	khj			individual	living				
Halh Mongolian	khk			individual	living	Mongolian, Halh			
Lusi	khl			individual	living				
Khmer	khm	km		individual	living			84	
Khandesi	khn			individual	living			36	
Khotanese	kho			individual	historical				
Kapori	khp			individual	living				
Koyra Chiini Songhay	khq			individual	living	Songhay, Koyra Chiini	Koyra Chiini	97	
Kharia	khr			individual	living				
Kasua	khs			individual	living				
Khamti	kht			individual	living			124	
Nkhumbi	khu			individual	living				
Khvarshi	khv			individual	living				
Khowar	khw			individual	living			5	
Kanu	khx			individual	living				
Kele (Democratic Republic of Congo)	khy			individual	living				
Keapara	khz			individual	living				
Kim	kia			individual	living				
Koalib	kib			individual	living				
Kickapoo	kic			individual	living				
Koshin	kid			individual	living				
Kibet	kie			individual	living				
Eastern Parbate Kham	kif			individual	living	Kham, Eastern Parbate			
Kimaama	kig			individual	living				
Kilmeri	kih			individual	living				
Kitsai	kii			individual	extinct				
Kilivila	kij			individual	living				
Kikuyu	kik	ki		individual	living			97	
Kariya	kil			individual	living				
Karagas	kim			individual	living				
Kinyarwanda	kin	rw		individual	living			97	
Kiowa	kio			individual	living				
Sheshi Kham	kip			individual	living	Kham, Sheshi			
Kosadle	kiq			individual	living				
Kirghiz	kir	ky		individual	living		Kyrgyz	34|5|97	
Kis	kis			individual	living				
Agob	kit			individual	living				
Kirmanjki (individual language)	kiu			individual	living		Kirmanjki	97	
Kimbu	kiv			individual	living				
Northeast Kiwai	kiw			individual	living	Kiwai, Northeast			
Khiamniungan Naga	kix			individual	living	Naga, Khiamniungan			
Kirikiri	kiy			individual	living				
Kisi	kiz			individual	living				
Mlap	kja			individual	living				
Q'anjob'al	kjb			individual	living				
Coastal Konjo	kjc			individual	living	Konjo, Coastal			
Southern Kiwai	kjd			individual	living	Kiwai, Southern			
Kisar	kje			individual	living				
Khmu	kjg			individual	living			94	97
Khakas	kjh			individual	living			34	
Zabana	kji			individual	living				
Khinalugh	kjj			individual	living				
Highland Konjo	kjk			individual	living	Konjo, Highland			
Western Parbate Kham	kjl			individual	living	Kham, Western Parbate			
Kháng	kjm			individual	living				
Kunjen	kjn			individual	living				
Harijan Kinnauri	kjo			individual	living	Kinnauri, Harijan			
Pwo Eastern Karen	kjp			individual	living	Karen, Pwo Eastern			
Western Keres	kjq			individual	living	Keres, Western			
Kurudu	kjr			individual	living				
East Kewa	kjs			individual	living	Kewa, East			
Phrae Pwo Karen	kjt			individual	living	Karen, Phrae Pwo			
Kashaya	kju			individual	living				
Kaikavian Literary Language	kjv			individual	historical				
Ramopa	kjx			individual	living				
Erave	kjy			individual	living				
Bumthangkha	kjz			individual	living				
Kakanda	kka			individual	living				
Kwerisa	kkb			individual	living				
Odoodee	kkc			individual	living				
Kinuku	kkd			individual	living				
Kakabe	kke			individual	living				
Kalaktang Monpa	kkf			individual	living	Monpa, Kalaktang			
Mabaka Valley Kalinga	kkg			individual	living	Kalinga, Mabaka Valley			
Khün	kkh			individual	living				
Kagulu	kki			individual	living				
Kako	kkj			individual	living			97	
Kokota	kkk			individual	living				
Kosarek Yale	kkl			individual	living	Yale, Kosarek			
Kiong	kkm			individual	living				
Kon Keu	kkn			individual	living				
Karko	kko			individual	living				
Gugubera	kkp			individual	living				
Kaeku	kkq			individual	living				
Kir-Balar	kkr			individual	living				
Giiwo	kks			individual	living				
Koi	kkt			individual	living				
Tumi	kku			individual	living				
Kangean	kkv			individual	living				
Teke-Kukuya	kkw			individual	living				
Kohin	kkx			individual	living				
Guugu Yimidhirr	kky			individual	living				
Kaska	kkz			individual	living				
Klamath-Modoc	kla			individual	extinct				
Kiliwa	klb			individual	living				
Kolbila	klc			individual	living				
Gamilaraay	kld			individual	living				
Kulung (Nepal)	kle			individual	living				
Kendeje	klf			individual	living				
Tagakaulo	klg			individual	living				
Weliki	klh			individual	living				
Kalumpang	kli			individual	living				
Khalaj	klj			individual	living				
Kono (Nigeria)	klk			individual	living				
Kagan Kalagan	kll			individual	living	Kalagan, Kagan			
Migum	klm			individual	living				
Kalenjin	kln			macrolanguage	living			97	
Kapya	klo			individual	living				
Kamasa	klp			individual	living				
Rumu	klq			individual	living				
Khaling	klr			individual	living				
Kalasha	kls			individual	living				
Nukna	klt			individual	living				
Klao	klu			individual	living				
Maskelynes	klv			individual	living				
Tado	klw			individual	living				
Koluwawa	klx			individual	living				
Kalao	kly			individual	living				
Kabola	klz			individual	living				
Konni	kma			individual	living				
Kimbundu	kmb			individual	living			97	
Southern Dong	kmc			individual	living	Dong, Southern			
Majukayang Kalinga	kmd			individual	living	Kalinga, Majukayang			
Bakole	kme			individual	living				
Kare (Papua New Guinea)	kmf			individual	living				
Kâte	kmg			individual	living				
Kalam	kmh			individual	living				
Kami (Nigeria)	kmi			individual	living				
Kumarbhag Paharia	kmj			individual	living				
Limos Kalinga	kmk			individual	living	Kalinga, Limos			
Tanudan Kalinga	kml			individual	living	Kalinga, Tanudan			
Kom (India)	kmm			individual	living				
Awtuw	kmn			individual	living				
Kwoma	kmo			individual	living				
Gimme	kmp			individual	living				
Kwama	kmq			individual	living				
Northern Kurdish	kmr			individual	living	Kurdish, Northern			
Kamasau	kms			individual	living				
Kemtuik	kmt			individual	living				
Kanite	kmu			individual	living				
Karipúna Creole French	kmv			individual	living	Creole French, Karipúna			
Komo (Democratic Republic of Congo)	kmw			individual	living				
Waboda	kmx			individual	living				
Koma	kmy			individual	living				
Khorasani Turkish	kmz			individual	living				
Dera (Nigeria)	kna			individual	living				
Lubuagan Kalinga	knb			individual	living	Kalinga, Lubuagan			
Central Kanuri	knc			individual	living	Kanuri, Central			
Konda	knd			individual	living				
Kankanaey	kne			individual	living				
Mankanya	knf			individual	living			97	
Koongo	kng			individual	living				
Kanufi	kni			individual	living				
Western Kanjobal	knj			individual	living	Kanjobal, Western			
Kuranko	knk			individual	living				
Keninjal	knl			individual	living				
Kanamarí	knm			individual	living				
Konkani (individual language)	knn			individual	living			36	
Kono (Sierra Leone)	kno			individual	living				
Kwanja	knp			individual	living				
Kintaq	knq			individual	living				
Kaningra	knr			individual	living				
Kensiu	kns			individual	living				
Panoan Katukína	knt			individual	living	Katukína, Panoan			
Kono (Guinea)	knu			individual	living				
Tabo	knv			individual	living				
Kung-Ekoka	knw			individual	living				
Kendayan	knx			individual	living				
Kanyok	kny			individual	living				
Kalamsé	knz			individual	living				
Konomala	koa			individual	living				
Kpati	koc			individual	extinct				
Kodi	kod			individual	living				
Kacipo-Bale Suri	koe			individual	living	Suri, Kacipo-Bale			
Kubi	kof			individual	extinct				
Cogui	kog			individual	living				
Koyo	koh			individual	living				
Komi-Permyak	koi			individual	living			34	
Konkani (macrolanguage)	kok			macrolanguage	living		Konkani	36|97	
Kol (Papua New Guinea)	kol			individual	living				
Komi	kom	kv		macrolanguage	living			34	146
Kongo	kon	kg		macrolanguage	living			97	
Konzo	koo			individual	living				
Waube	kop			individual	living				
Kota (Gabon)	koq			individual	living				
Korean	kor	ko		individual	living			89	
Kosraean	kos			individual	living			97	
Lagwan	kot			individual	living				
Koke	kou			individual	living				
Kudu-Camo	kov			individual	living				
Kugama	kow			individual	living				
Koyukon	koy			individual	living				
Korak	koz			individual	living				
Kutto	kpa			individual	living				
Mullu Kurumba	kpb			individual	living	Kurumba, Mullu			
Curripaco	kpc			individual	living				
Koba	kpd			individual	living				
Kpelle	kpe			macrolanguage	living			97	
Komba	kpf			individual	living				
Kapingamarangi	kpg			individual	living				
Kplang	kph			individual	living				
Kofei	kpi			individual	living				
Karajá	kpj			individual	living				
Kpan	kpk			individual	living				
Kpala	kpl			individual	living				
Koho	kpm			individual	living				
Kepkiriwát	kpn			individual	extinct				
Ikposo	kpo			individual	living				
Korupun-Sela	kpq			individual	living				
Korafe-Yegha	kpr			individual	living				
Tehit	kps			individual	living				
Karata	kpt			individual	living				
Kafoa	kpu			individual	living				
Komi-Zyrian	kpv			individual	living				
Kobon	kpw			individual	living				
Mountain Koiali	kpx			individual	living	Koiali, Mountain			
Koryak	kpy			individual	living			34	
Kupsabiny	kpz			individual	living				
Mum	kqa			individual	living				
Kovai	kqb			individual	living				
Doromu-Koki	kqc			individual	living				
Koy Sanjaq Surat	kqd			individual	living				
Kalagan	kqe			individual	living				
Kakabai	kqf			individual	living				
Khe	kqg			individual	living				
Kisankasa	kqh			individual	living				
Koitabu	kqi			individual	living				
Koromira	kqj			individual	living				
Kotafon Gbe	kqk			individual	living	Gbe, Kotafon			
Kyenele	kql			individual	living				
Khisa	kqm			individual	living				
Kaonde	kqn			individual	living				
Eastern Krahn	kqo			individual	living	Krahn, Eastern			
Kimré	kqp			individual	living				
Krenak	kqq			individual	living				
Kimaragang	kqr			individual	living				
Northern Kissi	kqs			individual	living	Kissi, Northern			
Klias River Kadazan	kqt			individual	living	Kadazan, Klias River			
Seroa	kqu			individual	extinct				
Okolod	kqv			individual	living				
Kandas	kqw			individual	living				
Mser	kqx			individual	living				
Koorete	kqy			individual	living				
Korana	kqz			individual	extinct				
Kumhali	kra			individual	living				
Karkin	krb			individual	extinct				
Karachay-Balkar	krc			individual	living			34	
Kairui-Midiki	krd			individual	living				
Panará	kre			individual	living				
Koro (Vanuatu)	krf			individual	living				
Kurama	krh			individual	living				
Krio	kri			individual	living			97	
Kinaray-A	krj			individual	living			97	
Kerek	krk			individual	extinct				
Karelian	krl			individual	living			97	
Sapo	krn			individual	living				
Durop	krp			individual	living				
Krung	krr			individual	living				
Gbaya (Sudan)	krs			individual	living				
Tumari Kanuri	krt			individual	living	Kanuri, Tumari			
Kurukh	kru			individual	living			36	
Kavet	krv			individual	living				
Western Krahn	krw			individual	living	Krahn, Western			
Karon	krx			individual	living				
Kryts	kry			individual	living				
Sota Kanum	krz			individual	living	Kanum, Sota			
Shambala	ksb			individual	living			97	
Southern Kalinga	ksc			individual	living	Kalinga, Southern			
Kuanua	ksd			individual	living				
Kuni	kse			individual	living				
Bafia	ksf			individual	living			97	
Kusaghe	ksg			individual	living				
Kölsch	ksh			individual	living		Colognian	97	
Krisa	ksi			individual	living				
Uare	ksj			individual	living				
Kansa	ksk			individual	living				
Kumalu	ksl			individual	living				
Kumba	ksm			individual	living				
Kasiguranin	ksn			individual	living				
Kofa	kso			individual	living				
Kaba	ksp			individual	living				
Kwaami	ksq			individual	living				
Borong	ksr			individual	living				
Southern Kisi	kss			individual	living	Kisi, Southern			
Winyé	kst			individual	living				
Khamyang	ksu			individual	living				
Kusu	ksv			individual	living				
S'gaw Karen	ksw			individual	living	Karen, S'gaw			
Kedang	ksx			individual	living				
Kharia Thar	ksy			individual	living				
Kodaku	ksz			individual	living				
Katua	kta			individual	living				
Kambaata	ktb			individual	living				
Kholok	ktc			individual	living				
Kokata	ktd			individual	living				
Nubri	kte			individual	living				
Kwami	ktf			individual	living				
Kalkutung	ktg			individual	extinct				
Karanga	kth			individual	living				
North Muyu	kti			individual	living	Muyu, North			
Plapo Krumen	ktj			individual	living	Krumen, Plapo			
Kaniet	ktk			individual	extinct				
Koroshi	ktl			individual	living				
Kurti	ktm			individual	living				
Karitiâna	ktn			individual	living				
Kuot	kto			individual	living				
Kaduo	ktp			individual	living				
Katabaga	ktq			individual	extinct				
South Muyu	kts			individual	living	Muyu, South			
Ketum	ktt			individual	living				
Kituba (Democratic Republic of Congo)	ktu			individual	living				
Eastern Katu	ktv			individual	living	Katu, Eastern			
Kato	ktw			individual	extinct				
Kaxararí	ktx			individual	living				
Kango (Bas-Uélé District)	kty			individual	living				
Juǀʼhoan	ktz			individual	living				
Kuanyama	kua	kj		individual	living			97	
Kutep	kub			individual	living				
Kwinsu	kuc			individual	living				
'Auhelawa	kud			individual	living				
Kuman (Papua New Guinea)	kue			individual	living				
Western Katu	kuf			individual	living	Katu, Western			
Kupa	kug			individual	living				
Kushi	kuh			individual	living				
Kuikúro-Kalapálo	kui			individual	living				
Kuria	kuj			individual	living				
Kepo'	kuk			individual	living				
Kulere	kul			individual	living				
Kumyk	kum			individual	living			34	
Kunama	kun			individual	living				
Kumukio	kuo			individual	living				
Kunimaipa	kup			individual	living				
Karipuna	kuq			individual	living				
Kurdish	kur	ku		macrolanguage	living			97	5|34
Kusaal	kus			individual	living				
Kutenai	kut			individual	living			97	
Upper Kuskokwim	kuu			individual	living	Kuskokwim, Upper			
Kur	kuv			individual	living				
Kpagua	kuw			individual	living				
Kukatja	kux			individual	living				
Kuuku-Ya'u	kuy			individual	living				
Kunza	kuz			individual	extinct				
Bagvalal	kva			individual	living				
Kubu	kvb			individual	living				
Kove	kvc			individual	living				
Kui (Indonesia)	kvd			individual	living				
Kalabakan	kve			individual	living				
Kabalai	kvf			individual	living				
Kuni-Boazi	kvg			individual	living				
Komodo	kvh			individual	living				
Kwang	kvi			individual	living				
Psikye	kvj			individual	living				
Korean Sign Language	kvk			individual	living				
Kayaw	kvl			individual	living				
Kendem	kvm			individual	living				
Border Kuna	kvn			individual	living	Kuna, Border			
Dobel	kvo			individual	living				
Kompane	kvp			individual	living				
Geba Karen	kvq			individual	living	Karen, Geba			
Kerinci	kvr			individual	living			97	
Lahta Karen	kvt			individual	living	Karen, Lahta			
Yinbaw Karen	kvu			individual	living	Karen, Yinbaw			
Kola	kvv			individual	living				
Wersing	kvw			individual	living				
Parkari Koli	kvx			individual	living	Koli, Parkari		5	
Yintale Karen	kvy			individual	living	Karen, Yintale			
Tsakwambo	kvz			individual	living				
Dâw	kwa			individual	living				
Kwa	kwb			individual	living				
Likwala	kwc			individual	living				
Kwaio	kwd			individual	living				
Kwerba	kwe			individual	living				
Kwara'ae	kwf			individual	living				
Sara Kaba Deme	kwg			individual	living				
Kowiai	kwh			individual	living				
Awa-Cuaiquer	kwi			individual	living				
Kwanga	kwj			individual	living				
Kwak'wala	kwk			individual	living			97	
Kofyar	kwl			individual	living				
Kwambi	kwm			individual	living				
Kwangali	kwn			individual	living				
Kwomtari	kwo			individual	living				
Kodia	kwp			individual	living				
Kwer	kwr			individual	living				
Kwese	kws			individual	living				
Kwesten	kwt			individual	living				
Kwakum	kwu			individual	living				
Sara Kaba Náà	kwv			individual	living				
Kwinti	kww			individual	living				
Khirwar	kwx			individual	living				
San Salvador Kongo	kwy			individual	living	Kongo, San Salvador			
Kwadi	kwz			individual	extinct				
Kairiru	kxa			individual	living				
Krobu	kxb			individual	living				
Konso	kxc			individual	living				
Brunei	kxd			individual	living				
Manumanaw Karen	kxf			individual	living	Karen, Manumanaw			
Karo (Ethiopia)	kxh			individual	living				
Keningau Murut	kxi			individual	living	Murut, Keningau			
Kulfa	kxj			individual	living				
Zayein Karen	kxk			individual	living	Karen, Zayein			
Northern Khmer	kxm			individual	living	Khmer, Northern		200	
Kanowit-Tanjong Melanau	kxn			individual	living	Melanau, Kanowit-Tanjong			
Kanoé	kxo			individual	extinct				
Wadiyara Koli	kxp			individual	living	Koli, Wadiyara		5	
Smärky Kanum	kxq			individual	living	Kanum, Smärky			
Koro (Papua New Guinea)	kxr			individual	living				
Kangjia	kxs			individual	living				
Koiwat	kxt			individual	living				
Kuvi	kxv			individual	living			97	36|138|195
Konai	kxw			individual	living				
Likuba	kxx			individual	living				
Kayong	kxy			individual	living				
Kerewo	kxz			individual	living				
Kwaya	kya			individual	living				
Butbut Kalinga	kyb			individual	living	Kalinga, Butbut			
Kyaka	kyc			individual	living				
Karey	kyd			individual	living				
Krache	kye			individual	living				
Kouya	kyf			individual	living				
Keyagana	kyg			individual	living				
Karok	kyh			individual	living				
Kiput	kyi			individual	living				
Karao	kyj			individual	living				
Kamayo	kyk			individual	living				
Kalapuya	kyl			individual	living				
Kpatili	kym			individual	living				
Northern Binukidnon	kyn			individual	living	Binukidnon, Northern			
Kelon	kyo			individual	living				
Kang	kyp			individual	living				
Kenga	kyq			individual	living				
Kuruáya	kyr			individual	living				
Baram Kayan	kys			individual	living	Kayan, Baram			
Kayagar	kyt			individual	living				
Western Kayah	kyu			individual	living	Kayah, Western		80	
Kayort	kyv			individual	living				
Kudmali	kyw			individual	living				
Rapoisi	kyx			individual	living				
Kambaira	kyy			individual	living				
Kayabí	kyz			individual	living				
Western Karaboro	kza			individual	living	Karaboro, Western			
Kaibobo	kzb			individual	living				
Bondoukou Kulango	kzc			individual	living	Kulango, Bondoukou			
Kadai	kzd			individual	living				
Kosena	kze			individual	living				
Da'a Kaili	kzf			individual	living	Kaili, Da'a			
Kikai	kzg			individual	living				
Kelabit	kzi			individual	living				
Kazukuru	kzk			individual	extinct				
Kayeli	kzl			individual	living				
Kais	kzm			individual	living				
Kokola	kzn			individual	living				
Kaningi	kzo			individual	living				
Kaidipang	kzp			individual	living				
Kaike	kzq			individual	living				
Karang	kzr			individual	living				
Sugut Dusun	kzs			individual	living	Dusun, Sugut			
Kayupulau	kzu			individual	living				
Komyandaret	kzv			individual	living				
Karirí-Xocó	kzw			individual	extinct				
Kamarian	kzx			individual	extinct				
Kango (Tshopo District)	kzy			individual	living				
Kalabra	kzz			individual	living				
Southern Subanen	laa			individual	living	Subanen, Southern			
Linear A	lab			individual	historical			101	
Lacandon	lac			individual	living				
Ladino	lad			individual	living			66	
Pattani	lae			individual	living				
Lafofa	laf			individual	living				
Rangi	lag			individual	living		Langi	97	
Lahnda	lah			macrolanguage	living		Western Panjabi	5	
Lambya	lai			individual	living				
Lango (Uganda)	laj			individual	living			97	
Lalia	lal			individual	living				
Lamba	lam			individual	living			97	
Laru	lan			individual	living				
Lao	lao	lo		individual	living			94	
Laka (Chad)	lap			individual	living				
Qabiao	laq			individual	living				
Larteh	lar			individual	living				
Lama (Togo)	las			individual	living				
Latin	lat	la		individual	historical			97	
Laba	lau			individual	living				
Latvian	lav	lv		macrolanguage	living			97	
Lauje	law			individual	living				
Tiwa	lax			individual	living				
Lama Bai	lay			individual	living	Bai, Lama			
Aribwatsa	laz			individual	extinct				
Label	lbb			individual	living				
Lakkia	lbc			individual	living				
Lak	lbe			individual	living			34	
Tinani	lbf			individual	living				
Laopang	lbg			individual	living				
La'bi	lbi			individual	living				
Ladakhi	lbj			individual	living				
Central Bontok	lbk			individual	living	Bontok, Central			
Libon Bikol	lbl			individual	living	Bikol, Libon			
Lodhi	lbm			individual	living				
Rmeet	lbn			individual	living				
Laven	lbo			individual	living				
Wampar	lbq			individual	living				
Lohorung	lbr			individual	living				
Libyan Sign Language	lbs			individual	living				
Lachi	lbt			individual	living				
Labu	lbu			individual	living				
Lavatbura-Lamusong	lbv			individual	living				
Tolaki	lbw			individual	living			97	
Lawangan	lbx			individual	living				
Lamalama	lby			individual	extinct				
Lardil	lbz			individual	living				
Legenyem	lcc			individual	living				
Lola	lcd			individual	living				
Loncong	lce			individual	living				
Lubu	lcf			individual	living				
Luchazi	lch			individual	living				
Lisela	lcl			individual	living				
Tungag	lcm			individual	living				
Western Lawa	lcp			individual	living	Lawa, Western		200	
Luhu	lcq			individual	living				
Lisabata-Nuniali	lcs			individual	living				
Kla-Dan	lda			individual	living				
Dũya	ldb			individual	living				
Luri	ldd			individual	living				
Lenyima	ldg			individual	living				
Lamja-Dengsa-Tola	ldh			individual	living				
Laari	ldi			individual	living				
Lemoro	ldj			individual	living				
Leelau	ldk			individual	living				
Kaan	ldl			individual	living				
Landoma	ldm			individual	living				
Láadan	ldn			individual	constructed				
Loo	ldo			individual	living				
Tso	ldp			individual	living				
Lufu	ldq			individual	living				
Lega-Shabunda	lea			individual	living				
Lala-Bisa	leb			individual	living				
Leco	lec			individual	living				
Lendu	led			individual	living				
Lyélé	lee			individual	living				
Lelemi	lef			individual	living				
Lenje	leh			individual	living				
Lemio	lei			individual	living				
Lengola	lej			individual	living				
Leipon	lek			individual	living				
Lele (Democratic Republic of Congo)	lel			individual	living				
Nomaande	lem			individual	living				
Lenca	len			individual	extinct			97	
Leti (Cameroon)	leo			individual	living				
Lepcha	lep			individual	living			99	
Lembena	leq			individual	living				
Lenkau	ler			individual	living				
Lese	les			individual	living				
Lesing-Gelimi	let			individual	living				
Kara (Papua New Guinea)	leu			individual	living				
Lamma	lev			individual	living				
Ledo Kaili	lew			individual	living	Kaili, Ledo			
Luang	lex			individual	living				
Lemolang	ley			individual	living				
Lezghian	lez			individual	living			34	3
Lefa	lfa			individual	living				
Lingua Franca Nova	lfn			individual	constructed				97|34
Lungga	lga			individual	living				
Laghu	lgb			individual	living				
Lugbara	lgg			individual	living				
Laghuu	lgh			individual	living				
Lengilu	lgi			individual	living				
Lingarak	lgk			individual	living				
Wala	lgl			individual	living				
Lega-Mwenga	lgm			individual	living				
T'apo	lgn			individual	living				
Lango (South Sudan)	lgo			individual	living				
Logba	lgq			individual	living				
Lengo	lgr			individual	living				
Guinea-Bissau Sign Language	lgs			individual	living				
Pahi	lgt			individual	living				
Longgu	lgu			individual	living				
Ligenza	lgz			individual	living				
Laha (Viet Nam)	lha			individual	living				
Laha (Indonesia)	lhh			individual	living				
Lahu Shi	lhi			individual	living				
Lahul Lohar	lhl			individual	living	Lohar, Lahul			
Lhomi	lhm			individual	living				
Lahanan	lhn			individual	living				
Lhokpu	lhp			individual	living				
Mlahsö	lhs			individual	extinct				
Lo-Toga	lht			individual	living				
Lahu	lhu			individual	living				
West-Central Limba	lia			individual	living	Limba, West-Central			
Likum	lib			individual	living				
Hlai	lic			individual	living				
Nyindrou	lid			individual	living				
Likila	lie			individual	living				
Limbu	lif			individual	living			36|100	
Ligbi	lig			individual	living				
Lihir	lih			individual	living				
Ligurian	lij			individual	living			97	
Lika	lik			individual	living				
Lillooet	lil			individual	living			97	
Limburgan	lim	li		individual	living		Limburgish	97	
Lingala	lin	ln		individual	living			97	
Liki	lio			individual	living				
Sekpele	lip			individual	living				
Libido	liq			individual	living				
Liberian English	lir			individual	living	English, Liberian			
Lisu	lis			individual	living			103	
Lithuanian	lit	lt		individual	living			97	
Logorik	liu			individual	living				
Liv	liv			individual	living		Livonian	97	
Col	liw			individual	living				
Liabuku	lix			individual	living				
Banda-Bambari	liy			individual	living				
Libinza	liz			individual	living				
Golpa	lja			individual	extinct				
Rampi	lje			individual	living				
Laiyolo	lji			individual	living				
Li'o	ljl			individual	living				
Lampung Api	ljp			individual	living			97	
Yirandali	ljw			individual	living				
Yuru	ljx			individual	extinct				
Lakalei	lka			individual	living				
Kabras	lkb			individual	living				
Kucong	lkc			individual	living				
Lakondê	lkd			individual	living				
Kenyi	lke			individual	living				
Lakha	lkh			individual	living				
Laki	lki			individual	living			5	
Remun	lkj			individual	living				
Laeko-Libuat	lkl			individual	living				
Kalaamaya	lkm			individual	extinct				
Lakon	lkn			individual	living				
Khayo	lko			individual	living				
Päri	lkr			individual	living				
Kisa	lks			individual	living				
Lakota	lkt			individual	living			97	
Kungkari	lku			individual	extinct				
Lokoya	lky			individual	living				
Lala-Roba	lla			individual	living				
Lolo	llb			individual	living				
Lele (Guinea)	llc			individual	living				
Ladin	lld			individual	living			97	
Lele (Papua New Guinea)	lle			individual	living				
Hermit	llf			individual	extinct				
Lole	llg			individual	living				
Lamu	llh			individual	living				
Teke-Laali	lli			individual	living				
Ladji Ladji	llj			individual	extinct				
Lelak	llk			individual	extinct				
Lilau	lll			individual	living				
Lasalimu	llm			individual	living				
Lele (Chad)	lln			individual	living				
North Efate	llp			individual	living	Efate, North			
Lolak	llq			individual	living				
Lithuanian Sign Language	lls			individual	living				
Lau	llu			individual	living				
Lauan	llx			individual	living				
East Limba	lma			individual	living	Limba, East			
Merei	lmb			individual	living				
Limilngan	lmc			individual	extinct				
Lumun	lmd			individual	living				
Pévé	lme			individual	living				
South Lembata	lmf			individual	living	Lembata, South			
Lamogai	lmg			individual	living				
Lambichhong	lmh			individual	living				
Lombi	lmi			individual	living				
West Lembata	lmj			individual	living	Lembata, West			
Lamkang	lmk			individual	living				
Hano	lml			individual	living				
Lambadi	lmn			individual	living			195	
Lombard	lmo			individual	living			97	
Limbum	lmp			individual	living				
Lamatuka	lmq			individual	living				
Lamalera	lmr			individual	living				
Lamenu	lmu			individual	living				
Lomaiviti	lmv			individual	living				
Lake Miwok	lmw			individual	living	Miwok, Lake			
Laimbue	lmx			individual	living				
Lamboya	lmy			individual	living				
Langbashe	lna			individual	living				
Mbalanhu	lnb			individual	living				
Lundayeh	lnd			individual	living				
Langobardic	lng			individual	historical				
Lanoh	lnh			individual	living				
Daantanai'	lni			individual	living				
Leningitij	lnj			individual	extinct				
South Central Banda	lnl			individual	living	Banda, South Central			
Langam	lnm			individual	living				
Lorediakarkar	lnn			individual	living				
Lamnso'	lns			individual	living				
Longuda	lnu			individual	living				
Lanima	lnw			individual	extinct				
Lonzo	lnz			individual	living				
Loloda	loa			individual	living				
Lobi	lob			individual	living				
Inonhan	loc			individual	living				
Saluan	loe			individual	living				
Logol	lof			individual	living				
Logo	log			individual	living				
Laarim	loh			individual	living				
Loma (Côte d'Ivoire)	loi			individual	living				
Lou	loj			individual	living				
Loko	lok			individual	living				
Mongo	lol			individual	living			97	
Loma (Liberia)	lom			individual	living				
Malawi Lomwe	lon			individual	living	Lomwe, Malawi			
Lombo	loo			individual	living				
Lopa	lop			individual	living				
Lobala	loq			individual	living				
Téén	lor			individual	living				
Loniu	los			individual	living				
Otuho	lot			individual	living				
Louisiana Creole	lou			individual	living	Creole, Louisiana			
Lopi	lov			individual	living				
Tampias Lobu	low			individual	living	Lobu, Tampias			
Loun	lox			individual	living				
Loke	loy			individual	living				
Lozi	loz			individual	living			97	
Lelepa	lpa			individual	living				
Lepki	lpe			individual	living				
Long Phuri Naga	lpn			individual	living	Naga, Long Phuri			
Lipo	lpo			individual	living				
Lopit	lpx			individual	living				
Logir	lqr			individual	living				
Rara Bakati'	lra			individual	living				
Northern Luri	lrc			individual	living	Luri, Northern		5	
Laurentian	lre			individual	extinct				
Laragia	lrg			individual	extinct				
Marachi	lri			individual	living				
Loarki	lrk			individual	living				
Lari	lrl			individual	living				
Marama	lrm			individual	living				
Lorang	lrn			individual	living				
Laro	lro			individual	living				
Southern Yamphu	lrr			individual	living	Yamphu, Southern			
Larantuka Malay	lrt			individual	living	Malay, Larantuka			
Larevat	lrv			individual	living				
Lemerig	lrz			individual	living				
Lasgerdi	lsa			individual	living				
Burundian Sign Language	lsb			individual	living				
Albarradas Sign Language	lsc			individual	living				
Lishana Deni	lsd			individual	living				
Lusengo	lse			individual	living				
Lish	lsh			individual	living				
Lashi	lsi			individual	living				
Latvian Sign Language	lsl			individual	living				
Saamia	lsm			individual	living				
Tibetan Sign Language	lsn			individual	living				
Laos Sign Language	lso			individual	living				
Panamanian Sign Language	lsp			individual	living				
Aruop	lsr			individual	living				
Lasi	lss			individual	living				
Trinidad and Tobago Sign Language	lst			individual	living				
Sivia Sign Language	lsv			individual	living				
Seychelles Sign Language	lsw			individual	living				
Mauritian Sign Language	lsy			individual	living				
Late Middle Chinese	ltc			individual	historical	Chinese, Late Middle			
Latgalian	ltg			individual	living			97	
Thur	lth			individual	living				
Leti (Indonesia)	lti			individual	living				
Latundê	ltn			individual	living				
Tsotso	lto			individual	living				
Tachoni	lts			individual	living				
Latu	ltu			individual	living				
Luxembourgish	ltz	lb		individual	living			97	
Luba-Lulua	lua			individual	living			97	
Luba-Katanga	lub	lu		individual	living			97	
Aringa	luc			individual	living				
Ludian	lud			individual	living				
Luvale	lue			individual	living				
Laua	luf			individual	living				
Ganda	lug	lg		individual	living			97	
Leizhou Chinese	luh			individual	living	Chinese, Leizhou			
Luiseno	lui			individual	extinct			97	
Luna	luj			individual	living				
Lunanakha	luk			individual	living				
Olu'bo	lul			individual	living				
Luimbi	lum			individual	living				
Lunda	lun			individual	living			97	
Luo (Kenya and Tanzania)	luo			individual	living		Luo	97	
Lumbu	lup			individual	living				
Lucumi	luq			individual	living				
Laura	lur			individual	living				
Lushai	lus			individual	living		Mizo	14	
Lushootseed	lut			individual	extinct			97	
Lumba-Yakkha	luu			individual	living				
Luwati	luv			individual	living				
Luo (Cameroon)	luw			individual	living				
Luyia	luy			macrolanguage	living			97	
Southern Luri	luz			individual	living	Luri, Southern		5	
Maku'a	lva			individual	living				
Lavi	lvi			individual	living				
Lavukaleve	lvk			individual	living				
Lwel	lvl			individual	living				
Standard Latvian	lvs			individual	living	Latvian, Standard			
Levuka	lvu			individual	living				
Lwalu	lwa			individual	living				
Lewo Eleng	lwe			individual	living				
Wanga	lwg			individual	living				
White Lachi	lwh			individual	living	Lachi, White			
Eastern Lawa	lwl			individual	living	Lawa, Eastern		200	
Laomian	lwm			individual	living				
Luwo	lwo			individual	living				
Malawian Sign Language	lws			individual	living				
Lewotobi	lwt			individual	living				
Lawu	lwu			individual	living				
Lewo	lww			individual	living				
Lakurumau	lxm			individual	living				
Layakha	lya			individual	living				
Lyngngam	lyg			individual	living				
Luyana	lyn			individual	living				
Literary Chinese	lzh			individual	historical	Chinese, Literary		64	
Litzlitz	lzl			individual	living				
Leinong Naga	lzn			individual	living	Naga, Leinong			
Laz	lzz			individual	living			97	49
San Jerónimo Tecóatl Mazatec	maa			individual	living	Mazatec, San Jerónimo Tecóatl			
Yutanduchi Mixtec	mab			individual	living	Mixtec, Yutanduchi			
Madurese	mad			individual	living			97	
Bo-Rukul	mae			individual	living				
Mafa	maf			individual	living			97	
Magahi	mag			individual	living			36	
Marshallese	mah	mh		individual	living			97	
Maithili	mai			individual	living			36	202
Jalapa De Díaz Mazatec	maj			individual	living	Mazatec, Jalapa De Díaz			
Makasar	mak			individual	living			97	21
Malayalam	mal	ml		individual	living			117	
Mam	mam			individual	living				
Mandingo	man			macrolanguage	living			97|132	
Chiquihuitlán Mazatec	maq			individual	living	Mazatec, Chiquihuitlán			
Marathi	mar	mr		individual	living			36	118
Masai	mas			individual	living			97	
San Francisco Matlatzinca	mat			individual	living	Matlatzinca, San Francisco			
Huautla Mazatec	mau			individual	living	Mazatec, Huautla			
Sateré-Mawé	mav			individual	living				
Mampruli	maw			individual	living				
North Moluccan Malay	max			individual	living	Malay, North Moluccan			
Central Mazahua	maz			individual	living	Mazahua, Central		97	
Higaonon	mba			individual	living				
Western Bukidnon Manobo	mbb			individual	living	Manobo, Western Bukidnon			
Macushi	mbc			individual	living				
Dibabawon Manobo	mbd			individual	living	Manobo, Dibabawon			
Molale	mbe			individual	extinct				
Baba Malay	mbf			individual	living	Malay, Baba			
Mangseng	mbh			individual	living				
Ilianen Manobo	mbi			individual	living	Manobo, Ilianen			
Nadëb	mbj			individual	living				
Malol	mbk			individual	living				
Maxakalí	mbl			individual	living				
Ombamba	mbm			individual	living				
Macaguán	mbn			individual	living				
Mbo (Cameroon)	mbo			individual	living				
Malayo	mbp			individual	living				
Maisin	mbq			individual	living				
Nukak Makú	mbr			individual	living				
Sarangani Manobo	mbs			individual	living	Manobo, Sarangani			
Matigsalug Manobo	mbt			individual	living	Manobo, Matigsalug			
Mbula-Bwazza	mbu			individual	living				
Mbulungish	mbv			individual	living				
Maring	mbw			individual	living				
Mari (East Sepik Province)	mbx			individual	living				
Memoni	mby			individual	living				
Amoltepec Mixtec	mbz			individual	living	Mixtec, Amoltepec			
Maca	mca			individual	living				
Machiguenga	mcb			individual	living				
Bitur	mcc			individual	living				
Sharanahua	mcd			individual	living				
Itundujia Mixtec	mce			individual	living	Mixtec, Itundujia			
Matsés	mcf			individual	living				
Mapoyo	mcg			individual	living				
Maquiritari	mch			individual	living				
Mese	mci			individual	living				
Mvanip	mcj			individual	living				
Mbunda	mck			individual	living				
Macaguaje	mcl			individual	extinct				
Malaccan Creole Portuguese	mcm			individual	living	Creole Portuguese, Malaccan			
Masana	mcn			individual	living				
Coatlán Mixe	mco			individual	living	Mixe, Coatlán			
Makaa	mcp			individual	living				
Ese	mcq			individual	living				
Menya	mcr			individual	living				
Mambai	mcs			individual	living				
Mengisa	mct			individual	living				
Cameroon Mambila	mcu			individual	living	Mambila, Cameroon			
Minanibai	mcv			individual	living				
Mawa (Chad)	mcw			individual	living				
Mpiemo	mcx			individual	living				
South Watut	mcy			individual	living	Watut, South			
Mawan	mcz			individual	living				
Mada (Nigeria)	mda			individual	living				
Morigi	mdb			individual	living				
Male (Papua New Guinea)	mdc			individual	living				
Mbum	mdd			individual	living				
Maba (Chad)	mde			individual	living		Maba		
Moksha	mdf			individual	living			34	
Massalat	mdg			individual	living				
Maguindanaon	mdh			individual	living			97	
Mamvu	mdi			individual	living				
Mangbetu	mdj			individual	living				
Mangbutu	mdk			individual	living				
Maltese Sign Language	mdl			individual	living				
Mayogo	mdm			individual	living				
Mbati	mdn			individual	living				
Mbala	mdp			individual	living				
Mbole	mdq			individual	living				
Mandar	mdr			individual	living			97	21
Maria (Papua New Guinea)	mds			individual	living				
Mbere	mdt			individual	living			97	
Mboko	mdu			individual	living				
Santa Lucía Monteverde Mixtec	mdv			individual	living	Mixtec, Santa Lucía Monteverde			
Mbosi	mdw			individual	living				
Dizin	mdx			individual	living				
Male (Ethiopia)	mdy			individual	living				
Suruí Do Pará	mdz			individual	living				
Menka	mea			individual	living				
Ikobi	meb			individual	living				
Marra	mec			individual	living				
Melpa	med			individual	living				
Mengen	mee			individual	living				
Megam	mef			individual	living				
Southwestern Tlaxiaco Mixtec	meh			individual	living	Mixtec, Southwestern Tlaxiaco			
Midob	mei			individual	living				
Meyah	mej			individual	living				
Mekeo	mek			individual	living				
Central Melanau	mel			individual	living	Melanau, Central			
Mangala	mem			individual	extinct				
Mende (Sierra Leone)	men			individual	living		Mende	97	114
Kedah Malay	meo			individual	living	Malay, Kedah			
Miriwoong	mep			individual	living				
Merey	meq			individual	living				
Meru	mer			individual	living			97	
Masmaje	mes			individual	living				
Mato	met			individual	living				
Motu	meu			individual	living				
Mano	mev			individual	living				
Maaka	mew			individual	living				
Hassaniyya	mey			individual	living			5	97
Menominee	mez			individual	living				
Pattani Malay	mfa			individual	living	Malay, Pattani		5	
Bangka	mfb			individual	living				
Mba	mfc			individual	living				
Mendankwe-Nkwen	mfd			individual	living				
Morisyen	mfe			individual	living			97	
Naki	mff			individual	living				
Mogofin	mfg			individual	living				
Matal	mfh			individual	living				
Wandala	mfi			individual	living				
Mefele	mfj			individual	living				
North Mofu	mfk			individual	living	Mofu, North			
Putai	mfl			individual	living				
Marghi South	mfm			individual	living				
Cross River Mbembe	mfn			individual	living	Mbembe, Cross River			
Mbe	mfo			individual	living				
Makassar Malay	mfp			individual	living	Malay, Makassar			
Moba	mfq			individual	living				
Marrithiyel	mfr			individual	living				
Mexican Sign Language	mfs			individual	living				
Mokerang	mft			individual	living				
Mbwela	mfu			individual	living				
Mandjak	mfv			individual	living			97	
Mulaha	mfw			individual	extinct				
Melo	mfx			individual	living				
Mayo	mfy			individual	living				
Mabaan	mfz			individual	living				
Middle Irish (900-1200)	mga			individual	historical	Irish, Middle (900-1200)	Middle Irish		
Mararit	mgb			individual	living				
Morokodo	mgc			individual	living				
Moru	mgd			individual	living				
Mango	mge			individual	living				
Maklew	mgf			individual	living				
Mpumpong	mgg			individual	living				
Makhuwa-Meetto	mgh			individual	living			97	
Lijili	mgi			individual	living				
Abureni	mgj			individual	living				
Mawes	mgk			individual	living				
Maleu-Kilenge	mgl			individual	living				
Mambae	mgm			individual	living				
Mbangi	mgn			individual	living				
Meta'	mgo			individual	living			97	
Eastern Magar	mgp			individual	living	Magar, Eastern		36	
Malila	mgq			individual	living				
Mambwe-Lungu	mgr			individual	living				
Manda (Tanzania)	mgs			individual	living				
Mongol	mgt			individual	living				
Mailu	mgu			individual	living				
Matengo	mgv			individual	living				
Matumbi	mgw			individual	living				
Mbunga	mgy			individual	living			97	
Mbugwe	mgz			individual	living				
Manda (India)	mha			individual	living				
Mahongwe	mhb			individual	living				
Mocho	mhc			individual	living				
Mbugu	mhd			individual	living				
Besisi	mhe			individual	living				
Mamaa	mhf			individual	living				
Margu	mhg			individual	living				
Ma'di	mhi			individual	living				
Mogholi	mhj			individual	living				
Mungaka	mhk			individual	living				
Mauwake	mhl			individual	living				
Makhuwa-Moniga	mhm			individual	living				
Mòcheno	mhn			individual	living			97	
Mashi (Zambia)	mho			individual	living				
Balinese Malay	mhp			individual	living	Malay, Balinese			
Mandan	mhq			individual	living				
Eastern Mari	mhr			individual	living	Mari, Eastern			
Buru (Indonesia)	mhs			individual	living				
Mandahuaca	mht			individual	living				
Digaro-Mishmi	mhu			individual	living				
Mbukushu	mhw			individual	living				
Maru	mhx			individual	living				
Ma'anyan	mhy			individual	living				
Mor (Mor Islands)	mhz			individual	living				
Miami	mia			individual	living				
Atatláhuca Mixtec	mib			individual	living	Mixtec, Atatláhuca			
Mi'kmaq	mic			individual	living		Mi'kmaw	97	
Mandaic	mid			individual	living				
Ocotepec Mixtec	mie			individual	living	Mixtec, Ocotepec			
Mofu-Gudur	mif			individual	living				
San Miguel El Grande Mixtec	mig			individual	living	Mixtec, San Miguel El Grande			
Chayuco Mixtec	mih			individual	living	Mixtec, Chayuco			
Chigmecatitlán Mixtec	mii			individual	living	Mixtec, Chigmecatitlán			
Abar	mij			individual	living				
Mikasuki	mik			individual	living				
Peñoles Mixtec	mil			individual	living	Mixtec, Peñoles			
Alacatlatzala Mixtec	mim			individual	living	Mixtec, Alacatlatzala			
Minangkabau	min			individual	living			97	
Pinotepa Nacional Mixtec	mio			individual	living	Mixtec, Pinotepa Nacional			
Apasco-Apoala Mixtec	mip			individual	living	Mixtec, Apasco-Apoala			
Mískito	miq			individual	living				
Isthmus Mixe	mir			individual	living	Mixe, Isthmus			
Uncoded languages	mis			special	special				
Southern Puebla Mixtec	mit			individual	living	Mixtec, Southern Puebla			
Cacaloxtepec Mixtec	miu			individual	living	Mixtec, Cacaloxtepec			
Akoye	miw			individual	living				
Mixtepec Mixtec	mix			individual	living	Mixtec, Mixtepec			
Ayutla Mixtec	miy			individual	living	Mixtec, Ayutla			
Coatzospan Mixtec	miz			individual	living	Mixtec, Coatzospan			
Makalero	mjb			individual	living				
San Juan Colorado Mixtec	mjc			individual	living	Mixtec, San Juan Colorado			
Northwest Maidu	mjd			individual	living	Maidu, Northwest			
Muskum	mje			individual	extinct				
Tu	mjg			individual	living				
Mwera (Nyasa)	mjh			individual	living				
Kim Mun	mji			individual	living				
Mawak	mjj			individual	living				
Matukar	mjk			individual	living				
Mandeali	mjl			individual	living				
Medebur	mjm			individual	living				
Ma (Papua New Guinea)	mjn			individual	living				
Malankuravan	mjo			individual	living				
Malapandaram	mjp			individual	living				
Malaryan	mjq			individual	extinct				
Malavedan	mjr			individual	living				
Miship	mjs			individual	living				
Sauria Paharia	mjt			individual	living				
Manna-Dora	mju			individual	living				
Mannan	mjv			individual	living				
Karbi	mjw			individual	living				
Mahali	mjx			individual	living				
Mahican	mjy			individual	extinct				
Majhi	mjz			individual	living				
Mbre	mka			individual	living				
Mal Paharia	mkb			individual	living				
Siliput	mkc			individual	living				
Macedonian	mkd	mk	mac	individual	living			34	
Mawchi	mke			individual	living				
Miya	mkf			individual	living				
Mak (China)	mkg			individual	living				
Dhatki	mki			individual	living				
Mokilese	mkj			individual	living				
Byep	mkk			individual	living				
Mokole	mkl			individual	living				
Moklen	mkm			individual	living				
Kupang Malay	mkn			individual	living	Malay, Kupang			
Mingang Doso	mko			individual	living				
Moikodi	mkp			individual	living				
Bay Miwok	mkq			individual	extinct	Miwok, Bay			
Malas	mkr			individual	living				
Silacayoapan Mixtec	mks			individual	living	Mixtec, Silacayoapan			
Vamale	mkt			individual	living				
Konyanka Maninka	mku			individual	living	Maninka, Konyanka			
Mafea	mkv			individual	living				
Kituba (Congo)	mkw			individual	living				
Kinamiging Manobo	mkx			individual	living	Manobo, Kinamiging			
East Makian	mky			individual	living	Makian, East			
Makasae	mkz			individual	living				
Malo	mla			individual	living				
Mbule	mlb			individual	living				
Cao Lan	mlc			individual	living				
Manambu	mle			individual	living				
Mal	mlf			individual	living				
Malagasy	mlg	mg		macrolanguage	living			97	
Mape	mlh			individual	living				
Malimpung	mli			individual	living				
Miltu	mlj			individual	living				
Ilwana	mlk			individual	living				
Malua Bay	mll			individual	living				
Mulam	mlm			individual	living				
Malango	mln			individual	living				
Mlomp	mlo			individual	living				
Bargam	mlp			individual	living				
Western Maninkakan	mlq			individual	living	Maninkakan, Western			
Vame	mlr			individual	living				
Masalit	mls			individual	living			97	
Maltese	mlt	mt		individual	living			97	
To'abaita	mlu			individual	living				
Motlav	mlv			individual	living				
Moloko	mlw			individual	living				
Malfaxal	mlx			individual	living				
Malaynon	mlz			individual	living				
Mama	mma			individual	living				
Momina	mmb			individual	living				
Michoacán Mazahua	mmc			individual	living	Mazahua, Michoacán			
Maonan	mmd			individual	living				
Mae	mme			individual	living				
Mundat	mmf			individual	living				
North Ambrym	mmg			individual	living	Ambrym, North			
Mehináku	mmh			individual	living				
Hember Avu	mmi			individual	living				
Majhwar	mmj			individual	living				
Mukha-Dora	mmk			individual	living				
Man Met	mml			individual	living				
Maii	mmm			individual	living				
Mamanwa	mmn			individual	living				
Mangga Buang	mmo			individual	living	Buang, Mangga			
Siawi	mmp			individual	living				
Musak	mmq			individual	living				
Western Xiangxi Miao	mmr			individual	living	Miao, Western Xiangxi			
Malalamai	mmt			individual	living				
Mmaala	mmu			individual	living				
Miriti	mmv			individual	extinct				
Emae	mmw			individual	living				
Madak	mmx			individual	living				
Migaama	mmy			individual	living				
Mabaale	mmz			individual	living				
Mbula	mna			individual	living				
Muna	mnb			individual	living				
Manchu	mnc			individual	living			119	
Mondé	mnd			individual	living				
Naba	mne			individual	living				
Mundani	mnf			individual	living				
Eastern Mnong	mng			individual	living	Mnong, Eastern			
Mono (Democratic Republic of Congo)	mnh			individual	living				
Manipuri	mni			individual	living			14	122
Munji	mnj			individual	living				
Mandinka	mnk			individual	living				
Tiale	mnl			individual	living				
Mapena	mnm			individual	living				
Southern Mnong	mnn			individual	living	Mnong, Southern			
Min Bei Chinese	mnp			individual	living	Chinese, Min Bei			
Minriq	mnq			individual	living				
Mono (USA)	mnr			individual	living				
Mansi	mns			individual	living			34	
Mer	mnu			individual	living				
Rennell-Bellona	mnv			individual	living				
Mon	mnw			individual	living			124	
Manikion	mnx			individual	living				
Manyawa	mny			individual	living				
Moni	mnz			individual	living				
Mwan	moa			individual	living				
Mocoví	moc			individual	living				
Mobilian	mod			individual	extinct				
Innu	moe			individual	living		Innu-aimun	97	
Mongondow	mog			individual	living				
Mohawk	moh			individual	living			97	
Mboi	moi			individual	living				
Monzombo	moj			individual	living				
Morori	mok			individual	living				
Mangue	mom			individual	extinct				
Mongolian	mon	mn		macrolanguage	living			34	119|147
Monom	moo			individual	living				
Mopán Maya	mop			individual	living				
Mor (Bomberai Peninsula)	moq			individual	living				
Moro	mor			individual	living				
Mossi	mos			individual	living			97	
Barí	mot			individual	living				
Mogum	mou			individual	living				
Mohave	mov			individual	living				
Moi (Congo)	mow			individual	living				
Molima	mox			individual	living				
Shekkacho	moy			individual	living				
Mukulu	moz			individual	living				
Mpoto	mpa			individual	living				
Malak Malak	mpb			individual	living				
Mangarrayi	mpc			individual	living				
Machinere	mpd			individual	living				
Majang	mpe			individual	living				
Marba	mpg			individual	living				
Maung	mph			individual	living				
Mpade	mpi			individual	living				
Martu Wangka	mpj			individual	living				
Mbara (Chad)	mpk			individual	living				
Middle Watut	mpl			individual	living	Watut, Middle			
Yosondúa Mixtec	mpm			individual	living	Mixtec, Yosondúa			
Mindiri	mpn			individual	living				
Miu	mpo			individual	living				
Migabac	mpp			individual	living				
Matís	mpq			individual	living				
Vangunu	mpr			individual	living				
Dadibi	mps			individual	living				
Mian	mpt			individual	living				
Makuráp	mpu			individual	living				
Mungkip	mpv			individual	living				
Mapidian	mpw			individual	living				
Misima-Panaeati	mpx			individual	living				
Mapia	mpy			individual	living				
Mpi	mpz			individual	living				
Maba (Indonesia)	mqa			individual	living				
Mbuko	mqb			individual	living				
Mangole	mqc			individual	living				
Matepi	mqe			individual	living				
Momuna	mqf			individual	living				
Kota Bangun Kutai Malay	mqg			individual	living	Malay, Kota Bangun Kutai			
Tlazoyaltepec Mixtec	mqh			individual	living	Mixtec, Tlazoyaltepec			
Mariri	mqi			individual	living				
Mamasa	mqj			individual	living				
Rajah Kabunsuwan Manobo	mqk			individual	living	Manobo, Rajah Kabunsuwan			
Mbelime	mql			individual	living				
South Marquesan	mqm			individual	living	Marquesan, South			
Moronene	mqn			individual	living				
Modole	mqo			individual	living				
Manipa	mqp			individual	living				
Minokok	mqq			individual	living				
Mander	mqr			individual	living				
West Makian	mqs			individual	living	Makian, West			
Mok	mqt			individual	living				
Mandari	mqu			individual	living				
Mosimo	mqv			individual	living				
Murupi	mqw			individual	living				
Mamuju	mqx			individual	living				
Manggarai	mqy			individual	living				
Pano	mqz			individual	living				
Mlabri	mra			individual	living				
Marino	mrb			individual	living				
Maricopa	mrc			individual	living				
Western Magar	mrd			individual	living	Magar, Western		36	
Martha's Vineyard Sign Language	mre			individual	extinct				
Elseng	mrf			individual	living				
Mising	mrg			individual	living				
Mara Chin	mrh			individual	living	Chin, Mara			
Maori	mri	mi	mao	individual	living			97	
Western Mari	mrj			individual	living	Mari, Western		34	
Hmwaveke	mrk			individual	living				
Mortlockese	mrl			individual	living				
Merlav	mrm			individual	living				
Cheke Holo	mrn			individual	living				
Mru	mro			individual	living			97	121
Morouas	mrp			individual	living				
North Marquesan	mrq			individual	living	Marquesan, North			
Maria (India)	mrr			individual	living				
Maragus	mrs			individual	living				
Marghi Central	mrt			individual	living				
Mono (Cameroon)	mru			individual	living				
Mangareva	mrv			individual	living				
Maranao	mrw			individual	living				
Maremgi	mrx			individual	living				
Mandaya	mry			individual	living				
Marind	mrz			individual	living				
Malay (macrolanguage)	msa	ms	may	macrolanguage	living		Malay	97|5	
Masbatenyo	msb			individual	living				
Sankaran Maninka	msc			individual	living	Maninka, Sankaran			
Yucatec Maya Sign Language	msd			individual	living				
Musey	mse			individual	living				
Mekwei	msf			individual	living				
Moraid	msg			individual	living				
Masikoro Malagasy	msh			individual	living	Malagasy, Masikoro			
Sabah Malay	msi			individual	living	Malay, Sabah			
Ma (Democratic Republic of Congo)	msj			individual	living				
Mansaka	msk			individual	living				
Molof	msl			individual	living				
Agusan Manobo	msm			individual	living	Manobo, Agusan			
Vurës	msn			individual	living				
Mombum	mso			individual	living				
Maritsauá	msp			individual	extinct				
Caac	msq			individual	living				
Mongolian Sign Language	msr			individual	living				
West Masela	mss			individual	living	Masela, West			
Musom	msu			individual	living				
Maslam	msv			individual	living				
Mansoanka	msw			individual	living				
Moresada	msx			individual	living				
Aruamu	msy			individual	living				
Momare	msz			individual	living				
Cotabato Manobo	mta			individual	living	Manobo, Cotabato			
Anyin Morofo	mtb			individual	living				
Munit	mtc			individual	living				
Mualang	mtd			individual	living				
Mono (Solomon Islands)	mte			individual	living				
Murik (Papua New Guinea)	mtf			individual	living				
Una	mtg			individual	living				
Munggui	mth			individual	living				
Maiwa (Papua New Guinea)	mti			individual	living				
Moskona	mtj			individual	living				
Mbe'	mtk			individual	living				
Montol	mtl			individual	living				
Mator	mtm			individual	extinct				
Matagalpa	mtn			individual	extinct				
Totontepec Mixe	mto			individual	living	Mixe, Totontepec			
Wichí Lhamtés Nocten	mtp			individual	living				
Muong	mtq			individual	living				
Mewari	mtr			individual	living			36	
Yora	mts			individual	living				
Mota	mtt			individual	living				
Tututepec Mixtec	mtu			individual	living	Mixtec, Tututepec			
Asaro'o	mtv			individual	living				
Southern Binukidnon	mtw			individual	living	Binukidnon, Southern			
Tidaá Mixtec	mtx			individual	living	Mixtec, Tidaá			
Nabi	mty			individual	living				
Mundang	mua			individual	living			97	
Mubi	mub			individual	living				
Ajumbu	muc			individual	living				
Mednyj Aleut	mud			individual	living	Aleut, Mednyj			
Media Lengua	mue			individual	living				
Musgu	mug			individual	living				
Mündü	muh			individual	living				
Musi	mui			individual	living				
Mabire	muj			individual	living				
Mugom	muk			individual	living				
Multiple languages	mul			special	special				
Maiwala	mum			individual	living				
Nyong	muo			individual	living				
Malvi	mup			individual	living				
Eastern Xiangxi Miao	muq			individual	living	Miao, Eastern Xiangxi			
Murle	mur			individual	living				
Creek	mus			individual	living		Muscogee|Mvskoke	97	
Western Muria	mut			individual	living	Muria, Western			
Yaaku	muu			individual	living				
Muthuvan	muv			individual	living				
Bo-Ung	mux			individual	living				
Muyang	muy			individual	living				
Mursi	muz			individual	living				
Manam	mva			individual	living				
Mattole	mvb			individual	extinct				
Mamboru	mvd			individual	living				
Marwari (Pakistan)	mve			individual	living				
Peripheral Mongolian	mvf			individual	living	Mongolian, Peripheral			
Yucuañe Mixtec	mvg			individual	living	Mixtec, Yucuañe			
Mulgi	mvh			individual	living				
Miyako	mvi			individual	living				
Mekmek	mvk			individual	living				
Mbara (Australia)	mvl			individual	extinct				
Minaveha	mvn			individual	living				
Marovo	mvo			individual	living				
Duri	mvp			individual	living				
Moere	mvq			individual	living				
Marau	mvr			individual	living				
Massep	mvs			individual	living				
Mpotovoro	mvt			individual	living				
Marfa	mvu			individual	living				
Tagal Murut	mvv			individual	living	Murut, Tagal			
Machinga	mvw			individual	living				
Meoswar	mvx			individual	living				
Indus Kohistani	mvy			individual	living	Kohistani, Indus		5	
Mesqan	mvz			individual	living				
Mwatebu	mwa			individual	living				
Juwal	mwb			individual	living				
Are	mwc			individual	living				
Mwera (Chimwera)	mwe			individual	living				
Murrinh-Patha	mwf			individual	living				
Aiklep	mwg			individual	living				
Mouk-Aria	mwh			individual	living				
Labo	mwi			individual	living				
Kita Maninkakan	mwk			individual	living	Maninkakan, Kita		97	
Mirandese	mwl			individual	living			97	
Sar	mwm			individual	living				
Nyamwanga	mwn			individual	living				
Central Maewo	mwo			individual	living	Maewo, Central			
Kala Lagaw Ya	mwp			individual	living				
Mün Chin	mwq			individual	living	Chin, Mün			
Marwari	mwr			macrolanguage	living			36	
Mwimbi-Muthambi	mws			individual	living				
Moken	mwt			individual	living				
Mittu	mwu			individual	extinct				
Mentawai	mwv			individual	living			97	
Hmong Daw	mww			individual	living			97	70
Moingi	mwz			individual	living				
Northwest Oaxaca Mixtec	mxa			individual	living	Mixtec, Northwest Oaxaca			
Tezoatlán Mixtec	mxb			individual	living	Mixtec, Tezoatlán			
Manyika	mxc			individual	living			97	
Modang	mxd			individual	living				
Mele-Fila	mxe			individual	living				
Malgbe	mxf			individual	living				
Mbangala	mxg			individual	living				
Mvuba	mxh			individual	living				
Mozarabic	mxi			individual	historical				
Miju-Mishmi	mxj			individual	living				
Monumbo	mxk			individual	living				
Maxi Gbe	mxl			individual	living	Gbe, Maxi			
Meramera	mxm			individual	living				
Moi (Indonesia)	mxn			individual	living				
Mbowe	mxo			individual	living				
Tlahuitoltepec Mixe	mxp			individual	living	Mixe, Tlahuitoltepec			
Juquila Mixe	mxq			individual	living	Mixe, Juquila			
Murik (Malaysia)	mxr			individual	living				
Huitepec Mixtec	mxs			individual	living	Mixtec, Huitepec			
Jamiltepec Mixtec	mxt			individual	living	Mixtec, Jamiltepec			
Mada (Cameroon)	mxu			individual	living				
Metlatónoc Mixtec	mxv			individual	living	Mixtec, Metlatónoc			
Namo	mxw			individual	living				
Mahou	mxx			individual	living				
Southeastern Nochixtlán Mixtec	mxy			individual	living	Mixtec, Southeastern Nochixtlán			
Central Masela	mxz			individual	living	Masela, Central			
Burmese	mya	my	bur	individual	living		Myanmar Language	124	
Mbay	myb			individual	living				
Mayeka	myc			individual	living				
Myene	mye			individual	living				
Bambassi	myf			individual	living				
Manta	myg			individual	living				
Makah	myh			individual	living				
Mangayat	myj			individual	living				
Mamara Senoufo	myk			individual	living	Senoufo, Mamara			
Moma	myl			individual	living				
Me'en	mym			individual	living				
Anfillo	myo			individual	living				
Pirahã	myp			individual	living				
Muniche	myr			individual	living				
Mesmes	mys			individual	extinct				
Mundurukú	myu			individual	living				
Erzya	myv			individual	living			34	
Muyuw	myw			individual	living				
Masaaba	myx			individual	living			97	
Macuna	myy			individual	living				
Classical Mandaic	myz			individual	historical	Mandaic, Classical		109	
Santa María Zacatepec Mixtec	mza			individual	living	Mixtec, Santa María Zacatepec			
Tumzabt	mzb			individual	living			5	97
Madagascar Sign Language	mzc			individual	living				
Malimba	mzd			individual	living				
Morawa	mze			individual	living				
Monastic Sign Language	mzg			individual	living				
Wichí Lhamtés Güisnay	mzh			individual	living				
Ixcatlán Mazatec	mzi			individual	living	Mazatec, Ixcatlán			
Manya	mzj			individual	living				
Nigeria Mambila	mzk			individual	living	Mambila, Nigeria			
Mazatlán Mixe	mzl			individual	living	Mixe, Mazatlán			
Mumuye	mzm			individual	living				
Mazanderani	mzn			individual	living			5	
Matipuhy	mzo			individual	extinct				
Movima	mzp			individual	living				
Mori Atas	mzq			individual	living				
Marúbo	mzr			individual	living				
Macanese	mzs			individual	living				
Mintil	mzt			individual	living				
Inapang	mzu			individual	living				
Manza	mzv			individual	living				
Deg	mzw			individual	living				
Mawayana	mzx			individual	living				
Mozambican Sign Language	mzy			individual	living				
Maiadomu	mzz			individual	living				
Namla	naa			individual	living				
Southern Nambikuára	nab			individual	living	Nambikuára, Southern			
Narak	nac			individual	living				
Naka'ela	nae			individual	extinct				
Nabak	naf			individual	living				
Naga Pidgin	nag			individual	living				
Nalu	naj			individual	living				
Nakanai	nak			individual	living				
Nalik	nal			individual	living				
Ngan'gityemerri	nam			individual	living				
Min Nan Chinese	nan			individual	living	Chinese, Min Nan		63	64
Naaba	nao			individual	living				
Neapolitan	nap			individual	living			97	
Khoekhoe	naq			individual	living		Nama	97	
Iguta	nar			individual	living				
Naasioi	nas			individual	living				
Ca̱hungwa̱rya̱	nat			individual	living				
Nauru	nau	na		individual	living			97	
Navajo	nav	nv		individual	living			97	
Nawuri	naw			individual	living				
Nakwi	nax			individual	living				
Ngarrindjeri	nay			individual	extinct				
Coatepec Nahuatl	naz			individual	living	Nahuatl, Coatepec			
Nyemba	nba			individual	living				
Ndoe	nbb			individual	living				
Chang Naga	nbc			individual	living	Naga, Chang			
Ngbinda	nbd			individual	living				
Konyak Naga	nbe			individual	living	Naga, Konyak			
Nagarchal	nbg			individual	living				
Ngamo	nbh			individual	living				
Mao Naga	nbi			individual	living	Naga, Mao			
Ngarinyman	nbj			individual	living				
Nake	nbk			individual	living				
South Ndebele	nbl	nr		individual	living	Ndebele, South		97	
Ngbaka Ma'bo	nbm			individual	living				
Kuri	nbn			individual	living				
Nkukoli	nbo			individual	living				
Nnam	nbp			individual	living				
Nggem	nbq			individual	living				
Numana	nbr			individual	living				
Namibian Sign Language	nbs			individual	living				
Na	nbt			individual	living				
Rongmei Naga	nbu			individual	living	Naga, Rongmei			
Ngamambo	nbv			individual	living				
Southern Ngbandi	nbw			individual	living	Ngbandi, Southern			
Ningera	nby			individual	living				
Iyo	nca			individual	living				
Central Nicobarese	ncb			individual	living	Nicobarese, Central			
Ponam	ncc			individual	living				
Nachering	ncd			individual	living				
Yale	nce			individual	living				
Notsi	ncf			individual	living				
Nisga'a	ncg			individual	living				
Central Huasteca Nahuatl	nch			individual	living	Nahuatl, Central Huasteca		97	
Classical Nahuatl	nci			individual	historical	Nahuatl, Classical			
Northern Puebla Nahuatl	ncj			individual	living	Nahuatl, Northern Puebla			
Na-kara	nck			individual	living				
Michoacán Nahuatl	ncl			individual	living	Nahuatl, Michoacán			
Nambo	ncm			individual	living				
Nauna	ncn			individual	living				
Sibe	nco			individual	living				
Northern Katang	ncq			individual	living	Katang, Northern			
Ncane	ncr			individual	living				
Nicaraguan Sign Language	ncs			individual	living				
Chothe Naga	nct			individual	living	Naga, Chothe			
Chumburung	ncu			individual	living				
Central Puebla Nahuatl	ncx			individual	living	Nahuatl, Central Puebla			
Natchez	ncz			individual	extinct				
Ndasa	nda			individual	living				
Kenswei Nsei	ndb			individual	living				
Ndau	ndc			individual	living			97	
Nde-Nsele-Nta	ndd			individual	living				
North Ndebele	nde	nd		individual	living	Ndebele, North		97	
Nadruvian	ndf			individual	historical				
Ndengereko	ndg			individual	living				
Ndali	ndh			individual	living				
Samba Leko	ndi			individual	living				
Ndamba	ndj			individual	living				
Ndaka	ndk			individual	living				
Ndolo	ndl			individual	living				
Ndam	ndm			individual	living				
Ngundi	ndn			individual	living				
Ndonga	ndo	ng		individual	living			97	
Ndo	ndp			individual	living				
Ndombe	ndq			individual	living				
Ndoola	ndr			individual	living				
Low German	nds			individual	living	German, Low	Low Saxon	97	
Ndunga	ndt			individual	living				
Dugun	ndu			individual	living				
Ndut	ndv			individual	living				
Ndobo	ndw			individual	living				
Nduga	ndx			individual	living				
Lutos	ndy			individual	living				
Ndogo	ndz			individual	living				
Eastern Ngad'a	nea			individual	living	Ngad'a, Eastern			
Toura (Côte d'Ivoire)	neb			individual	living				
Nedebang	nec			individual	living				
Nde-Gbite	ned			individual	living				
Nêlêmwa-Nixumwak	nee			individual	living				
Nefamese	nef			individual	living				
Negidal	neg			individual	living				
Nyenkha	neh			individual	living				
Neo-Hittite	nei			individual	historical	Hittite, Neo-			
Neko	nej			individual	living				
Neku	nek			individual	living				
Nemi	nem			individual	living				
Nengone	nen			individual	living				
Ná-Meo	neo			individual	living				
Nepali (macrolanguage)	nep	ne		macrolanguage	living		Nepali	36	
North Central Mixe	neq			individual	living	Mixe, North Central			
Yahadian	ner			individual	living				
Bhoti Kinnauri	nes			individual	living	Kinnauri, Bhoti			
Nete	net			individual	living				
Neo	neu			individual	constructed				
Nyaheun	nev			individual	living				
Nepal Bhasa	new			individual	living	Bhasa, Nepal	Newari	36	
Neme	nex			individual	living				
Neyo	ney			individual	living				
Nez Perce	nez			individual	living				
Dhao	nfa			individual	living				
Ahwai	nfd			individual	living				
Ayiwo	nfl			individual	living				
Nafaanra	nfr			individual	living				
Mfumte	nfu			individual	living				
Ngbaka	nga			individual	living				
Northern Ngbandi	ngb			individual	living	Ngbandi, Northern			
Ngombe (Democratic Republic of Congo)	ngc			individual	living				
Ngando (Central African Republic)	ngd			individual	living				
Ngemba	nge			individual	living				
Ngbaka Manza	ngg			individual	living				
Nǁng	ngh			individual	living				
Ngizim	ngi			individual	living				
Ngie	ngj			individual	living				
Dalabon	ngk			individual	living				
Lomwe	ngl			individual	living			97	
Ngatik Men's Creole	ngm			individual	living				
Ngwo	ngn			individual	living				
Ngulu	ngp			individual	living				
Ngurimi	ngq			individual	living				
Engdewu	ngr			individual	living				
Gvoko	ngs			individual	living				
Kriang	ngt			individual	living				
Guerrero Nahuatl	ngu			individual	living	Nahuatl, Guerrero			
Nagumi	ngv			individual	extinct				
Ngwaba	ngw			individual	living				
Nggwahyi	ngx			individual	living				
Tibea	ngy			individual	living				
Ngungwel	ngz			individual	living				
Nhanda	nha			individual	living				
Beng	nhb			individual	living				
Tabasco Nahuatl	nhc			individual	extinct	Nahuatl, Tabasco			
Chiripá	nhd			individual	living				
Eastern Huasteca Nahuatl	nhe			individual	living	Nahuatl, Eastern Huasteca		97	
Nhuwala	nhf			individual	living				
Tetelcingo Nahuatl	nhg			individual	living	Nahuatl, Tetelcingo			
Nahari	nhh			individual	living				
Zacatlán-Ahuacatlán-Tepetzintla Nahuatl	nhi			individual	living	Nahuatl, Zacatlán-Ahuacatlán-Tepetzintla			
Isthmus-Cosoleacaque Nahuatl	nhk			individual	living	Nahuatl, Isthmus-Cosoleacaque			
Morelos Nahuatl	nhm			individual	living	Nahuatl, Morelos			
Central Nahuatl	nhn			individual	living	Nahuatl, Central			
Takuu	nho			individual	living				
Isthmus-Pajapan Nahuatl	nhp			individual	living	Nahuatl, Isthmus-Pajapan			
Huaxcaleca Nahuatl	nhq			individual	living	Nahuatl, Huaxcaleca			
Naro	nhr			individual	living				
Ometepec Nahuatl	nht			individual	living	Nahuatl, Ometepec			
Noone	nhu			individual	living				
Temascaltepec Nahuatl	nhv			individual	living	Nahuatl, Temascaltepec			
Western Huasteca Nahuatl	nhw			individual	living	Nahuatl, Western Huasteca		97	
Isthmus-Mecayapan Nahuatl	nhx			individual	living	Nahuatl, Isthmus-Mecayapan			
Northern Oaxaca Nahuatl	nhy			individual	living	Nahuatl, Northern Oaxaca			
Santa María La Alta Nahuatl	nhz			individual	living	Nahuatl, Santa María La Alta			
Nias	nia			individual	living			97	
Nakame	nib			individual	living				
Ngandi	nid			individual	extinct				
Niellim	nie			individual	living				
Nek	nif			individual	living				
Ngalakgan	nig			individual	extinct				
Nyiha (Tanzania)	nih			individual	living				
Nii	nii			individual	living				
Ngaju	nij			individual	living			97	
Southern Nicobarese	nik			individual	living	Nicobarese, Southern			
Nila	nil			individual	living				
Nilamba	nim			individual	living				
Ninzo	nin			individual	living				
Nganasan	nio			individual	living				
Nandi	niq			individual	living				
Nimboran	nir			individual	living				
Nimi	nis			individual	living				
Southeastern Kolami	nit			individual	living	Kolami, Southeastern			
Niuean	niu			individual	living			97	
Gilyak	niv			individual	living				
Nimo	niw			individual	living				
Hema	nix			individual	living				
Ngiti	niy			individual	living				
Ningil	niz			individual	living				
Nzanyi	nja			individual	living				
Nocte Naga	njb			individual	living	Naga, Nocte			
Ndonde Hamba	njd			individual	living				
Lotha Naga	njh			individual	living	Naga, Lotha			
Gudanji	nji			individual	living				
Njen	njj			individual	living				
Njalgulgule	njl			individual	living				
Angami Naga	njm			individual	living	Naga, Angami			
Liangmai Naga	njn			individual	living	Naga, Liangmai			
Ao Naga	njo			individual	living	Naga, Ao		97	
Njerep	njr			individual	living				
Nisa	njs			individual	living				
Ndyuka-Trio Pidgin	njt			individual	living				
Ngadjunmaya	nju			individual	living				
Kunyi	njx			individual	living				
Njyem	njy			individual	living				
Nyishi	njz			individual	living				
Nkoya	nka			individual	living				
Khoibu Naga	nkb			individual	living	Naga, Khoibu			
Nkongho	nkc			individual	living				
Koireng	nkd			individual	living				
Duke	nke			individual	living				
Inpui Naga	nkf			individual	living	Naga, Inpui			
Nekgini	nkg			individual	living				
Khezha Naga	nkh			individual	living	Naga, Khezha			
Thangal Naga	nki			individual	living	Naga, Thangal			
Nakai	nkj			individual	living				
Nokuku	nkk			individual	living				
Namat	nkm			individual	living				
Nkangala	nkn			individual	living				
Nkonya	nko			individual	living				
Niuatoputapu	nkp			individual	extinct				
Nkami	nkq			individual	living				
Nukuoro	nkr			individual	living				
North Asmat	nks			individual	living	Asmat, North			
Nyika (Tanzania)	nkt			individual	living				
Bouna Kulango	nku			individual	living	Kulango, Bouna			
Nyika (Malawi and Zambia)	nkv			individual	living				
Nkutu	nkw			individual	living				
Nkoroo	nkx			individual	living				
Nkari	nkz			individual	living				
Ngombale	nla			individual	living				
Nalca	nlc			individual	living				
Dutch	nld	nl	dut	individual	living		Flemish	97	
East Nyala	nle			individual	living	Nyala, East			
Gela	nlg			individual	living				
Grangali	nli			individual	living				
Nyali	nlj			individual	living				
Ninia Yali	nlk			individual	living	Yali, Ninia			
Nihali	nll			individual	living				
Mankiyali	nlm			individual	living				
Ngul	nlo			individual	living				
Lao Naga	nlq			individual	living	Naga, Lao			
Nchumbulu	nlu			individual	living				
Orizaba Nahuatl	nlv			individual	living	Nahuatl, Orizaba			
Walangama	nlw			individual	extinct				
Nahali	nlx			individual	living				
Nyamal	nly			individual	living				
Nalögo	nlz			individual	living				
Maram Naga	nma			individual	living	Naga, Maram			
Big Nambas	nmb			individual	living	Nambas, Big			
Ngam	nmc			individual	living				
Ndumu	nmd			individual	living				
Mzieme Naga	nme			individual	living	Naga, Mzieme			
Tangkhul Naga (India)	nmf			individual	living	Naga, Tangkhul (India)			
Kwasio	nmg			individual	living			97	
Monsang Naga	nmh			individual	living	Naga, Monsang			
Nyam	nmi			individual	living				
Ngombe (Central African Republic)	nmj			individual	living				
Namakura	nmk			individual	living				
Ndemli	nml			individual	living				
Manangba	nmm			individual	living				
ǃXóõ	nmn			individual	living				
Moyon Naga	nmo			individual	living	Naga, Moyon			
Nimanbur	nmp			individual	extinct				
Nambya	nmq			individual	living				
Nimbari	nmr			individual	extinct				
Letemboi	nms			individual	living				
Namonuito	nmt			individual	living				
Northeast Maidu	nmu			individual	living	Maidu, Northeast			
Ngamini	nmv			individual	extinct				
Nimoa	nmw			individual	living				
Nama (Papua New Guinea)	nmx			individual	living				
Namuyi	nmy			individual	living				
Nawdm	nmz			individual	living				
Nyangumarta	nna			individual	living				
Nande	nnb			individual	living				
Nancere	nnc			individual	living				
West Ambae	nnd			individual	living	Ambae, West			
Ngandyera	nne			individual	living				
Ngaing	nnf			individual	living				
Maring Naga	nng			individual	living	Naga, Maring			
Ngiemboon	nnh			individual	living			97	
North Nuaulu	nni			individual	living	Nuaulu, North			
Nyangatom	nnj			individual	living				
Nankina	nnk			individual	living				
Northern Rengma Naga	nnl			individual	living	Naga, Northern Rengma			
Namia	nnm			individual	living				
Ngete	nnn			individual	living				
Norwegian Nynorsk	nno	nn		individual	living			97	
Wancho Naga	nnp			individual	living	Naga, Wancho			
Ngindo	nnq			individual	living				
Narungga	nnr			individual	extinct				
Nanticoke	nnt			individual	extinct				
Dwang	nnu			individual	living				
Nugunu (Australia)	nnv			individual	extinct				
Southern Nuni	nnw			individual	living	Nuni, Southern			
Nyangga	nny			individual	extinct				
Nda'nda'	nnz			individual	living				
Woun Meu	noa			individual	living				
Norwegian Bokmål	nob	nb		individual	living			97	
Nuk	noc			individual	living				
Northern Thai	nod			individual	living	Thai, Northern		93	
Nimadi	noe			individual	living			36	
Nomane	nof			individual	living				
Nogai	nog			individual	living			34	
Nomu	noh			individual	living				
Noiri	noi			individual	living				
Nonuya	noj			individual	living				
Nooksack	nok			individual	extinct				
Nomlaki	nol			individual	extinct				
Old Norse	non			individual	historical	Norse, Old		162	
Numanggang	nop			individual	living				
Ngongo	noq			individual	living				
Norwegian	nor	no		macrolanguage	living			97	
Eastern Nisu	nos			individual	living	Nisu, Eastern			
Nomatsiguenga	not			individual	living				
Ewage-Notu	nou			individual	living				
Novial	nov			individual	constructed			97	
Nyambo	now			individual	living				
Noy	noy			individual	living				
Nayi	noz			individual	living				
Nar Phu	npa			individual	living				
Nupbikha	npb			individual	living				
Ponyo-Gongwang Naga	npg			individual	living	Naga, Ponyo-Gongwang			
Phom Naga	nph			individual	living	Naga, Phom			
Nepali (individual language)	npi			individual	living				
Southeastern Puebla Nahuatl	npl			individual	living	Nahuatl, Southeastern Puebla			
Mondropolon	npn			individual	living				
Pochuri Naga	npo			individual	living	Naga, Pochuri			
Nipsan	nps			individual	living				
Puimei Naga	npu			individual	living	Naga, Puimei			
Noipx	npx			individual	living				
Napu	npy			individual	living				
Southern Nago	nqg			individual	living	Nago, Southern			
Kura Ede Nago	nqk			individual	living	Ede Nago, Kura			
Ngendelengo	nql			individual	living				
Ndom	nqm			individual	living				
Nen	nqn			individual	living				
N'Ko	nqo			individual	living			132	
Kyan-Karyaw Naga	nqq			individual	living	Naga, Kyan-Karyaw			
Nteng	nqt			individual	living				
Akyaung Ari Naga	nqy			individual	living	Naga, Akyaung Ari			
Ngom	nra			individual	living				
Nara	nrb			individual	living				
Noric	nrc			individual	historical				
Southern Rengma Naga	nre			individual	living	Naga, Southern Rengma			
Jèrriais	nrf			individual	living				
Narango	nrg			individual	living				
Chokri Naga	nri			individual	living	Naga, Chokri			
Ngarla	nrk			individual	living				
Ngarluma	nrl			individual	living				
Narom	nrm			individual	living				
Norn	nrn			individual	extinct				
North Picene	nrp			individual	historical	Picene, North			
Norra	nrr			individual	extinct				
Northern Kalapuya	nrt			individual	extinct	Kalapuya, Northern			
Narua	nru			individual	living				
Ngurmbur	nrx			individual	extinct				
Lala	nrz			individual	living				
Sangtam Naga	nsa			individual	living	Naga, Sangtam			
Lower Nossob	nsb			individual	extinct				
Nshi	nsc			individual	living				
Southern Nisu	nsd			individual	living	Nisu, Southern			
Nsenga	nse			individual	living				
Northwestern Nisu	nsf			individual	living	Nisu, Northwestern			
Ngasa	nsg			individual	living				
Ngoshie	nsh			individual	living				
Nigerian Sign Language	nsi			individual	living				
Naskapi	nsk			individual	living			24	97
Norwegian Sign Language	nsl			individual	living				
Sumi Naga	nsm			individual	living	Naga, Sumi			
Nehan	nsn			individual	living				
Pedi	nso			individual	living		Northern Sotho	97	
Nepalese Sign Language	nsp			individual	living				
Northern Sierra Miwok	nsq			individual	living	Miwok, Northern Sierra			
Maritime Sign Language	nsr			individual	living				
Nali	nss			individual	living				
Tase Naga	nst			individual	living	Naga, Tase			
Sierra Negra Nahuatl	nsu			individual	living	Nahuatl, Sierra Negra			
Southwestern Nisu	nsv			individual	living	Nisu, Southwestern			
Navut	nsw			individual	living				
Nsongo	nsx			individual	living				
Nasal	nsy			individual	living				
Nisenan	nsz			individual	living				
Northern Tidung	ntd			individual	living	Tidung, Northern			
Ngantangarra	ntg			individual	extinct				
Natioro	nti			individual	living				
Ngaanyatjarra	ntj			individual	living				
Ikoma-Nata-Isenye	ntk			individual	living				
Nateni	ntm			individual	living				
Ntomba	nto			individual	living				
Northern Tepehuan	ntp			individual	living	Tepehuan, Northern			
Delo	ntr			individual	living				
Natügu	ntu			individual	living				
Nottoway	ntw			individual	extinct				
Tangkhul Naga (Myanmar)	ntx			individual	living	Naga, Tangkhul (Myanmar)			
Mantsi	nty			individual	living				
Natanzi	ntz			individual	living				
Yuanga	nua			individual	living				
Nukuini	nuc			individual	extinct				
Ngala	nud			individual	living				
Ngundu	nue			individual	living				
Nusu	nuf			individual	living				
Nungali	nug			individual	extinct				
Ndunda	nuh			individual	living				
Ngumbi	nui			individual	living				
Nyole	nuj			individual	living				
Nuu-chah-nulth	nuk			individual	living				
Nusa Laut	nul			individual	extinct				
Niuafo'ou	num			individual	living				
Anong	nun			individual	living				
Nguôn	nuo			individual	living				
Nupe-Nupe-Tako	nup			individual	living				
Nukumanu	nuq			individual	living				
Nukuria	nur			individual	living				
Nuer	nus			individual	living			97	
Nung (Viet Nam)	nut			individual	living				
Ngbundu	nuu			individual	living				
Northern Nuni	nuv			individual	living	Nuni, Northern			
Nguluwan	nuw			individual	living				
Mehek	nux			individual	living				
Nunggubuyu	nuy			individual	living				
Tlamacazapa Nahuatl	nuz			individual	living	Nahuatl, Tlamacazapa			
Nasarian	nvh			individual	living				
Namiae	nvm			individual	living				
Nyokon	nvo			individual	living				
Nawathinehena	nwa			individual	extinct				
Nyabwa	nwb			individual	living				
Classical Newari	nwc			individual	historical	Newari, Classical			
Ngwe	nwe			individual	living				
Ngayawung	nwg			individual	extinct				
Southwest Tanna	nwi			individual	living	Tanna, Southwest			
Nyamusa-Molo	nwm			individual	living				
Nauo	nwo			individual	extinct				
Nawaru	nwr			individual	living				
Ndwewe	nww			individual	living				
Middle Newar	nwx			individual	historical	Newar, Middle			
Nottoway-Meherrin	nwy			individual	extinct				
Nauete	nxa			individual	living				
Ngando (Democratic Republic of Congo)	nxd			individual	living				
Nage	nxe			individual	living				
Ngad'a	nxg			individual	living				
Nindi	nxi			individual	living				
Koki Naga	nxk			individual	living	Naga, Koki			
South Nuaulu	nxl			individual	living	Nuaulu, South			
Numidian	nxm			individual	historical				
Ngawun	nxn			individual	extinct				
Ndambomo	nxo			individual	living				
Naxi	nxq			individual	living			97	
Ninggerum	nxr			individual	living				
Nafri	nxx			individual	living				
Chichewa	nya	ny		individual	living		Nyanja	97	
Nyangbo	nyb			individual	living				
Nyanga-li	nyc			individual	living				
Nyore	nyd			individual	living				
Nyengo	nye			individual	living				
Giryama	nyf			individual	living				
Nyindu	nyg			individual	living				
Nyikina	nyh			individual	living				
Ama (Sudan)	nyi			individual	living				
Nyanga	nyj			individual	living				
Nyaneka	nyk			individual	living				
Nyeu	nyl			individual	living				
Nyamwezi	nym			individual	living			97	
Nyankole	nyn			individual	living			97	
Nyoro	nyo			individual	living			97	
Nyang'i	nyp			individual	extinct				
Nayini	nyq			individual	living				
Nyiha (Malawi)	nyr			individual	living				
Nyungar	nys			individual	living				
Nyawaygi	nyt			individual	extinct				
Nyungwe	nyu			individual	living				
Nyulnyul	nyv			individual	extinct				
Nyaw	nyw			individual	living				
Nganyaywana	nyx			individual	extinct				
Nyakyusa-Ngonde	nyy			individual	living				
Tigon Mbembe	nza			individual	living	Mbembe, Tigon			
Njebi	nzb			individual	living				
Nzadi	nzd			individual	living				
Nzima	nzi			individual	living			97	
Nzakara	nzk			individual	living				
Zeme Naga	nzm			individual	living	Naga, Zeme			
Dir-Nyamzak-Mbarimi	nzr			individual	living				
New Zealand Sign Language	nzs			individual	living				
Teke-Nzikou	nzu			individual	living				
Nzakambay	nzy			individual	living				
Nanga Dama Dogon	nzz			individual	living	Dogon, Nanga Dama			
Orok	oaa			individual	living				
Oroch	oac			individual	living				
Noakhali	oak			individual	living				
Old Aramaic (up to 700 BCE)	oar			individual	historical	Aramaic, Old (up to 700 BCE)			
Old Avar	oav			individual	historical	Avar, Old			
Obispeño	obi			individual	extinct				
Southern Bontok	obk			individual	living	Bontok, Southern			
Oblo	obl			individual	living				
Moabite	obm			individual	historical				
Obo Manobo	obo			individual	living	Manobo, Obo			
Old Burmese	obr			individual	historical	Burmese, Old			
Old Breton	obt			individual	historical	Breton, Old			
Obulom	obu			individual	living				
Ocaina	oca			individual	living				
Old Chinese	och			individual	historical	Chinese, Old			
Occitan (post 1500)	oci	oc		individual	living		Occitan	97	
Old Cham	ocm			individual	historical	Cham, Old			
Old Cornish	oco			individual	historical	Cornish, Old			
Atzingo Matlatzinca	ocu			individual	living	Matlatzinca, Atzingo			
Odut	oda			individual	living				
Od	odk			individual	living				
Old Dutch	odt			individual	historical	Dutch, Old			
Odual	odu			individual	living				
Ofo	ofo			individual	extinct				
Old Frisian	ofs			individual	historical	Frisian, Old			
Efutop	ofu			individual	living				
Ogbia	ogb			individual	living				
Ogbah	ogc			individual	living				
Old Georgian	oge			individual	historical	Georgian, Old			
Ogbogolo	ogg			individual	living				
Khana	ogo			individual	living				
Ogbronuagum	ogu			individual	living				
Old Hittite	oht			individual	historical	Hittite, Old			
Old Hungarian	ohu			individual	historical	Hungarian, Old			
Oirata	oia			individual	living				
Okolie	oie			individual	living				
Inebu One	oin			individual	living	One, Inebu			
Northwestern Ojibwa	ojb			individual	living	Ojibwa, Northwestern			
Central Ojibwa	ojc			individual	living	Ojibwa, Central			
Eastern Ojibwa	ojg			individual	living	Ojibwa, Eastern			
Ojibwa	oji	oj		macrolanguage	living			24	97
Old Japanese	ojp			individual	historical	Japanese, Old			
Severn Ojibwa	ojs			individual	living	Ojibwa, Severn	Oji-Cree	24	
Ontong Java	ojv			individual	living				
Western Ojibwa	ojw			individual	living	Ojibwa, Western		97	
Okanagan	oka			individual	living		Colville Salish	97	
Okobo	okb			individual	living				
Kobo	okc			individual	living				
Okodia	okd			individual	living				
Okpe (Southwestern Edo)	oke			individual	living				
Koko Babangk	okg			individual	extinct				
Koresh-e Rostam	okh			individual	living				
Okiek	oki			individual	living				
Oko-Juwoi	okj			individual	extinct				
Kwamtim One	okk			individual	living	One, Kwamtim			
Old Kentish Sign Language	okl			individual	extinct	Kentish Sign Language, Old			
Middle Korean (10th-16th cent.)	okm			individual	historical	Korean, Middle (10th-16th cent.)			
Oki-No-Erabu	okn			individual	living				
Old Korean (3rd-9th cent.)	oko			individual	historical	Korean, Old (3rd-9th cent.)			
Kirike	okr			individual	living				
Oko-Eni-Osayen	oks			individual	living				
Oku	oku			individual	living				
Orokaiva	okv			individual	living				
Okpe (Northwestern Edo)	okx			individual	living				
Old Khmer	okz			individual	historical	Khmer, Old			
Walungge	ola			individual	living				
Mochi	old			individual	living				
Olekha	ole			individual	living				
Olkol	olk			individual	extinct				
Oloma	olm			individual	living				
Livvi	olo			individual	living				
Olrat	olr			individual	living				
Old Lithuanian	olt			individual	historical	Lithuanian, Old			
Kuvale	olu			individual	living				
Omaha-Ponca	oma			individual	living				
East Ambae	omb			individual	living	Ambae, East			
Mochica	omc			individual	extinct				
Omagua	omg			individual	living				
Omi	omi			individual	living				
Omok	omk			individual	extinct				
Ombo	oml			individual	living				
Minoan	omn			individual	historical				
Utarmbung	omo			individual	living				
Old Manipuri	omp			individual	historical	Manipuri, Old			
Old Marathi	omr			individual	historical	Marathi, Old			
Omotik	omt			individual	living				
Omurano	omu			individual	extinct				
South Tairora	omw			individual	living	Tairora, South			
Old Mon	omx			individual	historical	Mon, Old			
Old Malay	omy			individual	historical	Malay, Old			
Ona	ona			individual	living				
Lingao	onb			individual	living				
Oneida	one			individual	living				
Olo	ong			individual	living				
Onin	oni			individual	living				
Onjob	onj			individual	living				
Kabore One	onk			individual	living	One, Kabore			
Onobasulu	onn			individual	living				
Onondaga	ono			individual	living				
Sartang	onp			individual	living				
Northern One	onr			individual	living	One, Northern			
Ono	ons			individual	living				
Ontenu	ont			individual	living				
Unua	onu			individual	living				
Old Nubian	onw			individual	historical	Nubian, Old			
Onin Based Pidgin	onx			individual	living				
Tohono O'odham	ood			individual	living				
Ong	oog			individual	living				
Önge	oon			individual	living				
Oorlams	oor			individual	living				
Old Ossetic	oos			individual	historical	Ossetic, Old			
Okpamheri	opa			individual	living				
Kopkaka	opk			individual	living				
Oksapmin	opm			individual	living				
Opao	opo			individual	living				
Opata	opt			individual	extinct				
Ofayé	opy			individual	living				
Oroha	ora			individual	living				
Orma	orc			individual	living				
Orejón	ore			individual	living				
Oring	org			individual	living				
Oroqen	orh			individual	living				
Oriya (macrolanguage)	ori	or		macrolanguage	living		Odia	138	
Oromo	orm	om		macrolanguage	living			97	46
Orang Kanaq	orn			individual	living				
Orokolo	oro			individual	living				
Oruma	orr			individual	living				
Orang Seletar	ors			individual	living				
Adivasi Oriya	ort			individual	living	Oriya, Adivasi			
Ormuri	oru			individual	living				
Old Russian	orv			individual	historical	Russian, Old			
Oro Win	orw			individual	living				
Oro	orx			individual	living				
Odia	ory			individual	living				
Ormu	orz			individual	living				
Osage	osa			individual	living			139	97
Oscan	osc			individual	historical				75|97
Osing	osi			individual	living				
Old Sundanese	osn			individual	historical	Sundanese, Old			
Ososo	oso			individual	living				
Old Spanish	osp			individual	historical	Spanish, Old			
Ossetian	oss	os		individual	living		Ossetic	34	
Osatu	ost			individual	living				
Southern One	osu			individual	living	One, Southern			
Old Saxon	osx			individual	historical	Saxon, Old			
Ottoman Turkish (1500-1928)	ota			individual	historical	Turkish, Ottoman (1500-1928)	Ottoman Turkish		
Old Tibetan	otb			individual	historical	Tibetan, Old			
Ot Danum	otd			individual	living				
Mezquital Otomi	ote			individual	living	Otomi, Mezquital			
Oti	oti			individual	extinct				
Old Turkish	otk			individual	historical	Turkish, Old		137	
Tilapa Otomi	otl			individual	living	Otomi, Tilapa			
Eastern Highland Otomi	otm			individual	living	Otomi, Eastern Highland			
Tenango Otomi	otn			individual	living	Otomi, Tenango			
Querétaro Otomi	otq			individual	living	Otomi, Querétaro			
Otoro	otr			individual	living				
Estado de México Otomi	ots			individual	living	Otomi, Estado de México			
Temoaya Otomi	ott			individual	living	Otomi, Temoaya			
Otuke	otu			individual	extinct				
Ottawa	otw			individual	living				
Texcatepec Otomi	otx			individual	living	Otomi, Texcatepec			
Old Tamil	oty			individual	historical	Tamil, Old			
Ixtenco Otomi	otz			individual	living	Otomi, Ixtenco			
Tagargrent	oua			individual	living				
Glio-Oubi	oub			individual	living				
Oune	oue			individual	living				
Old Uighur	oui			individual	historical	Uighur, Old			
Ouma	oum			individual	extinct				
Elfdalian	ovd			individual	living				
Owiniga	owi			individual	living				
Old Welsh	owl			individual	historical	Welsh, Old			
Oy	oyb			individual	living				
Oyda	oyd			individual	living				
Wayampi	oym			individual	living				
Oya'oya	oyy			individual	living				
Koonzime	ozm			individual	living				
Parecís	pab			individual	living				
Pacoh	pac			individual	living				
Paumarí	pad			individual	living				
Pagibete	pae			individual	living				
Paranawát	paf			individual	extinct				
Pangasinan	pag			individual	living			97	
Tenharim	pah			individual	living				
Pe	pai			individual	living				
Parakanã	pak			individual	living				
Pahlavi	pal			individual	historical				148|149
Pampanga	pam			individual	living			97	
Panjabi	pan	pa		individual	living		Punjabi	58	5
Northern Paiute	pao			individual	living	Paiute, Northern			
Papiamento	pap			individual	living			97	
Parya	paq			individual	living				
Panamint	par			individual	living				
Papasena	pas			individual	living				
Palauan	pau			individual	living			97	
Pakaásnovos	pav			individual	living				
Pawnee	paw			individual	living				
Pankararé	pax			individual	extinct				
Pech	pay			individual	living				
Pankararú	paz			individual	extinct				
Páez	pbb			individual	living				
Patamona	pbc			individual	living				
Mezontla Popoloca	pbe			individual	living	Popoloca, Mezontla			
Coyotepec Popoloca	pbf			individual	living	Popoloca, Coyotepec			
Paraujano	pbg			individual	extinct				
E'ñapa Woromaipu	pbh			individual	living				
Parkwa	pbi			individual	living				
Mak (Nigeria)	pbl			individual	living				
Puebla Mazatec	pbm			individual	living	Mazatec, Puebla			
Kpasam	pbn			individual	living				
Papel	pbo			individual	living				
Badyara	pbp			individual	living				
Pangwa	pbr			individual	living				
Central Pame	pbs			individual	living	Pame, Central			
Southern Pashto	pbt			individual	living	Pashto, Southern			
Northern Pashto	pbu			individual	living	Pashto, Northern			
Pnar	pbv			individual	living				
Pyu (Papua New Guinea)	pby			individual	living				
Santa Inés Ahuatempan Popoloca	pca			individual	living	Popoloca, Santa Inés Ahuatempan			
Pear	pcb			individual	living				
Bouyei	pcc			individual	living				
Picard	pcd			individual	living			97	
Ruching Palaung	pce			individual	living	Palaung, Ruching			
Paliyan	pcf			individual	living				
Paniya	pcg			individual	living				
Pardhan	pch			individual	living				
Duruwa	pci			individual	living				
Parenga	pcj			individual	living				
Paite Chin	pck			individual	living	Chin, Paite			
Pardhi	pcl			individual	living				
Nigerian Pidgin	pcm			individual	living	Pidgin, Nigerian		97	
Piti	pcn			individual	living				
Pacahuara	pcp			individual	living				
Pyapun	pcw			individual	living				
Anam	pda			individual	living				
Pennsylvania German	pdc			individual	living	German, Pennsylvania		97	
Pa Di	pdi			individual	living				
Podena	pdn			individual	living				
Padoe	pdo			individual	living				
Plautdietsch	pdt			individual	living			97	
Kayan	pdu			individual	living				
Peranakan Indonesian	pea			individual	living	Indonesian, Peranakan			
Eastern Pomo	peb			individual	extinct	Pomo, Eastern			
Mala (Papua New Guinea)	ped			individual	living				
Taje	pee			individual	living				
Northeastern Pomo	pef			individual	extinct	Pomo, Northeastern			
Pengo	peg			individual	living				
Bonan	peh			individual	living				
Chichimeca-Jonaz	pei			individual	living				
Northern Pomo	pej			individual	extinct	Pomo, Northern			
Penchal	pek			individual	living				
Pekal	pel			individual	living				
Phende	pem			individual	living				
Old Persian (ca. 600-400 B.C.)	peo			individual	historical	Persian, Old (ca. 600-400 B.C.)	Old Persian	215	
Kunja	pep			individual	living				
Southern Pomo	peq			individual	living	Pomo, Southern			
Iranian Persian	pes			individual	living	Persian, Iranian			
Pémono	pev			individual	living				
Petats	pex			individual	living				
Petjo	pey			individual	living				
Eastern Penan	pez			individual	living	Penan, Eastern			
Pááfang	pfa			individual	living				
Pere	pfe			individual	living				
Pfaelzisch	pfl			individual	living		Palatine German	97	
Sudanese Creole Arabic	pga			individual	living	Creole Arabic, Sudanese			
Gāndhārī	pgd			individual	historical				
Pangwali	pgg			individual	living				
Pagi	pgi			individual	living				
Rerep	pgk			individual	living				
Primitive Irish	pgl			individual	historical	Irish, Primitive			
Paelignian	pgn			individual	historical				
Pangseng	pgs			individual	living				
Pagu	pgu			individual	living				
Papua New Guinean Sign Language	pgz			individual	living				
Pa-Hng	pha			individual	living				
Phudagi	phd			individual	living				
Phuong	phg			individual	living				
Phukha	phh			individual	living				
Pahari	phj			individual	living				
Phake	phk			individual	living				
Phalura	phl			individual	living				
Phimbi	phm			individual	living				
Phoenician	phn			individual	historical			151	
Phunoi	pho			individual	living				
Phana'	phq			individual	living				
Pahari-Potwari	phr			individual	living				
Phu Thai	pht			individual	living				
Phuan	phu			individual	living				
Pahlavani	phv			individual	living				
Phangduwali	phw			individual	living				
Pima Bajo	pia			individual	living				
Yine	pib			individual	living				
Pinji	pic			individual	living				
Piaroa	pid			individual	living				
Piro	pie			individual	extinct				
Pingelapese	pif			individual	living				
Pisabo	pig			individual	living				
Pitcairn-Norfolk	pih			individual	living				
Pijao	pij			individual	extinct				
Yom	pil			individual	living				
Powhatan	pim			individual	extinct				
Piame	pin			individual	living				
Piapoco	pio			individual	living				
Pero	pip			individual	living				
Piratapuyo	pir			individual	living				
Pijin	pis			individual	living			97	
Pitta Pitta	pit			individual	extinct				
Pintupi-Luritja	piu			individual	living				
Pileni	piv			individual	living				
Pimbwe	piw			individual	living				
Piu	pix			individual	living				
Piya-Kwonci	piy			individual	living				
Pije	piz			individual	living				
Pitjantjatjara	pjt			individual	living				
Ardhamāgadhī Prākrit	pka			individual	historical	Prākrit, Ardhamāgadhī			
Pokomo	pkb			individual	living				
Paekche	pkc			individual	historical				
Pak-Tong	pkg			individual	living				
Pankhu	pkh			individual	living				
Pakanha	pkn			individual	living				
Pökoot	pko			individual	living			97	
Pukapuka	pkp			individual	living				
Attapady Kurumba	pkr			individual	living	Kurumba, Attapady			
Pakistan Sign Language	pks			individual	living				
Maleng	pkt			individual	living				
Paku	pku			individual	living				
Miani	pla			individual	living				
Polonombauk	plb			individual	living				
Central Palawano	plc			individual	living	Palawano, Central			
Polari	pld			individual	living				
Palu'e	ple			individual	living				
Pilagá	plg			individual	living				
Paulohi	plh			individual	living				
Pali	pli	pi		individual	historical			97	36|124|175|200
Kohistani Shina	plk			individual	living	Shina, Kohistani			
Shwe Palaung	pll			individual	living	Palaung, Shwe			
Palenquero	pln			individual	living				
Oluta Popoluca	plo			individual	living	Popoluca, Oluta			
Palaic	plq			individual	historical				
Palaka Senoufo	plr			individual	living	Senoufo, Palaka			
San Marcos Tlacoyalco Popoloca	pls			individual	living	Popoloca, San Marcos Tlacoyalco			
Plateau Malagasy	plt			individual	living	Malagasy, Plateau			
Palikúr	plu			individual	living				
Southwest Palawano	plv			individual	living	Palawano, Southwest			
Brooke's Point Palawano	plw			individual	living	Palawano, Brooke's Point			
Bolyu	ply			individual	living				
Paluan	plz			individual	living				
Paama	pma			individual	living				
Pambia	pmb			individual	living				
Pallanganmiddang	pmd			individual	extinct				
Pwaamei	pme			individual	living				
Pamona	pmf			individual	living				
Māhārāṣṭri Prākrit	pmh			individual	historical	Prākrit, Māhārāṣṭri			
Northern Pumi	pmi			individual	living	Pumi, Northern			
Southern Pumi	pmj			individual	living	Pumi, Southern			
Lingua Franca	pml			individual	extinct				
Pomo	pmm			individual	living				
Pam	pmn			individual	living				
Pom	pmo			individual	living				
Northern Pame	pmq			individual	living	Pame, Northern			
Paynamar	pmr			individual	living				
Piemontese	pms			individual	living		Piedmontese	97	
Tuamotuan	pmt			individual	living				
Plains Miwok	pmw			individual	living	Miwok, Plains			
Poumei Naga	pmx			individual	living	Naga, Poumei			
Papuan Malay	pmy			individual	living	Malay, Papuan			
Southern Pame	pmz			individual	extinct	Pame, Southern			
Punan Bah-Biau	pna			individual	living				
Western Panjabi	pnb			individual	living	Panjabi, Western			
Pannei	pnc			individual	living				
Mpinda	pnd			individual	living				
Western Penan	pne			individual	living	Penan, Western			
Pangu	png			individual	living				
Penrhyn	pnh			individual	living				
Aoheng	pni			individual	living				
Pinjarup	pnj			individual	extinct				
Paunaka	pnk			individual	living				
Paleni	pnl			individual	living				
Punan Batu 1	pnm			individual	living				
Pinai-Hagahai	pnn			individual	living				
Panobo	pno			individual	extinct				
Pancana	pnp			individual	living				
Pana (Burkina Faso)	pnq			individual	living				
Panim	pnr			individual	living				
Ponosakan	pns			individual	living				
Pontic	pnt			individual	living			55	34|97
Jiongnai Bunu	pnu			individual	living	Bunu, Jiongnai			
Pinigura	pnv			individual	living				
Banyjima	pnw			individual	living				
Phong-Kniang	pnx			individual	living				
Pinyin	pny			individual	living				
Pana (Central African Republic)	pnz			individual	living				
Poqomam	poc			individual	living				
San Juan Atzingo Popoloca	poe			individual	living	Popoloca, San Juan Atzingo			
Poke	pof			individual	living				
Potiguára	pog			individual	extinct				
Poqomchi'	poh			individual	living				
Highland Popoluca	poi			individual	living	Popoluca, Highland			
Pokangá	pok			individual	living				
Polish	pol	pl		individual	living			97	
Southeastern Pomo	pom			individual	living	Pomo, Southeastern			
Pohnpeian	pon			individual	living			97	
Central Pomo	poo			individual	extinct	Pomo, Central			
Pwapwâ	pop			individual	living				
Texistepec Popoluca	poq			individual	living	Popoluca, Texistepec			
Portuguese	por	pt		individual	living		Brazilian Portuguese|European Portuguese	97	
Sayula Popoluca	pos			individual	living	Popoluca, Sayula			
Potawatomi	pot			individual	living				
Upper Guinea Crioulo	pov			individual	living	Crioulo, Upper Guinea			
San Felipe Otlaltepec Popoloca	pow			individual	living	Popoloca, San Felipe Otlaltepec			
Polabian	pox			individual	extinct				
Pogolo	poy			individual	living				
Papi	ppe			individual	living				
Paipai	ppi			individual	living				
Uma	ppk			individual	living				
Pipil	ppl			individual	living			97	
Papuma	ppm			individual	living				
Papapana	ppn			individual	living				
Folopa	ppo			individual	living				
Pelende	ppp			individual	living				
Pei	ppq			individual	living				
San Luís Temalacayuca Popoloca	pps			individual	living	Popoloca, San Luís Temalacayuca			
Pare	ppt			individual	living				
Papora	ppu			individual	extinct				
Pa'a	pqa			individual	living				
Malecite-Passamaquoddy	pqm			individual	living		Maliseet-Passamaquoddy	97	
Parachi	prc			individual	living				
Parsi-Dari	prd			individual	living			5	
Principense	pre			individual	living				
Paranan	prf			individual	living				
Prussian	prg			individual	living			97	
Porohanon	prh			individual	living				
Paicî	pri			individual	living				
Parauk	prk			individual	living				
Peruvian Sign Language	prl			individual	living				
Kibiri	prm			individual	living				
Prasuni	prn			individual	living				
Old Provençal (to 1500)	pro			individual	historical	Provençal, Old (to 1500)	Old Provençal	97	
Ashéninka Perené	prq			individual	living				
Puri	prr			individual	extinct				
Dari	prs			individual	living				
Phai	prt			individual	living				
Puragi	pru			individual	living				
Parawen	prw			individual	living				
Purik	prx			individual	living				
Providencia Sign Language	prz			individual	living				
Asue Awyu	psa			individual	living	Awyu, Asue			
Iranian Sign Language	psc			individual	living				
Plains Indian Sign Language	psd			individual	living				
Central Malay	pse			individual	living	Malay, Central			
Penang Sign Language	psg			individual	living				
Southwest Pashai	psh			individual	living	Pashai, Southwest			
Southeast Pashai	psi			individual	living	Pashai, Southeast			
Puerto Rican Sign Language	psl			individual	living				
Pauserna	psm			individual	extinct				
Panasuan	psn			individual	living				
Polish Sign Language	pso			individual	living				
Philippine Sign Language	psp			individual	living				
Pasi	psq			individual	living				
Portuguese Sign Language	psr			individual	living				
Kaulong	pss			individual	living				
Central Pashto	pst			individual	living	Pashto, Central			
Sauraseni Prākrit	psu			individual	historical	Prākrit, Sauraseni			
Port Sandwich	psw			individual	living				
Piscataway	psy			individual	extinct				
Pai Tavytera	pta			individual	living				
Pataxó Hã-Ha-Hãe	pth			individual	extinct				
Pindiini	pti			individual	living				
Patani	ptn			individual	living				
Zo'é	pto			individual	living				
Patep	ptp			individual	living				
Pattapu	ptq			individual	living				
Piamatsina	ptr			individual	living				
Enrekang	ptt			individual	living				
Bambam	ptu			individual	living				
Port Vato	ptv			individual	living				
Pentlatch	ptw			individual	extinct				
Pathiya	pty			individual	living				
Western Highland Purepecha	pua			individual	living	Purepecha, Western Highland			
Purum	pub			individual	living				
Punan Merap	puc			individual	living				
Punan Aput	pud			individual	living				
Puelche	pue			individual	extinct				
Punan Merah	puf			individual	living				
Phuie	pug			individual	living				
Puinave	pui			individual	living				
Punan Tubu	puj			individual	living				
Puma	pum			individual	living				
Puoc	puo			individual	living				
Pulabu	pup			individual	living				
Puquina	puq			individual	extinct				
Puruborá	pur			individual	living				
Pushto	pus	ps		macrolanguage	living		Pashto	5	
Putoh	put			individual	living				
Punu	puu			individual	living			97	
Puluwatese	puw			individual	living				
Puare	pux			individual	living				
Purisimeño	puy			individual	extinct				
Pawaia	pwa			individual	living				
Panawa	pwb			individual	living				
Gapapaiwa	pwg			individual	living				
Patwin	pwi			individual	extinct				
Molbog	pwm			individual	living				
Paiwan	pwn			individual	living				
Pwo Western Karen	pwo			individual	living	Karen, Pwo Western			
Powari	pwr			individual	living				
Pwo Northern Karen	pww			individual	living	Karen, Pwo Northern			
Quetzaltepec Mixe	pxm			individual	living	Mixe, Quetzaltepec			
Pye Krumen	pye			individual	living	Krumen, Pye			
Fyam	pym			individual	living				
Poyanáwa	pyn			individual	living				
Paraguayan Sign Language	pys			individual	living				
Puyuma	pyu			individual	living				
Pyu (Myanmar)	pyx			individual	historical				
Pyen	pyy			individual	living				
Pesse	pze			individual	living				
Pazeh	pzh			individual	living				
Jejara Naga	pzn			individual	living	Naga, Jejara			
Quapaw	qua			individual	living				
Huallaga Huánuco Quechua	qub			individual	living	Quechua, Huallaga Huánuco			
K'iche'	quc			individual	living			97	
Calderón Highland Quichua	qud			individual	living	Quichua, Calderón Highland			
Quechua	que	qu		macrolanguage	living			97	
Lambayeque Quechua	quf			individual	living	Quechua, Lambayeque			
Chimborazo Highland Quichua	qug			individual	living	Quichua, Chimborazo Highland		97	
South Bolivian Quechua	quh			individual	living	Quechua, South Bolivian			
Quileute	qui			individual	living				
Chachapoyas Quechua	quk			individual	living	Quechua, Chachapoyas			
North Bolivian Quechua	qul			individual	living	Quechua, North Bolivian			
Sipacapense	qum			individual	living				
Quinault	qun			individual	extinct				
Southern Pastaza Quechua	qup			individual	living	Quechua, Southern Pastaza			
Quinqui	quq			individual	living				
Yanahuanca Pasco Quechua	qur			individual	living	Quechua, Yanahuanca Pasco			
Santiago del Estero Quichua	qus			individual	living	Quichua, Santiago del Estero			
Sacapulteco	quv			individual	living				
Tena Lowland Quichua	quw			individual	living	Quichua, Tena Lowland			
Yauyos Quechua	qux			individual	living	Quechua, Yauyos			
Ayacucho Quechua	quy			individual	living	Quechua, Ayacucho			
Cusco Quechua	quz			individual	living	Quechua, Cusco			
Ambo-Pasco Quechua	qva			individual	living	Quechua, Ambo-Pasco			
Cajamarca Quechua	qvc			individual	living	Quechua, Cajamarca			
Eastern Apurímac Quechua	qve			individual	living	Quechua, Eastern Apurímac			
Huamalíes-Dos de Mayo Huánuco Quechua	qvh			individual	living	Quechua, Huamalíes-Dos de Mayo Huánuco			
Imbabura Highland Quichua	qvi			individual	living	Quichua, Imbabura Highland			
Loja Highland Quichua	qvj			individual	living	Quichua, Loja Highland			
Cajatambo North Lima Quechua	qvl			individual	living	Quechua, Cajatambo North Lima			
Margos-Yarowilca-Lauricocha Quechua	qvm			individual	living	Quechua, Margos-Yarowilca-Lauricocha			
North Junín Quechua	qvn			individual	living	Quechua, North Junín			
Napo Lowland Quechua	qvo			individual	living	Quechua, Napo Lowland			
Pacaraos Quechua	qvp			individual	living	Quechua, Pacaraos			
San Martín Quechua	qvs			individual	living	Quechua, San Martín			
Huaylla Wanca Quechua	qvw			individual	living	Quechua, Huaylla Wanca			
Queyu	qvy			individual	living				
Northern Pastaza Quichua	qvz			individual	living	Quichua, Northern Pastaza			
Corongo Ancash Quechua	qwa			individual	living	Quechua, Corongo Ancash			
Classical Quechua	qwc			individual	historical	Quechua, Classical			
Huaylas Ancash Quechua	qwh			individual	living	Quechua, Huaylas Ancash			
Kuman (Russia)	qwm			individual	extinct				
Sihuas Ancash Quechua	qws			individual	living	Quechua, Sihuas Ancash			
Kwalhioqua-Tlatskanai	qwt			individual	extinct				
Chiquián Ancash Quechua	qxa			individual	living	Quechua, Chiquián Ancash			
Chincha Quechua	qxc			individual	living	Quechua, Chincha			
Panao Huánuco Quechua	qxh			individual	living	Quechua, Panao Huánuco			
Salasaca Highland Quichua	qxl			individual	living	Quichua, Salasaca Highland			
Northern Conchucos Ancash Quechua	qxn			individual	living	Quechua, Northern Conchucos Ancash			
Southern Conchucos Ancash Quechua	qxo			individual	living	Quechua, Southern Conchucos Ancash			
Puno Quechua	qxp			individual	living	Quechua, Puno			
Qashqa'i	qxq			individual	living				
Cañar Highland Quichua	qxr			individual	living	Quichua, Cañar Highland			
Southern Qiang	qxs			individual	living	Qiang, Southern			
Santa Ana de Tusi Pasco Quechua	qxt			individual	living	Quechua, Santa Ana de Tusi Pasco			
Arequipa-La Unión Quechua	qxu			individual	living	Quechua, Arequipa-La Unión			
Jauja Wanca Quechua	qxw			individual	living	Quechua, Jauja Wanca			
Quenya	qya			individual	constructed				
Quiripi	qyp			individual	extinct				
Dungmali	raa			individual	living				
Camling	rab			individual	living				
Rasawa	rac			individual	living				
Rade	rad			individual	living				
Western Meohang	raf			individual	living	Meohang, Western			
Logooli	rag			individual	living				
Rabha	rah			individual	living				
Ramoaaina	rai			individual	living				
Rajasthani	raj			macrolanguage	living			36	
Tulu-Bohuai	rak			individual	living				
Ralte	ral			individual	living				
Canela	ram			individual	living				
Riantana	ran			individual	living				
Rao	rao			individual	living				
Rapanui	rap			individual	living			97	
Saam	raq			individual	living				
Rarotongan	rar			individual	living			97	
Tegali	ras			individual	living				
Razajerdi	rat			individual	living				
Raute	rau			individual	living				
Sampang	rav			individual	living				
Rawang	raw			individual	living				
Rang	rax			individual	living				
Rapa	ray			individual	living				
Rahambuu	raz			individual	living				
Rumai Palaung	rbb			individual	living	Palaung, Rumai			
Northern Bontok	rbk			individual	living	Bontok, Northern			
Miraya Bikol	rbl			individual	living	Bikol, Miraya			
Barababaraba	rbp			individual	extinct				
Réunion Creole French	rcf			individual	living	Creole French, Réunion		97	
Rudbari	rdb			individual	living				
Rerau	rea			individual	living				
Rembong	reb			individual	living				
Rejang Kayan	ree			individual	living	Kayan, Rejang			
Kara (Tanzania)	reg			individual	living				
Reli	rei			individual	living				
Rejang	rej			individual	living			97	159
Rendille	rel			individual	living				
Remo	rem			individual	extinct				
Rengao	ren			individual	living				
Rer Bare	rer			individual	extinct				
Reshe	res			individual	living				
Retta	ret			individual	living				
Reyesano	rey			individual	living				
Roria	rga			individual	living				
Romano-Greek	rge			individual	living				
Rangkas	rgk			individual	extinct				
Romagnol	rgn			individual	living			97	
Resígaro	rgr			individual	living				
Southern Roglai	rgs			individual	living	Roglai, Southern			
Ringgou	rgu			individual	living				
Rohingya	rhg			individual	living			160	5|97
Yahang	rhp			individual	living				
Riang (India)	ria			individual	living			97	
Bribri Sign Language	rib			individual	living				
Tarifit	rif			individual	living		Riffian	97|197	
Riang Lang	ril			individual	living				
Nyaturu	rim			individual	living				
Nungu	rin			individual	living				
Ribun	rir			individual	living				
Ritharrngu	rit			individual	living				
Riung	riu			individual	living				
Rajong	rjg			individual	living				
Raji	rji			individual	living				
Rajbanshi	rjs			individual	living			36	
Kraol	rka			individual	living				
Rikbaktsa	rkb			individual	living				
Rakahanga-Manihiki	rkh			individual	living				
Rakhine	rki			individual	living				
Marka	rkm			individual	living				
Rangpuri	rkt			individual	living			14	
Arakwal	rkw			individual	extinct				
Rama	rma			individual	living				
Rembarrnga	rmb			individual	living				
Carpathian Romani	rmc			individual	living	Romani, Carpathian			
Traveller Danish	rmd			individual	extinct	Danish, Traveller			
Angloromani	rme			individual	living				
Kalo Finnish Romani	rmf			individual	living	Romani, Kalo Finnish		97	
Traveller Norwegian	rmg			individual	living	Norwegian, Traveller			
Murkim	rmh			individual	living				
Lomavren	rmi			individual	living				
Romkun	rmk			individual	living				
Baltic Romani	rml			individual	living	Romani, Baltic			
Roma	rmm			individual	living				
Balkan Romani	rmn			individual	living	Romani, Balkan			
Sinte Romani	rmo			individual	living	Romani, Sinte		97	
Rempi	rmp			individual	living				
Caló	rmq			individual	living				
Romanian Sign Language	rms			individual	living				
Domari	rmt			individual	living			5	
Tavringer Romani	rmu			individual	living	Romani, Tavringer		97	
Romanova	rmv			individual	constructed				
Welsh Romani	rmw			individual	living	Romani, Welsh			
Romam	rmx			individual	living				
Vlax Romani	rmy			individual	living	Romani, Vlax			
Marma	rmz			individual	living				
Brunca Sign Language	rnb			individual	living				
Ruund	rnd			individual	living				
Ronga	rng			individual	living			97	
Ranglong	rnl			individual	living				
Roon	rnn			individual	living				
Rongpo	rnp			individual	living				
Nari Nari	rnr			individual	extinct				
Rungwa	rnw			individual	living				
Tae'	rob			individual	living			97	
Cacgia Roglai	roc			individual	living	Roglai, Cacgia			
Rogo	rod			individual	living				
Ronji	roe			individual	living				
Rombo	rof			individual	living			97	
Northern Roglai	rog			individual	living	Roglai, Northern			
Romansh	roh	rm		individual	living			97	
Romblomanon	rol			individual	living				
Romany	rom			macrolanguage	living			97	34
Romanian	ron	ro	rum	individual	living		Moldavian	97	34
Rotokas	roo			individual	living				
Kriol	rop			individual	living				
Rongga	ror			individual	living				
Runga	rou			individual	living				
Dela-Oenale	row			individual	living				
Repanbitip	rpn			individual	living				
Rapting	rpt			individual	living				
Ririo	rri			individual	living				
Moriori	rrm			individual	extinct				
Waima	rro			individual	living				
Arritinngithigh	rrt			individual	extinct				
Romano-Serbian	rsb			individual	living				
Ruthenian	rsk			individual	living				
Russian Sign Language	rsl			individual	living				
Miriwoong Sign Language	rsm			individual	living				
Rwandan Sign Language	rsn			individual	living				
Rishiwa	rsw			individual	living				
Rungtu Chin	rtc			individual	living	Chin, Rungtu			
Ratahan	rth			individual	living				
Rotuman	rtm			individual	living			97	
Yurats	rts			individual	extinct				
Rathawi	rtw			individual	living				
Gungu	rub			individual	living				
Ruuli	ruc			individual	living				
Rusyn	rue			individual	living			34	
Luguru	ruf			individual	living				
Roviana	rug			individual	living			97	
Ruga	ruh			individual	living				
Rufiji	rui			individual	living				
Che	ruk			individual	living				
Rundi	run	rn		individual	living			97	
Istro Romanian	ruo			individual	living	Romanian, Istro			
Macedo-Romanian	rup			individual	living	Romanian, Macedo-	Aromanian	97	
Megleno Romanian	ruq			individual	living	Romanian, Megleno			
Russian	rus	ru		individual	living			34	
Rutul	rut			individual	living				
Lanas Lobu	ruu			individual	living	Lobu, Lanas			
Mala (Nigeria)	ruy			individual	living				
Ruma	ruz			individual	living				
Rawo	rwa			individual	living				
Rwa	rwk			individual	living			97	
Ruwila	rwl			individual	living				
Amba (Uganda)	rwm			individual	living				
Rawa	rwo			individual	living				
Marwari (India)	rwr			individual	living				
Ngardi	rxd			individual	living				
Karuwali	rxw			individual	extinct				
Northern Amami-Oshima	ryn			individual	living	Amami-Oshima, Northern			
Yaeyama	rys			individual	living				
Central Okinawan	ryu			individual	living	Okinawan, Central		81	
Rāziḥī	rzh			individual	living				
Saba	saa			individual	living				
Buglere	sab			individual	living				
Meskwaki	sac			individual	living				
Sandawe	sad			individual	living			97	
Sabanê	sae			individual	living				
Safaliba	saf			individual	living			97	
Sango	sag	sg		individual	living			97	
Yakut	sah			individual	living			34	
Sahu	saj			individual	living				
Sake	sak			individual	living				
Samaritan Aramaic	sam			individual	extinct	Aramaic, Samaritan			163|66
Sanskrit	san	sa		macrolanguage	historical				36|54|170|172|175
Sause	sao			individual	living				
Samburu	saq			individual	living			97	
Saraveca	sar			individual	extinct				
Sasak	sas			individual	living			97	
Santali	sat			individual	living			135	14|36|97|138
Saleman	sau			individual	living				
Saafi-Saafi	sav			individual	living				
Sawi	saw			individual	living				
Sa	sax			individual	living				
Saya	say			individual	living				
Saurashtra	saz			individual	living		Sourashtra	166	
Ngambay	sba			individual	living				
Simbo	sbb			individual	living				
Kele (Papua New Guinea)	sbc			individual	living				
Southern Samo	sbd			individual	living	Samo, Southern			
Saliba	sbe			individual	living				
Chabu	sbf			individual	living				
Seget	sbg			individual	living				
Sori-Harengan	sbh			individual	living				
Seti	sbi			individual	living				
Surbakhal	sbj			individual	living				
Safwa	sbk			individual	living				
Botolan Sambal	sbl			individual	living	Sambal, Botolan			
Sagala	sbm			individual	living				
Sindhi Bhil	sbn			individual	living	Bhil, Sindhi			
Sabüm	sbo			individual	living				
Sangu (Tanzania)	sbp			individual	living		Sangu	97	
Sileibi	sbq			individual	living				
Sembakung Murut	sbr			individual	living				
Subiya	sbs			individual	living				
Kimki	sbt			individual	living				
Stod Bhoti	sbu			individual	living	Bhoti, Stod			
Sabine	sbv			individual	historical				
Simba	sbw			individual	living				
Seberuang	sbx			individual	living				
Soli	sby			individual	living				
Sara Kaba	sbz			individual	living				
Chut	scb			individual	living				
Dongxiang	sce			individual	living				
San Miguel Creole French	scf			individual	living	Creole French, San Miguel			
Sanggau	scg			individual	living				
Sakachep	sch			individual	living				
Sri Lankan Creole Malay	sci			individual	living	Creole Malay, Sri Lankan			
Sadri	sck			individual	living			36	
Shina	scl			individual	living				
Sicilian	scn			individual	living			97	
Scots	sco			individual	living			97	
Hyolmo	scp			individual	living				
Sa'och	scq			individual	living				
North Slavey	scs			individual	living	Slavey, North		97	
Southern Katang	sct			individual	living	Katang, Southern			
Shumcho	scu			individual	living				
Sheni	scv			individual	living				
Sha	scw			individual	living				
Sicel	scx			individual	historical				
Toraja-Sa'dan	sda			individual	living				
Shabak	sdb			individual	living				
Sassarese Sardinian	sdc			individual	living	Sardinian, Sassarese		97	
Surubu	sde			individual	living				
Sarli	sdf			individual	living				
Savi	sdg			individual	living				
Southern Kurdish	sdh			individual	living	Kurdish, Southern		5	
Suundi	sdj			individual	living				
Sos Kundi	sdk			individual	living				
Saudi Arabian Sign Language	sdl			individual	living				
Gallurese Sardinian	sdn			individual	living	Sardinian, Gallurese			
Bukar-Sadung Bidayuh	sdo			individual	living	Bidayuh, Bukar-Sadung			
Sherdukpen	sdp			individual	living				
Semandang	sdq			individual	living				
Oraon Sadri	sdr			individual	living	Sadri, Oraon			
Sened	sds			individual	extinct				
Shuadit	sdt			individual	extinct				
Sarudu	sdu			individual	living				
Sibu Melanau	sdx			individual	living	Melanau, Sibu			
Sallands	sdz			individual	living				
Semai	sea			individual	living				
Shempire Senoufo	seb			individual	living	Senoufo, Shempire			
Sechelt	sec			individual	living				
Sedang	sed			individual	living				
Seneca	see			individual	living			97	
Cebaara Senoufo	sef			individual	living	Senoufo, Cebaara		97	
Segeju	seg			individual	living				
Sena	seh			individual	living			97	
Seri	sei			individual	living			97	
Sene	sej			individual	living				
Sekani	sek			individual	living				
Selkup	sel			individual	living			34	
Nanerigé Sénoufo	sen			individual	living	Sénoufo, Nanerigé			
Suarmin	seo			individual	living				
Sìcìté Sénoufo	sep			individual	living	Sénoufo, Sìcìté			
Senara Sénoufo	seq			individual	living	Sénoufo, Senara			
Serrano	ser			individual	living				
Koyraboro Senni Songhai	ses			individual	living	Songhai, Koyraboro Senni	Koyraboro Senni	97	
Sentani	set			individual	living				
Serui-Laut	seu			individual	living				
Nyarafolo Senoufo	sev			individual	living	Senoufo, Nyarafolo			
Sewa Bay	sew			individual	living				
Secoya	sey			individual	living				
Senthang Chin	sez			individual	living	Chin, Senthang			
Langue des signes de Belgique Francophone	sfb			individual	living				
Eastern Subanen	sfe			individual	living	Subanen, Eastern			
Small Flowery Miao	sfm			individual	living	Miao, Small Flowery			
South African Sign Language	sfs			individual	living				
Sehwi	sfw			individual	living				
Old Irish (to 900)	sga			individual	historical	Irish, Old (to 900)	Old Irish	97	134
Mag-antsi Ayta	sgb			individual	living	Ayta, Mag-antsi			
Kipsigis	sgc			individual	living				
Surigaonon	sgd			individual	living				
Segai	sge			individual	living				
Swiss-German Sign Language	sgg			individual	living				
Shughni	sgh			individual	living				
Suga	sgi			individual	living				
Surgujia	sgj			individual	living				
Sangkong	sgk			individual	living				
Singa	sgm			individual	extinct				
Singpho	sgp			individual	living				
Sangisari	sgr			individual	living				
Samogitian	sgs			individual	living			97	
Brokpake	sgt			individual	living				
Salas	sgu			individual	living				
Sebat Bet Gurage	sgw			individual	living				
Sierra Leone Sign Language	sgx			individual	living				
Sanglechi	sgy			individual	living				
Sursurunga	sgz			individual	living				
Shall-Zwall	sha			individual	living				
Ninam	shb			individual	living				
Sonde	shc			individual	living				
Kundal Shahi	shd			individual	living				
Sheko	she			individual	living				
Shua	shg			individual	living				
Shoshoni	shh			individual	living				
Tachelhit	shi			individual	living			197|97|5	
Shatt	shj			individual	living				
Shilluk	shk			individual	living				
Shendu	shl			individual	living				
Shahrudi	shm			individual	living				
Shan	shn			individual	living			124	
Shanga	sho			individual	living				
Shipibo-Conibo	shp			individual	living				
Sala	shq			individual	living				
Shi	shr			individual	living				
Shuswap	shs			individual	living				
Shasta	sht			individual	extinct				
Chadian Arabic	shu			individual	living	Arabic, Chadian			
Shehri	shv			individual	living				
Shwai	shw			individual	living				
She	shx			individual	living				
Tachawit	shy			individual	living				
Syenara Senoufo	shz			individual	living	Senoufo, Syenara			
Akkala Sami	sia			individual	extinct	Sami, Akkala			
Sebop	sib			individual	living				
Sidamo	sid			individual	living			97	
Simaa	sie			individual	living				
Siamou	sif			individual	living				
Paasaal	sig			individual	living				
Zire	sih			individual	living				
Shom Peng	sii			individual	living				
Numbami	sij			individual	living				
Sikiana	sik			individual	living				
Tumulung Sisaala	sil			individual	living	Sisaala, Tumulung			
Mende (Papua New Guinea)	sim			individual	living				
Sinhala	sin	si		individual	living			175	
Sikkimese	sip			individual	living				
Sonia	siq			individual	living				
Siri	sir			individual	living				
Siuslaw	sis			individual	extinct				
Sinagen	siu			individual	living				
Sumariup	siv			individual	living				
Siwai	siw			individual	living				
Sumau	six			individual	living				
Sivandi	siy			individual	living				
Siwi	siz			individual	living				
Epena	sja			individual	living				
Sajau Basap	sjb			individual	living				
Shaojiang Chinese	sjc			individual	living	Chinese, Shaojiang			
Kildin Sami	sjd			individual	living	Sami, Kildin			
Pite Sami	sje			individual	living	Sami, Pite			
Assangori	sjg			individual	living				
Kemi Sami	sjk			individual	extinct	Sami, Kemi			
Sajalong	sjl			individual	living				
Mapun	sjm			individual	living				
Sindarin	sjn			individual	constructed				
Xibe	sjo			individual	living				
Surjapuri	sjp			individual	living				
Siar-Lak	sjr			individual	living				
Senhaja De Srair	sjs			individual	extinct				
Ter Sami	sjt			individual	living	Sami, Ter			
Ume Sami	sju			individual	living	Sami, Ume			
Shawnee	sjw			individual	living				
Skagit	ska			individual	living				
Saek	skb			individual	living				
Ma Manda	skc			individual	living				
Southern Sierra Miwok	skd			individual	living	Miwok, Southern Sierra			
Seke (Vanuatu)	ske			individual	living				
Sakirabiá	skf			individual	living				
Sakalava Malagasy	skg			individual	living	Malagasy, Sakalava			
Sikule	skh			individual	living				
Sika	ski			individual	living				
Seke (Nepal)	skj			individual	living				
Kutong	skm			individual	living				
Kolibugan Subanon	skn			individual	living	Subanon, Kolibugan			
Seko Tengah	sko			individual	living				
Sekapan	skp			individual	living				
Sininkere	skq			individual	living				
Saraiki	skr			individual	living			5	
Maia	sks			individual	living				
Sakata	skt			individual	living				
Sakao	sku			individual	living				
Skou	skv			individual	living				
Skepi Creole Dutch	skw			individual	extinct	Creole Dutch, Skepi			
Seko Padang	skx			individual	living				
Sikaiana	sky			individual	living				
Sekar	skz			individual	living				
Sáliba	slc			individual	living				
Sissala	sld			individual	living				
Sholaga	sle			individual	living				
Swiss-Italian Sign Language	slf			individual	living				
Selungai Murut	slg			individual	living				
Southern Puget Sound Salish	slh			individual	living	Salish, Southern Puget Sound	Southern Lushootseed		
Lower Silesian	sli			individual	living	Silesian, Lower		97	
Salumá	slj			individual	living				
Slovak	slk	sk	slo	individual	living			97	
Salt-Yui	sll			individual	living				
Pangutaran Sama	slm			individual	living	Sama, Pangutaran			
Salinan	sln			individual	extinct				
Lamaholot	slp			individual	living				
Salar	slr			individual	living				
Singapore Sign Language	sls			individual	living				
Sila	slt			individual	living				
Selaru	slu			individual	living				
Slovenian	slv	sl		individual	living			97	
Sialum	slw			individual	living				
Salampasu	slx			individual	living				
Selayar	sly			individual	living			97	
Ma'ya	slz			individual	living				
Southern Sami	sma			individual	living	Sami, Southern		97	
Simbari	smb			individual	living				
Som	smc			individual	extinct				
Northern Sami	sme	se		individual	living	Sami, Northern		97	34
Auwe	smf			individual	living				
Simbali	smg			individual	living				
Samei	smh			individual	living				
Lule Sami	smj			individual	living		Sami, Lule	97	
Bolinao	smk			individual	living				
Central Sama	sml			individual	living	Sama, Central			
Musasa	smm			individual	living				
Inari Sami	smn			individual	living	Sami, Inari		97	
Samoan	smo	sm		individual	living			97	
Samaritan	smp			individual	extinct			163	
Samo	smq			individual	living				
Simeulue	smr			individual	living				
Skolt Sami	sms			individual	living	Sami, Skolt		97	
Simte	smt			individual	living				
Somray	smu			individual	extinct				
Samvedi	smv			individual	living				
Sumbawa	smw			individual	living				
Samba	smx			individual	living				
Semnani	smy			individual	living				
Simeku	smz			individual	living				
Shona	sna	sn		individual	living			97	
Sinaugoro	snc			individual	living				
Sindhi	snd	sd		individual	living			5|36	85|174
Bau Bidayuh	sne			individual	living	Bidayuh, Bau			
Noon	snf			individual	living			97	
Sanga (Democratic Republic of Congo)	sng			individual	living				
Sensi	sni			individual	extinct				
Riverain Sango	snj			individual	living	Sango, Riverain			
Soninke	snk			individual	living			97	
Sangil	snl			individual	living				
Southern Ma'di	snm			individual	living	Ma'di, Southern			
Siona	snn			individual	living				
Snohomish	sno			individual	living				
Siane	snp			individual	living				
Sangu (Gabon)	snq			individual	living				
Sihan	snr			individual	living				
South West Bay	sns			individual	living				
Senggi	snu			individual	living				
Sa'ban	snv			individual	living				
Selee	snw			individual	living				
Sam	snx			individual	living				
Saniyo-Hiyewe	sny			individual	living				
Kou	snz			individual	living				
Thai Song	soa			individual	living				
Sobei	sob			individual	living				
So (Democratic Republic of Congo)	soc			individual	living				
Songoora	sod			individual	living				
Songomeno	soe			individual	living				
Sogdian	sog			individual	historical		Sogdien		
Aka	soh			individual	living				
Sonha	soi			individual	living				
Soi	soj			individual	living				
Sokoro	sok			individual	living				
Solos	sol			individual	living				
Somali	som	so		individual	living			97	5|140
Songo	soo			individual	living				
Songe	sop			individual	living				
Kanasi	soq			individual	living				
Somrai	sor			individual	living				
Seeku	sos			individual	living				
Southern Sotho	sot	st		individual	living	Sotho, Southern		97	
Southern Thai	sou			individual	living	Thai, Southern		200	
Sonsorol	sov			individual	living				
Sowanda	sow			individual	living				
Swo	sox			individual	living				
Miyobe	soy			individual	living				
Temi	soz			individual	living				
Spanish	spa	es		individual	living		European Spanish|Latin American Spanish|Mexican Spanish	97	
Sepa (Indonesia)	spb			individual	living				
Sapé	spc			individual	living				
Saep	spd			individual	living				
Sepa (Papua New Guinea)	spe			individual	living				
Sian	spg			individual	living				
Saponi	spi			individual	living				
Sengo	spk			individual	living				
Selepet	spl			individual	living				
Akukem	spm			individual	living				
Sanapaná	spn			individual	living				
Spokane	spo			individual	living				
Supyire Senoufo	spp			individual	living	Senoufo, Supyire			
Loreto-Ucayali Spanish	spq			individual	living	Spanish, Loreto-Ucayali			
Saparua	spr			individual	living				
Saposa	sps			individual	living				
Spiti Bhoti	spt			individual	living	Bhoti, Spiti			
Sapuan	spu			individual	living				
Sambalpuri	spv			individual	living				
South Picene	spx			individual	historical	Picene, South			
Sabaot	spy			individual	living				
Shama-Sambuga	sqa			individual	living				
Shau	sqh			individual	living				
Albanian	sqi	sq	alb	macrolanguage	living			97	44
Albanian Sign Language	sqk			individual	living				
Suma	sqm			individual	living				
Susquehannock	sqn			individual	extinct				
Sorkhei	sqo			individual	living				
Sou	sqq			individual	living				
Siculo Arabic	sqr			individual	historical	Arabic, Siculo			
Sri Lankan Sign Language	sqs			individual	living				
Soqotri	sqt			individual	living				
Squamish	squ			individual	living				
Kufr Qassem Sign Language (KQSL)	sqx			individual	living				
Saruga	sra			individual	living				
Sora	srb			individual	living			97	178
Logudorese Sardinian	src			individual	living	Sardinian, Logudorese			
Sardinian	srd	sc		macrolanguage	living			97	
Sara	sre			individual	living				
Nafi	srf			individual	living				
Sulod	srg			individual	living				
Sarikoli	srh			individual	living				
Siriano	sri			individual	living				
Serudung Murut	srk			individual	living				
Isirawa	srl			individual	living				
Saramaccan	srm			individual	living				
Sranan Tongo	srn			individual	living			97	
Campidanese Sardinian	sro			individual	living	Sardinian, Campidanese			
Serbian	srp	sr		individual	living		Montenegrin	34|97	
Sirionó	srq			individual	living				
Serer	srr			individual	living			97	
Sarsi	srs			individual	living				
Sauri	srt			individual	living				
Suruí	sru			individual	living				
Southern Sorsoganon	srv			individual	living	Sorsoganon, Southern			
Serua	srw			individual	living				
Sirmauri	srx			individual	living			36	
Sera	sry			individual	living				
Shahmirzadi	srz			individual	living				
Southern Sama	ssb			individual	living	Sama, Southern			
Suba-Simbiti	ssc			individual	living				
Siroi	ssd			individual	living				
Balangingi	sse			individual	living				
Thao	ssf			individual	living				
Seimat	ssg			individual	living				
Shihhi Arabic	ssh			individual	living	Arabic, Shihhi			
Sansi	ssi			individual	living				
Sausi	ssj			individual	living				
Sunam	ssk			individual	living				
Western Sisaala	ssl			individual	living	Sisaala, Western			
Semnam	ssm			individual	living				
Waata	ssn			individual	living				
Sissano	sso			individual	living				
Spanish Sign Language	ssp			individual	living				
So'a	ssq			individual	living				
Swiss-French Sign Language	ssr			individual	living				
Sô	sss			individual	living				
Sinasina	sst			individual	living				
Susuami	ssu			individual	living				
Shark Bay	ssv			individual	living				
Swati	ssw	ss		individual	living			97	
Samberigi	ssx			individual	living				
Saho	ssy			individual	living			97	
Sengseng	ssz			individual	living				
Settla	sta			individual	living				
Northern Subanen	stb			individual	living	Subanen, Northern			
Sentinel	std			individual	living				
Liana-Seti	ste			individual	living				
Seta	stf			individual	living				
Trieng	stg			individual	living				
Shelta	sth			individual	living				
Bulo Stieng	sti			individual	living	Stieng, Bulo			
Matya Samo	stj			individual	living	Samo, Matya			
Arammba	stk			individual	living				
Stellingwerfs	stl			individual	living				
Setaman	stm			individual	living				
Owa	stn			individual	living				
Stoney	sto			individual	living				
Southeastern Tepehuan	stp			individual	living	Tepehuan, Southeastern			
Saterfriesisch	stq			individual	living		Saterland Frisian	97	
Straits Salish	str			individual	living	Salish, Straits			
Shumashti	sts			individual	living				
Budeh Stieng	stt			individual	living	Stieng, Budeh			
Samtao	stu			individual	living			93	189
Silt'e	stv			individual	living				
Satawalese	stw			individual	living				
Siberian Tatar	sty			individual	living	Tatar, Siberian			
Sulka	sua			individual	living				
Suku	sub			individual	living				
Western Subanon	suc			individual	living	Subanon, Western			
Suena	sue			individual	living				
Suganga	sug			individual	living				
Suki	sui			individual	living				
Shubi	suj			individual	living				
Sukuma	suk			individual	living			97	
Sundanese	sun	su		individual	living			97	180
Bouni	suo			individual	living				
Tirmaga-Chai Suri	suq			individual	living	Suri, Tirmaga-Chai			
Mwaghavul	sur			individual	living				
Susu	sus			individual	living			97	5
Subtiaba	sut			individual	extinct				
Puroik	suv			individual	living				
Sumbwa	suw			individual	living				
Sumerian	sux			individual	historical				
Suyá	suy			individual	living				
Sunwar	suz			individual	living			36	181
Svan	sva			individual	living				
Ulau-Suain	svb			individual	living				
Vincentian Creole English	svc			individual	living	Creole English, Vincentian			
Serili	sve			individual	living				
Slovakian Sign Language	svk			individual	living				
Slavomolisano	svm			individual	living				
Savosavo	svs			individual	living				
Skalvian	svx			individual	historical				
Swahili (macrolanguage)	swa	sw		macrolanguage	living		Congo Swahili|Swahili	97	
Maore Comorian	swb			individual	living	Comorian, Maore	Comorian	5	97
Congo Swahili	swc			individual	living	Swahili, Congo			
Swedish	swe	sv		individual	living			97	
Sere	swf			individual	living				
Swabian	swg			individual	living			97	
Swahili (individual language)	swh			individual	living				
Sui	swi			individual	living				
Sira	swj			individual	living				
Malawi Sena	swk			individual	living	Sena, Malawi			
Swedish Sign Language	swl			individual	living				
Samosa	swm			individual	living				
Sawknah	swn			individual	living				
Shanenawa	swo			individual	living				
Suau	swp			individual	living				
Sharwa	swq			individual	living				
Saweru	swr			individual	living				
Seluwasan	sws			individual	living				
Sawila	swt			individual	living				
Suwawa	swu			individual	living				
Shekhawati	swv			individual	living			36	
Sowa	sww			individual	extinct				
Suruahá	swx			individual	living				
Sarua	swy			individual	living				
Suba	sxb			individual	living				
Sicanian	sxc			individual	historical				
Sighu	sxe			individual	living				
Shuhi	sxg			individual	living				
Southern Kalapuya	sxk			individual	extinct	Kalapuya, Southern			
Selian	sxl			individual	extinct				
Samre	sxm			individual	living				
Sangir	sxn			individual	living			97	
Sorothaptic	sxo			individual	historical				
Saaroa	sxr			individual	living				
Sasaru	sxs			individual	living				
Upper Saxon	sxu			individual	living	Saxon, Upper			
Saxwe Gbe	sxw			individual	living	Gbe, Saxwe			
Siang	sya			individual	living				
Central Subanen	syb			individual	living	Subanen, Central			
Classical Syriac	syc			individual	historical	Syriac, Classical			
Seki	syi			individual	living			97	
Sukur	syk			individual	living				
Sylheti	syl			individual	living			14	182
Maya Samo	sym			individual	living	Samo, Maya			
Senaya	syn			individual	living				
Suoy	syo			individual	living				
Syriac	syr			macrolanguage	living			183	
Sinyar	sys			individual	living				
Kagate	syw			individual	living				
Samay	syx			individual	living				
Al-Sayyid Bedouin Sign Language	syy			individual	living				
Semelai	sza			individual	living				
Ngalum	szb			individual	living				
Semaq Beri	szc			individual	living				
Seze	sze			individual	living				
Sengele	szg			individual	living				
Silesian	szl			individual	living			97	
Sula	szn			individual	living				
Suabo	szp			individual	living				
Solomon Islands Sign Language	szs			individual	living				
Isu (Fako Division)	szv			individual	living				
Sawai	szw			individual	living				
Sakizaya	szy			individual	living				
Lower Tanana	taa			individual	living	Tanana, Lower			
Tabassaran	tab			individual	living			34	
Lowland Tarahumara	tac			individual	living	Tarahumara, Lowland			
Tause	tad			individual	living				
Tariana	tae			individual	living				
Tapirapé	taf			individual	living				
Tagoi	tag			individual	living				
Tahitian	tah	ty		individual	living			97	
Eastern Tamang	taj			individual	living	Tamang, Eastern		36	201
Tala	tak			individual	living				
Tal	tal			individual	living				
Tamil	tam	ta		individual	living			191	
Tangale	tan			individual	living				
Yami	tao			individual	living				
Taabwa	tap			individual	living				
Tamasheq	taq			individual	living				
Central Tarahumara	tar			individual	living	Tarahumara, Central			
Tay Boi	tas			individual	extinct				
Tatar	tat	tt		individual	living			34	
Upper Tanana	tau			individual	living	Tanana, Upper			
Tatuyo	tav			individual	living				
Tai	taw			individual	living				
Tamki	tax			individual	living				
Atayal	tay			individual	living				
Tocho	taz			individual	living				
Aikanã	tba			individual	living				
Takia	tbc			individual	living				
Kaki Ae	tbd			individual	living				
Tanimbili	tbe			individual	living				
Mandara	tbf			individual	living				
North Tairora	tbg			individual	living	Tairora, North			
Dharawal	tbh			individual	extinct				
Gaam	tbi			individual	living				
Tiang	tbj			individual	living				
Calamian Tagbanwa	tbk			individual	living	Tagbanwa, Calamian			
Tboli	tbl			individual	living				
Tagbu	tbm			individual	living				
Barro Negro Tunebo	tbn			individual	living	Tunebo, Barro Negro			
Tawala	tbo			individual	living				
Taworta	tbp			individual	living				
Tumtum	tbr			individual	living				
Tanguat	tbs			individual	living				
Tembo (Kitembo)	tbt			individual	living				
Tubar	tbu			individual	extinct				
Tobo	tbv			individual	living				
Tagbanwa	tbw			individual	living			97	187
Kapin	tbx			individual	living				
Tabaru	tby			individual	living				
Ditammari	tbz			individual	living				
Ticuna	tca			individual	living				
Tanacross	tcb			individual	living				
Datooga	tcc			individual	living				
Tafi	tcd			individual	living				
Southern Tutchone	tce			individual	living	Tutchone, Southern			
Malinaltepec Me'phaa	tcf			individual	living	Me'phaa, Malinaltepec			
Tamagario	tcg			individual	living				
Turks And Caicos Creole English	tch			individual	living	Creole English, Turks And Caicos			
Wára	tci			individual	living				
Tchitchege	tck			individual	living				
Taman (Myanmar)	tcl			individual	extinct				
Tanahmerah	tcm			individual	living				
Tichurong	tcn			individual	living				
Taungyo	tco			individual	living				
Tawr Chin	tcp			individual	living	Chin, Tawr			
Kaiy	tcq			individual	living				
Torres Strait Creole	tcs			individual	living	Creole, Torres Strait			
T'en	tct			individual	living				
Southeastern Tarahumara	tcu			individual	living	Tarahumara, Southeastern			
Tecpatlán Totonac	tcw			individual	living	Totonac, Tecpatlán			
Toda	tcx			individual	living				
Tulu	tcy			individual	living			88	
Thado Chin	tcz			individual	living	Chin, Thado			
Tagdal	tda			individual	living				
Panchpargania	tdb			individual	living				
Emberá-Tadó	tdc			individual	living				
Tai Nüa	tdd			individual	living			189	
Tiranige Diga Dogon	tde			individual	living	Dogon, Tiranige Diga			
Talieng	tdf			individual	living				
Western Tamang	tdg			individual	living	Tamang, Western		36	201
Thulung	tdh			individual	living			36	
Tomadino	tdi			individual	living				
Tajio	tdj			individual	living				
Tambas	tdk			individual	living				
Sur	tdl			individual	living				
Taruma	tdm			individual	living				
Tondano	tdn			individual	living				
Teme	tdo			individual	living				
Tita	tdq			individual	living				
Todrah	tdr			individual	living				
Doutai	tds			individual	living				
Tetun Dili	tdt			individual	living				
Toro	tdv			individual	living				
Tandroy-Mahafaly Malagasy	tdx			individual	living	Malagasy, Tandroy-Mahafaly			
Tadyawan	tdy			individual	living				
Temiar	tea			individual	living				
Tetete	teb			individual	extinct				
Terik	tec			individual	living				
Tepo Krumen	ted			individual	living	Krumen, Tepo			
Huehuetla Tepehua	tee			individual	living	Tepehua, Huehuetla			
Teressa	tef			individual	living				
Teke-Tege	teg			individual	living				
Tehuelche	teh			individual	living				
Torricelli	tei			individual	living				
Ibali Teke	tek			individual	living	Teke, Ibali			
Telugu	tel	te		individual	living			195	
Timne	tem			individual	living			97	
Tama (Colombia)	ten			individual	extinct				
Teso	teo			individual	living			97	
Tepecano	tep			individual	extinct				
Temein	teq			individual	living				
Tereno	ter			individual	living			97	
Tengger	tes			individual	living				
Tetum	tet			individual	living			97	
Soo	teu			individual	living				
Teor	tev			individual	living				
Tewa (USA)	tew			individual	living				
Tennet	tex			individual	living				
Tulishi	tey			individual	living				
Tetserret	tez			individual	living				
Tofin Gbe	tfi			individual	living	Gbe, Tofin			
Tanaina	tfn			individual	living				
Tefaro	tfo			individual	living				
Teribe	tfr			individual	living				
Ternate	tft			individual	living				
Sagalla	tga			individual	living				
Tobilung	tgb			individual	living				
Tigak	tgc			individual	living				
Ciwogai	tgd			individual	living				
Eastern Gorkha Tamang	tge			individual	living	Tamang, Eastern Gorkha			
Chalikha	tgf			individual	living				
Tobagonian Creole English	tgh			individual	living	Creole English, Tobagonian			
Lawunuia	tgi			individual	living				
Tagin	tgj			individual	living				
Tajik	tgk	tg		individual	living			34|5|97	
Tagalog	tgl	tl		individual	living				
Tandaganon	tgn			individual	living				
Sudest	tgo			individual	living				
Tangoa	tgp			individual	living				
Tring	tgq			individual	living				
Tareng	tgr			individual	living				
Nume	tgs			individual	living				
Central Tagbanwa	tgt			individual	living	Tagbanwa, Central			
Tanggu	tgu			individual	living				
Tingui-Boto	tgv			individual	extinct				
Tagwana Senoufo	tgw			individual	living	Senoufo, Tagwana			
Tagish	tgx			individual	living				
Togoyo	tgy			individual	extinct				
Tagalaka	tgz			individual	extinct				
Thai	tha	th		individual	living			200	
Kuuk Thaayorre	thd			individual	living				
Chitwania Tharu	the			individual	living	Tharu, Chitwania			
Thangmi	thf			individual	living				
Northern Tarahumara	thh			individual	living	Tarahumara, Northern			
Tai Long	thi			individual	living				
Tharaka	thk			individual	living				
Dangaura Tharu	thl			individual	living	Tharu, Dangaura		36	
Aheu	thm			individual	living				
Thachanadan	thn			individual	living				
Thompson	thp			individual	living				
Kochila Tharu	thq			individual	living	Tharu, Kochila		36	
Rana Tharu	thr			individual	living	Tharu, Rana		36	
Thakali	ths			individual	living				
Tahltan	tht			individual	living				
Thuri	thu			individual	living				
Tahaggart Tamahaq	thv			individual	living	Tamahaq, Tahaggart			
Tha	thy			individual	living				
Tayart Tamajeq	thz			individual	living	Tamajeq, Tayart			
Tidikelt Tamazight	tia			individual	living	Tamazight, Tidikelt			
Tira	tic			individual	living				
Tifal	tif			individual	living				
Tigre	tig			individual	living			46	
Timugon Murut	tih			individual	living	Murut, Timugon			
Tiene	tii			individual	living				
Tilung	tij			individual	living				
Tikar	tik			individual	living				
Tillamook	til			individual	extinct				
Timbe	tim			individual	living				
Tindi	tin			individual	living				
Teop	tio			individual	living				
Trimuris	tip			individual	living				
Tiéfo	tiq			individual	living				
Tigrinya	tir	ti		individual	living			46	
Masadiit Itneg	tis			individual	living	Itneg, Masadiit			
Tinigua	tit			individual	living				
Adasen	tiu			individual	living				
Tiv	tiv			individual	living			97	
Tiwi	tiw			individual	living				
Southern Tiwa	tix			individual	living	Tiwa, Southern			
Tiruray	tiy			individual	living				
Tai Hongjin	tiz			individual	living				
Tajuasohn	tja			individual	living				
Tunjung	tjg			individual	living				
Northern Tujia	tji			individual	living	Tujia, Northern			
Tjungundji	tjj			individual	living				
Tai Laing	tjl			individual	living				
Timucua	tjm			individual	extinct				
Tonjon	tjn			individual	extinct				
Temacine Tamazight	tjo			individual	living	Tamazight, Temacine			
Tjupany	tjp			individual	living				
Southern Tujia	tjs			individual	living	Tujia, Southern			
Tjurruru	tju			individual	extinct				
Djabwurrung	tjw			individual	living				
Truká	tka			individual	extinct				
Buksa	tkb			individual	living				
Tukudede	tkd			individual	living				
Takwane	tke			individual	living				
Tukumanféd	tkf			individual	extinct				
Tesaka Malagasy	tkg			individual	living	Malagasy, Tesaka			
Tokelau	tkl			individual	living		Tokelauan	97	
Takelma	tkm			individual	extinct				
Toku-No-Shima	tkn			individual	living				
Tikopia	tkp			individual	living				
Tee	tkq			individual	living				
Tsakhur	tkr			individual	living			97	34
Takestani	tks			individual	living				
Kathoriya Tharu	tkt			individual	living	Tharu, Kathoriya		36	
Upper Necaxa Totonac	tku			individual	living	Totonac, Upper Necaxa			
Mur Pano	tkv			individual	living				
Teanu	tkw			individual	living				
Tangko	tkx			individual	living				
Takua	tkz			individual	living				
Southwestern Tepehuan	tla			individual	living	Tepehuan, Southwestern			
Tobelo	tlb			individual	living				
Yecuatla Totonac	tlc			individual	living	Totonac, Yecuatla			
Talaud	tld			individual	living				
Telefol	tlf			individual	living				
Tofanma	tlg			individual	living				
Klingon	tlh			individual	constructed				
Tlingit	tli			individual	living			97	
Talinga-Bwisi	tlj			individual	living				
Taloki	tlk			individual	living				
Tetela	tll			individual	living				
Tolomako	tlm			individual	living				
Talondo'	tln			individual	living				
Talodi	tlo			individual	living				
Filomena Mata-Coahuitlán Totonac	tlp			individual	living	Totonac, Filomena Mata-Coahuitlán			
Tai Loi	tlq			individual	living				
Talise	tlr			individual	living				
Tambotalo	tls			individual	living				
Sou Nama	tlt			individual	living				
Tulehu	tlu			individual	living				
Taliabu	tlv			individual	living				
Khehek	tlx			individual	living				
Talysh	tly			individual	living			97	5|34
Tama (Chad)	tma			individual	living				
Katbol	tmb			individual	living				
Tumak	tmc			individual	living				
Haruai	tmd			individual	living				
Tremembé	tme			individual	extinct				
Toba-Maskoy	tmf			individual	living				
Ternateño	tmg			individual	extinct				
Tamashek	tmh			macrolanguage	living			97	
Tutuba	tmi			individual	living				
Samarokena	tmj			individual	living				
Tamnim Citak	tml			individual	living	Citak, Tamnim			
Tai Thanh	tmm			individual	living				
Taman (Indonesia)	tmn			individual	living				
Temoq	tmo			individual	living				
Tumleo	tmq			individual	living				
Jewish Babylonian Aramaic (ca. 200-1200 CE)	tmr			individual	extinct	Aramaic, Jewish Babylonian (ca. 200-1200 CE)			
Tima	tms			individual	living				
Tasmate	tmt			individual	living				
Iau	tmu			individual	living				
Tembo (Motembo)	tmv			individual	living				
Temuan	tmw			individual	living				
Tami	tmy			individual	living				
Tamanaku	tmz			individual	extinct				
Tacana	tna			individual	living				
Western Tunebo	tnb			individual	living	Tunebo, Western			
Tanimuca-Retuarã	tnc			individual	living				
Angosturas Tunebo	tnd			individual	living	Tunebo, Angosturas			
Tobanga	tng			individual	living				
Maiani	tnh			individual	living				
Tandia	tni			individual	living				
Kwamera	tnk			individual	living				
Lenakel	tnl			individual	living				
Tabla	tnm			individual	living				
North Tanna	tnn			individual	living	Tanna, North			
Toromono	tno			individual	living				
Whitesands	tnp			individual	living				
Taino	tnq			individual	extinct				
Ménik	tnr			individual	living			97	
Tenis	tns			individual	living				
Tontemboan	tnt			individual	living				
Tay Khang	tnu			individual	living				
Tangchangya	tnv			individual	living				
Tonsawang	tnw			individual	living				
Tanema	tnx			individual	living				
Tongwe	tny			individual	living				
Ten'edn	tnz			individual	living				
Toba	tob			individual	living				
Coyutla Totonac	toc			individual	living	Totonac, Coyutla			
Toma	tod			individual	living				
Gizrra	tof			individual	living				
Tonga (Nyasa)	tog			individual	living		Nyasa Tonga	97	
Gitonga	toh			individual	living				
Tonga (Zambia)	toi			individual	living				
Tojolabal	toj			individual	living				
Toki Pona	tok			individual	constructed			97	
Tolowa	tol			individual	extinct				
Tombulu	tom			individual	living				
Tonga (Tonga Islands)	ton	to		individual	living		Tongan	97	
Xicotepec De Juárez Totonac	too			individual	living	Totonac, Xicotepec De Juárez			
Papantla Totonac	top			individual	living	Totonac, Papantla			
Toposa	toq			individual	living				
Togbo-Vara Banda	tor			individual	living	Banda, Togbo-Vara			
Highland Totonac	tos			individual	living	Totonac, Highland			
Tho	tou			individual	living				
Upper Taromi	tov			individual	living	Taromi, Upper			
Jemez	tow			individual	living				
Tobian	tox			individual	living				
Topoiyo	toy			individual	living				
To	toz			individual	living				
Taupota	tpa			individual	living				
Azoyú Me'phaa	tpc			individual	living	Me'phaa, Azoyú			
Tippera	tpe			individual	living				
Tarpia	tpf			individual	living				
Kula	tpg			individual	living				
Tok Pisin	tpi			individual	living			97	
Tapieté	tpj			individual	living				
Tupinikin	tpk			individual	extinct				
Tlacoapa Me'phaa	tpl			individual	living	Me'phaa, Tlacoapa			
Tampulma	tpm			individual	living				
Tupinambá	tpn			individual	extinct				
Tai Pao	tpo			individual	living				
Pisaflores Tepehua	tpp			individual	living	Tepehua, Pisaflores			
Tukpa	tpq			individual	living				
Tuparí	tpr			individual	living				
Tlachichilco Tepehua	tpt			individual	living	Tepehua, Tlachichilco			
Tampuan	tpu			individual	living				
Tanapag	tpv			individual	living				
Acatepec Me'phaa	tpx			individual	living	Me'phaa, Acatepec			
Trumai	tpy			individual	living				
Tinputz	tpz			individual	living				
Tembé	tqb			individual	living				
Lehali	tql			individual	living				
Turumsa	tqm			individual	living				
Tenino	tqn			individual	living				
Toaripi	tqo			individual	living				
Tomoip	tqp			individual	living				
Tunni	tqq			individual	living				
Torona	tqr			individual	extinct				
Western Totonac	tqt			individual	living	Totonac, Western			
Touo	tqu			individual	living				
Tonkawa	tqw			individual	extinct				
Tirahi	tra			individual	living				
Terebu	trb			individual	living				
Copala Triqui	trc			individual	living	Triqui, Copala			
Turi	trd			individual	living				
East Tarangan	tre			individual	living	Tarangan, East			
Trinidadian Creole English	trf			individual	living	Creole English, Trinidadian			
Lishán Didán	trg			individual	living				
Turaka	trh			individual	living				
Trió	tri			individual	living				
Toram	trj			individual	living				
Traveller Scottish	trl			individual	living	Scottish, Traveller			
Tregami	trm			individual	living				
Trinitario	trn			individual	living				
Tarao Naga	tro			individual	living	Naga, Tarao			
Kok Borok	trp			individual	living				
San Martín Itunyoso Triqui	trq			individual	living	Triqui, San Martín Itunyoso			
Taushiro	trr			individual	living				
Chicahuaxtla Triqui	trs			individual	living	Triqui, Chicahuaxtla			
Tunggare	trt			individual	living				
Turoyo	tru			individual	living			97	183
Sediq	trv			individual	living		Taroko	97	
Torwali	trw			individual	living			5	
Tringgus-Sembaan Bidayuh	trx			individual	living	Bidayuh, Tringgus-Sembaan			
Turung	try			individual	extinct				
Torá	trz			individual	extinct				
Tsaangi	tsa			individual	living				
Tsamai	tsb			individual	living				
Tswa	tsc			individual	living				
Tsakonian	tsd			individual	living			55	
Tunisian Sign Language	tse			individual	living				
Tausug	tsg			individual	living			97	
Tsuvan	tsh			individual	living				
Tsimshian	tsi			individual	living			97	
Tshangla	tsj			individual	living			201	
Tseku	tsk			individual	living				
Ts'ün-Lao	tsl			individual	living				
Turkish Sign Language	tsm			individual	living				
Tswana	tsn	tn		individual	living			97	
Tsonga	tso	ts		individual	living			97	
Northern Toussian	tsp			individual	living	Toussian, Northern			
Thai Sign Language	tsq			individual	living				
Akei	tsr			individual	living				
Taiwan Sign Language	tss			individual	living				
Tondi Songway Kiini	tst			individual	living	Songway Kiini, Tondi			
Tsou	tsu			individual	living				
Tsogo	tsv			individual	living				
Tsishingini	tsw			individual	living				
Mubami	tsx			individual	living				
Tebul Sign Language	tsy			individual	living				
Purepecha	tsz			individual	living				
Tutelo	tta			individual	extinct				
Gaa	ttb			individual	living				
Tektiteko	ttc			individual	living				
Tauade	ttd			individual	living				
Bwanabwana	tte			individual	living				
Tuotomb	ttf			individual	living				
Tutong	ttg			individual	living				
Upper Ta'oih	tth			individual	living	Ta'oih, Upper			
Tobati	tti			individual	living				
Tooro	ttj			individual	living			97	
Totoro	ttk			individual	living				
Totela	ttl			individual	living				
Northern Tutchone	ttm			individual	living	Tutchone, Northern			
Towei	ttn			individual	living				
Lower Ta'oih	tto			individual	living	Ta'oih, Lower			
Tombelala	ttp			individual	living				
Tawallammat Tamajaq	ttq			individual	living	Tamajaq, Tawallammat			
Tera	ttr			individual	living				
Northeastern Thai	tts			individual	living	Thai, Northeastern		200	
Muslim Tat	ttt			individual	living	Tat, Muslim		97	5|34
Torau	ttu			individual	living				
Titan	ttv			individual	living				
Long Wat	ttw			individual	living				
Sikaritai	tty			individual	living				
Tsum	ttz			individual	living				
Wiarumus	tua			individual	living				
Tübatulabal	tub			individual	extinct				
Mutu	tuc			individual	living				
Tuxá	tud			individual	extinct				
Tuyuca	tue			individual	living				
Central Tunebo	tuf			individual	living	Tunebo, Central			
Tunia	tug			individual	living				
Taulil	tuh			individual	living				
Tupuri	tui			individual	living				
Tugutil	tuj			individual	living				
Turkmen	tuk	tk		individual	living			97|5|34	
Tula	tul			individual	living				
Tumbuka	tum			individual	living			97	
Tunica	tun			individual	living				
Tucano	tuo			individual	living				
Tedaga	tuq			individual	living				
Turkish	tur	tr		individual	living			97	5
Tuscarora	tus			individual	living				
Tututni	tuu			individual	living				
Turkana	tuv			individual	living				
Tuxináwa	tux			individual	extinct				
Tugen	tuy			individual	living				
Turka	tuz			individual	living				
Vaghua	tva			individual	living				
Tsuvadi	tvd			individual	living				
Te'un	tve			individual	living				
Tulai	tvi			individual	living				
Southeast Ambrym	tvk			individual	living	Ambrym, Southeast			
Tuvalu	tvl			individual	living			97	
Tela-Masbuar	tvm			individual	living				
Tavoyan	tvn			individual	living				
Tidore	tvo			individual	living				
Taveta	tvs			individual	living				
Tutsa Naga	tvt			individual	living	Naga, Tutsa			
Tunen	tvu			individual	living				
Sedoa	tvw			individual	living				
Taivoan	tvx			individual	extinct				
Timor Pidgin	tvy			individual	extinct	Pidgin, Timor			
Twana	twa			individual	extinct				
Western Tawbuid	twb			individual	living	Tawbuid, Western			
Teshenawa	twc			individual	extinct				
Twents	twd			individual	living				
Tewa (Indonesia)	twe			individual	living				
Northern Tiwa	twf			individual	living	Tiwa, Northern			
Tereweng	twg			individual	living				
Tai Dón	twh			individual	living				
Twi	twi	tw		individual	living				
Tawara	twl			individual	living				
Tawang Monpa	twm			individual	living	Monpa, Tawang			
Twendi	twn			individual	living				
Tswapong	two			individual	living				
Ere	twp			individual	living				
Tasawaq	twq			individual	living			97	
Southwestern Tarahumara	twr			individual	living	Tarahumara, Southwestern			
Turiwára	twt			individual	extinct				
Termanu	twu			individual	living				
Tuwari	tww			individual	living				
Tewe	twx			individual	living				
Tawoyan	twy			individual	living				
Tombonuo	txa			individual	living				
Tokharian B	txb			individual	historical				
Tsetsaut	txc			individual	extinct				
Totoli	txe			individual	living				
Tangut	txg			individual	historical				
Thracian	txh			individual	historical				
Ikpeng	txi			individual	living				
Tarjumo	txj			individual	living				
Tomini	txm			individual	living				
West Tarangan	txn			individual	living	Tarangan, West			
Toto	txo			individual	living				
Tii	txq			individual	living				
Tartessian	txr			individual	historical				
Tonsea	txs			individual	living				
Citak	txt			individual	living				
Kayapó	txu			individual	living				
Tatana	txx			individual	living				
Tanosy Malagasy	txy			individual	living	Malagasy, Tanosy			
Tauya	tya			individual	living				
Kyanga	tye			individual	living				
O'du	tyh			individual	living				
Teke-Tsaayi	tyi			individual	living				
Tai Do	tyj			individual	living				
Thu Lao	tyl			individual	living				
Kombai	tyn			individual	living				
Thaypan	typ			individual	extinct				
Tai Daeng	tyr			individual	living				
Tày Sa Pa	tys			individual	living				
Tày Tac	tyt			individual	living				
Kua	tyu			individual	living				
Tuvinian	tyv			individual	living			34	
Teke-Tyee	tyx			individual	living				
Tiyaa	tyy			individual	living				
Tày	tyz			individual	living				
Tanzanian Sign Language	tza			individual	living				
Tzeltal	tzh			individual	living				
Tz'utujil	tzj			individual	living				
Talossan	tzl			individual	constructed				
Central Atlas Tamazight	tzm			individual	living	Tamazight, Central Atlas		97|197	
Tugun	tzn			individual	living				
Tzotzil	tzo			individual	living				
Tabriak	tzx			individual	living				
Uamué	uam			individual	extinct				
Kuan	uan			individual	living				
Tairuma	uar			individual	living				
Ubang	uba			individual	living				
Ubi	ubi			individual	living				
Buhi'non Bikol	ubl			individual	living	Bikol, Buhi'non			
Ubir	ubr			individual	living				
Umbu-Ungu	ubu			individual	living				
Ubykh	uby			individual	extinct				
Uda	uda			individual	living				
Udihe	ude			individual	living			34	
Muduga	udg			individual	living				
Udi	udi			individual	living				
Ujir	udj			individual	living				
Wuzlam	udl			individual	living				
Udmurt	udm			individual	living			34	97
Uduk	udu			individual	living				
Kioko	ues			individual	living				
Ufim	ufi			individual	living				
Ugaritic	uga			individual	historical			208	
Kuku-Ugbanh	ugb			individual	extinct				
Ughele	uge			individual	living				
Kubachi	ugh			individual	living				
Ugandan Sign Language	ugn			individual	living				
Ugong	ugo			individual	living				
Uruguayan Sign Language	ugy			individual	living				
Uhami	uha			individual	living				
Damal	uhn			individual	living				
Uighur	uig	ug		individual	living		Uyghur	5|34	97
Uisai	uis			individual	living				
Iyive	uiv			individual	living				
Tanjijili	uji			individual	living				
Kaburi	uka			individual	living				
Ukuriguma	ukg			individual	living				
Ukhwejo	ukh			individual	living				
Kui (India)	uki			individual	living				
Muak Sa-aak	ukk			individual	living				
Ukrainian Sign Language	ukl			individual	living				
Ukpe-Bayobiri	ukp			individual	living				
Ukwa	ukq			individual	living				
Ukrainian	ukr	uk		individual	living			34	
Urubú-Kaapor Sign Language	uks			individual	living				
Ukue	uku			individual	living				
Kuku	ukv			individual	living				
Ukwuani-Aboh-Ndoni	ukw			individual	living				
Kuuk-Yak	uky			individual	extinct				
Fungwa	ula			individual	living				
Ulukwumi	ulb			individual	living				
Ulch	ulc			individual	living				
Lule	ule			individual	extinct				
Usku	ulf			individual	living				
Ulithian	uli			individual	living			97	
Meriam Mir	ulk			individual	living				
Ullatan	ull			individual	living				
Ulumanda'	ulm			individual	living				
Unserdeutsch	uln			individual	living				
Uma' Lung	ulu			individual	living				
Ulwa	ulw			individual	living				
Buli	uly			individual	living				
Umatilla	uma			individual	living				
Umbundu	umb			individual	living			97	
Marrucinian	umc			individual	historical				
Umbindhamu	umd			individual	extinct				
Morrobalama	umg			individual	extinct				
Ukit	umi			individual	living				
Umon	umm			individual	living				
Makyan Naga	umn			individual	living	Naga, Makyan			
Umotína	umo			individual	extinct				
Umpila	ump			individual	living				
Umbugarla	umr			individual	extinct				
Pendau	ums			individual	living				
Munsee	umu			individual	living				
North Watut	una			individual	living	Watut, North			
Undetermined	und			special	special		Unknown language		
Uneme	une			individual	living				
Ngarinyin	ung			individual	living				
Uni	uni			individual	living				
Enawené-Nawé	unk			individual	living				
Unami	unm			individual	extinct				
Kurnai	unn			individual	living				
Mundari	unr			individual	living			14|36	
Unubahe	unu			individual	living				
Munda	unx			individual	living			14|36	
Unde Kaili	unz			individual	living	Kaili, Unde			
Kulon	uon			individual	extinct				
Umeda	upi			individual	living				
Uripiv-Wala-Rano-Atchin	upv			individual	living				
Urarina	ura			individual	living				
Urubú-Kaapor	urb			individual	living				
Urningangg	urc			individual	extinct				
Urdu	urd	ur		individual	living			5	
Uru	ure			individual	living				
Uradhi	urf			individual	extinct				
Urigina	urg			individual	living				
Urhobo	urh			individual	living				
Urim	uri			individual	living				
Urak Lawoi'	urk			individual	living				
Urali	url			individual	living				
Urapmin	urm			individual	living				
Uruangnirin	urn			individual	living				
Ura (Papua New Guinea)	uro			individual	living				
Uru-Pa-In	urp			individual	living				
Lehalurup	urr			individual	living				
Urat	urt			individual	living				
Urumi	uru			individual	extinct				
Uruava	urv			individual	extinct				
Sop	urw			individual	living				
Urimo	urx			individual	living				
Orya	ury			individual	living				
Uru-Eu-Wau-Wau	urz			individual	living				
Usarufa	usa			individual	living				
Ushojo	ush			individual	living				
Usui	usi			individual	living				
Usaghade	usk			individual	living				
Uspanteco	usp			individual	living				
us-Saare	uss			individual	living				
Uya	usu			individual	living				
Otank	uta			individual	living				
Ute-Southern Paiute	ute			individual	living				
ut-Hun	uth			individual	living				
Amba (Solomon Islands)	utp			individual	living				
Etulo	utr			individual	living				
Utu	utu			individual	living				
Urum	uum			individual	living				
Ura (Vanuatu)	uur			individual	living				
U	uuu			individual	living				
West Uvean	uve			individual	living	Uvean, West			
Uri	uvh			individual	living				
Lote	uvl			individual	living				
Kuku-Uwanh	uwa			individual	living				
Doko-Uyanga	uya			individual	living				
Uzbek	uzb	uz		macrolanguage	living			97|34|5	
Northern Uzbek	uzn			individual	living	Uzbek, Northern			
Southern Uzbek	uzs			individual	living	Uzbek, Southern			
Vaagri Booli	vaa			individual	living				
Vale	vae			individual	living				
Vafsi	vaf			individual	living				
Vagla	vag			individual	living				
Varhadi-Nagpuri	vah			individual	living				
Vai	vai			individual	living			209|97	
Sekele	vaj			individual	living				
Vehes	val			individual	living				
Vanimo	vam			individual	living				
Valman	van			individual	living				
Vao	vao			individual	living				
Vaiphei	vap			individual	living				
Huarijio	var			individual	living				
Vasavi	vas			individual	living				
Vanuma	vau			individual	living				
Varli	vav			individual	living				
Wayu	vay			individual	living				
Southeast Babar	vbb			individual	living	Babar, Southeast			
Southwestern Bontok	vbk			individual	living	Bontok, Southwestern			
Venetian	vec			individual	living			97	
Veddah	ved			individual	living				
Veluws	vel			individual	living				
Vemgo-Mabas	vem			individual	living				
Venda	ven	ve		individual	living			97	
Ventureño	veo			individual	extinct				
Veps	vep			individual	living			97	
Mom Jango	ver			individual	living				
Vaghri	vgr			individual	living				
Vlaamse Gebarentaal	vgt			individual	living				
Virgin Islands Creole English	vic			individual	living	Creole English, Virgin Islands		97	
Vidunda	vid			individual	living				
Vietnamese	vie	vi		individual	living			97	61
Vili	vif			individual	living				
Viemo	vig			individual	living				
Vilela	vil			individual	living				
Vinza	vin			individual	living				
Vishavan	vis			individual	living				
Viti	vit			individual	living				
Iduna	viv			individual	living				
Bajjika	vjk			individual	living				
Kariyarra	vka			individual	extinct				
Kujarge	vkj			individual	living				
Kaur	vkk			individual	living				
Kulisusu	vkl			individual	living				
Kamakan	vkm			individual	extinct				
Koro Nulu	vkn			individual	living				
Kodeoha	vko			individual	living				
Korlai Creole Portuguese	vkp			individual	living	Creole Portuguese, Korlai			
Tenggarong Kutai Malay	vkt			individual	living	Malay, Tenggarong Kutai			
Kurrama	vku			individual	living				
Koro Zuba	vkz			individual	living				
Valpei	vlp			individual	living				
Vlaams	vls			individual	living		West Flemish	97	
Martuyhunira	vma			individual	extinct				
Barbaram	vmb			individual	extinct				
Juxtlahuaca Mixtec	vmc			individual	living	Mixtec, Juxtlahuaca			
Mudu Koraga	vmd			individual	living	Koraga, Mudu			
East Masela	vme			individual	living	Masela, East			
Mainfränkisch	vmf			individual	living		Main-Franconian	97	
Lungalunga	vmg			individual	living				
Maraghei	vmh			individual	living				
Miwa	vmi			individual	extinct				
Ixtayutla Mixtec	vmj			individual	living	Mixtec, Ixtayutla			
Makhuwa-Shirima	vmk			individual	living				
Malgana	vml			individual	extinct				
Mitlatongo Mixtec	vmm			individual	living	Mixtec, Mitlatongo			
Soyaltepec Mazatec	vmp			individual	living	Mazatec, Soyaltepec			
Soyaltepec Mixtec	vmq			individual	living	Mixtec, Soyaltepec			
Marenje	vmr			individual	living				
Moksela	vms			individual	extinct				
Muluridyi	vmu			individual	extinct				
Valley Maidu	vmv			individual	extinct	Maidu, Valley			
Makhuwa	vmw			individual	living			97	
Tamazola Mixtec	vmx			individual	living	Mixtec, Tamazola			
Ayautla Mazatec	vmy			individual	living	Mazatec, Ayautla			
Mazatlán Mazatec	vmz			individual	living	Mazatec, Mazatlán			
Vano	vnk			individual	living				
Vinmavis	vnm			individual	living				
Vunapu	vnp			individual	living				
Volapük	vol	vo		individual	constructed			97	
Voro	vor			individual	living				
Votic	vot			individual	living			97	
Vera'a	vra			individual	living				
Võro	vro			individual	living			97	
Varisi	vrs			individual	living				
Burmbar	vrt			individual	living				
Moldova Sign Language	vsi			individual	living				
Venezuelan Sign Language	vsl			individual	living				
Vedic Sanskrit	vsn			individual	historical				
Valencian Sign Language	vsv			individual	living				
Vitou	vto			individual	living				
Vumbu	vum			individual	living				
Vunjo	vun			individual	living			97	
Vute	vut			individual	living				
Awa (China)	vwa			individual	living				
Walla Walla	waa			individual	living				
Wab	wab			individual	living				
Wasco-Wishram	wac			individual	extinct				
Wamesa	wad			individual	living				
Walser	wae			individual	living			97	
Wakoná	waf			individual	extinct				
Wa'ema	wag			individual	living				
Watubela	wah			individual	living				
Wares	wai			individual	living				
Waffa	waj			individual	living				
Wolaytta	wal			individual	living			46	
Wampanoag	wam			individual	extinct				
Wan	wan			individual	living				
Wappo	wao			individual	extinct				
Wapishana	wap			individual	living				
Wagiman	waq			individual	living				
Waray (Philippines)	war			individual	living		Waray	97	
Washo	was			individual	living			97	
Kaninuwa	wat			individual	living				
Waurá	wau			individual	living				
Waka	wav			individual	living				
Waiwai	waw			individual	living				
Watam	wax			individual	living				
Wayana	way			individual	living				
Wampur	waz			individual	living				
Warao	wba			individual	living				
Wabo	wbb			individual	living				
Waritai	wbe			individual	living				
Wara	wbf			individual	living				
Wanda	wbh			individual	living				
Vwanji	wbi			individual	living				
Alagwa	wbj			individual	living				
Waigali	wbk			individual	living				
Wakhi	wbl			individual	living				
Wa	wbm			individual	living				
Warlpiri	wbp			individual	living			97	
Waddar	wbq			individual	living			195	
Wagdi	wbr			individual	living			36	
West Bengal Sign Language	wbs			individual	living				
Warnman	wbt			individual	living				
Wajarri	wbv			individual	living				
Woi	wbw			individual	living				
Yanomámi	wca			individual	living				
Waci Gbe	wci			individual	living	Gbe, Waci			
Wandji	wdd			individual	living				
Wadaginam	wdg			individual	living				
Wadjiginy	wdj			individual	living				
Wadikali	wdk			individual	extinct				
Wendat	wdt			individual	living				
Wadjigu	wdu			individual	extinct				
Wadjabangayi	wdy			individual	extinct				
Wewaw	wea			individual	extinct				
Wè Western	wec			individual	living				
Wedau	wed			individual	living				
Wergaia	weg			individual	living				
Weh	weh			individual	living				
Kiunum	wei			individual	living				
Weme Gbe	wem			individual	living	Gbe, Weme			
Wemale	weo			individual	living				
Westphalien	wep			individual	living				
Weri	wer			individual	living				
Cameroon Pidgin	wes			individual	living	Pidgin, Cameroon			
Perai	wet			individual	living				
Rawngtu Chin	weu			individual	living	Chin, Rawngtu			
Wejewa	wew			individual	living				
Yafi	wfg			individual	living				
Wagaya	wga			individual	extinct				
Wagawaga	wgb			individual	living				
Wangkangurru	wgg			individual	extinct				
Wahgi	wgi			individual	living				
Waigeo	wgo			individual	living				
Wirangu	wgu			individual	extinct				
Warrgamay	wgy			individual	living				
Sou Upaa	wha			individual	living				
North Wahgi	whg			individual	living	Wahgi, North			
Wahau Kenyah	whk			individual	living	Kenyah, Wahau			
Wahau Kayan	whu			individual	living	Kayan, Wahau			
Southern Toussian	wib			individual	living	Toussian, Southern			
Wichita	wic			individual	extinct				
Wik-Epa	wie			individual	extinct				
Wik-Keyangan	wif			individual	extinct				
Wik Ngathan	wig			individual	living				
Wik-Me'anha	wih			individual	living				
Minidien	wii			individual	living				
Wik-Iiyanh	wij			individual	living				
Wikalkan	wik			individual	living				
Wilawila	wil			individual	extinct				
Wik-Mungkan	wim			individual	living				
Ho-Chunk	win			individual	living				
Wiraféd	wir			individual	extinct				
Wiru	wiu			individual	living				
Vitu	wiv			individual	living				
Wiyot	wiy			individual	extinct				
Waja	wja			individual	living				
Warji	wji			individual	living				
Kw'adza	wka			individual	extinct				
Kumbaran	wkb			individual	living				
Wakde	wkd			individual	living				
Kalanadi	wkl			individual	living				
Keerray-Woorroong	wkr			individual	living				
Kunduvadi	wku			individual	living				
Wakawaka	wkw			individual	extinct				
Wangkayutyuru	wky			individual	extinct				
Walio	wla			individual	living				
Mwali Comorian	wlc			individual	living	Comorian, Mwali			
Wolane	wle			individual	living				
Kunbarlang	wlg			individual	living				
Welaun	wlh			individual	living				
Waioli	wli			individual	living				
Wailaki	wlk			individual	extinct				
Wali (Sudan)	wll			individual	living				
Middle Welsh	wlm			individual	historical	Welsh, Middle			
Walloon	wln	wa		individual	living			97	
Wolio	wlo			individual	living				
Wailapa	wlr			individual	living				
Wallisian	wls			individual	living			97	
Wuliwuli	wlu			individual	extinct				
Wichí Lhamtés Vejoz	wlv			individual	living				
Walak	wlw			individual	living				
Wali (Ghana)	wlx			individual	living				
Waling	wly			individual	extinct				
Mawa (Nigeria)	wma			individual	extinct				
Wambaya	wmb			individual	living				
Wamas	wmc			individual	living				
Mamaindé	wmd			individual	living				
Wambule	wme			individual	living				
Western Minyag	wmg			individual	living	Minyag, Western			
Waima'a	wmh			individual	living				
Wamin	wmi			individual	extinct				
Maiwa (Indonesia)	wmm			individual	living				
Waamwang	wmn			individual	extinct				
Wom (Papua New Guinea)	wmo			individual	living				
Wambon	wms			individual	living				
Walmajarri	wmt			individual	living				
Mwani	wmw			individual	living				
Womo	wmx			individual	living				
Mokati	wnb			individual	living				
Wantoat	wnc			individual	living				
Wandarang	wnd			individual	extinct				
Waneci	wne			individual	living				
Wanggom	wng			individual	living				
Ndzwani Comorian	wni			individual	living	Comorian, Ndzwani		5	
Wanukaka	wnk			individual	living				
Wanggamala	wnm			individual	extinct				
Wunumara	wnn			individual	extinct				
Wano	wno			individual	living				
Wanap	wnp			individual	living				
Usan	wnu			individual	living				
Wintu	wnw			individual	living				
Wanyi	wny			individual	living				
Kuwema	woa			individual	living				
Wè Northern	wob			individual	living				
Wogeo	woc			individual	living				
Wolani	wod			individual	living				
Woleaian	woe			individual	living				
Gambian Wolof	wof			individual	living	Wolof, Gambian			
Wogamusin	wog			individual	living				
Kamang	woi			individual	living				
Longto	wok			individual	living				
Wolof	wol	wo		individual	living			97	5
Wom (Nigeria)	wom			individual	living				
Wongo	won			individual	living				
Manombai	woo			individual	living				
Woria	wor			individual	living				
Hanga Hundi	wos			individual	living				
Wawonii	wow			individual	living				
Weyto	woy			individual	extinct				
Maco	wpc			individual	living				
Waluwarra	wrb			individual	extinct				
Warungu	wrg			individual	extinct				
Wiradjuri	wrh			individual	extinct				
Wariyangga	wri			individual	extinct				
Garrwa	wrk			individual	living				
Warlmanpa	wrl			individual	living				
Warumungu	wrm			individual	living				
Warnang	wrn			individual	living				
Worrorra	wro			individual	extinct				
Waropen	wrp			individual	living				
Wardaman	wrr			individual	living				
Waris	wrs			individual	living				
Waru	wru			individual	living				
Waruna	wrv			individual	living				
Gugu Warra	wrw			individual	extinct				
Wae Rana	wrx			individual	living				
Merwari	wry			individual	living				
Waray (Australia)	wrz			individual	extinct				
Warembori	wsa			individual	living				
Adilabad Gondi	wsg			individual	living	Gondi, Adilabad			
Wusi	wsi			individual	living				
Waskia	wsk			individual	living				
Owenia	wsr			individual	living				
Wasa	wss			individual	living				
Wasu	wsu			individual	extinct				
Wotapuri-Katarqalai	wsv			individual	extinct				
Matambwe	wtb			individual	living				
Watiwa	wtf			individual	living				
Wathawurrung	wth			individual	extinct				
Berta	wti			individual	living				
Watakataui	wtk			individual	living				
Mewati	wtm			individual	living			36	
Wotu	wtw			individual	living				
Wikngenchera	wua			individual	living				
Wunambal	wub			individual	living				
Wudu	wud			individual	living				
Wutunhua	wuh			individual	living				
Silimo	wul			individual	living				
Wumbvu	wum			individual	living				
Bungu	wun			individual	living				
Wurrugu	wur			individual	extinct				
Wutung	wut			individual	living				
Wu Chinese	wuu			individual	living	Chinese, Wu		63	
Wuvulu-Aua	wuv			individual	living				
Wulna	wux			individual	living				
Wauyai	wuy			individual	living				
Waama	wwa			individual	living				
Wakabunga	wwb			individual	extinct				
Wetamut	wwo			individual	living				
Warrwa	wwr			individual	extinct				
Wawa	www			individual	living				
Waxianghua	wxa			individual	living				
Wardandi	wxw			individual	extinct				
Wangaaybuwan-Ngiyambaa	wyb			individual	living				
Woiwurrung	wyi			individual	extinct				
Wymysorys	wym			individual	living				
Wyandot	wyn			individual	living				
Wayoró	wyr			individual	living				
Western Fijian	wyy			individual	living	Fijian, Western			
Andalusian Arabic	xaa			individual	historical	Arabic, Andalusian			
Sambe	xab			individual	living				
Kachari	xac			individual	living				
Adai	xad			individual	extinct				
Aequian	xae			individual	historical				
Aghwan	xag			individual	historical				
Kaimbé	xai			individual	extinct				
Ararandewára	xaj			individual	extinct				
Máku	xak			individual	extinct				
Kalmyk	xal			individual	living			34	
ǀXam	xam			individual	extinct				
Xamtanga	xan			individual	living				
Khao	xao			individual	living				
Apalachee	xap			individual	extinct				
Aquitanian	xaq			individual	historical				
Karami	xar			individual	extinct				
Kamas	xas			individual	extinct				
Katawixi	xat			individual	living				
Kauwera	xau			individual	living				
Xavánte	xav			individual	living			97	
Kawaiisu	xaw			individual	living				
Kayan Mahakam	xay			individual	living				
Lower Burdekin	xbb			individual	extinct	Burdekin, Lower			
Bactrian	xbc			individual	historical				
Bindal	xbd			individual	extinct				
Bigambal	xbe			individual	extinct				
Bunganditj	xbg			individual	extinct				
Kombio	xbi			individual	living				
Birrpayi	xbj			individual	extinct				
Middle Breton	xbm			individual	historical	Breton, Middle			
Kenaboi	xbn			individual	extinct				
Bolgarian	xbo			individual	historical				
Bibbulman	xbp			individual	extinct				
Kambera	xbr			individual	living				
Kambiwá	xbw			individual	extinct				
Batjala	xby			individual	living				
Cumbric	xcb			individual	historical				
Camunic	xcc			individual	historical				
Celtiberian	xce			individual	historical				
Cisalpine Gaulish	xcg			individual	historical	Gaulish, Cisalpine			
Chemakum	xch			individual	extinct				
Classical Armenian	xcl			individual	historical	Armenian, Classical			
Comecrudo	xcm			individual	extinct				
Cotoname	xcn			individual	extinct				
Chorasmian	xco			individual	historical				
Carian	xcr			individual	historical			25	
Classical Tibetan	xct			individual	historical	Tibetan, Classical			
Curonian	xcu			individual	historical				
Chuvantsy	xcv			individual	extinct				
Coahuilteco	xcw			individual	extinct				
Cayuse	xcy			individual	extinct				
Darkinyung	xda			individual	living				
Dacian	xdc			individual	historical				
Dharuk	xdk			individual	extinct				
Edomite	xdm			individual	historical				
Kwandu	xdo			individual	living				
Kaitag	xdq			individual	living				
Malayic Dayak	xdy			individual	living	Dayak, Malayic			
Eblan	xeb			individual	historical				
Hdi	xed			individual	living				
ǁXegwi	xeg			individual	extinct				
Kelo	xel			individual	living				
Kembayan	xem			individual	living				
Epi-Olmec	xep			individual	historical				
Xerénte	xer			individual	living				
Kesawai	xes			individual	living				
Xetá	xet			individual	living				
Keoru-Ahia	xeu			individual	living				
Faliscan	xfa			individual	historical				
Galatian	xga			individual	historical				
Gbin	xgb			individual	extinct				
Gudang	xgd			individual	extinct				
Gabrielino-Fernandeño	xgf			individual	extinct				
Goreng	xgg			individual	extinct				
Garingbal	xgi			individual	extinct				
Galindan	xgl			individual	historical				
Dharumbal	xgm			individual	extinct				
Garza	xgr			individual	extinct				
Unggumi	xgu			individual	living				
Guwa	xgw			individual	extinct				
Harami	xha			individual	historical				
Hunnic	xhc			individual	historical				
Hadrami	xhd			individual	historical				
Khetrani	xhe			individual	living				
Middle Khmer (1400 to 1850 CE)	xhm			individual	historical	Khmer, Middle (1400 to 1850 CE)			
Xhosa	xho	xh		individual	living			97	
Hernican	xhr			individual	historical				
Hattic	xht			individual	historical				
Hurrian	xhu			individual	historical				
Khua	xhv			individual	living				
Iberian	xib			individual	historical				
Xiri	xii			individual	living				
Illyrian	xil			individual	historical				
Xinca	xin			individual	extinct				
Xiriâna	xir			individual	extinct				
Kisan	xis			individual	living				
Indus Valley Language	xiv			individual	historical				
Xipaya	xiy			individual	living				
Minjungbal	xjb			individual	extinct				
Jaitmatang	xjt			individual	extinct				
Kalkoti	xka			individual	living				
Northern Nago	xkb			individual	living	Nago, Northern			
Kho'ini	xkc			individual	living				
Mendalam Kayan	xkd			individual	living	Kayan, Mendalam			
Kereho	xke			individual	living				
Khengkha	xkf			individual	living				
Kagoro	xkg			individual	living				
Kenyan Sign Language	xki			individual	living				
Kajali	xkj			individual	living				
Kachok	xkk			individual	living				
Mainstream Kenyah	xkl			individual	living				
Kayan River Kayan	xkn			individual	living	Kayan, Kayan River			
Kiorr	xko			individual	living				
Kabatei	xkp			individual	living				
Koroni	xkq			individual	living				
Xakriabá	xkr			individual	extinct				
Kumbewaha	xks			individual	living				
Kantosi	xkt			individual	living				
Kaamba	xku			individual	living				
Kgalagadi	xkv			individual	living				
Kembra	xkw			individual	living				
Karore	xkx			individual	living				
Uma' Lasan	xky			individual	living				
Kurtokha	xkz			individual	living				
Kamula	xla			individual	living				
Loup B	xlb			individual	extinct				
Lycian	xlc			individual	historical			105	
Lydian	xld			individual	historical			106	
Lemnian	xle			individual	historical				
Ligurian (Ancient)	xlg			individual	historical				
Liburnian	xli			individual	historical				
Alanic	xln			individual	historical				
Loup A	xlo			individual	extinct				
Lepontic	xlp			individual	historical				
Lusitanian	xls			individual	historical				
Cuneiform Luwian	xlu			individual	historical	Luwian, Cuneiform			
Elymian	xly			individual	historical				
Mushungulu	xma			individual	living				
Mbonga	xmb			individual	living				
Makhuwa-Marrevone	xmc			individual	living				
Mbudum	xmd			individual	living				
Median	xme			individual	historical				
Mingrelian	xmf			individual	living			49	
Mengaka	xmg			individual	living				
Kugu-Muminh	xmh			individual	living				
Majera	xmj			individual	living				
Ancient Macedonian	xmk			individual	historical	Macedonian, Ancient			
Malaysian Sign Language	xml			individual	living				
Manado Malay	xmm			individual	living	Malay, Manado			
Manichaean Middle Persian	xmn			individual	historical	Persian, Manichaean Middle		110	
Morerebi	xmo			individual	living				
Kuku-Mu'inh	xmp			individual	extinct				
Kuku-Mangk	xmq			individual	extinct				
Meroitic	xmr			individual	historical			115	
Moroccan Sign Language	xms			individual	living				
Matbat	xmt			individual	living				
Kamu	xmu			individual	extinct				
Antankarana Malagasy	xmv			individual	living	Malagasy, Antankarana			
Tsimihety Malagasy	xmw			individual	living	Malagasy, Tsimihety			
Salawati	xmx			individual	living				
Mayaguduna	xmy			individual	living				
Mori Bawah	xmz			individual	living				
Ancient North Arabian	xna			individual	historical	North Arabian, Ancient		127	
Kanakanabu	xnb			individual	living				
Middle Mongolian	xng			individual	historical	Mongolian, Middle			
Kuanhua	xnh			individual	living				
Ngarigu	xni			individual	extinct				
Ngoni (Tanzania)	xnj			individual	living				
Nganakarti	xnk			individual	extinct				
Ngumbarl	xnm			individual	extinct				
Northern Kankanay	xnn			individual	living	Kankanay, Northern			
Anglo-Norman	xno			individual	historical				
Ngoni (Mozambique)	xnq			individual	living				
Kangri	xnr			individual	living			36	
Kanashi	xns			individual	living				
Narragansett	xnt			individual	extinct				
Nukunul	xnu			individual	extinct				
Nyiyaparli	xny			individual	living				
Kenzi	xnz			individual	living				
O'chi'chi'	xoc			individual	extinct				
Kokoda	xod			individual	living				
Soga	xog			individual	living			97	
Kominimung	xoi			individual	living				
Xokleng	xok			individual	living				
Komo (Sudan)	xom			individual	living				
Konkomba	xon			individual	living				
Xukurú	xoo			individual	extinct				
Kopar	xop			individual	living				
Korubo	xor			individual	living				
Kowaki	xow			individual	living				
Pirriya	xpa			individual	extinct				
Northeastern Tasmanian	xpb			individual	extinct	Tasmanian, Northeastern			
Pecheneg	xpc			individual	historical				
Oyster Bay Tasmanian	xpd			individual	extinct	Tasmanian, Oyster Bay			
Liberia Kpelle	xpe			individual	living	Kpelle, Liberia			
Southeast Tasmanian	xpf			individual	extinct	Tasmanian, Southeast			
Phrygian	xpg			individual	historical				
North Midlands Tasmanian	xph			individual	extinct	Tasmanian, North Midlands			
Pictish	xpi			individual	historical				
Mpalitjanh	xpj			individual	extinct				
Kulina Pano	xpk			individual	living	Pano, Kulina			
Port Sorell Tasmanian	xpl			individual	extinct	Tasmanian, Port Sorell			
Pumpokol	xpm			individual	extinct				
Kapinawá	xpn			individual	extinct				
Pochutec	xpo			individual	extinct				
Puyo-Paekche	xpp			individual	historical				
Mohegan-Pequot	xpq			individual	extinct				
Parthian	xpr			individual	historical			154	
Pisidian	xps			individual	historical				
Punthamara	xpt			individual	extinct				
Punic	xpu			individual	historical				
Northern Tasmanian	xpv			individual	extinct	Tasmanian, Northern			
Northwestern Tasmanian	xpw			individual	extinct	Tasmanian, Northwestern			
Southwestern Tasmanian	xpx			individual	extinct	Tasmanian, Southwestern			
Puyo	xpy			individual	historical				
Bruny Island Tasmanian	xpz			individual	extinct	Tasmanian, Bruny Island			
Karakhanid	xqa			individual	historical				
Qatabanian	xqt			individual	historical				
Krahô	xra			individual	living				
Eastern Karaboro	xrb			individual	living	Karaboro, Eastern			
Gundungurra	xrd			individual	extinct				
Kreye	xre			individual	living				
Minang	xrg			individual	extinct				
Krikati-Timbira	xri			individual	living				
Armazic	xrm			individual	historical				
Arin	xrn			individual	extinct				
Raetic	xrr			individual	historical				
Aranama-Tamique	xrt			individual	extinct				
Marriammu	xru			individual	living				
Karawa	xrw			individual	living				
Sabaean	xsa			individual	historical			165	
Sambal	xsb			individual	living				
Scythian	xsc			individual	historical				
Sidetic	xsd			individual	historical				
Sempan	xse			individual	living				
Shamang	xsh			individual	living				
Sio	xsi			individual	living				
Subi	xsj			individual	living				
South Slavey	xsl			individual	living	Slavey, South			
Kasem	xsm			individual	living				
Sanga (Nigeria)	xsn			individual	living				
Solano	xso			individual	extinct				
Silopi	xsp			individual	living				
Makhuwa-Saka	xsq			individual	living				
Sherpa	xsr			individual	living			36	
Sanumá	xsu			individual	living				
Sudovian	xsv			individual	extinct				
Saisiyat	xsy			individual	living				
Alcozauca Mixtec	xta			individual	living	Mixtec, Alcozauca			
Chazumba Mixtec	xtb			individual	living	Mixtec, Chazumba			
Katcha-Kadugli-Miri	xtc			individual	living				
Diuxi-Tilantongo Mixtec	xtd			individual	living	Mixtec, Diuxi-Tilantongo			
Ketengban	xte			individual	living				
Transalpine Gaulish	xtg			individual	historical	Gaulish, Transalpine			
Yitha Yitha	xth			individual	extinct				
Sinicahua Mixtec	xti			individual	living	Mixtec, Sinicahua			
San Juan Teita Mixtec	xtj			individual	living	Mixtec, San Juan Teita			
Tijaltepec Mixtec	xtl			individual	living	Mixtec, Tijaltepec			
Magdalena Peñasco Mixtec	xtm			individual	living	Mixtec, Magdalena Peñasco			
Northern Tlaxiaco Mixtec	xtn			individual	living	Mixtec, Northern Tlaxiaco			
Tokharian A	xto			individual	historical				
San Miguel Piedras Mixtec	xtp			individual	living	Mixtec, San Miguel Piedras			
Tumshuqese	xtq			individual	historical				
Early Tripuri	xtr			individual	historical	Tripuri, Early			
Sindihui Mixtec	xts			individual	living	Mixtec, Sindihui			
Tacahua Mixtec	xtt			individual	living	Mixtec, Tacahua			
Cuyamecalco Mixtec	xtu			individual	living	Mixtec, Cuyamecalco			
Thawa	xtv			individual	extinct				
Tawandê	xtw			individual	living				
Yoloxochitl Mixtec	xty			individual	living	Mixtec, Yoloxochitl			
Alu Kurumba	xua			individual	living	Kurumba, Alu			
Betta Kurumba	xub			individual	living	Kurumba, Betta			
Umiida	xud			individual	extinct				
Kunigami	xug			individual	living				
Jennu Kurumba	xuj			individual	living	Kurumba, Jennu			
Ngunawal	xul			individual	extinct				
Umbrian	xum			individual	historical				97|75
Unggaranggu	xun			individual	extinct				
Kuo	xuo			individual	living				
Upper Umpqua	xup			individual	extinct	Umpqua, Upper			
Urartian	xur			individual	historical				
Kuthant	xut			individual	extinct				
Kxoe	xuu			individual	living				
Venetic	xve			individual	historical				
Kamviri	xvi			individual	living				
Vandalic	xvn			individual	historical				
Volscian	xvo			individual	historical				
Vestinian	xvs			individual	historical				
Kwaza	xwa			individual	living				
Woccon	xwc			individual	extinct				
Wadi Wadi	xwd			individual	extinct				
Xwela Gbe	xwe			individual	living	Gbe, Xwela			
Kwegu	xwg			individual	living				
Wajuk	xwj			individual	extinct				
Wangkumara	xwk			individual	extinct				
Western Xwla Gbe	xwl			individual	living	Gbe, Western Xwla			
Written Oirat	xwo			individual	extinct	Oirat, Written			
Kwerba Mamberamo	xwr			individual	living				
Wotjobaluk	xwt			individual	extinct				
Wemba Wemba	xww			individual	extinct				
Boro (Ghana)	xxb			individual	extinct				
Ke'o	xxk			individual	living				
Minkin	xxm			individual	extinct				
Koropó	xxr			individual	extinct				
Tambora	xxt			individual	extinct				
Yaygir	xya			individual	extinct				
Yandjibara	xyb			individual	extinct				
Mayi-Yapi	xyj			individual	extinct				
Mayi-Kulan	xyk			individual	extinct				
Yalakalore	xyl			individual	extinct				
Mayi-Thakurti	xyt			individual	extinct				
Yorta Yorta	xyy			individual	living				
Zhang-Zhung	xzh			individual	historical				
Zemgalian	xzm			individual	extinct				
Ancient Zapotec	xzp			individual	historical	Zapotec, Ancient			
Yaminahua	yaa			individual	living				
Yuhup	yab			individual	living				
Pass Valley Yali	yac			individual	living	Yali, Pass Valley			
Yagua	yad			individual	living				
Pumé	yae			individual	living				
Yaka (Democratic Republic of Congo)	yaf			individual	living				
Yámana	yag			individual	living				
Yazgulyam	yah			individual	living				
Yagnobi	yai			individual	living				
Banda-Yangere	yaj			individual	living				
Yakama	yak			individual	living				
Yalunka	yal			individual	living				
Yamba	yam			individual	living				
Mayangna	yan			individual	living				
Yao	yao			individual	living			97	
Yapese	yap			individual	living			97	
Yaqui	yaq			individual	living				
Yabarana	yar			individual	living				
Nugunu (Cameroon)	yas			individual	living				
Yambeta	yat			individual	living				
Yuwana	yau			individual	living				
Yangben	yav			individual	living			97	
Yawalapití	yaw			individual	living				
Yauma	yax			individual	living				
Agwagwune	yay			individual	living				
Lokaa	yaz			individual	living				
Yala	yba			individual	living				
Yemba	ybb			individual	living			97	
West Yugur	ybe			individual	living	Yugur, West			
Yakha	ybh			individual	living				
Yamphu	ybi			individual	living				
Hasha	ybj			individual	living				
Bokha	ybk			individual	living				
Yukuben	ybl			individual	living				
Yaben	ybm			individual	living				
Yabaâna	ybn			individual	extinct				
Yabong	ybo			individual	living				
Yawiyo	ybx			individual	living				
Yaweyuha	yby			individual	living				
Chesu	ych			individual	living				
Lolopo	ycl			individual	living				
Yucuna	ycn			individual	living				
Chepya	ycp			individual	living				
Yilan Creole	ycr			individual	living				
Yanda	yda			individual	extinct				
Eastern Yiddish	ydd			individual	living	Yiddish, Eastern			
Yangum Dey	yde			individual	living				
Yidgha	ydg			individual	living				
Yoidik	ydk			individual	living				
Ravula	yea			individual	living				
Yeniche	yec			individual	living				
Yimas	yee			individual	living				
Yeni	yei			individual	extinct				
Yevanic	yej			individual	living				
Yela	yel			individual	living				
Tarok	yer			individual	living				
Nyankpa	yes			individual	living				
Yetfa	yet			individual	living				
Yerukula	yeu			individual	living				
Yapunda	yev			individual	living				
Yeyi	yey			individual	living				
Malyangapa	yga			individual	extinct				
Yiningayi	ygi			individual	extinct				
Yangum Gel	ygl			individual	living				
Yagomi	ygm			individual	living				
Gepo	ygp			individual	living				
Yagaria	ygr			individual	living				
Yolŋu Sign Language	ygs			individual	living				
Yugul	ygu			individual	living				
Yagwoia	ygw			individual	living				
Baha Buyang	yha			individual	living	Buyang, Baha			
Judeo-Iraqi Arabic	yhd			individual	living	Arabic, Judeo-Iraqi			
Hlepho Phowa	yhl			individual	living	Phowa, Hlepho			
Yan-nhaŋu Sign Language	yhs			individual	living				
Yinggarda	yia			individual	living				
Yiddish	yid	yi		macrolanguage	living			66	
Ache	yif			individual	living				
Wusa Nasu	yig			individual	living	Nasu, Wusa			
Western Yiddish	yih			individual	extinct	Yiddish, Western			
Yidiny	yii			individual	living				
Yindjibarndi	yij			individual	living				
Dongshanba Lalo	yik			individual	living	Lalo, Dongshanba			
Yindjilandji	yil			individual	extinct				
Yimchungru Naga	yim			individual	living	Naga, Yimchungru			
Riang Lai	yin			individual	living				
Pholo	yip			individual	living				
Miqie	yiq			individual	living				
North Awyu	yir			individual	living	Awyu, North			
Yis	yis			individual	living				
Eastern Lalu	yit			individual	living	Lalu, Eastern			
Awu	yiu			individual	living				
Northern Nisu	yiv			individual	living	Nisu, Northern			
Axi Yi	yix			individual	living	Yi, Axi			
Azhe	yiz			individual	living				
Yakan	yka			individual	living				
Northern Yukaghir	ykg			individual	living	Yukaghir, Northern			
Khamnigan Mongol	ykh			individual	living				
Yoke	yki			individual	living				
Yakaikeke	ykk			individual	living				
Khlula	ykl			individual	living				
Kap	ykm			individual	living				
Kua-nsi	ykn			individual	living				
Yasa	yko			individual	living				
Yekora	ykr			individual	living				
Kathu	ykt			individual	living				
Kuamasi	yku			individual	living				
Yakoma	yky			individual	living				
Yaul	yla			individual	living				
Yaleba	ylb			individual	living				
Yele	yle			individual	living				
Yelogu	ylg			individual	living				
Angguruk Yali	yli			individual	living	Yali, Angguruk			
Yil	yll			individual	living				
Limi	ylm			individual	living				
Langnian Buyang	yln			individual	living	Buyang, Langnian			
Naluo Yi	ylo			individual	living	Yi, Naluo			
Yalarnnga	ylr			individual	extinct				
Aribwaung	ylu			individual	living				
Nyâlayu	yly			individual	living				
Yambes	ymb			individual	living				
Southern Muji	ymc			individual	living	Muji, Southern			
Muda	ymd			individual	living				
Yameo	yme			individual	extinct				
Yamongeri	ymg			individual	living				
Mili	ymh			individual	living				
Moji	ymi			individual	living				
Makwe	ymk			individual	living				
Iamalele	yml			individual	living				
Maay	ymm			individual	living				
Yamna	ymn			individual	living				
Yangum Mon	ymo			individual	living				
Yamap	ymp			individual	living				
Qila Muji	ymq			individual	living	Muji, Qila			
Malasar	ymr			individual	living				
Mysian	yms			individual	historical				
Northern Muji	ymx			individual	living	Muji, Northern			
Muzi	ymz			individual	living				
Aluo	yna			individual	living				
Yamben	ynb			individual	living				
Yandruwandha	ynd			individual	extinct				
Lang'e	yne			individual	living				
Yango	yng			individual	living				
Naukan Yupik	ynk			individual	living	Yupik, Naukan			
Yangulam	ynl			individual	living				
Yana	ynn			individual	extinct				
Yong	yno			individual	living				
Yendang	ynq			individual	living				
Yansi	yns			individual	living				
Yahuna	ynu			individual	extinct				
Yoba	yob			individual	extinct				
Yogad	yog			individual	living				
Yonaguni	yoi			individual	living				
Yokuts	yok			individual	living				
Yola	yol			individual	extinct				
Yombe	yom			individual	living				
Yongkom	yon			individual	living				
Yoruba	yor	yo		individual	living			97	
Yotti	yot			individual	living				
Yoron	yox			individual	living				
Yoy	yoy			individual	living				
Phala	ypa			individual	living				
Labo Phowa	ypb			individual	living	Phowa, Labo			
Phola	ypg			individual	living				
Phupha	yph			individual	living				
Phuma	ypm			individual	living				
Ani Phowa	ypn			individual	living	Phowa, Ani			
Alo Phola	ypo			individual	living	Phola, Alo			
Phupa	ypp			individual	living				
Phuza	ypz			individual	living				
Yerakai	yra			individual	living				
Yareba	yrb			individual	living				
Yaouré	yre			individual	living				
Nenets	yrk			individual	living			34	
Nhengatu	yrl			individual	living		Nheengatu	97	
Yirrk-Mel	yrm			individual	living				
Yerong	yrn			individual	living				
Yaroamë	yro			individual	living				
Yarsun	yrs			individual	living				
Yarawata	yrw			individual	living				
Yarluyandi	yry			individual	living				
Yassic	ysc			individual	extinct				
Samatao	ysd			individual	living				
Sonaga	ysg			individual	living				
Yugoslavian Sign Language	ysl			individual	living				
Myanmar Sign Language	ysm			individual	living				
Sani	ysn			individual	living				
Nisi (China)	yso			individual	living				
Southern Lolopo	ysp			individual	living	Lolopo, Southern			
Sirenik Yupik	ysr			individual	extinct	Yupik, Sirenik			
Yessan-Mayo	yss			individual	living				
Sanie	ysy			individual	living				
Talu	yta			individual	living				
Tanglang	ytl			individual	living				
Thopho	ytp			individual	living				
Yout Wam	ytw			individual	living				
Yatay	yty			individual	extinct				
Yucateco	yua			individual	living			97	
Yugambal	yub			individual	extinct				
Yuchi	yuc			individual	living				
Judeo-Tripolitanian Arabic	yud			individual	living	Arabic, Judeo-Tripolitanian			
Yue Chinese	yue			individual	living	Chinese, Yue	Cantonese|Chinese, Cantonese	64	63
Havasupai-Walapai-Yavapai	yuf			individual	living				
Yug	yug			individual	extinct				
Yurutí	yui			individual	living				
Karkar-Yuri	yuj			individual	living				
Yuki	yuk			individual	extinct				
Yulu	yul			individual	living				
Quechan	yum			individual	living				
Bena (Nigeria)	yun			individual	living				
Yukpa	yup			individual	living				
Yuqui	yuq			individual	living				
Yurok	yur			individual	extinct				
Yopno	yut			individual	living				
Yau (Morobe Province)	yuw			individual	living				
Southern Yukaghir	yux			individual	living	Yukaghir, Southern			
East Yugur	yuy			individual	living	Yugur, East			
Yuracare	yuz			individual	living				
Yawa	yva			individual	living				
Yavitero	yvt			individual	extinct				
Kalou	ywa			individual	living				
Yinhawangka	ywg			individual	living				
Western Lalu	ywl			individual	living	Lalu, Western			
Yawanawa	ywn			individual	living				
Wuding-Luquan Yi	ywq			individual	living	Yi, Wuding-Luquan			
Yawuru	ywr			individual	living				
Xishanba Lalo	ywt			individual	living	Lalo, Xishanba			
Wumeng Nasu	ywu			individual	living	Nasu, Wumeng			
Yawarawarga	yww			individual	extinct				
Mayawali	yxa			individual	extinct				
Yagara	yxg			individual	extinct				
Yardliyawarra	yxl			individual	extinct				
Yinwum	yxm			individual	extinct				
Yuyu	yxu			individual	extinct				
Yabula Yabula	yxy			individual	extinct				
Yir Yoront	yyr			individual	extinct				
Yau (Sandaun Province)	yyu			individual	living				
Ayizi	yyz			individual	living				
E'ma Buyang	yzg			individual	living	Buyang, E'ma			
Zokhuo	yzk			individual	living				
Sierra de Juárez Zapotec	zaa			individual	living	Zapotec, Sierra de Juárez			
Western Tlacolula Valley Zapotec	zab			individual	living	Zapotec, Western Tlacolula Valley			
Ocotlán Zapotec	zac			individual	living	Zapotec, Ocotlán			
Cajonos Zapotec	zad			individual	living	Zapotec, Cajonos			
Yareni Zapotec	zae			individual	living	Zapotec, Yareni			
Ayoquesco Zapotec	zaf			individual	living	Zapotec, Ayoquesco			
Zaghawa	zag			individual	living			97	
Zangwal	zah			individual	living				
Isthmus Zapotec	zai			individual	living	Zapotec, Isthmus			
Zaramo	zaj			individual	living				
Zanaki	zak			individual	living				
Zauzou	zal			individual	living				
Miahuatlán Zapotec	zam			individual	living	Zapotec, Miahuatlán			
Ozolotepec Zapotec	zao			individual	living	Zapotec, Ozolotepec			
Zapotec	zap			macrolanguage	living			97	
Aloápam Zapotec	zaq			individual	living	Zapotec, Aloápam			
Rincón Zapotec	zar			individual	living	Zapotec, Rincón			
Santo Domingo Albarradas Zapotec	zas			individual	living	Zapotec, Santo Domingo Albarradas			
Tabaa Zapotec	zat			individual	living	Zapotec, Tabaa			
Zangskari	zau			individual	living				
Yatzachi Zapotec	zav			individual	living	Zapotec, Yatzachi			
Mitla Zapotec	zaw			individual	living	Zapotec, Mitla			
Xadani Zapotec	zax			individual	living	Zapotec, Xadani			
Zayse-Zergulla	zay			individual	living				
Zari	zaz			individual	living				
Balaibalan	zba			individual	constructed				
Central Berawan	zbc			individual	living	Berawan, Central			
East Berawan	zbe			individual	living	Berawan, East			
Blissymbols	zbl			individual	constructed				
Batui	zbt			individual	living				
Bu (Bauchi State)	zbu			individual	living				
West Berawan	zbw			individual	living	Berawan, West			
Coatecas Altas Zapotec	zca			individual	living	Zapotec, Coatecas Altas			
Las Delicias Zapotec	zcd			individual	living	Zapotec, Las Delicias			
Central Hongshuihe Zhuang	zch			individual	living	Zhuang, Central Hongshuihe			
Ngazidja Comorian	zdj			individual	living	Comorian, Ngazidja		5	
Zeeuws	zea			individual	living		Zeelandic	97	
Zenag	zeg			individual	living				
Eastern Hongshuihe Zhuang	zeh			individual	living	Zhuang, Eastern Hongshuihe			
Zeem	zem			individual	living				
Zenaga	zen			individual	living			197	
Kinga	zga			individual	living				
Guibei Zhuang	zgb			individual	living	Zhuang, Guibei			
Standard Moroccan Tamazight	zgh			individual	living	Tamazight, Standard Moroccan		197	
Minz Zhuang	zgm			individual	living	Zhuang, Minz			
Guibian Zhuang	zgn			individual	living	Zhuang, Guibian			
Magori	zgr			individual	living				
Zhuang	zha	za		macrolanguage	living			97	63
Zhaba	zhb			individual	living				
Dai Zhuang	zhd			individual	living	Zhuang, Dai			
Zhire	zhi			individual	living				
Nong Zhuang	zhn			individual	living	Zhuang, Nong			
Chinese	zho	zh	chi	macrolanguage	living		Chinese, Mandarin|Mandarin Chinese|Simplified Chinese|Simplified Mandarin Chinese|Traditional Chinese|Traditional Mandarin Chinese	63	64|18|97|147
Zhoa	zhw			individual	living				
Zia	zia			individual	living				
Zimbabwe Sign Language	zib			individual	living				
Zimakani	zik			individual	living				
Zialo	zil			individual	living				
Mesme	zim			individual	living				
Zinza	zin			individual	living				
Zigula	ziw			individual	living				
Zizilivakan	ziz			individual	living				
Kaimbulawa	zka			individual	living				
Kadu	zkd			individual	living				
Koguryo	zkg			individual	historical				
Khorezmian	zkh			individual	historical				
Karankawa	zkk			individual	extinct				
Kanan	zkn			individual	living				
Kott	zko			individual	extinct				
São Paulo Kaingáng	zkp			individual	extinct	Kaingáng, São Paulo			
Zakhring	zkr			individual	living				
Kitan	zkt			individual	historical				
Kaurna	zku			individual	living				
Krevinian	zkv			individual	extinct				
Khazar	zkz			individual	historical				
Zula	zla			individual	living				
Liujiang Zhuang	zlj			individual	living	Zhuang, Liujiang			
Malay (individual language)	zlm			individual	living				
Lianshan Zhuang	zln			individual	living	Zhuang, Lianshan			
Liuqian Zhuang	zlq			individual	living	Zhuang, Liuqian			
Zul	zlu			individual	living				
Manda (Australia)	zma			individual	living				
Zimba	zmb			individual	living				
Margany	zmc			individual	extinct				
Maridan	zmd			individual	living				
Mangerr	zme			individual	extinct				
Mfinu	zmf			individual	living				
Marti Ke	zmg			individual	living				
Makolkol	zmh			individual	extinct				
Negeri Sembilan Malay	zmi			individual	living			97	
Maridjabin	zmj			individual	living				
Mandandanyi	zmk			individual	extinct				
Matngala	zml			individual	extinct				
Marimanindji	zmm			individual	living				
Mbangwe	zmn			individual	living				
Molo	zmo			individual	living				
Mbuun	zmp			individual	living				
Mituku	zmq			individual	living				
Maranunggu	zmr			individual	living				
Mbesa	zms			individual	living				
Maringarr	zmt			individual	living				
Muruwari	zmu			individual	extinct				
Mbariman-Gudhinma	zmv			individual	extinct				
Mbo (Democratic Republic of Congo)	zmw			individual	living				
Bomitaba	zmx			individual	living				
Mariyedi	zmy			individual	living				
Mbandja	zmz			individual	living				
Zan Gula	zna			individual	living				
Zande (individual language)	zne			individual	living				
Mang	zng			individual	living				
Manangkari	znk			individual	extinct				
Mangas	zns			individual	living				
Copainalá Zoque	zoc			individual	living	Zoque, Copainalá			
Chimalapa Zoque	zoh			individual	living	Zoque, Chimalapa			
Zou	zom			individual	living				
Asunción Mixtepec Zapotec	zoo			individual	living	Zapotec, Asunción Mixtepec			
Tabasco Zoque	zoq			individual	living	Zoque, Tabasco			
Rayón Zoque	zor			individual	living	Zoque, Rayón			
Francisco León Zoque	zos			individual	living	Zoque, Francisco León			
Lachiguiri Zapotec	zpa			individual	living	Zapotec, Lachiguiri			
Yautepec Zapotec	zpb			individual	living	Zapotec, Yautepec			
Choapan Zapotec	zpc			individual	living	Zapotec, Choapan			
Southeastern Ixtlán Zapotec	zpd			individual	living	Zapotec, Southeastern Ixtlán			
Petapa Zapotec	zpe			individual	living	Zapotec, Petapa			
San Pedro Quiatoni Zapotec	zpf			individual	living	Zapotec, San Pedro Quiatoni			
Guevea De Humboldt Zapotec	zpg			individual	living	Zapotec, Guevea De Humboldt			
Totomachapan Zapotec	zph			individual	living	Zapotec, Totomachapan			
Santa María Quiegolani Zapotec	zpi			individual	living	Zapotec, Santa María Quiegolani			
Quiavicuzas Zapotec	zpj			individual	living	Zapotec, Quiavicuzas			
Tlacolulita Zapotec	zpk			individual	living	Zapotec, Tlacolulita			
Lachixío Zapotec	zpl			individual	living	Zapotec, Lachixío			
Mixtepec Zapotec	zpm			individual	living	Zapotec, Mixtepec			
Santa Inés Yatzechi Zapotec	zpn			individual	living	Zapotec, Santa Inés Yatzechi			
Amatlán Zapotec	zpo			individual	living	Zapotec, Amatlán			
El Alto Zapotec	zpp			individual	living	Zapotec, El Alto			
Zoogocho Zapotec	zpq			individual	living	Zapotec, Zoogocho			
Santiago Xanica Zapotec	zpr			individual	living	Zapotec, Santiago Xanica			
Coatlán Zapotec	zps			individual	living	Zapotec, Coatlán			
San Vicente Coatlán Zapotec	zpt			individual	living	Zapotec, San Vicente Coatlán			
Yalálag Zapotec	zpu			individual	living	Zapotec, Yalálag			
Chichicapan Zapotec	zpv			individual	living	Zapotec, Chichicapan			
Zaniza Zapotec	zpw			individual	living	Zapotec, Zaniza			
San Baltazar Loxicha Zapotec	zpx			individual	living	Zapotec, San Baltazar Loxicha			
Mazaltepec Zapotec	zpy			individual	living	Zapotec, Mazaltepec			
Texmelucan Zapotec	zpz			individual	living	Zapotec, Texmelucan			
Qiubei Zhuang	zqe			individual	living	Zhuang, Qiubei			
Kara (Korea)	zra			individual	historical				
Mirgan	zrg			individual	living				
Zerenkel	zrn			individual	living				
Záparo	zro			individual	living				
Zarphatic	zrp			individual	extinct				
Mairasi	zrs			individual	living				
Sarasira	zsa			individual	living				
Kaskean	zsk			individual	historical				
Zambian Sign Language	zsl			individual	living				
Standard Malay	zsm			individual	living	Malay, Standard			
Southern Rincon Zapotec	zsr			individual	living	Zapotec, Southern Rincon			
Sukurum	zsu			individual	living				
Elotepec Zapotec	zte			individual	living	Zapotec, Elotepec			
Xanaguía Zapotec	ztg			individual	living	Zapotec, Xanaguía			
Lapaguía-Guivini Zapotec	ztl			individual	living	Zapotec, Lapaguía-Guivini			
San Agustín Mixtepec Zapotec	ztm			individual	living	Zapotec, San Agustín Mixtepec			
Santa Catarina Albarradas Zapotec	ztn			individual	living	Zapotec, Santa Catarina Albarradas			
Loxicha Zapotec	ztp			individual	living	Zapotec, Loxicha			
Quioquitani-Quierí Zapotec	ztq			individual	living	Zapotec, Quioquitani-Quierí			
Tilquiapan Zapotec	zts			individual	living	Zapotec, Tilquiapan			
Tejalapan Zapotec	ztt			individual	living	Zapotec, Tejalapan			
Güilá Zapotec	ztu			individual	living	Zapotec, Güilá			
Zaachila Zapotec	ztx			individual	living	Zapotec, Zaachila			
Yatee Zapotec	zty			individual	living	Zapotec, Yatee			
Tokano	zuh			individual	living				
Zulu	zul	zu		individual	living			97	
Kumzari	zum			individual	living				
Zuni	zun			individual	living			97	
Zumaya	zuy			individual	living				
Zay	zwa			individual	living				
No linguistic content	zxx			special	special				
Yongbei Zhuang	zyb			individual	living	Zhuang, Yongbei			
Yang Zhuang	zyg			individual	living	Zhuang, Yang			
Youjiang Zhuang	zyj			individual	living	Zhuang, Youjiang			
Yongnan Zhuang	zyn			individual	living	Zhuang, Yongnan			
Zyphe Chin	zyp			individual	living	Chin, Zyphe			
Zaza	zza			macrolanguage	living			97	
Zuojiang Zhuang	zzj			individual	living	Zhuang, Zuojiang			
